ISO-10303-21;
HEADER;
FILE_DESCRIPTION (( 'STEP AP214' ),
    '1' );
FILE_NAME ('2485.STEP',
    '2014-06-10T14:39:50',
    ( '' ),
    ( '' ),
    'SwSTEP 2.0',
    'SolidWorks 2013',
    '' );
FILE_SCHEMA (( 'AUTOMOTIVE_DESIGN' ));
ENDSEC;

DATA;
#1 = SURFACE_STYLE_FILL_AREA ( #7857 ) ;
#2 = LINE ( 'NONE', #5858, #6648 ) ;
#3 = AXIS2_PLACEMENT_3D ( 'NONE', #4522, #487, #5173 ) ;
#4 = VERTEX_POINT ( 'NONE', #5124 ) ;
#5 = LENGTH_MEASURE_WITH_UNIT ( LENGTH_MEASURE( 0.02539999999999999900 ), #7637 );
#6 = SURFACE_SIDE_STYLE ('',( #5306 ) ) ;
#7 = ADVANCED_FACE ( 'NONE', ( #3738 ), #1135, .T. ) ;
#8 =( NAMED_UNIT ( * ) SI_UNIT ( $, .STERADIAN. ) SOLID_ANGLE_UNIT ( ) );
#9 = CARTESIAN_POINT ( 'NONE',  ( -0.07524643622935149600, -0.2800426292568794500, 0.05395825851013166100 ) ) ;
#10 = DIRECTION ( 'NONE',  ( -0.0000000000000000000, -1.914232901720979600E-016, -1.000000000000000000 ) ) ;
#11 = SURFACE_STYLE_FILL_AREA ( #6793 ) ;
#12 = LENGTH_MEASURE_WITH_UNIT ( LENGTH_MEASURE( 0.02539999999999999900 ), #882 );
#13 =( CONVERSION_BASED_UNIT ( 'INCH', #3538 ) LENGTH_UNIT ( ) NAMED_UNIT ( #506 ) );
#14 =( NAMED_UNIT ( * ) SI_UNIT ( $, .STERADIAN. ) SOLID_ANGLE_UNIT ( ) );
#15 = COLOUR_RGB ( '',0.2941176470588235400, 0.2941176470588235400, 0.2941176470588235400 ) ;
#16 =( NAMED_UNIT ( * ) PLANE_ANGLE_UNIT ( ) SI_UNIT ( $, .RADIAN. ) );
#17 = CARTESIAN_POINT ( 'NONE',  ( 0.3293135426807025600, -0.05667288742156566300, 0.1237556382457885700 ) ) ;
#18 = MECHANICAL_DESIGN_GEOMETRIC_PRESENTATION_REPRESENTATION (  '', ( #7736 ), #444 ) ;
#19 = LINE ( 'NONE', #7461, #6874 ) ;
#20 = FACE_OUTER_BOUND ( 'NONE', #3850, .T. ) ;
#21 = ORIENTED_EDGE ( 'NONE', *, *, #5706, .T. ) ;
#22 = VERTEX_POINT ( 'NONE', #3369 ) ;
#23 = AXIS2_PLACEMENT_3D ( 'NONE', #6152, #2170, #6815 ) ;
#24 = FILL_AREA_STYLE_COLOUR ( '', #2002 ) ;
#25 = UNCERTAINTY_MEASURE_WITH_UNIT (LENGTH_MEASURE( 1.000000000000000100E-005 ), #6065, 'distance_accuracy_value', 'NONE');
#26 = DIRECTION ( 'NONE',  ( -1.219574997171554500E-016, 0.0000000000000000000, 1.000000000000000000 ) ) ;
#27 = CARTESIAN_POINT ( 'NONE',  ( -0.02274643622935171700, -0.2830426292568795100, -0.008541741489868224400 ) ) ;
#28 = DIMENSIONAL_EXPONENTS ( 1.000000000000000000, 0.0000000000000000000, 0.0000000000000000000, 0.0000000000000000000, 0.0000000000000000000, 0.0000000000000000000, 0.0000000000000000000 ) ;
#29 = EDGE_LOOP ( 'NONE', ( #7181, #4187, #113 ) ) ;
#30 = DIRECTION ( 'NONE',  ( -1.000000000000000000, -0.0000000000000000000, -0.0000000000000000000 ) ) ;
#31 =( GEOMETRIC_REPRESENTATION_CONTEXT ( 3 ) GLOBAL_UNCERTAINTY_ASSIGNED_CONTEXT ( ( #7282 ) ) GLOBAL_UNIT_ASSIGNED_CONTEXT ( ( #3800, #8439, #4488 ) ) REPRESENTATION_CONTEXT ( 'NONE', 'WORKASPACE' ) );
#32 = VECTOR ( 'NONE', #5801, 39.37007874015748100 ) ;
#33 = STYLED_ITEM ( 'NONE', ( #4303 ), #1721 ) ;
#34 = SURFACE_SIDE_STYLE ('',( #8425 ) ) ;
#35 = EDGE_CURVE ( 'NONE', #4205, #1899, #5498, .T. ) ;
#36 = EDGE_LOOP ( 'NONE', ( #1661, #2921, #8310, #1168 ) ) ;
#37 =( CONVERSION_BASED_UNIT ( 'INCH', #5889 ) LENGTH_UNIT ( ) NAMED_UNIT ( #3071 ) );
#38 = STYLED_ITEM ( 'NONE', ( #5030 ), #8291 ) ;
#39 = ORIENTED_EDGE ( 'NONE', *, *, #4292, .F. ) ;
#40 = SURFACE_SIDE_STYLE ('',( #5367 ) ) ;
#41 = DIRECTION ( 'NONE',  ( 0.0000000000000000000, 0.0000000000000000000, -1.000000000000000000 ) ) ;
#42 = DIMENSIONAL_EXPONENTS ( 1.000000000000000000, 0.0000000000000000000, 0.0000000000000000000, 0.0000000000000000000, 0.0000000000000000000, 0.0000000000000000000, 0.0000000000000000000 ) ;
#43 = FILL_AREA_STYLE ('',( #4038 ) ) ;
#44 = FILL_AREA_STYLE_COLOUR ( '', #1180 ) ;
#45 = DIRECTION ( 'NONE',  ( 0.0000000000000000000, 0.0000000000000000000, -1.000000000000000000 ) ) ;
#46 = CARTESIAN_POINT ( 'NONE',  ( 0.7457649354988263900, 0.2539573707431203600, 0.2095846679401059400 ) ) ;
#47 = MECHANICAL_DESIGN_GEOMETRIC_PRESENTATION_REPRESENTATION (  '', ( #7764 ), #467 ) ;
#48 = ORIENTED_EDGE ( 'NONE', *, *, #8071, .F. ) ;
#49 = EDGE_CURVE ( 'NONE', #1199, #903, #2903, .T. ) ;
#50 = AXIS2_PLACEMENT_3D ( 'NONE', #6165, #2181, #867 ) ;
#51 = LINE ( 'NONE', #1498, #6910 ) ;
#52 = LINE ( 'NONE', #5601, #1813 ) ;
#53 = CARTESIAN_POINT ( 'NONE',  ( 0.4044495119333708100, 0.1454675098841115800, -0.1292913380958502500 ) ) ;
#54 = PRESENTATION_STYLE_ASSIGNMENT (( #1375 ) ) ;
#55 = CIRCLE ( 'NONE', #1959, 0.1210000000000000200 ) ;
#56 = MECHANICAL_DESIGN_GEOMETRIC_PRESENTATION_REPRESENTATION (  '', ( #7326 ), #473 ) ;
#57 = FILL_AREA_STYLE ('',( #24 ) ) ;
#58 = SURFACE_SIDE_STYLE ('',( #3495 ) ) ;
#59 = UNCERTAINTY_MEASURE_WITH_UNIT (LENGTH_MEASURE( 1.000000000000000100E-005 ), #5584, 'distance_accuracy_value', 'NONE');
#60 = EDGE_CURVE ( 'NONE', #2940, #2940, #4699, .T. ) ;
#61 = SURFACE_STYLE_FILL_AREA ( #2149 ) ;
#62 = VECTOR ( 'NONE', #7315, 39.37007874015748100 ) ;
#63 = ORIENTED_EDGE ( 'NONE', *, *, #5405, .T. ) ;
#64 = DIRECTION ( 'NONE',  ( -1.000000000000000000, -0.0000000000000000000, -0.0000000000000000000 ) ) ;
#65 = CIRCLE ( 'NONE', #2611, 0.01150000000000008000 ) ;
#66 = MECHANICAL_DESIGN_GEOMETRIC_PRESENTATION_REPRESENTATION (  '', ( #6915 ), #492 ) ;
#67 = DIRECTION ( 'NONE',  ( -1.000000000000000000, 0.0000000000000000000, 0.0000000000000000000 ) ) ;
#68 =( GEOMETRIC_REPRESENTATION_CONTEXT ( 3 ) GLOBAL_UNCERTAINTY_ASSIGNED_CONTEXT ( ( #3060 ) ) GLOBAL_UNIT_ASSIGNED_CONTEXT ( ( #6752, #2775, #7414 ) ) REPRESENTATION_CONTEXT ( 'NONE', 'WORKASPACE' ) );
#69 = PLANE ( 'NONE',  #5616 ) ;
#70 = CARTESIAN_POINT ( 'NONE',  ( 0.7557535637706485100, -0.02053261085912316800, 0.3109582585101316500 ) ) ;
#71 =( LENGTH_UNIT ( ) NAMED_UNIT ( * ) SI_UNIT ( $, .METRE. ) );
#72 = AXIS2_PLACEMENT_3D ( 'NONE', #4260, #239, #4912 ) ;
#73 = DIRECTION ( 'NONE',  ( 0.0000000000000000000, 0.0000000000000000000, 1.000000000000000000 ) ) ;
#74 = CARTESIAN_POINT ( 'NONE',  ( 0.3050224285999979000, -0.1121812135367444300, -0.06084118178061425500 ) ) ;
#75 = ORIENTED_EDGE ( 'NONE', *, *, #82, .T. ) ;
#76 = CARTESIAN_POINT ( 'NONE',  ( -0.5372464362293516400, -0.2780426292568794500, 0.1139582585101316500 ) ) ;
#77 = LINE ( 'NONE', #2227, #6724 ) ;
#78 = ORIENTED_EDGE ( 'NONE', *, *, #6226, .F. ) ;
#79 = DIRECTION ( 'NONE',  ( 1.000000000000000000, 0.0000000000000000000, 0.0000000000000000000 ) ) ;
#80 = STYLED_ITEM ( 'NONE', ( #6701 ), #4958 ) ;
#81 =( GEOMETRIC_REPRESENTATION_CONTEXT ( 3 ) GLOBAL_UNCERTAINTY_ASSIGNED_CONTEXT ( ( #1117 ) ) GLOBAL_UNIT_ASSIGNED_CONTEXT ( ( #6521, #2525, #7164 ) ) REPRESENTATION_CONTEXT ( 'NONE', 'WORKASPACE' ) );
#82 = EDGE_CURVE ( 'NONE', #1144, #2674, #3442, .T. ) ;
#83 = CARTESIAN_POINT ( 'NONE',  ( 0.7557535637706485100, -0.02053261085912316800, -0.3530417414898683300 ) ) ;
#84 = ORIENTED_EDGE ( 'NONE', *, *, #7547, .F. ) ;
#85 = DIRECTION ( 'NONE',  ( -1.000000000000000000, 0.0000000000000000000, 0.0000000000000000000 ) ) ;
#86 = ORIENTED_EDGE ( 'NONE', *, *, #3347, .F. ) ;
#87 = FACE_OUTER_BOUND ( 'NONE', #2379, .T. ) ;
#88 = FILL_AREA_STYLE ('',( #4094 ) ) ;
#89 = CARTESIAN_POINT ( 'NONE',  ( 0.6321260426806641900, 0.1413291626598046900, -0.1731948570050299800 ) ) ;
#90 = DIRECTION ( 'NONE',  ( -1.000000000000000000, 0.0000000000000000000, 2.134256245050203000E-016 ) ) ;
#91 = EDGE_CURVE ( 'NONE', #6659, #237, #6229, .T. ) ;
#92 = CARTESIAN_POINT ( 'NONE',  ( 0.7357535637706483800, 0.04095737074312051600, -0.04571304426445600000 ) ) ;
#93 = EDGE_LOOP ( 'NONE', ( #3192 ) ) ;
#94 =( CONVERSION_BASED_UNIT ( 'INCH', #6787 ) LENGTH_UNIT ( ) NAMED_UNIT ( #7635 ) );
#95 = ORIENTED_EDGE ( 'NONE', *, *, #1889, .F. ) ;
#96 = FILL_AREA_STYLE ('',( #3387 ) ) ;
#97 = DIRECTION ( 'NONE',  ( -1.000000000000000000, 0.0000000000000000000, 2.134256245050203000E-016 ) ) ;
#98 = AXIS2_PLACEMENT_3D ( 'NONE', #1224, #5872, #1893 ) ;
#99 = EDGE_LOOP ( 'NONE', ( #4578, #484, #2753, #6379, #8167, #2601, #5980, #8328, #6653, #6798, #472, #8506, #2144, #2577, #5393, #148 ) ) ;
#100 = CARTESIAN_POINT ( 'NONE',  ( -0.03524643622935151600, -0.2800426292568794500, -0.07104174148986833200 ) ) ;
#101 = LENGTH_MEASURE_WITH_UNIT ( LENGTH_MEASURE( 0.02539999999999999900 ), #1839 );
#102 = EDGE_CURVE ( 'NONE', #4675, #4252, #6435, .T. ) ;
#103 = DIRECTION ( 'NONE',  ( 0.0000000000000000000, -1.000000000000000000, 0.0000000000000000000 ) ) ;
#104 =( NAMED_UNIT ( * ) PLANE_ANGLE_UNIT ( ) SI_UNIT ( $, .RADIAN. ) );
#105 = ORIENTED_EDGE ( 'NONE', *, *, #5728, .F. ) ;
#106 = UNCERTAINTY_MEASURE_WITH_UNIT (LENGTH_MEASURE( 1.000000000000000100E-005 ), #6756, 'distance_accuracy_value', 'NONE');
#107 = DIRECTION ( 'NONE',  ( -1.000000000000000000, -0.0000000000000000000, 0.0000000000000000000 ) ) ;
#108 = CARTESIAN_POINT ( 'NONE',  ( -0.1827464362293516600, -0.03604262925687949600, 0.3414582585101316200 ) ) ;
#109 =( NAMED_UNIT ( * ) PLANE_ANGLE_UNIT ( ) SI_UNIT ( $, .RADIAN. ) );
#110 = LINE ( 'NONE', #4329, #3643 ) ;
#111 = LINE ( 'NONE', #2340, #5013 ) ;
#112 = AXIS2_PLACEMENT_3D ( 'NONE', #2792, #7432, #3475 ) ;
#113 = ORIENTED_EDGE ( 'NONE', *, *, #4634, .F. ) ;
#114 = UNCERTAINTY_MEASURE_WITH_UNIT (LENGTH_MEASURE( 1.000000000000000100E-005 ), #7789, 'distance_accuracy_value', 'NONE');
#115 = SPHERICAL_SURFACE ( 'NONE', #2876, 0.02500000000000000100 ) ;
#116 = COLOUR_RGB ( '',0.9882352941176471000, 1.000000000000000000, 0.9882352941176471000 ) ;
#117 = FACE_BOUND ( 'NONE', #2330, .T. ) ;
#118 =( CONVERSION_BASED_UNIT ( 'INCH', #2240 ) LENGTH_UNIT ( ) NAMED_UNIT ( #5092 ) );
#119 = EDGE_LOOP ( 'NONE', ( #5540 ) ) ;
#120 = SURFACE_STYLE_FILL_AREA ( #7604 ) ;
#121 = VERTEX_POINT ( 'NONE', #2846 ) ;
#122 = CARTESIAN_POINT ( 'NONE',  ( 0.7357535637706483800, 0.09195079151097383700, -0.03354174148986834000 ) ) ;
#123 = FACE_BOUND ( 'NONE', #1477, .T. ) ;
#124 = CARTESIAN_POINT ( 'NONE',  ( 0.3987099286000346800, 0.1688894161468728600, -0.09384499385250441600 ) ) ;
#125 = FILL_AREA_STYLE ('',( #2105 ) ) ;
#126 = FACE_OUTER_BOUND ( 'NONE', #6338, .T. ) ;
#127 = CARTESIAN_POINT ( 'NONE',  ( 0.2430015952667115300, 0.1111623864912728000, 0.03079282143422921700 ) ) ;
#128 = DIRECTION ( 'NONE',  ( 1.000000000000000000, 0.0000000000000000000, 0.0000000000000000000 ) ) ;
#129 = ORIENTED_EDGE ( 'NONE', *, *, #8236, .T. ) ;
#130 = UNCERTAINTY_MEASURE_WITH_UNIT (LENGTH_MEASURE( 1.000000000000000100E-005 ), #819, 'distance_accuracy_value', 'NONE');
#131 = CARTESIAN_POINT ( 'NONE',  ( 0.004753563770648469200, -0.2800426292568794500, -0.008541741489868224400 ) ) ;
#132 = PRESENTATION_STYLE_ASSIGNMENT (( #8053 ) ) ;
#133 = LINE ( 'NONE', #5900, #1903 ) ;
#134 = LENGTH_MEASURE_WITH_UNIT ( LENGTH_MEASURE( 0.02539999999999999900 ), #1235 );
#135 = STYLED_ITEM ( 'NONE', ( #2121 ), #4415 ) ;
#136 = DIRECTION ( 'NONE',  ( 0.0000000000000000000, 0.0000000000000000000, 1.000000000000000000 ) ) ;
#137 = FILL_AREA_STYLE_COLOUR ( '', #7724 ) ;
#138 = MECHANICAL_DESIGN_GEOMETRIC_PRESENTATION_REPRESENTATION (  '', ( #7418 ), #570 ) ;
#139 =( LENGTH_UNIT ( ) NAMED_UNIT ( * ) SI_UNIT ( $, .METRE. ) );
#140 = SURFACE_SIDE_STYLE ('',( #6407 ) ) ;
#141 = LENGTH_MEASURE_WITH_UNIT ( LENGTH_MEASURE( 0.02539999999999999900 ), #8349 );
#142 = EDGE_LOOP ( 'NONE', ( #6536 ) ) ;
#143 =( GEOMETRIC_REPRESENTATION_CONTEXT ( 3 ) GLOBAL_UNCERTAINTY_ASSIGNED_CONTEXT ( ( #3576 ) ) GLOBAL_UNIT_ASSIGNED_CONTEXT ( ( #6926, #2951, #7582 ) ) REPRESENTATION_CONTEXT ( 'NONE', 'WORKASPACE' ) );
#144 = CARTESIAN_POINT ( 'NONE',  ( -0.2302464362293515600, -0.3480426292568794500, -0.06604174148986834100 ) ) ;
#145 = EDGE_CURVE ( 'NONE', #765, #387, #923, .T. ) ;
#146 = ORIENTED_EDGE ( 'NONE', *, *, #5658, .F. ) ;
#147 = FILL_AREA_STYLE ('',( #1510 ) ) ;
#148 = ORIENTED_EDGE ( 'NONE', *, *, #2666, .F. ) ;
#149 = PLANE ( 'NONE',  #2780 ) ;
#150 = CARTESIAN_POINT ( 'NONE',  ( 0.2545015952667115100, 0.1190084128332163000, 0.03403445754369336500 ) ) ;
#151 = SURFACE_STYLE_USAGE ( .BOTH. , #4162 ) ;
#152 = LINE ( 'NONE', #5517, #3697 ) ;
#153 = SURFACE_STYLE_USAGE ( .BOTH. , #4164 ) ;
#154 = LINE ( 'NONE', #4112, #2647 ) ;
#155 = CARTESIAN_POINT ( 'NONE',  ( 0.7557535637706485100, -0.3230426292568794900, -0.3280417414898683100 ) ) ;
#156 = DIRECTION ( 'NONE',  ( 1.000000000000000000, 0.0000000000000000000, 0.0000000000000000000 ) ) ;
#157 = AXIS2_PLACEMENT_3D ( 'NONE', #4347, #322, #4996 ) ;
#158 = CYLINDRICAL_SURFACE ( 'NONE', #7060, 0.06200000000000004800 ) ;
#159 = DIRECTION ( 'NONE',  ( 0.0000000000000000000, 0.0000000000000000000, 1.000000000000000000 ) ) ;
#160 =( LENGTH_UNIT ( ) NAMED_UNIT ( * ) SI_UNIT ( $, .METRE. ) );
#161 = CARTESIAN_POINT ( 'NONE',  ( -0.04024643622935145800, -0.2800426292568794500, -0.01354174148986834000 ) ) ;
#162 = EDGE_CURVE ( 'NONE', #6263, #6263, #6023, .T. ) ;
#163 = ORIENTED_EDGE ( 'NONE', *, *, #3793, .T. ) ;
#164 = EDGE_LOOP ( 'NONE', ( #7975 ) ) ;
#165 = DIRECTION ( 'NONE',  ( 0.0000000000000000000, 0.0000000000000000000, 1.000000000000000000 ) ) ;
#166 = CARTESIAN_POINT ( 'NONE',  ( 0.6736826976289161900, -0.08112506845161748800, -0.008541741489868335400 ) ) ;
#167 = ORIENTED_EDGE ( 'NONE', *, *, #4316, .F. ) ;
#168 = ORIENTED_EDGE ( 'NONE', *, *, #6064, .F. ) ;
#169 = PRESENTATION_LAYER_ASSIGNMENT (  '', '', ( #8359 ) ) ;
#170 = DIRECTION ( 'NONE',  ( 0.0000000000000000000, 0.0000000000000000000, 1.000000000000000000 ) ) ;
#171 = CARTESIAN_POINT ( 'NONE',  ( 0.6260849286000528300, 0.2212077362374732200, -0.03224881185970652300 ) ) ;
#172 = PRESENTATION_LAYER_ASSIGNMENT (  '', '', ( #7914 ) ) ;
#173 = FILL_AREA_STYLE_COLOUR ( '', #7570 ) ;
#174 = DIRECTION ( 'NONE',  ( -0.0000000000000000000, 1.000000000000000000, -0.0000000000000000000 ) ) ;
#175 = FACE_OUTER_BOUND ( 'NONE', #7801, .T. ) ;
#176 = ORIENTED_EDGE ( 'NONE', *, *, #3842, .F. ) ;
#177 = DIRECTION ( 'NONE',  ( 1.422837496700137700E-016, -0.0000000000000000000, 1.000000000000000000 ) ) ;
#178 = ORIENTED_EDGE ( 'NONE', *, *, #704, .F. ) ;
#179 = FILL_AREA_STYLE_COLOUR ( '', #3757 ) ;
#180 = CARTESIAN_POINT ( 'NONE',  ( -0.5972464362293515800, 0.05312867351770816900, 0.01645825851013166600 ) ) ;
#181 =( LENGTH_UNIT ( ) NAMED_UNIT ( * ) SI_UNIT ( $, .METRE. ) );
#182 = CARTESIAN_POINT ( 'NONE',  ( 0.7357535637706483800, 0.01595737074312052500, -0.008541741489868335400 ) ) ;
#183 = LINE ( 'NONE', #624, #3734 ) ;
#184 = DIRECTION ( 'NONE',  ( -1.821231995776175200E-016, 1.000000000000000000, 0.0000000000000000000 ) ) ;
#185 = EDGE_LOOP ( 'NONE', ( #2637, #8610, #1232, #4064 ) ) ;
#186 =( NAMED_UNIT ( * ) SI_UNIT ( $, .STERADIAN. ) SOLID_ANGLE_UNIT ( ) );
#187 =( NAMED_UNIT ( * ) SI_UNIT ( $, .STERADIAN. ) SOLID_ANGLE_UNIT ( ) );
#188 = CARTESIAN_POINT ( 'NONE',  ( -0.02274643622935157800, -0.2800426292568794500, -0.03104174148986833500 ) ) ;
#189 = MECHANICAL_DESIGN_GEOMETRIC_PRESENTATION_REPRESENTATION (  '', ( #7475 ), #625 ) ;
#190 = PRESENTATION_LAYER_ASSIGNMENT (  '', '', ( #626 ) ) ;
#191 = EDGE_CURVE ( 'NONE', #7047, #7986, #2692, .T. ) ;
#192 = SURFACE_STYLE_USAGE ( .BOTH. , #4204 ) ;
#193 = PRESENTATION_STYLE_ASSIGNMENT (( #8535 ) ) ;
#194 = SURFACE_STYLE_FILL_AREA ( #1124 ) ;
#195 = CARTESIAN_POINT ( 'NONE',  ( 0.6054182619333821100, -0.05169316980767980900, 0.1667805939589871700 ) ) ;
#196 = ADVANCED_FACE ( 'NONE', ( #708 ), #8348, .F. ) ;
#197 = AXIS2_PLACEMENT_3D ( 'NONE', #5556, #1578, #6227 ) ;
#198 = CARTESIAN_POINT ( 'NONE',  ( -0.2302464362293515600, -0.3290426292568794900, 0.04895825851013167100 ) ) ;
#199 =( NAMED_UNIT ( * ) SI_UNIT ( $, .STERADIAN. ) SOLID_ANGLE_UNIT ( ) );
#200 = EDGE_LOOP ( 'NONE', ( #3694, #5045, #3506, #4800, #6063, #6772, #1972 ) ) ;
#201 = CARTESIAN_POINT ( 'NONE',  ( 0.6602718760139935100, -0.1855413717078557000, -0.06064970450763648000 ) ) ;
#202 = AXIS2_PLACEMENT_3D ( 'NONE', #1977, #662, #5330 ) ;
#203 = EDGE_CURVE ( 'NONE', #7084, #2887, #8523, .T. ) ;
#204 = CARTESIAN_POINT ( 'NONE',  ( 0.3837535637706484500, -0.3480426292568794500, -0.008541741489868335400 ) ) ;
#205 = STYLED_ITEM ( 'NONE', ( #4247 ), #6260 ) ;
#206 =( GEOMETRIC_REPRESENTATION_CONTEXT ( 3 ) GLOBAL_UNCERTAINTY_ASSIGNED_CONTEXT ( ( #382 ) ) GLOBAL_UNIT_ASSIGNED_CONTEXT ( ( #2320, #6969, #2984 ) ) REPRESENTATION_CONTEXT ( 'NONE', 'WORKASPACE' ) );
#207 = CARTESIAN_POINT ( 'NONE',  ( -0.9984602808033384800, -0.2800426292568794500, -0.01354174148986844900 ) ) ;
#208 = SURFACE_SIDE_STYLE ('',( #1984 ) ) ;
#209 = UNCERTAINTY_MEASURE_WITH_UNIT (LENGTH_MEASURE( 1.000000000000000100E-005 ), #3238, 'distance_accuracy_value', 'NONE');
#210 = EDGE_CURVE ( 'NONE', #4527, #4527, #5204, .T. ) ;
#211 = DIRECTION ( 'NONE',  ( 1.000000000000000000, -0.0000000000000000000, 0.0000000000000000000 ) ) ;
#212 = SURFACE_STYLE_FILL_AREA ( #4455 ) ;
#213 = LENGTH_MEASURE_WITH_UNIT ( LENGTH_MEASURE( 0.02539999999999999900 ), #5575 );
#214 = CARTESIAN_POINT ( 'NONE',  ( -0.01274643622935155000, -0.2800426292568794500, -0.008541741489868224400 ) ) ;
#215 =( LENGTH_UNIT ( ) NAMED_UNIT ( * ) SI_UNIT ( $, .METRE. ) );
#216 = CIRCLE ( 'NONE', #4408, 0.03500000000000000300 ) ;
#217 =( NAMED_UNIT ( * ) SI_UNIT ( $, .STERADIAN. ) SOLID_ANGLE_UNIT ( ) );
#218 = DIRECTION ( 'NONE',  ( 0.0000000000000000000, 0.0000000000000000000, -1.000000000000000000 ) ) ;
#219 = ORIENTED_EDGE ( 'NONE', *, *, #7445, .F. ) ;
#220 = CARTESIAN_POINT ( 'NONE',  ( -0.02524643622935148300, -0.2830426292568795100, -0.008541741489868224400 ) ) ;
#221 = ORIENTED_EDGE ( 'NONE', *, *, #5825, .F. ) ;
#222 = CARTESIAN_POINT ( 'NONE',  ( 0.5290224286000635400, 0.2001522498722988200, 0.02353871788202698700 ) ) ;
#223 = SURFACE_STYLE_FILL_AREA ( #2189 ) ;
#224 = CIRCLE ( 'NONE', #3780, 0.08000000000000000200 ) ;
#225 = PRESENTATION_STYLE_ASSIGNMENT (( #709 ) ) ;
#226 = CARTESIAN_POINT ( 'NONE',  ( -0.5002464362293517200, 0.01595737074312052500, -0.08854174148986833400 ) ) ;
#227 = STYLED_ITEM ( 'NONE', ( #5019 ), #6700 ) ;
#228 = VERTEX_POINT ( 'NONE', #1036 ) ;
#229 = CARTESIAN_POINT ( 'NONE',  ( 0.6924385426806622900, 0.1240681277265114900, 0.1705058742427159900 ) ) ;
#230 = SURFACE_STYLE_FILL_AREA ( #696 ) ;
#231 = FILL_AREA_STYLE_COLOUR ( '', #6261 ) ;
#232 = PRESENTATION_STYLE_ASSIGNMENT (( #2695 ) ) ;
#233 = EDGE_LOOP ( 'NONE', ( #4919, #1246, #1284, #8231 ) ) ;
#234 = SURFACE_SIDE_STYLE ('',( #1573 ) ) ;
#235 = SURFACE_STYLE_USAGE ( .BOTH. , #4257 ) ;
#236 = ADVANCED_FACE ( 'NONE', ( #1655 ), #4297, .T. ) ;
#237 = VERTEX_POINT ( 'NONE', #4378 ) ;
#238 = AXIS2_PLACEMENT_3D ( 'NONE', #4918, #917, #5569 ) ;
#239 = DIRECTION ( 'NONE',  ( 1.000000000000000000, -0.0000000000000000000, 0.0000000000000000000 ) ) ;
#240 =( NAMED_UNIT ( * ) SI_UNIT ( $, .STERADIAN. ) SOLID_ANGLE_UNIT ( ) );
#241 = UNCERTAINTY_MEASURE_WITH_UNIT (LENGTH_MEASURE( 1.000000000000000100E-005 ), #5849, 'distance_accuracy_value', 'NONE');
#242 =( GEOMETRIC_REPRESENTATION_CONTEXT ( 3 ) GLOBAL_UNCERTAINTY_ASSIGNED_CONTEXT ( ( #2532 ) ) GLOBAL_UNIT_ASSIGNED_CONTEXT ( ( #4750, #730, #5392 ) ) REPRESENTATION_CONTEXT ( 'NONE', 'WORKASPACE' ) );
#243 = LENGTH_MEASURE_WITH_UNIT ( LENGTH_MEASURE( 0.02539999999999999900 ), #1647 );
#244 = EDGE_CURVE ( 'NONE', #2674, #3905, #6741, .T. ) ;
#245 =( LENGTH_UNIT ( ) NAMED_UNIT ( * ) SI_UNIT ( $, .METRE. ) );
#246 = ORIENTED_EDGE ( 'NONE', *, *, #6332, .T. ) ;
#247 = FILL_AREA_STYLE ('',( #269 ) ) ;
#248 = DIRECTION ( 'NONE',  ( 0.0000000000000000000, 0.0000000000000000000, -1.000000000000000000 ) ) ;
#249 = DIRECTION ( 'NONE',  ( 0.0000000000000000000, 0.0000000000000000000, 1.000000000000000000 ) ) ;
#250 = VECTOR ( 'NONE', #2014, 39.37007874015748100 ) ;
#251 = LENGTH_MEASURE_WITH_UNIT ( LENGTH_MEASURE( 0.02539999999999999900 ), #2450 );
#252 = CARTESIAN_POINT ( 'NONE',  ( 0.4159495119333708200, 0.1323178699964286900, -0.1169849397422990500 ) ) ;
#253 = FILL_AREA_STYLE ('',( #896 ) ) ;
#254 = EDGE_CURVE ( 'NONE', #8352, #5269, #7784, .T. ) ;
#255 = CARTESIAN_POINT ( 'NONE',  ( -0.5966402056588257000, 0.01595737074312052500, -0.008541741489868335400 ) ) ;
#256 = VECTOR ( 'NONE', #6545, 39.37007874015748100 ) ;
#257 = AXIS2_PLACEMENT_3D ( 'NONE', #3789, #8424, #4478 ) ;
#258 = LINE ( 'NONE', #8618, #2036 ) ;
#259 = CARTESIAN_POINT ( 'NONE',  ( 0.4561057619333852000, -0.1738264844561338600, -0.03655195330342449900 ) ) ;
#260 = ORIENTED_EDGE ( 'NONE', *, *, #7954, .F. ) ;
#261 = EDGE_CURVE ( 'NONE', #6236, #6042, #6038, .T. ) ;
#262 = CARTESIAN_POINT ( 'NONE',  ( 0.7557535637706485100, -0.2480426292568794500, -0.2585417414898683600 ) ) ;
#263 = VECTOR ( 'NONE', #7473, 39.37007874015748100 ) ;
#264 = PLANE ( 'NONE',  #1479 ) ;
#265 = SURFACE_SIDE_STYLE ('',( #305 ) ) ;
#266 = CARTESIAN_POINT ( 'NONE',  ( 0.7557535637706485100, -0.02053261085912316800, 0.02195825851013172300 ) ) ;
#267 = STYLED_ITEM ( 'NONE', ( #2909 ), #3636 ) ;
#268 = SURFACE_SIDE_STYLE ('',( #441 ) ) ;
#269 = FILL_AREA_STYLE_COLOUR ( '', #3212 ) ;
#270 =( NAMED_UNIT ( * ) SI_UNIT ( $, .STERADIAN. ) SOLID_ANGLE_UNIT ( ) );
#271 = SURFACE_STYLE_USAGE ( .BOTH. , #4296 ) ;
#272 = CARTESIAN_POINT ( 'NONE',  ( -0.5845683339780665100, -0.009042629256879462100, -0.08202850391428889700 ) ) ;
#273 = ORIENTED_EDGE ( 'NONE', *, *, #6575, .F. ) ;
#274 = CARTESIAN_POINT ( 'NONE',  ( 0.3165224285999978500, -0.09535282397997164900, -0.05405477810323976900 ) ) ;
#275 = ADVANCED_FACE ( 'NONE', ( #934, #7577 ), #8345, .T. ) ;
#276 = ORIENTED_EDGE ( 'NONE', *, *, #2259, .T. ) ;
#277 = UNCERTAINTY_MEASURE_WITH_UNIT (LENGTH_MEASURE( 1.000000000000000100E-005 ), #3736, 'distance_accuracy_value', 'NONE');
#278 = APPLICATION_PROTOCOL_DEFINITION ( 'draft international standard', 'automotive_design', 1998, #4302 ) ;
#279 = PRESENTATION_STYLE_ASSIGNMENT (( #2699 ) ) ;
#280 = LENGTH_MEASURE_WITH_UNIT ( LENGTH_MEASURE( 0.02539999999999999900 ), #6807 );
#281 = VERTEX_POINT ( 'NONE', #7385 ) ;
#282 = PRESENTATION_LAYER_ASSIGNMENT (  '', '', ( #8032 ) ) ;
#283 = CARTESIAN_POINT ( 'NONE',  ( -0.5963216411362076700, 0.06024683417055649900, -0.03354174148986834000 ) ) ;
#284 = CARTESIAN_POINT ( 'NONE',  ( -0.9984602808033384800, -0.2830426292568795100, 0.07895825851013189800 ) ) ;
#285 = ORIENTED_EDGE ( 'NONE', *, *, #6763, .T. ) ;
#286 = AXIS2_PLACEMENT_3D ( 'NONE', #6932, #2957, #7585 ) ;
#287 = DIRECTION ( 'NONE',  ( 0.0000000000000000000, 0.0000000000000000000, -1.000000000000000000 ) ) ;
#288 = PRESENTATION_STYLE_ASSIGNMENT (( #7844 ) ) ;
#289 = FILL_AREA_STYLE_COLOUR ( '', #2806 ) ;
#290 = ORIENTED_EDGE ( 'NONE', *, *, #2052, .T. ) ;
#291 = FILL_AREA_STYLE_COLOUR ( '', #2361 ) ;
#292 = VECTOR ( 'NONE', #5644, 39.37007874015748100 ) ;
#293 = VERTEX_POINT ( 'NONE', #2749 ) ;
#294 = FILL_AREA_STYLE ('',( #173 ) ) ;
#295 = DIRECTION ( 'NONE',  ( -1.000000000000000000, 0.0000000000000000000, 0.0000000000000000000 ) ) ;
#296 = DIRECTION ( 'NONE',  ( -1.000000000000000000, -0.0000000000000000000, -0.0000000000000000000 ) ) ;
#297 = DIRECTION ( 'NONE',  ( -1.000000000000000000, -0.0000000000000000000, 0.0000000000000000000 ) ) ;
#298 = MECHANICAL_DESIGN_GEOMETRIC_PRESENTATION_REPRESENTATION (  '', ( #7590 ), #750 ) ;
#299 = PRESENTATION_LAYER_ASSIGNMENT (  '', '', ( #8498 ) ) ;
#300 = EDGE_CURVE ( 'NONE', #387, #4205, #8533, .T. ) ;
#301 = DIRECTION ( 'NONE',  ( -1.000000000000000000, -0.0000000000000000000, -0.0000000000000000000 ) ) ;
#302 = ORIENTED_EDGE ( 'NONE', *, *, #1978, .F. ) ;
#303 = CARTESIAN_POINT ( 'NONE',  ( 0.6898557619333786100, -0.1490425485026091500, 0.1095223235492066300 ) ) ;
#304 =( GEOMETRIC_REPRESENTATION_CONTEXT ( 3 ) GLOBAL_UNCERTAINTY_ASSIGNED_CONTEXT ( ( #241 ) ) GLOBAL_UNIT_ASSIGNED_CONTEXT ( ( #5849, #1864, #6529 ) ) REPRESENTATION_CONTEXT ( 'NONE', 'WORKASPACE' ) );
#305 = SURFACE_STYLE_FILL_AREA ( #4289 ) ;
#306 =( NAMED_UNIT ( * ) SI_UNIT ( $, .STERADIAN. ) SOLID_ANGLE_UNIT ( ) );
#307 = ADVANCED_FACE ( 'NONE', ( #1664 ), #4446, .T. ) ;
#308 = EDGE_LOOP ( 'NONE', ( #7870, #3839, #6289, #2634 ) ) ;
#309 =( GEOMETRIC_REPRESENTATION_CONTEXT ( 3 ) GLOBAL_UNCERTAINTY_ASSIGNED_CONTEXT ( ( #3223 ) ) GLOBAL_UNIT_ASSIGNED_CONTEXT ( ( #6239, #3713, #377 ) ) REPRESENTATION_CONTEXT ( 'NONE', 'WORKASPACE' ) );
#310 =( CONVERSION_BASED_UNIT ( 'INCH', #6773 ) LENGTH_UNIT ( ) NAMED_UNIT ( #3025 ) );
#311 =( CONVERSION_BASED_UNIT ( 'INCH', #1261 ) LENGTH_UNIT ( ) NAMED_UNIT ( #5815 ) );
#312 = VERTEX_POINT ( 'NONE', #2229 ) ;
#313 = PRESENTATION_LAYER_ASSIGNMENT (  '', '', ( #8522 ) ) ;
#314 = ADVANCED_FACE ( 'NONE', ( #4235 ), #3586, .T. ) ;
#315 = COLOUR_RGB ( '',0.9882352941176471000, 1.000000000000000000, 0.9882352941176471000 ) ;
#316 = CARTESIAN_POINT ( 'NONE',  ( 0.7404330265409034800, 0.08629400625472903600, -0.03354174148986834000 ) ) ;
#317 = VERTEX_POINT ( 'NONE', #5489 ) ;
#318 = DIMENSIONAL_EXPONENTS ( 1.000000000000000000, 0.0000000000000000000, 0.0000000000000000000, 0.0000000000000000000, 0.0000000000000000000, 0.0000000000000000000, 0.0000000000000000000 ) ;
#319 = LINE ( 'NONE', #6753, #1895 ) ;
#320 = LINE ( 'NONE', #5391, #3881 ) ;
#321 = EDGE_CURVE ( 'NONE', #2446, #1381, #51, .T. ) ;
#322 = DIRECTION ( 'NONE',  ( 1.000000000000000000, 0.0000000000000000000, 0.0000000000000000000 ) ) ;
#323 = FILL_AREA_STYLE ('',( #4997 ) ) ;
#324 = ORIENTED_EDGE ( 'NONE', *, *, #1702, .F. ) ;
#325 = DIRECTION ( 'NONE',  ( 0.0000000000000000000, 0.0000000000000000000, -1.000000000000000000 ) ) ;
#326 = FACE_BOUND ( 'NONE', #4103, .T. ) ;
#327 = DIRECTION ( 'NONE',  ( -0.0000000000000000000, -1.000000000000000000, -0.0000000000000000000 ) ) ;
#328 = FILL_AREA_STYLE ('',( #8295 ) ) ;
#329 = CARTESIAN_POINT ( 'NONE',  ( -0.5372464362293516400, 0.2539573707431204100, -0.2335417414898683400 ) ) ;
#330 = CARTESIAN_POINT ( 'NONE',  ( 0.5235635426806829500, 0.1947839706490480400, -0.1080001466312633700 ) ) ;
#331 = CARTESIAN_POINT ( 'NONE',  ( 0.6134599286000408400, 0.04134939595826285500, 0.1902063467957755000 ) ) ;
#332 =( GEOMETRIC_REPRESENTATION_CONTEXT ( 3 ) GLOBAL_UNCERTAINTY_ASSIGNED_CONTEXT ( ( #7275 ) ) GLOBAL_UNIT_ASSIGNED_CONTEXT ( ( #6596, #2616, #7246 ) ) REPRESENTATION_CONTEXT ( 'NONE', 'WORKASPACE' ) );
#333 = UNCERTAINTY_MEASURE_WITH_UNIT (LENGTH_MEASURE( 1.000000000000000100E-005 ), #8203, 'distance_accuracy_value', 'NONE');
#334 = STYLED_ITEM ( 'NONE', ( #8353 ), #465 ) ;
#335 = PRESENTATION_STYLE_ASSIGNMENT (( #7641 ) ) ;
#336 = MECHANICAL_DESIGN_GEOMETRIC_PRESENTATION_REPRESENTATION (  '', ( #7628 ), #791 ) ;
#337 = EDGE_LOOP ( 'NONE', ( #2010, #4546, #6017, #5666 ) ) ;
#338 = PLANE ( 'NONE',  #990 ) ;
#339 = ORIENTED_EDGE ( 'NONE', *, *, #2309, .T. ) ;
#340 =( LENGTH_UNIT ( ) NAMED_UNIT ( * ) SI_UNIT ( $, .METRE. ) );
#341 = PRESENTATION_STYLE_ASSIGNMENT (( #4579 ) ) ;
#342 = DIRECTION ( 'NONE',  ( 1.000000000000000000, 0.0000000000000000000, 0.0000000000000000000 ) ) ;
#343 = ORIENTED_EDGE ( 'NONE', *, *, #5296, .T. ) ;
#344 = MECHANICAL_DESIGN_GEOMETRIC_PRESENTATION_REPRESENTATION (  '', ( #7636 ), #801 ) ;
#345 =( GEOMETRIC_REPRESENTATION_CONTEXT ( 3 ) GLOBAL_UNCERTAINTY_ASSIGNED_CONTEXT ( ( #1656 ) ) GLOBAL_UNIT_ASSIGNED_CONTEXT ( ( #1388, #6041, #2055 ) ) REPRESENTATION_CONTEXT ( 'NONE', 'WORKASPACE' ) );
#346 = EDGE_CURVE ( 'NONE', #5481, #1953, #5979, .T. ) ;
#347 = DIRECTION ( 'NONE',  ( 0.0000000000000000000, 0.0000000000000000000, -1.000000000000000000 ) ) ;
#348 =( NAMED_UNIT ( * ) SI_UNIT ( $, .STERADIAN. ) SOLID_ANGLE_UNIT ( ) );
#349 = MECHANICAL_DESIGN_GEOMETRIC_PRESENTATION_REPRESENTATION (  '', ( #7204 ), #806 ) ;
#350 = DIRECTION ( 'NONE',  ( 0.0000000000000000000, -0.8232127859152877900, 0.5677329558036867700 ) ) ;
#351 = DIRECTION ( 'NONE',  ( 0.0000000000000000000, 0.0000000000000000000, 1.000000000000000000 ) ) ;
#352 =( CONVERSION_BASED_UNIT ( 'INCH', #1092 ) LENGTH_UNIT ( ) NAMED_UNIT ( #6013 ) );
#353 = CARTESIAN_POINT ( 'NONE',  ( 0.4618245119333752000, -0.1242330639214655500, 0.1024427088094896600 ) ) ;
#354 = UNCERTAINTY_MEASURE_WITH_UNIT (LENGTH_MEASURE( 1.000000000000000100E-005 ), #3225, 'distance_accuracy_value', 'NONE');
#355 = ADVANCED_FACE ( 'NONE', ( #8470 ), #766, .F. ) ;
#356 = EDGE_CURVE ( 'NONE', #2887, #1576, #2542, .T. ) ;
#358 = CARTESIAN_POINT ( 'NONE',  ( 0.3362535637706484700, -0.09804262925687951000, 0.3414582585101316200 ) ) ;
#357 = AXIS2_PLACEMENT_3D ( 'NONE', #6500, #3203, #7850 ) ;
#359 = ORIENTED_EDGE ( 'NONE', *, *, #2165, .F. ) ;
#360 = PRESENTATION_LAYER_ASSIGNMENT (  '', '', ( #8117 ) ) ;
#361 = CIRCLE ( 'NONE', #8606, 0.03099999999999998900 ) ;
#362 = DIRECTION ( 'NONE',  ( -1.000000000000000000, 2.083719980598119200E-016, 0.0000000000000000000 ) ) ;
#363 = CARTESIAN_POINT ( 'NONE',  ( 0.7084721651258814000, 0.1580324917209272600, 0.1110870820460867800 ) ) ;
#364 = EDGE_CURVE ( 'NONE', #5317, #6941, #6086, .T. ) ;
#365 = CARTESIAN_POINT ( 'NONE',  ( -0.1827464362293516600, -0.03604262925687949600, -0.3180417414898682500 ) ) ;
#366 = ORIENTED_EDGE ( 'NONE', *, *, #8323, .T. ) ;
#367 =( CONVERSION_BASED_UNIT ( 'INCH', #6350 ) LENGTH_UNIT ( ) NAMED_UNIT ( #4606 ) );
#368 =( LENGTH_UNIT ( ) NAMED_UNIT ( * ) SI_UNIT ( $, .METRE. ) );
#369 = PLANE ( 'NONE',  #5504 ) ;
#370 = SURFACE_STYLE_FILL_AREA ( #8157 ) ;
#371 = PLANE ( 'NONE',  #5111 ) ;
#372 = VERTEX_POINT ( 'NONE', #1558 ) ;
#373 = UNCERTAINTY_MEASURE_WITH_UNIT (LENGTH_MEASURE( 1.000000000000000100E-005 ), #7762, 'distance_accuracy_value', 'NONE');
#374 =( NAMED_UNIT ( * ) PLANE_ANGLE_UNIT ( ) SI_UNIT ( $, .RADIAN. ) );
#375 = PRESENTATION_STYLE_ASSIGNMENT (( #5158 ) ) ;
#376 = ORIENTED_EDGE ( 'NONE', *, *, #6892, .F. ) ;
#377 =( NAMED_UNIT ( * ) SI_UNIT ( $, .STERADIAN. ) SOLID_ANGLE_UNIT ( ) );
#378 =( NAMED_UNIT ( * ) PLANE_ANGLE_UNIT ( ) SI_UNIT ( $, .RADIAN. ) );
#379 =( CONVERSION_BASED_UNIT ( 'INCH', #3749 ) LENGTH_UNIT ( ) NAMED_UNIT ( #3890 ) );
#380 = CARTESIAN_POINT ( 'NONE',  ( 0.6907535637706484500, 0.01595737074312052500, -0.008541741489868335400 ) ) ;
#381 = CARTESIAN_POINT ( 'NONE',  ( 0.3929495119333527000, 0.1413558601221937800, -0.1254433544025520800 ) ) ;
#382 = UNCERTAINTY_MEASURE_WITH_UNIT (LENGTH_MEASURE( 1.000000000000000100E-005 ), #2320, 'distance_accuracy_value', 'NONE');
#383 = COLOUR_RGB ( '',0.2941176470588235400, 0.2941176470588235400, 0.2941176470588235400 ) ;
#384 = FACE_OUTER_BOUND ( 'NONE', #7788, .T. ) ;
#385 = PRESENTATION_LAYER_ASSIGNMENT (  '', '', ( #839 ) ) ;
#386 = FACE_BOUND ( 'NONE', #4974, .T. ) ;
#387 = VERTEX_POINT ( 'NONE', #7501 ) ;
#388 = DIRECTION ( 'NONE',  ( 0.0000000000000000000, 0.0000000000000000000, 1.000000000000000000 ) ) ;
#389 = ORIENTED_EDGE ( 'NONE', *, *, #5774, .F. ) ;
#390 = CARTESIAN_POINT ( 'NONE',  ( 0.7498287686775039200, -0.02833209268431543400, -0.03354174148986832600 ) ) ;
#391 = ORIENTED_EDGE ( 'NONE', *, *, #813, .T. ) ;
#392 = LENGTH_MEASURE_WITH_UNIT ( LENGTH_MEASURE( 0.02539999999999999900 ), #5266 );
#393 = SURFACE_STYLE_FILL_AREA ( #6421 ) ;
#394 = VECTOR ( 'NONE', #1985, 39.37007874015748100 ) ;
#395 = CARTESIAN_POINT ( 'NONE',  ( 0.6321063145194333300, 0.1975792863260698600, -0.02951934302663367800 ) ) ;
#396 = STYLED_ITEM ( 'NONE', ( #3712 ), #4614 ) ;
#397 =( LENGTH_UNIT ( ) NAMED_UNIT ( * ) SI_UNIT ( $, .METRE. ) );
#398 = PRESENTATION_LAYER_ASSIGNMENT (  '', '', ( #8608 ) ) ;
#399 = ORIENTED_EDGE ( 'NONE', *, *, #7215, .T. ) ;
#400 = ADVANCED_FACE ( 'NONE', ( #4339 ), #6202, .F. ) ;
#401 = DIRECTION ( 'NONE',  ( -1.000000000000000000, 0.0000000000000000000, 0.0000000000000000000 ) ) ;
#402 = TOROIDAL_SURFACE ( 'NONE', #5422, 0.04563479052312245000, 0.04922343162956301800 ) ;
#403 = PRESENTATION_STYLE_ASSIGNMENT (( #6400 ) ) ;
#404 = CARTESIAN_POINT ( 'NONE',  ( -0.5866321300447819900, -0.05477453638033686500, 0.01645825851013166600 ) ) ;
#405 = DIRECTION ( 'NONE',  ( -1.000000000000000000, -0.0000000000000000000, -0.0000000000000000000 ) ) ;
#406 = FACE_OUTER_BOUND ( 'NONE', #3267, .T. ) ;
#407 = DIRECTION ( 'NONE',  ( -0.0000000000000000000, 1.000000000000000000, 0.0000000000000000000 ) ) ;
#408 = CARTESIAN_POINT ( 'NONE',  ( 0.6186057619333782400, 0.2018290066712021000, -0.08571724710255979000 ) ) ;
#409 = AXIS2_PLACEMENT_3D ( 'NONE', #8434, #4484, #7781 ) ;
#410 = EDGE_CURVE ( 'NONE', #747, #3512, #6797, .T. ) ;
#411 = UNCERTAINTY_MEASURE_WITH_UNIT (LENGTH_MEASURE( 1.000000000000000100E-005 ), #2040, 'distance_accuracy_value', 'NONE');
#412 = CARTESIAN_POINT ( 'NONE',  ( 0.7497281360351080200, -0.02121393203146711800, 0.01645825851013166600 ) ) ;
#413 = DIMENSIONAL_EXPONENTS ( 1.000000000000000000, 0.0000000000000000000, 0.0000000000000000000, 0.0000000000000000000, 0.0000000000000000000, 0.0000000000000000000, 0.0000000000000000000 ) ;
#414 = CARTESIAN_POINT ( 'NONE',  ( 0.7436459766208346500, -0.04897288128330338400, -0.03354174148986833300 ) ) ;
#415 = ORIENTED_EDGE ( 'NONE', *, *, #4540, .T. ) ;
#416 = ORIENTED_EDGE ( 'NONE', *, *, #3968, .T. ) ;
#417 = COLOUR_RGB ( '',0.9882352941176471000, 1.000000000000000000, 0.9882352941176471000 ) ;
#418 =( NAMED_UNIT ( * ) PLANE_ANGLE_UNIT ( ) SI_UNIT ( $, .RADIAN. ) );
#419 = SURFACE_STYLE_FILL_AREA ( #57 ) ;
#420 = CARTESIAN_POINT ( 'NONE',  ( 0.5516896478527473200, 0.03978030122580957600, -0.1883576086447594800 ) ) ;
#421 = PRESENTATION_STYLE_ASSIGNMENT (( #7288 ) ) ;
#422 = SURFACE_SIDE_STYLE ('',( #842 ) ) ;
#423 = AXIS2_PLACEMENT_3D ( 'NONE', #4549, #523, #5201 ) ;
#424 = SURFACE_SIDE_STYLE ('',( #212 ) ) ;
#425 = FILL_AREA_STYLE ('',( #3821 ) ) ;
#426 = ORIENTED_EDGE ( 'NONE', *, *, #6707, .T. ) ;
#427 = LINE ( 'NONE', #7234, #5533 ) ;
#428 = COLOUR_RGB ( '',0.2941176470588235400, 0.2941176470588235400, 0.2941176470588235400 ) ;
#429 = LINE ( 'NONE', #27, #5538 ) ;
#430 = VERTEX_POINT ( 'NONE', #6233 ) ;
#431 = SURFACE_STYLE_USAGE ( .BOTH. , #4463 ) ;
#432 = SURFACE_SIDE_STYLE ('',( #2215 ) ) ;
#433 = DIRECTION ( 'NONE',  ( 0.0000000000000000000, 0.0000000000000000000, 1.000000000000000000 ) ) ;
#434 = CARTESIAN_POINT ( 'NONE',  ( 0.2737406260139948500, 0.04355823338941208100, -0.1336749258603152900 ) ) ;
#435 = ORIENTED_EDGE ( 'NONE', *, *, #6226, .T. ) ;
#436 = COLOUR_RGB ( '',0.9882352941176471000, 1.000000000000000000, 0.9882352941176471000 ) ;
#437 = CARTESIAN_POINT ( 'NONE',  ( 0.3875125645194185100, 0.1842715151212520300, 0.02137827264569186800 ) ) ;
#438 = SURFACE_STYLE_USAGE ( .BOTH. , #3776 ) ;
#439 = LINE ( 'NONE', #3300, #8158 ) ;
#440 = CIRCLE ( 'NONE', #1532, 0.02016174311996134600 ) ;
#441 = SURFACE_STYLE_FILL_AREA ( #4294 ) ;
#442 = CARTESIAN_POINT ( 'NONE',  ( -0.5815161449690062800, 0.2539573707431204100, 0.2164582585101315900 ) ) ;
#443 = ORIENTED_EDGE ( 'NONE', *, *, #3782, .T. ) ;
#444 =( GEOMETRIC_REPRESENTATION_CONTEXT ( 3 ) GLOBAL_UNCERTAINTY_ASSIGNED_CONTEXT ( ( #7421 ) ) GLOBAL_UNIT_ASSIGNED_CONTEXT ( ( #3472, #8109, #4158 ) ) REPRESENTATION_CONTEXT ( 'NONE', 'WORKASPACE' ) );
#445 = CARTESIAN_POINT ( 'NONE',  ( 0.7557535637706485100, -0.09804262925687946800, -0.3180417414898682500 ) ) ;
#446 =( NAMED_UNIT ( * ) SI_UNIT ( $, .STERADIAN. ) SOLID_ANGLE_UNIT ( ) );
#447 = VECTOR ( 'NONE', #5337, 39.37007874015748100 ) ;
#448 = AXIS2_PLACEMENT_3D ( 'NONE', #8026, #4069, #67 ) ;
#449 = SURFACE_SIDE_STYLE ('',( #393 ) ) ;
#450 = CARTESIAN_POINT ( 'NONE',  ( 0.4563875645194048200, -0.1353538652952625800, -0.07643290321601578500 ) ) ;
#451 = CARTESIAN_POINT ( 'NONE',  ( 0.3086786786000588200, -0.1021762326763387100, 0.03682808519175266600 ) ) ;
#452 = FACE_BOUND ( 'NONE', #1030, .T. ) ;
#453 = CARTESIAN_POINT ( 'NONE',  ( 0.5451057619333474800, 0.1624661505635746100, -0.1434777597502399400 ) ) ;
#454 = CARTESIAN_POINT ( 'NONE',  ( -0.5962210084938172100, -0.02121393203146711800, 0.01645825851013166600 ) ) ;
#455 = DIMENSIONAL_EXPONENTS ( 1.000000000000000000, 0.0000000000000000000, 0.0000000000000000000, 0.0000000000000000000, 0.0000000000000000000, 0.0000000000000000000, 0.0000000000000000000 ) ;
#456 = PRESENTATION_LAYER_ASSIGNMENT (  '', '', ( #33 ) ) ;
#457 = ORIENTED_EDGE ( 'NONE', *, *, #7981, .T. ) ;
#458 = EDGE_CURVE ( 'NONE', #2724, #2724, #3482, .T. ) ;
#459 = DIRECTION ( 'NONE',  ( -1.000000000000000000, 0.0000000000000000000, 0.0000000000000000000 ) ) ;
#460 = DIRECTION ( 'NONE',  ( 1.000000000000000000, 0.0000000000000000000, 0.0000000000000000000 ) ) ;
#461 = PRESENTATION_LAYER_ASSIGNMENT (  '', '', ( #38 ) ) ;
#462 = FILL_AREA_STYLE ('',( #8443 ) ) ;
#463 = CARTESIAN_POINT ( 'NONE',  ( 0.5838760426806540700, -0.1050383653830353100, 0.1578644049802542500 ) ) ;
#464 = CARTESIAN_POINT ( 'NONE',  ( 0.2857833978527556900, 0.04355823338941208100, -0.1336749258603152900 ) ) ;
#465 = ADVANCED_FACE ( 'NONE', ( #8582 ), #8238, .T. ) ;
#466 = CARTESIAN_POINT ( 'NONE',  ( -0.9984602808033384800, -0.2800426292568794500, 0.06895825851013148700 ) ) ;
#467 =( GEOMETRIC_REPRESENTATION_CONTEXT ( 3 ) GLOBAL_UNCERTAINTY_ASSIGNED_CONTEXT ( ( #7051 ) ) GLOBAL_UNIT_ASSIGNED_CONTEXT ( ( #1595, #6246, #2264 ) ) REPRESENTATION_CONTEXT ( 'NONE', 'WORKASPACE' ) );
#468 = EDGE_CURVE ( 'NONE', #992, #7047, #4223, .T. ) ;
#469 = CARTESIAN_POINT ( 'NONE',  ( 0.7557535637706485100, -0.09804262925687960700, 0.3359582585101316100 ) ) ;
#471 = SURFACE_SIDE_STYLE ('',( #5694 ) ) ;
#470 = MECHANICAL_DESIGN_GEOMETRIC_PRESENTATION_REPRESENTATION (  '', ( #8229 ), #937 ) ;
#472 = ORIENTED_EDGE ( 'NONE', *, *, #1319, .F. ) ;
#473 =( GEOMETRIC_REPRESENTATION_CONTEXT ( 3 ) GLOBAL_UNCERTAINTY_ASSIGNED_CONTEXT ( ( #5561 ) ) GLOBAL_UNIT_ASSIGNED_CONTEXT ( ( #7494, #3536, #8170 ) ) REPRESENTATION_CONTEXT ( 'NONE', 'WORKASPACE' ) );
#474 = EDGE_LOOP ( 'NONE', ( #2886, #443, #5733, #7161 ) ) ;
#475 = CARTESIAN_POINT ( 'NONE',  ( 0.3464083978528116300, -0.01879756761420254400, 0.1161451898718592300 ) ) ;
#476 = EDGE_CURVE ( 'NONE', #430, #7298, #7716, .T. ) ;
#477 = CARTESIAN_POINT ( 'NONE',  ( 0.4156468760139902500, 0.03212170256088243300, -0.1659178058926686300 ) ) ;
#478 = DIRECTION ( 'NONE',  ( 1.000000000000000000, 0.0000000000000000000, 0.0000000000000000000 ) ) ;
#479 =( NAMED_UNIT ( * ) SI_UNIT ( $, .STERADIAN. ) SOLID_ANGLE_UNIT ( ) );
#480 = LINE ( 'NONE', #3349, #4054 ) ;
#481 = PLANE ( 'NONE',  #6672 ) ;
#482 = COLOUR_RGB ( '',0.2941176470588235400, 0.2941176470588235400, 0.2941176470588235400 ) ;
#483 = CARTESIAN_POINT ( 'NONE',  ( 0.4446474286000525200, -0.05086534614208751400, -0.1746480923674696700 ) ) ;
#484 = ORIENTED_EDGE ( 'NONE', *, *, #6290, .F. ) ;
#485 = SURFACE_SIDE_STYLE ('',( #5048 ) ) ;
#486 = FILL_AREA_STYLE ('',( #4517 ) ) ;
#487 = DIRECTION ( 'NONE',  ( -0.0000000000000000000, -0.0000000000000000000, -1.000000000000000000 ) ) ;
#488 = SURFACE_STYLE_USAGE ( .BOTH. , #4523 ) ;
#489 = ORIENTED_EDGE ( 'NONE', *, *, #8112, .F. ) ;
#490 = PRESENTATION_STYLE_ASSIGNMENT (( #7905 ) ) ;
#491 = DIRECTION ( 'NONE',  ( 0.0000000000000000000, 0.0000000000000000000, 1.000000000000000000 ) ) ;
#492 =( GEOMETRIC_REPRESENTATION_CONTEXT ( 3 ) GLOBAL_UNCERTAINTY_ASSIGNED_CONTEXT ( ( #7353 ) ) GLOBAL_UNIT_ASSIGNED_CONTEXT ( ( #8422, #4473, #446 ) ) REPRESENTATION_CONTEXT ( 'NONE', 'WORKASPACE' ) );
#493 = FILL_AREA_STYLE ('',( #7791 ) ) ;
#494 = DIRECTION ( 'NONE',  ( 0.0000000000000000000, 0.0000000000000000000, 1.000000000000000000 ) ) ;
#495 = SURFACE_STYLE_FILL_AREA ( #7169 ) ;
#496 = PRESENTATION_STYLE_ASSIGNMENT (( #5388 ) ) ;
#497 = CARTESIAN_POINT ( 'NONE',  ( 0.6622724286000571900, -0.1606779668155687000, -0.1178326279686197900 ) ) ;
#498 = STYLED_ITEM ( 'NONE', ( #2643 ), #314 ) ;
#499 = ORIENTED_EDGE ( 'NONE', *, *, #254, .F. ) ;
#500 = ORIENTED_EDGE ( 'NONE', *, *, #3158, .T. ) ;
#501 = PRODUCT_DEFINITION_SHAPE ( 'NONE', 'NONE',  #933 ) ;
#502 = SURFACE_STYLE_FILL_AREA ( #3061 ) ;
#503 = PRESENTATION_LAYER_ASSIGNMENT (  '', '', ( #8255 ) ) ;
#504 = DIRECTION ( 'NONE',  ( -1.000000000000000000, -0.0000000000000000000, -0.0000000000000000000 ) ) ;
#505 = COLOUR_RGB ( '',0.2941176470588235400, 0.2941176470588235400, 0.2941176470588235400 ) ;
#506 = DIMENSIONAL_EXPONENTS ( 1.000000000000000000, 0.0000000000000000000, 0.0000000000000000000, 0.0000000000000000000, 0.0000000000000000000, 0.0000000000000000000, 0.0000000000000000000 ) ;
#507 = ORIENTED_EDGE ( 'NONE', *, *, #538, .T. ) ;
#508 = DIRECTION ( 'NONE',  ( 0.0000000000000000000, 0.9242245927363014200, 0.3818493186865960500 ) ) ;
#509 = CARTESIAN_POINT ( 'NONE',  ( 0.7180015952667113700, 0.1846085935248668000, 0.06113759297169089900 ) ) ;
#510 = AXIS2_PLACEMENT_3D ( 'NONE', #4439, #407, #5088 ) ;
#511 = ADVANCED_FACE ( 'NONE', ( #7517 ), #6686, .T. ) ;
#512 = PRESENTATION_LAYER_ASSIGNMENT (  '', '', ( #971 ) ) ;
#513 = SURFACE_SIDE_STYLE ('',( #2718 ) ) ;
#514 = EDGE_CURVE ( 'NONE', #5524, #7084, #8457, .T. ) ;
#515 = FILL_AREA_STYLE ('',( #7820 ) ) ;
#516 = LENGTH_MEASURE_WITH_UNIT ( LENGTH_MEASURE( 0.02539999999999999900 ), #3820 );
#517 = CARTESIAN_POINT ( 'NONE',  ( -0.5962210084938113200, -0.02121393203146711800, -0.03354174148986834000 ) ) ;
#518 = CARTESIAN_POINT ( 'NONE',  ( 0.3367307619333402300, -0.09919668965936927200, 0.07274916009744521200 ) ) ;
#519 = EDGE_LOOP ( 'NONE', ( #7055 ) ) ;
#520 = CARTESIAN_POINT ( 'NONE',  ( -0.5972464362293515800, 0.01595737074312052500, -0.008541741489868335400 ) ) ;
#521 = CARTESIAN_POINT ( 'NONE',  ( -0.5822464362293516800, -0.009042629256879481200, 0.02862956128471930800 ) ) ;
#522 = EDGE_LOOP ( 'NONE', ( #8375 ) ) ;
#523 = DIRECTION ( 'NONE',  ( 0.0000000000000000000, 1.000000000000000000, 0.0000000000000000000 ) ) ;
#524 = ORIENTED_EDGE ( 'NONE', *, *, #5437, .F. ) ;
#525 = CARTESIAN_POINT ( 'NONE',  ( -0.5962210084938113200, -0.009042629256879481200, 0.02862956128471930800 ) ) ;
#526 = VERTEX_POINT ( 'NONE', #8133 ) ;
#527 = PLANE ( 'NONE',  #2142 ) ;
#528 = CARTESIAN_POINT ( 'NONE',  ( 0.3238349286000829500, -0.05398339326071251900, 0.1188178527896908300 ) ) ;
#529 = CARTESIAN_POINT ( 'NONE',  ( 0.5818557619333883900, -0.1687477352375218500, 0.08204897147645168200 ) ) ;
#530 = VECTOR ( 'NONE', #728, 39.37007874015748100 ) ;
#531 = EDGE_CURVE ( 'NONE', #4925, #7228, #3367, .T. ) ;
#532 = STYLED_ITEM ( 'NONE', ( #7078 ), #5847 ) ;
#533 = AXIS2_PLACEMENT_3D ( 'NONE', #5279, #1285, #5933 ) ;
#534 = EDGE_LOOP ( 'NONE', ( #7127, #3730, #7018, #4203 ) ) ;
#535 = LENGTH_MEASURE_WITH_UNIT ( LENGTH_MEASURE( 0.02539999999999999900 ), #7195 );
#536 = CYLINDRICAL_SURFACE ( 'NONE', #5053, 0.04479626937547442200 ) ;
#537 = CARTESIAN_POINT ( 'NONE',  ( -0.02274643622935171700, -0.2800426292568794500, -0.008541741489868224400 ) ) ;
#538 = EDGE_CURVE ( 'NONE', #3230, #6680, #1596, .T. ) ;
#539 =( NAMED_UNIT ( * ) SI_UNIT ( $, .STERADIAN. ) SOLID_ANGLE_UNIT ( ) );
#540 = FACE_OUTER_BOUND ( 'NONE', #2342, .T. ) ;
#541 = CARTESIAN_POINT ( 'NONE',  ( 0.5356260426806950200, 0.08194048832242099800, -0.1773199021474831400 ) ) ;
#542 = SURFACE_STYLE_FILL_AREA ( #6992 ) ;
#543 = FACE_OUTER_BOUND ( 'NONE', #8168, .T. ) ;
#544 = PRESENTATION_LAYER_ASSIGNMENT (  '', '', ( #8287 ) ) ;
#545 = CARTESIAN_POINT ( 'NONE',  ( -0.02274643622935157800, -0.2800426292568794500, 0.01395825851013166400 ) ) ;
#546 = CARTESIAN_POINT ( 'NONE',  ( 0.7044813145194215300, 0.1240681277265114900, 0.1705058742427159900 ) ) ;
#547 = VERTEX_POINT ( 'NONE', #5912 ) ;
#548 =( NAMED_UNIT ( * ) PLANE_ANGLE_UNIT ( ) SI_UNIT ( $, .RADIAN. ) );
#549 =( CONVERSION_BASED_UNIT ( 'INCH', #1342 ) LENGTH_UNIT ( ) NAMED_UNIT ( #7332 ) );
#550 = DIMENSIONAL_EXPONENTS ( 1.000000000000000000, 0.0000000000000000000, 0.0000000000000000000, 0.0000000000000000000, 0.0000000000000000000, 0.0000000000000000000, 0.0000000000000000000 ) ;
#551 = CARTESIAN_POINT ( 'NONE',  ( 0.7307535637706486000, -0.02053261085912316800, -0.03904174148986839400 ) ) ;
#552 = VECTOR ( 'NONE', #7652, 39.37007874015748100 ) ;
#553 = VECTOR ( 'NONE', #5952, 39.37007874015748100 ) ;
#554 = DIRECTION ( 'NONE',  ( -0.0000000000000000000, -1.000000000000000000, 0.0000000000000000000 ) ) ;
#555 = FACE_OUTER_BOUND ( 'NONE', #2296, .T. ) ;
#556 = SURFACE_STYLE_FILL_AREA ( #2230 ) ;
#557 = LINE ( 'NONE', #3148, #5664 ) ;
#558 = SURFACE_SIDE_STYLE ('',( #5854 ) ) ;
#559 =( LENGTH_UNIT ( ) NAMED_UNIT ( * ) SI_UNIT ( $, .METRE. ) );
#560 =( LENGTH_UNIT ( ) NAMED_UNIT ( * ) SI_UNIT ( $, .METRE. ) );
#561 = CARTESIAN_POINT ( 'NONE',  ( 0.4615635426806576300, -0.1647526116969642600, 0.06370173717427812800 ) ) ;
#562 = ORIENTED_EDGE ( 'NONE', *, *, #4788, .T. ) ;
#563 = CARTESIAN_POINT ( 'NONE',  ( 0.5020224286000463100, 0.1215682504501611600, 0.1673304920715892600 ) ) ;
#564 = ADVANCED_FACE ( 'NONE', ( #8253 ), #1927, .F. ) ;
#565 = LINE ( 'NONE', #7103, #7426 ) ;
#566 = LENGTH_MEASURE_WITH_UNIT ( LENGTH_MEASURE( 0.02539999999999999900 ), #6650 );
#567 = DIRECTION ( 'NONE',  ( 9.485583311334260800E-017, -0.0000000000000000000, 1.000000000000000000 ) ) ;
#568 = CARTESIAN_POINT ( 'NONE',  ( 0.7382366175319137200, -0.009042629256879463800, -0.08185452421872524400 ) ) ;
#569 = AXIS2_PLACEMENT_3D ( 'NONE', #8294, #327, #7644 ) ;
#570 =( GEOMETRIC_REPRESENTATION_CONTEXT ( 3 ) GLOBAL_UNCERTAINTY_ASSIGNED_CONTEXT ( ( #1926 ) ) GLOBAL_UNIT_ASSIGNED_CONTEXT ( ( #5770, #1783, #6436 ) ) REPRESENTATION_CONTEXT ( 'NONE', 'WORKASPACE' ) );
#571 = PRESENTATION_STYLE_ASSIGNMENT (( #1649 ) ) ;
#572 = CARTESIAN_POINT ( 'NONE',  ( -0.9984602808033384800, -0.2800426292568794500, -0.03104174148986833500 ) ) ;
#573 = CARTESIAN_POINT ( 'NONE',  ( 0.5275843760139670200, 0.1492391902173450500, -0.1312953123574081800 ) ) ;
#574 = DIRECTION ( 'NONE',  ( 0.0000000000000000000, 0.0000000000000000000, -1.000000000000000000 ) ) ;
#575 = CARTESIAN_POINT ( 'NONE',  ( 0.6240646478527504000, 0.2062071999020629600, 0.07199654772539648700 ) ) ;
#576 = FILL_AREA_STYLE_COLOUR ( '', #3153 ) ;
#577 = EDGE_CURVE ( 'NONE', #3128, #3605, #4115, .T. ) ;
#578 =( NAMED_UNIT ( * ) SI_UNIT ( $, .STERADIAN. ) SOLID_ANGLE_UNIT ( ) );
#579 = CARTESIAN_POINT ( 'NONE',  ( 0.7404330265409035900, 0.04095737074312052300, 0.06179489402174012700 ) ) ;
#580 = PRESENTATION_STYLE_ASSIGNMENT (( #2310 ) ) ;
#581 = DIMENSIONAL_EXPONENTS ( 1.000000000000000000, 0.0000000000000000000, 0.0000000000000000000, 0.0000000000000000000, 0.0000000000000000000, 0.0000000000000000000, 0.0000000000000000000 ) ;
#582 = ORIENTED_EDGE ( 'NONE', *, *, #5180, .T. ) ;
#583 = SURFACE_STYLE_USAGE ( .BOTH. , #4610 ) ;
#584 = CARTESIAN_POINT ( 'NONE',  ( 0.5275843760139670200, 0.1666019770061869500, -0.1472869862651922900 ) ) ;
#585 = ORIENTED_EDGE ( 'NONE', *, *, #8390, .F. ) ;
#586 = DIRECTION ( 'NONE',  ( 0.0000000000000000000, 0.0000000000000000000, -1.000000000000000000 ) ) ;
#587 = COLOUR_RGB ( '',0.2941176470588235400, 0.2941176470588235400, 0.2941176470588235400 ) ;
#588 = VERTEX_POINT ( 'NONE', #1902 ) ;
#589 = DIMENSIONAL_EXPONENTS ( 1.000000000000000000, 0.0000000000000000000, 0.0000000000000000000, 0.0000000000000000000, 0.0000000000000000000, 0.0000000000000000000, 0.0000000000000000000 ) ;
#590 = B_SPLINE_CURVE_WITH_KNOTS ( 'NONE', 3,
 ( #7254, #5906, #7930, #3973, #8612, #4653, #627, #5309 ),
 .UNSPECIFIED., .F., .F.,
 ( 4, 2, 2, 4 ),
 ( 0.01135251925626190600, 0.01186907746044350100, 0.01212735656253429900, 0.01238563566462509700 ),
 .UNSPECIFIED. ) ;
#591 = PRESENTATION_LAYER_ASSIGNMENT (  '', '', ( #8333 ) ) ;
#592 = LINE ( 'NONE', #8085, #2168 ) ;
#593 = LINE ( 'NONE', #7233, #1335 ) ;
#594 = FILL_AREA_STYLE_COLOUR ( '', #6330 ) ;
#595 = EDGE_CURVE ( 'NONE', #944, #5532, #6193, .T. ) ;
#596 = ADVANCED_FACE ( 'NONE', ( #1095 ), #5313, .F. ) ;
#597 = CARTESIAN_POINT ( 'NONE',  ( 0.4443447926806438100, -0.1353538652952625800, -0.07643290321601578500 ) ) ;
#598 =( NAMED_UNIT ( * ) SI_UNIT ( $, .STERADIAN. ) SOLID_ANGLE_UNIT ( ) );
#599 = EDGE_LOOP ( 'NONE', ( #3221 ) ) ;
#600 = CARTESIAN_POINT ( 'NONE',  ( 0.7357535637706483800, -0.02121393203146711800, -0.03354174148986834000 ) ) ;
#601 = ORIENTED_EDGE ( 'NONE', *, *, #1431, .T. ) ;
#602 = CARTESIAN_POINT ( 'NONE',  ( 0.5476688145194558200, 0.09053504554621529000, -0.1993047511427988900 ) ) ;
#603 =( NAMED_UNIT ( * ) SI_UNIT ( $, .STERADIAN. ) SOLID_ANGLE_UNIT ( ) );
#604 =( NAMED_UNIT ( * ) SI_UNIT ( $, .STERADIAN. ) SOLID_ANGLE_UNIT ( ) );
#605 = PLANE ( 'NONE',  #6679 ) ;
#606 = PLANE ( 'NONE',  #8041 ) ;
#607 = ORIENTED_EDGE ( 'NONE', *, *, #4119, .F. ) ;
#608 = DIRECTION ( 'NONE',  ( 0.0000000000000000000, 0.0000000000000000000, -1.000000000000000000 ) ) ;
#609 = MECHANICAL_DESIGN_GEOMETRIC_PRESENTATION_REPRESENTATION (  '', ( #8359 ), #1067 ) ;
#610 = FILL_AREA_STYLE_COLOUR ( '', #4895 ) ;
#611 = CARTESIAN_POINT ( 'NONE',  ( -0.4997464362293511700, -0.09804262925687946800, -0.3180417414898682500 ) ) ;
#612 = CARTESIAN_POINT ( 'NONE',  ( 0.5703557619333884400, -0.1525402653233055600, 0.07409958911553193900 ) ) ;
#613 = MECHANICAL_DESIGN_GEOMETRIC_PRESENTATION_REPRESENTATION (  '', ( #7914 ), #1070 ) ;
#614 = VECTOR ( 'NONE', #8317, 39.37007874015748100 ) ;
#615 = CYLINDRICAL_SURFACE ( 'NONE', #4632, 0.02500000000000000500 ) ;
#616 = STYLED_ITEM ( 'NONE', ( #490 ), #7224 ) ;
#617 =( NAMED_UNIT ( * ) PLANE_ANGLE_UNIT ( ) SI_UNIT ( $, .RADIAN. ) );
#618 = LINE ( 'NONE', #3456, #7686 ) ;
#619 = COLOUR_RGB ( '',0.2941176470588235400, 0.2941176470588235400, 0.2941176470588235400 ) ;
#620 = CARTESIAN_POINT ( 'NONE',  ( -0.5772464362293517900, -0.3480426292568794500, -0.3280417414898683100 ) ) ;
#621 = DIRECTION ( 'NONE',  ( -0.0000000000000000000, -1.000000000000000000, -0.0000000000000000000 ) ) ;
#622 = DIMENSIONAL_EXPONENTS ( 1.000000000000000000, 0.0000000000000000000, 0.0000000000000000000, 0.0000000000000000000, 0.0000000000000000000, 0.0000000000000000000, 0.0000000000000000000 ) ;
#623 = ORIENTED_EDGE ( 'NONE', *, *, #3219, .F. ) ;
#624 = CARTESIAN_POINT ( 'NONE',  ( 0.7557535637706485100, -0.02053261085912316800, -0.3530417414898683300 ) ) ;
#625 =( GEOMETRIC_REPRESENTATION_CONTEXT ( 3 ) GLOBAL_UNCERTAINTY_ASSIGNED_CONTEXT ( ( #7024 ) ) GLOBAL_UNIT_ASSIGNED_CONTEXT ( ( #2347, #6990, #3005 ) ) REPRESENTATION_CONTEXT ( 'NONE', 'WORKASPACE' ) );
#626 = STYLED_ITEM ( 'NONE', ( #8322 ), #1674 ) ;
#627 = CARTESIAN_POINT ( 'NONE',  ( -0.5845683339780665100, 0.04095737074312053000, 0.06494502093455223300 ) ) ;
#628 = CLOSED_SHELL ( 'NONE', ( #7598, #5255, #4415, #8013, #6700, #6346, #648, #6947, #3561, #511, #5010, #2622, #7721, #5513, #6864, #6518, #2339, #8600 ) ) ;
#629 = EDGE_CURVE ( 'NONE', #4222, #2182, #258, .T. ) ;
#630 = ORIENTED_EDGE ( 'NONE', *, *, #2756, .T. ) ;
#631 = CARTESIAN_POINT ( 'NONE',  ( 0.4449083978527790800, -0.09633900464135994300, -0.1578334530007906000 ) ) ;
#632 = STYLED_ITEM ( 'NONE', ( #4311 ), #8219 ) ;
#633 = FILL_AREA_STYLE_COLOUR ( '', #2662 ) ;
#634 = LINE ( 'NONE', #7951, #3994 ) ;
#635 = FILL_AREA_STYLE ('',( #7937 ) ) ;
#636 = VERTEX_POINT ( 'NONE', #6662 ) ;
#637 = DIMENSIONAL_EXPONENTS ( 1.000000000000000000, 0.0000000000000000000, 0.0000000000000000000, 0.0000000000000000000, 0.0000000000000000000, 0.0000000000000000000, 0.0000000000000000000 ) ;
#638 = CARTESIAN_POINT ( 'NONE',  ( -0.5772464362293517900, -0.02053261085912316800, 0.3359582585101316100 ) ) ;
#639 =( NAMED_UNIT ( * ) PLANE_ANGLE_UNIT ( ) SI_UNIT ( $, .RADIAN. ) );
#640 = CARTESIAN_POINT ( 'NONE',  ( -0.04024643622935145800, -0.2830426292568795100, -0.01354174148986835000 ) ) ;
#641 = CARTESIAN_POINT ( 'NONE',  ( -0.9984602808033384800, -0.2800426292568794500, 0.07895825851013189800 ) ) ;
#642 = CARTESIAN_POINT ( 'NONE',  ( -0.1207464362293516600, -0.04452574917998992200, -0.2176788995799948700 ) ) ;
#643 = CARTESIAN_POINT ( 'NONE',  ( 0.2682620119333752300, 0.04235481250103019500, -0.1280874732166645000 ) ) ;
#644 = ORIENTED_EDGE ( 'NONE', *, *, #191, .T. ) ;
#645 = STYLED_ITEM ( 'NONE', ( #4909 ), #8558 ) ;
#646 = CIRCLE ( 'NONE', #3603, 0.08000000000000000200 ) ;
#647 = EDGE_CURVE ( 'NONE', #7779, #3410, #1824, .T. ) ;
#648 = ADVANCED_FACE ( 'NONE', ( #3598 ), #7854, .T. ) ;
#649 = LINE ( 'NONE', #7700, #2421 ) ;
#650 = AXIS2_PLACEMENT_3D ( 'NONE', #2038, #64, #7365 ) ;
#651 = ORIENTED_EDGE ( 'NONE', *, *, #4429, .F. ) ;
#652 = CARTESIAN_POINT ( 'NONE',  ( 0.7357535637706483800, -0.009042629256879481200, 0.02862956128471931200 ) ) ;
#653 = ORIENTED_EDGE ( 'NONE', *, *, #3782, .F. ) ;
#654 = UNCERTAINTY_MEASURE_WITH_UNIT (LENGTH_MEASURE( 1.000000000000000100E-005 ), #2824, 'distance_accuracy_value', 'NONE');
#655 = PLANE ( 'NONE',  #4383 ) ;
#656 = DIRECTION ( 'NONE',  ( 0.0000000000000000000, 0.0000000000000000000, 1.000000000000000000 ) ) ;
#657 = VECTOR ( 'NONE', #6533, 39.37007874015748100 ) ;
#658 = EDGE_CURVE ( 'NONE', #822, #3410, #2760, .T. ) ;
#659 = LINE ( 'NONE', #2435, #7305 ) ;
#660 = SURFACE_STYLE_FILL_AREA ( #4967 ) ;
#661 =( LENGTH_UNIT ( ) NAMED_UNIT ( * ) SI_UNIT ( $, .METRE. ) );
#662 = DIRECTION ( 'NONE',  ( 1.000000000000000000, 0.0000000000000000000, 0.0000000000000000000 ) ) ;
#663 = DIRECTION ( 'NONE',  ( -0.0000000000000000000, -1.000000000000000000, -0.0000000000000000000 ) ) ;
#664 = SURFACE_STYLE_FILL_AREA ( #3897 ) ;
#665 = VECTOR ( 'NONE', #3529, 39.37007874015748100 ) ;
#666 = CARTESIAN_POINT ( 'NONE',  ( -0.9984602808033384800, -0.2800426292568794500, 0.01395825851013166400 ) ) ;
#667 =( NAMED_UNIT ( * ) SI_UNIT ( $, .STERADIAN. ) SOLID_ANGLE_UNIT ( ) );
#668 = CARTESIAN_POINT ( 'NONE',  ( 0.7553526127450157500, 0.2539573707431204700, -0.2035633566018136300 ) ) ;
#669 = CARTESIAN_POINT ( 'NONE',  ( -0.4997464362293511700, -0.09804262925687946800, 0.3414582585101316200 ) ) ;
#670 = COLOUR_RGB ( '',0.2941176470588235400, 0.2941176470588235400, 0.2941176470588235400 ) ;
#671 = DIRECTION ( 'NONE',  ( -0.0000000000000000000, 1.000000000000000000, 0.0000000000000000000 ) ) ;
#672 = LENGTH_MEASURE_WITH_UNIT ( LENGTH_MEASURE( 0.02539999999999999900 ), #3188 );
#673 = CARTESIAN_POINT ( 'NONE',  ( 0.6427307619333656500, -0.06916251390251897100, -0.1778319628404999000 ) ) ;
#674 = PRESENTATION_LAYER_ASSIGNMENT (  '', '', ( #227 ) ) ;
#675 = LENGTH_MEASURE_WITH_UNIT ( LENGTH_MEASURE( 0.02539999999999999900 ), #6637 );
#676 = ORIENTED_EDGE ( 'NONE', *, *, #1041, .T. ) ;
#677 = PRESENTATION_STYLE_ASSIGNMENT (( #2571 ) ) ;
#678 = DIMENSIONAL_EXPONENTS ( 1.000000000000000000, 0.0000000000000000000, 0.0000000000000000000, 0.0000000000000000000, 0.0000000000000000000, 0.0000000000000000000, 0.0000000000000000000 ) ;
#679 = FILL_AREA_STYLE_COLOUR ( '', #5272 ) ;
#680 = AXIS2_PLACEMENT_3D ( 'NONE', #4330, #297, #4969 ) ;
#681 = AXIS2_PLACEMENT_3D ( 'NONE', #2796, #7434, #3478 ) ;
#682 = EDGE_CURVE ( 'NONE', #5350, #5708, #6295, .T. ) ;
#683 = ORIENTED_EDGE ( 'NONE', *, *, #5405, .F. ) ;
#684 = CARTESIAN_POINT ( 'NONE',  ( 0.7557535637706485100, 0.2539573707431204100, -0.2335417414898683400 ) ) ;
#685 = DIMENSIONAL_EXPONENTS ( 1.000000000000000000, 0.0000000000000000000, 0.0000000000000000000, 0.0000000000000000000, 0.0000000000000000000, 0.0000000000000000000, 0.0000000000000000000 ) ;
#686 =( LENGTH_UNIT ( ) NAMED_UNIT ( * ) SI_UNIT ( $, .METRE. ) );
#687 =( NAMED_UNIT ( * ) SI_UNIT ( $, .STERADIAN. ) SOLID_ANGLE_UNIT ( ) );
#688 = ORIENTED_EDGE ( 'NONE', *, *, #3339, .T. ) ;
#689 = PRESENTATION_STYLE_ASSIGNMENT (( #2861 ) ) ;
#690 = ORIENTED_EDGE ( 'NONE', *, *, #2145, .F. ) ;
#691 =( LENGTH_UNIT ( ) NAMED_UNIT ( * ) SI_UNIT ( $, .METRE. ) );
#692 = FILL_AREA_STYLE ('',( #3356 ) ) ;
#693 = EDGE_CURVE ( 'NONE', #960, #960, #6100, .T. ) ;
#694 = CARTESIAN_POINT ( 'NONE',  ( 0.7024507482090341900, 0.1764953049444973600, 0.1266330411130567600 ) ) ;
#695 = SURFACE_STYLE_USAGE ( .BOTH. , #4718 ) ;
#696 = FILL_AREA_STYLE ('',( #44 ) ) ;
#697 = AXIS2_PLACEMENT_3D ( 'NONE', #7523, #3555, #8196 ) ;
#698 = SURFACE_SIDE_STYLE ('',( #3132 ) ) ;
#699 = CARTESIAN_POINT ( 'NONE',  ( 0.7522498903722360000, 0.2539573707431204700, 0.1987306397470783900 ) ) ;
#700 = AXIS2_PLACEMENT_3D ( 'NONE', #1077, #5754, #1766 ) ;
#701 = VECTOR ( 'NONE', #6786, 39.37007874015748100 ) ;
#702 = CIRCLE ( 'NONE', #4598, 0.05750000000000007900 ) ;
#703 = ORIENTED_EDGE ( 'NONE', *, *, #4468, .F. ) ;
#704 = EDGE_CURVE ( 'NONE', #3128, #992, #7629, .T. ) ;
#705 = CARTESIAN_POINT ( 'NONE',  ( 0.3872307619333884600, 0.1879825787773649900, -0.01847332552145113100 ) ) ;
#706 = EDGE_LOOP ( 'NONE', ( #797 ) ) ;
#707 = VECTOR ( 'NONE', #5262, 39.37007874015748100 ) ;
#708 = FACE_OUTER_BOUND ( 'NONE', #5932, .T. ) ;
#709 = SURFACE_STYLE_USAGE ( .BOTH. , #4727 ) ;
#710 = SURFACE_STYLE_FILL_AREA ( #5951 ) ;
#711 =( LENGTH_UNIT ( ) NAMED_UNIT ( * ) SI_UNIT ( $, .METRE. ) );
#712 = CARTESIAN_POINT ( 'NONE',  ( -0.9984602808033384800, -0.2800426292568794500, 0.01395825851013166400 ) ) ;
#713 = ORIENTED_EDGE ( 'NONE', *, *, #1605, .T. ) ;
#714 = AXIS2_PLACEMENT_3D ( 'NONE', #5315, #5972, #1347 ) ;
#715 = ORIENTED_EDGE ( 'NONE', *, *, #4570, .T. ) ;
#716 = DIMENSIONAL_EXPONENTS ( 1.000000000000000000, 0.0000000000000000000, 0.0000000000000000000, 0.0000000000000000000, 0.0000000000000000000, 0.0000000000000000000, 0.0000000000000000000 ) ;
#717 = DIRECTION ( 'NONE',  ( -1.000000000000000000, 0.0000000000000000000, 0.0000000000000000000 ) ) ;
#718 = VECTOR ( 'NONE', #6906, 39.37007874015748100 ) ;
#719 = CARTESIAN_POINT ( 'NONE',  ( 0.7357535637706483800, 0.01595737074312052500, -0.008541741489868335400 ) ) ;
#720 = SURFACE_SIDE_STYLE ('',( #3703 ) ) ;
#721 = ORIENTED_EDGE ( 'NONE', *, *, #920, .F. ) ;
#722 = CARTESIAN_POINT ( 'NONE',  ( -0.5772464362293516800, -0.3230426292568794900, -0.3280417414898683100 ) ) ;
#723 = DIMENSIONAL_EXPONENTS ( 1.000000000000000000, 0.0000000000000000000, 0.0000000000000000000, 0.0000000000000000000, 0.0000000000000000000, 0.0000000000000000000, 0.0000000000000000000 ) ;
#724 = ORIENTED_EDGE ( 'NONE', *, *, #6628, .F. ) ;
#725 = SURFACE_SIDE_STYLE ('',( #7354 ) ) ;
#726 = CARTESIAN_POINT ( 'NONE',  ( 0.7557535637706485100, 0.2539573707431204100, 0.2164582585101316200 ) ) ;
#727 = ADVANCED_FACE ( 'NONE', ( #5881 ), #3496, .T. ) ;
#728 = DIRECTION ( 'NONE',  ( 0.0000000000000000000, 1.000000000000000000, 0.0000000000000000000 ) ) ;
#729 = UNCERTAINTY_MEASURE_WITH_UNIT (LENGTH_MEASURE( 1.000000000000000100E-005 ), #2317, 'distance_accuracy_value', 'NONE');
#730 =( NAMED_UNIT ( * ) PLANE_ANGLE_UNIT ( ) SI_UNIT ( $, .RADIAN. ) );
#731 = ORIENTED_EDGE ( 'NONE', *, *, #6674, .T. ) ;
#732 = MECHANICAL_DESIGN_GEOMETRIC_PRESENTATION_REPRESENTATION (  '', ( #8032 ), #1192 ) ;
#733 = COLOUR_RGB ( '',0.2941176470588235400, 0.2941176470588235400, 0.2941176470588235400 ) ;
#734 = PRESENTATION_STYLE_ASSIGNMENT (( #2687 ) ) ;
#735 = DIMENSIONAL_EXPONENTS ( 1.000000000000000000, 0.0000000000000000000, 0.0000000000000000000, 0.0000000000000000000, 0.0000000000000000000, 0.0000000000000000000, 0.0000000000000000000 ) ;
#736 = COLOUR_RGB ( '',0.2941176470588235400, 0.2941176470588235400, 0.2941176470588235400 ) ;
#737 = EDGE_LOOP ( 'NONE', ( #2513, #5923, #4978, #7596, #2804, #2300, #1951, #3248, #3542, #5423, #6008, #276, #359, #8075 ) ) ;
#738 = CARTESIAN_POINT ( 'NONE',  ( 0.6537535637706484200, 0.01595737074312052500, -0.008541741489868335400 ) ) ;
#739 = CARTESIAN_POINT ( 'NONE',  ( 0.2898661786000476500, -0.03081105428455783000, -0.1324219444148769000 ) ) ;
#740 = ORIENTED_EDGE ( 'NONE', *, *, #3648, .F. ) ;
#741 = PRESENTATION_LAYER_ASSIGNMENT (  '', '', ( #8485 ) ) ;
#742 = DIRECTION ( 'NONE',  ( -2.083719980598119200E-016, -1.000000000000000000, 0.0000000000000000000 ) ) ;
#743 = VERTEX_POINT ( 'NONE', #2148 ) ;
#744 = UNCERTAINTY_MEASURE_WITH_UNIT (LENGTH_MEASURE( 1.000000000000000100E-005 ), #8463, 'distance_accuracy_value', 'NONE');
#745 = LENGTH_MEASURE_WITH_UNIT ( LENGTH_MEASURE( 0.02539999999999999900 ), #8064 );
#746 = SURFACE_SIDE_STYLE ('',( #5245 ) ) ;
#747 = VERTEX_POINT ( 'NONE', #4131 ) ;
#748 = DIRECTION ( 'NONE',  ( -1.000000000000000000, -0.0000000000000000000, -0.0000000000000000000 ) ) ;
#749 = UNCERTAINTY_MEASURE_WITH_UNIT (LENGTH_MEASURE( 1.000000000000000100E-005 ), #8315, 'distance_accuracy_value', 'NONE');
#750 =( GEOMETRIC_REPRESENTATION_CONTEXT ( 3 ) GLOBAL_UNCERTAINTY_ASSIGNED_CONTEXT ( ( #2028 ) ) GLOBAL_UNIT_ASSIGNED_CONTEXT ( ( #2044, #6687, #2712 ) ) REPRESENTATION_CONTEXT ( 'NONE', 'WORKASPACE' ) );
#751 = MECHANICAL_DESIGN_GEOMETRIC_PRESENTATION_REPRESENTATION (  '', ( #8498 ), #1209 ) ;
#752 = SURFACE_SIDE_STYLE ('',( #2001 ) ) ;
#753 = EDGE_CURVE ( 'NONE', #7594, #3605, #1717, .T. ) ;
#754 = SURFACE_STYLE_USAGE ( .BOTH. , #4767 ) ;
#755 = CARTESIAN_POINT ( 'NONE',  ( 0.6240843760139978000, 0.2070692876071522600, -0.08789313966534123600 ) ) ;
#756 = CARTESIAN_POINT ( 'NONE',  ( 0.1547535637706485000, -0.2830426292568795100, -0.01354174148986835000 ) ) ;
#757 = CARTESIAN_POINT ( 'NONE',  ( -0.9984602808033384800, -0.2830426292568795100, -0.01354174148986839700 ) ) ;
#758 =( NAMED_UNIT ( * ) SI_UNIT ( $, .STERADIAN. ) SOLID_ANGLE_UNIT ( ) );
#759 = FACE_OUTER_BOUND ( 'NONE', #7256, .T. ) ;
#760 = SURFACE_STYLE_USAGE ( .BOTH. , #4770 ) ;
#761 = DIMENSIONAL_EXPONENTS ( 1.000000000000000000, 0.0000000000000000000, 0.0000000000000000000, 0.0000000000000000000, 0.0000000000000000000, 0.0000000000000000000, 0.0000000000000000000 ) ;
#762 = CARTESIAN_POINT ( 'NONE',  ( 0.1547535637706485000, -0.2830426292568795100, -0.008541741489868224400 ) ) ;
#763 = MANIFOLD_SOLID_BREP ( '2466-2-2-solid1', #5505 ) ;
#764 = FILL_AREA_STYLE ('',( #4104 ) ) ;
#765 = VERTEX_POINT ( 'NONE', #122 ) ;
#766 = CYLINDRICAL_SURFACE ( 'NONE', #5862, 0.3400000000000000800 ) ;
#767 = ORIENTED_EDGE ( 'NONE', *, *, #1995, .F. ) ;
#768 = DIRECTION ( 'NONE',  ( 0.0000000000000000000, 0.0000000000000000000, -1.000000000000000000 ) ) ;
#769 = VECTOR ( 'NONE', #4361, 39.37007874015748100 ) ;
#770 = FACE_OUTER_BOUND ( 'NONE', #5627, .T. ) ;
#771 = FACE_OUTER_BOUND ( 'NONE', #2958, .T. ) ;
#772 = LINE ( 'NONE', #2198, #2337 ) ;
#773 = MECHANICAL_DESIGN_GEOMETRIC_PRESENTATION_REPRESENTATION (  '', ( #8522 ), #1222 ) ;
#774 = EDGE_LOOP ( 'NONE', ( #4485 ) ) ;
#775 = CARTESIAN_POINT ( 'NONE',  ( 0.1997535637706484300, -0.2800426292568794500, -0.01354174148986833600 ) ) ;
#776 = FILL_AREA_STYLE_COLOUR ( '', #1686 ) ;
#777 = EDGE_CURVE ( 'NONE', #5031, #2515, #1894, .T. ) ;
#778 = ORIENTED_EDGE ( 'NONE', *, *, #7609, .F. ) ;
#779 = SURFACE_STYLE_FILL_AREA ( #462 ) ;
#780 = COLOUR_RGB ( '',0.2941176470588235400, 0.2941176470588235400, 0.2941176470588235400 ) ;
#781 = CARTESIAN_POINT ( 'NONE',  ( 0.7307535637706486000, -0.02053261085912316800, -0.3530417414898683300 ) ) ;
#782 =( NAMED_UNIT ( * ) SI_UNIT ( $, .STERADIAN. ) SOLID_ANGLE_UNIT ( ) );
#783 = CIRCLE ( 'NONE', #680, 0.02500000000000000500 ) ;
#784 = STYLED_ITEM ( 'NONE', ( #7853 ), #4073 ) ;
#785 = CARTESIAN_POINT ( 'NONE',  ( -0.5815123087520141000, 0.2539573707431203600, -0.2335417414898682800 ) ) ;
#786 = CARTESIAN_POINT ( 'NONE',  ( 0.3872307619333884600, 0.1879825787773649900, -0.01847332552145113100 ) ) ;
#787 = PRESENTATION_LAYER_ASSIGNMENT (  '', '', ( #334 ) ) ;
#788 = SURFACE_STYLE_USAGE ( .BOTH. , #4794 ) ;
#789 = CARTESIAN_POINT ( 'NONE',  ( 0.2442409858751987100, 0.1028318515849924900, 0.02735100750365551000 ) ) ;
#790 = DIRECTION ( 'NONE',  ( -1.000000000000000000, 0.0000000000000000000, 0.0000000000000000000 ) ) ;
#791 =( GEOMETRIC_REPRESENTATION_CONTEXT ( 3 ) GLOBAL_UNCERTAINTY_ASSIGNED_CONTEXT ( ( #4185 ) ) GLOBAL_UNIT_ASSIGNED_CONTEXT ( ( #5057, #1056, #5703 ) ) REPRESENTATION_CONTEXT ( 'NONE', 'WORKASPACE' ) );
#792 = DIRECTION ( 'NONE',  ( 0.0000000000000000000, 0.0000000000000000000, 1.000000000000000000 ) ) ;
#793 = FILL_AREA_STYLE_COLOUR ( '', #7272 ) ;
#794 = CARTESIAN_POINT ( 'NONE',  ( 0.7307535637706486000, -0.3230426292568794900, -0.3280417414898683100 ) ) ;
#795 = CIRCLE ( 'NONE', #5252, 0.06200000000000004800 ) ;
#796 = PLANE ( 'NONE',  #8063 ) ;
#797 = ORIENTED_EDGE ( 'NONE', *, *, #4943, .F. ) ;
#798 =( NAMED_UNIT ( * ) PLANE_ANGLE_UNIT ( ) SI_UNIT ( $, .RADIAN. ) );
#799 = CARTESIAN_POINT ( 'NONE',  ( 0.7497281360351022400, 0.04095737074312051600, -0.04571304426445600000 ) ) ;
#800 =( LENGTH_UNIT ( ) NAMED_UNIT ( * ) SI_UNIT ( $, .METRE. ) );
#801 =( GEOMETRIC_REPRESENTATION_CONTEXT ( 3 ) GLOBAL_UNCERTAINTY_ASSIGNED_CONTEXT ( ( #6390 ) ) GLOBAL_UNIT_ASSIGNED_CONTEXT ( ( #5243, #1238, #5892 ) ) REPRESENTATION_CONTEXT ( 'NONE', 'WORKASPACE' ) );
#802 = EDGE_CURVE ( 'NONE', #7650, #6586, #880, .T. ) ;
#803 = ORIENTED_EDGE ( 'NONE', *, *, #2927, .T. ) ;
#804 = CIRCLE ( 'NONE', #1387, 0.02500000000000000500 ) ;
#805 = EDGE_LOOP ( 'NONE', ( #3176 ) ) ;
#806 =( GEOMETRIC_REPRESENTATION_CONTEXT ( 3 ) GLOBAL_UNCERTAINTY_ASSIGNED_CONTEXT ( ( #8103 ) ) GLOBAL_UNIT_ASSIGNED_CONTEXT ( ( #1435, #6096, #2107 ) ) REPRESENTATION_CONTEXT ( 'NONE', 'WORKASPACE' ) );
#807 = CARTESIAN_POINT ( 'NONE',  ( -0.5372464362293516400, -0.2480426292568794500, -0.2895417414898683300 ) ) ;
#808 = VECTOR ( 'NONE', #4101, 39.37007874015748100 ) ;
#809 = LINE ( 'NONE', #7128, #4173 ) ;
#810 = CARTESIAN_POINT ( 'NONE',  ( -0.5772464362293517900, 0.2539573707431204100, -0.2335417414898683400 ) ) ;
#811 = CARTESIAN_POINT ( 'NONE',  ( 0.4388870119333985700, -0.09633900464135994300, -0.1578334530007906000 ) ) ;
#812 = FACE_OUTER_BOUND ( 'NONE', #5426, .T. ) ;
#813 = EDGE_CURVE ( 'NONE', #4680, #6205, #7730, .T. ) ;
#814 = SURFACE_SIDE_STYLE ('',( #3957 ) ) ;
#815 = FILL_AREA_STYLE_COLOUR ( '', #5526 ) ;
#816 = PRESENTATION_LAYER_ASSIGNMENT (  '', '', ( #8577 ) ) ;
#817 = VERTEX_POINT ( 'NONE', #1515 ) ;
#818 =( CONVERSION_BASED_UNIT ( 'INCH', #2402 ) LENGTH_UNIT ( ) NAMED_UNIT ( #4497 ) );
#819 =( CONVERSION_BASED_UNIT ( 'INCH', #1747 ) LENGTH_UNIT ( ) NAMED_UNIT ( #7097 ) );
#820 = PRESENTATION_STYLE_ASSIGNMENT (( #1182 ) ) ;
#821 = MECHANICAL_DESIGN_GEOMETRIC_PRESENTATION_REPRESENTATION (  '', ( #8117 ), #1276 ) ;
#822 = VERTEX_POINT ( 'NONE', #2185 ) ;
#823 = FILL_AREA_STYLE_COLOUR ( '', #4056 ) ;
#824 = CARTESIAN_POINT ( 'NONE',  ( -0.5822464362293516800, 0.01595737074312052500, -0.008541741489868335400 ) ) ;
#825 = FACE_OUTER_BOUND ( 'NONE', #93, .T. ) ;
#826 = EDGE_CURVE ( 'NONE', #7576, #3413, #7526, .T. ) ;
#827 = DIRECTION ( 'NONE',  ( 0.0000000000000000000, -1.000000000000000000, 0.0000000000000000000 ) ) ;
#828 = VERTEX_POINT ( 'NONE', #2852 ) ;
#829 = DIRECTION ( 'NONE',  ( 6.097874985857700800E-017, -0.0000000000000000000, 1.000000000000000000 ) ) ;
#830 = CARTESIAN_POINT ( 'NONE',  ( 0.2147535637706484100, -0.2800426292568794500, -0.08604174148986833100 ) ) ;
#831 =( NAMED_UNIT ( * ) PLANE_ANGLE_UNIT ( ) SI_UNIT ( $, .RADIAN. ) );
#832 = LINE ( 'NONE', #5682, #614 ) ;
#833 = CARTESIAN_POINT ( 'NONE',  ( -0.9984602808033384800, -0.2830426292568795100, -0.08604174148986816500 ) ) ;
#834 = LINE ( 'NONE', #5424, #5941 ) ;
#835 = CARTESIAN_POINT ( 'NONE',  ( 0.7357535637706483800, 0.01595737074312052500, -0.05754174148986834100 ) ) ;
#836 = DIRECTION ( 'NONE',  ( 0.0000000000000000000, 0.0000000000000000000, -1.000000000000000000 ) ) ;
#837 = UNCERTAINTY_MEASURE_WITH_UNIT (LENGTH_MEASURE( 1.000000000000000100E-005 ), #7778, 'distance_accuracy_value', 'NONE');
#838 = UNCERTAINTY_MEASURE_WITH_UNIT (LENGTH_MEASURE( 1.000000000000000100E-005 ), #2004, 'distance_accuracy_value', 'NONE');
#839 = STYLED_ITEM ( 'NONE', ( #1297 ), #6551 ) ;
#840 = CARTESIAN_POINT ( 'NONE',  ( 0.6542307619333657100, -0.07734190535712046100, -0.1940988952772970700 ) ) ;
#841 = SURFACE_SIDE_STYLE ('',( #6646 ) ) ;
#842 = SURFACE_STYLE_FILL_AREA ( #2384 ) ;
#843 = ORIENTED_EDGE ( 'NONE', *, *, #8621, .T. ) ;
#844 = ORIENTED_EDGE ( 'NONE', *, *, #5452, .T. ) ;
#845 = FILL_AREA_STYLE_COLOUR ( '', #4980 ) ;
#846 = DIRECTION ( 'NONE',  ( 0.0000000000000000000, 9.571164508604895300E-017, -1.000000000000000000 ) ) ;
#847 = LINE ( 'NONE', #2613, #7496 ) ;
#848 = ORIENTED_EDGE ( 'NONE', *, *, #6707, .F. ) ;
#849 = PRESENTATION_LAYER_ASSIGNMENT (  '', '', ( #396 ) ) ;
#850 = DIRECTION ( 'NONE',  ( 0.0000000000000000000, 1.000000000000000000, 1.914232901720979600E-016 ) ) ;
#851 =( NAMED_UNIT ( * ) PLANE_ANGLE_UNIT ( ) SI_UNIT ( $, .RADIAN. ) );
#852 = MECHANICAL_DESIGN_GEOMETRIC_PRESENTATION_REPRESENTATION (  '', ( #8608 ), #1423 ) ;
#853 = DIRECTION ( 'NONE',  ( 0.0000000000000000000, 0.0000000000000000000, -1.000000000000000000 ) ) ;
#854 = ORIENTED_EDGE ( 'NONE', *, *, #4062, .F. ) ;
#855 = CARTESIAN_POINT ( 'NONE',  ( -0.6042464362293514800, -0.2480426292568794500, -0.2585417414898683600 ) ) ;
#856 = CARTESIAN_POINT ( 'NONE',  ( 0.7557535637706485100, -0.3480426292568794500, 0.3359582585101316100 ) ) ;
#857 = DIRECTION ( 'NONE',  ( -1.000000000000000000, 0.0000000000000000000, 0.0000000000000000000 ) ) ;
#858 = FILL_AREA_STYLE_COLOUR ( '', #5373 ) ;
#859 = LENGTH_MEASURE_WITH_UNIT ( LENGTH_MEASURE( 0.02539999999999999900 ), #5987 );
#860 = ORIENTED_EDGE ( 'NONE', *, *, #2005, .F. ) ;
#861 =( CONVERSION_BASED_UNIT ( 'INCH', #6835 ) LENGTH_UNIT ( ) NAMED_UNIT ( #4683 ) );
#862 = CARTESIAN_POINT ( 'NONE',  ( 0.5933557619333884600, -0.1525402653233055600, 0.07409958911553193900 ) ) ;
#863 = ORIENTED_EDGE ( 'NONE', *, *, #1672, .T. ) ;
#864 = MECHANICAL_DESIGN_GEOMETRIC_PRESENTATION_REPRESENTATION (  '', ( #8620 ), #1318 ) ;
#865 = CARTESIAN_POINT ( 'NONE',  ( -0.2302464362293515600, -0.3290426292568794900, 0.1124582585101316800 ) ) ;
#866 = EDGE_CURVE ( 'NONE', #992, #6321, #2648, .T. ) ;
#867 = DIRECTION ( 'NONE',  ( 0.0000000000000000000, 0.0000000000000000000, 1.000000000000000000 ) ) ;
#868 = LENGTH_MEASURE_WITH_UNIT ( LENGTH_MEASURE( 0.02539999999999999900 ), #6319 );
#869 = LENGTH_MEASURE_WITH_UNIT ( LENGTH_MEASURE( 0.02539999999999999900 ), #245 );
#870 = UNCERTAINTY_MEASURE_WITH_UNIT (LENGTH_MEASURE( 1.000000000000000100E-005 ), #4016, 'distance_accuracy_value', 'NONE');
#871 = CARTESIAN_POINT ( 'NONE',  ( 0.5898974286000345800, -0.1050383653830353100, 0.1578644049802542500 ) ) ;
#872 = DIRECTION ( 'NONE',  ( 0.0000000000000000000, 0.0000000000000000000, 1.000000000000000000 ) ) ;
#873 = DIRECTION ( 'NONE',  ( 0.7071067811865430200, 0.7071067811865520100, 0.0000000000000000000 ) ) ;
#874 = SURFACE_STYLE_FILL_AREA ( #4776 ) ;
#875 = ORIENTED_EDGE ( 'NONE', *, *, #2374, .F. ) ;
#876 = FILL_AREA_STYLE_COLOUR ( '', #8436 ) ;
#877 = VECTOR ( 'NONE', #931, 39.37007874015748100 ) ;
#878 = LENGTH_MEASURE_WITH_UNIT ( LENGTH_MEASURE( 0.02539999999999999900 ), #5969 );
#879 = FACE_OUTER_BOUND ( 'NONE', #907, .T. ) ;
#880 = LINE ( 'NONE', #4188, #5060 ) ;
#881 = DIRECTION ( 'NONE',  ( 1.000000000000000000, 0.0000000000000000000, 9.485583311334260800E-017 ) ) ;
#882 =( LENGTH_UNIT ( ) NAMED_UNIT ( * ) SI_UNIT ( $, .METRE. ) );
#883 = DIRECTION ( 'NONE',  ( 0.0000000000000000000, 0.0000000000000000000, -1.000000000000000000 ) ) ;
#884 = AXIS2_PLACEMENT_3D ( 'NONE', #551, #5237, #1234 ) ;
#885 = PLANE ( 'NONE',  #4803 ) ;
#886 = SURFACE_STYLE_FILL_AREA ( #2095 ) ;
#887 =( NAMED_UNIT ( * ) PLANE_ANGLE_UNIT ( ) SI_UNIT ( $, .RADIAN. ) );
#888 = CARTESIAN_POINT ( 'NONE',  ( -0.9984602808033384800, -0.2800426292568794500, -0.01354174148986839700 ) ) ;
#889 = CARTESIAN_POINT ( 'NONE',  ( 0.7307535637706486000, -0.02053261085912316800, 0.3359582585101316100 ) ) ;
#890 = ORIENTED_EDGE ( 'NONE', *, *, #468, .T. ) ;
#891 = ORIENTED_EDGE ( 'NONE', *, *, #1143, .T. ) ;
#892 = DIRECTION ( 'NONE',  ( 1.000000000000000000, 0.0000000000000000000, 0.0000000000000000000 ) ) ;
#893 = CARTESIAN_POINT ( 'NONE',  ( 0.5135224286000463800, 0.1121200045515167200, 0.1516679570545309000 ) ) ;
#894 = ADVANCED_FACE ( 'NONE', ( #5985 ), #3164, .F. ) ;
#895 = SURFACE_STYLE_FILL_AREA ( #1898 ) ;
#896 = FILL_AREA_STYLE_COLOUR ( '', #7086 ) ;
#897 = SURFACE_SIDE_STYLE ('',( #1923 ) ) ;
#898 = ORIENTED_EDGE ( 'NONE', *, *, #2543, .F. ) ;
#899 = CARTESIAN_POINT ( 'NONE',  ( 0.6863974286000442700, -0.05964327583173458000, 0.1859042558930639200 ) ) ;
#900 = STYLED_ITEM ( 'NONE', ( #2236 ), #894 ) ;
#901 = CARTESIAN_POINT ( 'NONE',  ( 0.6907535637706484500, -0.06054262925687946300, 0.3359582585101316100 ) ) ;
#902 =( LENGTH_UNIT ( ) NAMED_UNIT ( * ) SI_UNIT ( $, .METRE. ) );
#903 = VERTEX_POINT ( 'NONE', #1154 ) ;
#904 = AXIS2_PLACEMENT_3D ( 'NONE', #8154, #4199, #184 ) ;
#905 = LINE ( 'NONE', #4198, #4270 ) ;
#906 =( CONVERSION_BASED_UNIT ( 'INCH', #3942 ) LENGTH_UNIT ( ) NAMED_UNIT ( #5361 ) );
#907 = EDGE_LOOP ( 'NONE', ( #2269, #7626, #8144, #1311 ) ) ;
#908 = CARTESIAN_POINT ( 'NONE',  ( 0.6532535637706481400, -0.09804262925687946800, 0.3414582585101316200 ) ) ;
#909 = CARTESIAN_POINT ( 'NONE',  ( -0.06524643622935159800, -0.2800426292568794500, -0.008541741489868224400 ) ) ;
#910 = SURFACE_STYLE_USAGE ( .BOTH. , #4914 ) ;
#911 = ORIENTED_EDGE ( 'NONE', *, *, #5609, .T. ) ;
#912 = LENGTH_MEASURE_WITH_UNIT ( LENGTH_MEASURE( 0.02539999999999999900 ), #3122 );
#913 =( NAMED_UNIT ( * ) PLANE_ANGLE_UNIT ( ) SI_UNIT ( $, .RADIAN. ) );
#914 = EDGE_LOOP ( 'NONE', ( #1734 ) ) ;
#915 =( LENGTH_UNIT ( ) NAMED_UNIT ( * ) SI_UNIT ( $, .METRE. ) );
#916 = DIRECTION ( 'NONE',  ( -1.000000000000000000, 0.0000000000000000000, 0.0000000000000000000 ) ) ;
#917 = DIRECTION ( 'NONE',  ( 0.0000000000000000000, -1.000000000000000000, -1.707404996040164000E-016 ) ) ;
#918 = STYLED_ITEM ( 'NONE', ( #3042 ), #5329 ) ;
#919 = MECHANICAL_DESIGN_GEOMETRIC_PRESENTATION_REPRESENTATION (  '', ( #33 ), #1367 ) ;
#920 = EDGE_CURVE ( 'NONE', #3481, #8394, #6698, .T. ) ;
#921 = VERTEX_POINT ( 'NONE', #6477 ) ;
#922 = LINE ( 'NONE', #1262, #6022 ) ;
#923 = CIRCLE ( 'NONE', #6718, 0.08000000000000000200 ) ;
#924 = CARTESIAN_POINT ( 'NONE',  ( 0.3987307619333884700, 0.1700377109156457300, -0.01740371340304423100 ) ) ;
#925 = MECHANICAL_DESIGN_GEOMETRIC_PRESENTATION_REPRESENTATION (  '', ( #38 ), #1373 ) ;
#926 = COLOUR_RGB ( '',0.2941176470588235400, 0.2941176470588235400, 0.2941176470588235400 ) ;
#927 = LENGTH_MEASURE_WITH_UNIT ( LENGTH_MEASURE( 0.02539999999999999900 ), #7140 );
#928 = UNCERTAINTY_MEASURE_WITH_UNIT (LENGTH_MEASURE( 1.000000000000000100E-005 ), #2629, 'distance_accuracy_value', 'NONE');
#929 = SURFACE_STYLE_USAGE ( .BOTH. , #4923 ) ;
#930 = LENGTH_MEASURE_WITH_UNIT ( LENGTH_MEASURE( 0.02539999999999999900 ), #5362 );
#931 = DIRECTION ( 'NONE',  ( 1.000000000000000000, 0.0000000000000000000, -0.0000000000000000000 ) ) ;
#932 = ORIENTED_EDGE ( 'NONE', *, *, #4694, .T. ) ;
#933 = PRODUCT_DEFINITION ( 'UNKNOWN', '', #2270, #1484 ) ;
#934 = FACE_OUTER_BOUND ( 'NONE', #3166, .T. ) ;
#935 = EDGE_CURVE ( 'NONE', #6221, #293, #8475, .T. ) ;
#936 = CARTESIAN_POINT ( 'NONE',  ( 0.7557535637706485100, 0.2539573707431204100, -0.2335417414898683400 ) ) ;
#937 =( GEOMETRIC_REPRESENTATION_CONTEXT ( 3 ) GLOBAL_UNCERTAINTY_ASSIGNED_CONTEXT ( ( #6927 ) ) GLOBAL_UNIT_ASSIGNED_CONTEXT ( ( #6219, #2239, #6888 ) ) REPRESENTATION_CONTEXT ( 'NONE', 'WORKASPACE' ) );
#938 = DIRECTION ( 'NONE',  ( 0.0000000000000000000, 0.0000000000000000000, -1.000000000000000000 ) ) ;
#939 = ORIENTED_EDGE ( 'NONE', *, *, #6524, .T. ) ;
#940 = ADVANCED_FACE ( 'NONE', ( #4947 ), #8477, .T. ) ;
#941 = CARTESIAN_POINT ( 'NONE',  ( 0.2742535637706484100, -0.03604262925687949600, -0.3180417414898682500 ) ) ;
#942 = DIMENSIONAL_EXPONENTS ( 1.000000000000000000, 0.0000000000000000000, 0.0000000000000000000, 0.0000000000000000000, 0.0000000000000000000, 0.0000000000000000000, 0.0000000000000000000 ) ;
#943 = FACE_OUTER_BOUND ( 'NONE', #8022, .T. ) ;
#944 = VERTEX_POINT ( 'NONE', #7131 ) ;
#945 = VECTOR ( 'NONE', #3592, 39.37007874015748100 ) ;
#946 = EDGE_CURVE ( 'NONE', #6951, #7752, #557, .T. ) ;
#947 =( LENGTH_UNIT ( ) NAMED_UNIT ( * ) SI_UNIT ( $, .METRE. ) );
#948 = SURFACE_STYLE_FILL_AREA ( #7120 ) ;
#949 =( LENGTH_UNIT ( ) NAMED_UNIT ( * ) SI_UNIT ( $, .METRE. ) );
#950 = VERTEX_POINT ( 'NONE', #5206 ) ;
#951 = DIRECTION ( 'NONE',  ( 1.000000000000000000, 0.0000000000000000000, 0.0000000000000000000 ) ) ;
#952 = DIRECTION ( 'NONE',  ( 0.0000000000000000000, 0.0000000000000000000, 1.000000000000000000 ) ) ;
#953 =( CONVERSION_BASED_UNIT ( 'INCH', #2295 ) LENGTH_UNIT ( ) NAMED_UNIT ( #1872 ) );
#954 = FACE_OUTER_BOUND ( 'NONE', #8185, .T. ) ;
#955 = LINE ( 'NONE', #1174, #6056 ) ;
#956 = VERTEX_POINT ( 'NONE', #1876 ) ;
#957 = DIRECTION ( 'NONE',  ( -1.000000000000000000, -0.0000000000000000000, -0.0000000000000000000 ) ) ;
#958 = ORIENTED_EDGE ( 'NONE', *, *, #2769, .F. ) ;
#959 = CARTESIAN_POINT ( 'NONE',  ( 0.3013661786000476100, -0.02427291588154630400, -0.1153519948365751400 ) ) ;
#960 = VERTEX_POINT ( 'NONE', #4810 ) ;
#961 = AXIS2_PLACEMENT_3D ( 'NONE', #8062, #8089, #4146 ) ;
#962 = DIRECTION ( 'NONE',  ( 0.0000000000000000000, 0.0000000000000000000, -1.000000000000000000 ) ) ;
#963 = PRESENTATION_STYLE_ASSIGNMENT (( #4364 ) ) ;
#964 = MECHANICAL_DESIGN_GEOMETRIC_PRESENTATION_REPRESENTATION (  '', ( #8255 ), #1410 ) ;
#965 = ORIENTED_EDGE ( 'NONE', *, *, #4429, .T. ) ;
#966 = LINE ( 'NONE', #8514, #2733 ) ;
#967 = CARTESIAN_POINT ( 'NONE',  ( -0.5915653088768820800, 0.07794166684475184500, -0.03354174148986832600 ) ) ;
#968 = CARTESIAN_POINT ( 'NONE',  ( -0.03524643622935164800, -0.2830426292568795100, -0.07104174148986831800 ) ) ;
#969 = PRESENTATION_LAYER_ASSIGNMENT (  '', '', ( #80 ) ) ;
#970 = CARTESIAN_POINT ( 'NONE',  ( 0.7307535637706486000, -0.3230426292568794900, -0.3280417414898683100 ) ) ;
#971 = STYLED_ITEM ( 'NONE', ( #2527 ), #1310 ) ;
#972 = LENGTH_MEASURE_WITH_UNIT ( LENGTH_MEASURE( 0.02539999999999999900 ), #6964 );
#973 = EDGE_CURVE ( 'NONE', #4087, #1519, #2338, .T. ) ;
#974 = DIRECTION ( 'NONE',  ( -1.000000000000000000, 0.0000000000000000000, 0.0000000000000000000 ) ) ;
#975 = CARTESIAN_POINT ( 'NONE',  ( -0.5354881529724473400, 0.01595737074312052500, -0.008541741489868335400 ) ) ;
#976 = ADVANCED_FACE ( 'NONE', ( #3909 ), #7863, .F. ) ;
#977 = EDGE_LOOP ( 'NONE', ( #8531 ) ) ;
#978 = SURFACE_SIDE_STYLE ('',( #660 ) ) ;
#979 = FILL_AREA_STYLE ('',( #7589 ) ) ;
#980 = CARTESIAN_POINT ( 'NONE',  ( 0.6186057619333782400, 0.1903101249332079200, -0.08093432622265073200 ) ) ;
#981 = ORIENTED_EDGE ( 'NONE', *, *, #7012, .T. ) ;
#982 = FILL_AREA_STYLE ('',( #8247 ) ) ;
#983 = LINE ( 'NONE', #1016, #769 ) ;
#984 = VECTOR ( 'NONE', #7369, 39.37007874015748100 ) ;
#985 = CARTESIAN_POINT ( 'NONE',  ( 0.6777932619333770800, -0.1800188285542264300, -0.05922164631545611500 ) ) ;
#986 = ADVANCED_FACE ( 'NONE', ( #825, #7671 ), #1754, .T. ) ;
#987 = ORIENTED_EDGE ( 'NONE', *, *, #4591, .F. ) ;
#988 = EDGE_CURVE ( 'NONE', #6321, #6785, #6855, .T. ) ;
#989 = CARTESIAN_POINT ( 'NONE',  ( -0.03524643622935151600, -0.2800426292568794500, -0.008541741489868224400 ) ) ;
#990 = AXIS2_PLACEMENT_3D ( 'NONE', #4395, #362, #5046 ) ;
#991 = PRESENTATION_STYLE_ASSIGNMENT (( #7485 ) ) ;
#992 = VERTEX_POINT ( 'NONE', #7912 ) ;
#993 = FACE_OUTER_BOUND ( 'NONE', #5220, .T. ) ;
#994 = STYLED_ITEM ( 'NONE', ( #6125 ), #2488 ) ;
#995 = SURFACE_STYLE_FILL_AREA ( #88 ) ;
#996 =( NAMED_UNIT ( * ) SI_UNIT ( $, .STERADIAN. ) SOLID_ANGLE_UNIT ( ) );
#997 = ORIENTED_EDGE ( 'NONE', *, *, #1835, .T. ) ;
#998 = EDGE_CURVE ( 'NONE', #7752, #7336, #2, .T. ) ;
#999 =( NAMED_UNIT ( * ) SI_UNIT ( $, .STERADIAN. ) SOLID_ANGLE_UNIT ( ) );
#1000 = VECTOR ( 'NONE', #2011, 39.37007874015748100 ) ;
#1001 = COLOUR_RGB ( '',0.2941176470588235400, 0.2941176470588235400, 0.2941176470588235400 ) ;
#1002 = CARTESIAN_POINT ( 'NONE',  ( 0.7456277304900720300, 0.07659266747296190900, -0.03354174148986834700 ) ) ;
#1003 = DIRECTION ( 'NONE',  ( 0.0000000000000000000, 0.0000000000000000000, -1.000000000000000000 ) ) ;
#1004 = MECHANICAL_DESIGN_GEOMETRIC_PRESENTATION_REPRESENTATION (  '', ( #8287 ), #1449 ) ;
#1005 = DIRECTION ( 'NONE',  ( 0.0000000000000000000, 1.000000000000000000, 0.0000000000000000000 ) ) ;
#1006 = CARTESIAN_POINT ( 'NONE',  ( 0.7357535637706483800, -0.02121393203146711800, 0.01645825851013166600 ) ) ;
#1007 = UNCERTAINTY_MEASURE_WITH_UNIT (LENGTH_MEASURE( 1.000000000000000100E-005 ), #8242, 'distance_accuracy_value', 'NONE');
#1008 = FILL_AREA_STYLE_COLOUR ( '', #2120 ) ;
#1009 = SURFACE_SIDE_STYLE ('',( #4936 ) ) ;
#1010 = SURFACE_STYLE_USAGE ( .BOTH. , #5003 ) ;
#1011 = CARTESIAN_POINT ( 'NONE',  ( -0.06524643622935133400, -0.2830426292568795100, -0.06104174148986828100 ) ) ;
#1012 = CARTESIAN_POINT ( 'NONE',  ( 0.6909507707265879500, 0.1624303430114086300, 0.1147901441425211900 ) ) ;
#1013 = UNCERTAINTY_MEASURE_WITH_UNIT (LENGTH_MEASURE( 1.000000000000000100E-005 ), #6080, 'distance_accuracy_value', 'NONE');
#1014 = CARTESIAN_POINT ( 'NONE',  ( 0.6013974286000345300, -0.1017189524986129700, 0.1532990799927049500 ) ) ;
#1015 = ORIENTED_EDGE ( 'NONE', *, *, #6343, .F. ) ;
#1016 = CARTESIAN_POINT ( 'NONE',  ( -0.5372464362293516400, -0.3480426292568794500, 0.1139582585101316500 ) ) ;
#1017 = SURFACE_STYLE_USAGE ( .BOTH. , #5016 ) ;
#1018 = FACE_OUTER_BOUND ( 'NONE', #5746, .T. ) ;
#1019 = ADVANCED_FACE ( 'NONE', ( #1555 ), #1960, .T. ) ;
#1020 = ORIENTED_EDGE ( 'NONE', *, *, #7221, .T. ) ;
#1021 = DIRECTION ( 'NONE',  ( 0.0000000000000000000, -1.000000000000000000, 0.0000000000000000000 ) ) ;
#1022 = MECHANICAL_DESIGN_GEOMETRIC_PRESENTATION_REPRESENTATION (  '', ( #135 ), #1467 ) ;
#1023 =( NAMED_UNIT ( * ) PLANE_ANGLE_UNIT ( ) SI_UNIT ( $, .RADIAN. ) );
#1024 = ADVANCED_FACE ( 'NONE', ( #4286 ), #6641, .F. ) ;
#1025 = LINE ( 'NONE', #4487, #4593 ) ;
#1026 = DIMENSIONAL_EXPONENTS ( 1.000000000000000000, 0.0000000000000000000, 0.0000000000000000000, 0.0000000000000000000, 0.0000000000000000000, 0.0000000000000000000, 0.0000000000000000000 ) ;
#1027 = FACE_OUTER_BOUND ( 'NONE', #6418, .T. ) ;
#1028 = VECTOR ( 'NONE', #5571, 39.37007874015748100 ) ;
#1029 = DIRECTION ( 'NONE',  ( 0.0000000000000000000, 1.000000000000000000, 0.0000000000000000000 ) ) ;
#1030 = EDGE_LOOP ( 'NONE', ( #2721, #6562, #6248, #585 ) ) ;
#1031 = FILL_AREA_STYLE ('',( #3678 ) ) ;
#1032 = FILL_AREA_STYLE_COLOUR ( '', #436 ) ;
#1033 = LINE ( 'NONE', #6469, #7893 ) ;
#1034 = ORIENTED_EDGE ( 'NONE', *, *, #8526, .T. ) ;
#1035 = CARTESIAN_POINT ( 'NONE',  ( -0.1207464362293516600, -0.03604262925687949600, 0.3414582585101316200 ) ) ;
#1036 = CARTESIAN_POINT ( 'NONE',  ( 0.7357535637706483800, 0.04095737074312053000, 0.06745167927798498300 ) ) ;
#1037 = CARTESIAN_POINT ( 'NONE',  ( -0.5822464362293516800, 0.09195079151097385100, -0.03354174148986833300 ) ) ;
#1038 =( NAMED_UNIT ( * ) SI_UNIT ( $, .STERADIAN. ) SOLID_ANGLE_UNIT ( ) );
#1039 = CARTESIAN_POINT ( 'NONE',  ( 0.6065432619333700500, 0.1895208425155878500, 0.06493297991653707000 ) ) ;
#1040 = AXIS2_PLACEMENT_3D ( 'NONE', #8311, #4368, #342 ) ;
#1041 = EDGE_CURVE ( 'NONE', #8272, #7030, #3425, .T. ) ;
#1042 = EDGE_LOOP ( 'NONE', ( #1635, #5994, #4367, #7149 ) ) ;
#1043 = PRESENTATION_STYLE_ASSIGNMENT (( #2973 ) ) ;
#1044 = DIRECTION ( 'NONE',  ( 1.000000000000000000, 0.0000000000000000000, 0.0000000000000000000 ) ) ;
#1045 = LENGTH_MEASURE_WITH_UNIT ( LENGTH_MEASURE( 0.02539999999999999900 ), #3938 );
#1046 = CARTESIAN_POINT ( 'NONE',  ( -0.02274643622935171700, -0.2800426292568794500, -0.003541741489868333600 ) ) ;
#1047 = CARTESIAN_POINT ( 'NONE',  ( 0.6964396478527621300, 0.006440992964439716900, 0.1762934448707916000 ) ) ;
#1048 = CIRCLE ( 'NONE', #2091, 0.04479626937547442200 ) ;
#1049 = DIRECTION ( 'NONE',  ( 1.000000000000000000, 0.0000000000000000000, 0.0000000000000000000 ) ) ;
#1050 = MECHANICAL_DESIGN_GEOMETRIC_PRESENTATION_REPRESENTATION (  '', ( #8333 ), #1502 ) ;
#1051 = CYLINDRICAL_SURFACE ( 'NONE', #6944, 0.04479626937547442200 ) ;
#1052 =( NAMED_UNIT ( * ) SI_UNIT ( $, .STERADIAN. ) SOLID_ANGLE_UNIT ( ) );
#1053 = SURFACE_STYLE_FILL_AREA ( #5432 ) ;
#1054 = COLOUR_RGB ( '',0.9882352941176471000, 1.000000000000000000, 0.9882352941176471000 ) ;
#1055 = EDGE_CURVE ( 'NONE', #7739, #4796, #7958, .T. ) ;
#1056 =( NAMED_UNIT ( * ) PLANE_ANGLE_UNIT ( ) SI_UNIT ( $, .RADIAN. ) );
#1057 = ORIENTED_EDGE ( 'NONE', *, *, #2032, .F. ) ;
#1058 = FILL_AREA_STYLE ('',( #4405 ) ) ;
#1059 = SURFACE_SIDE_STYLE ('',( #5545 ) ) ;
#1060 = FACE_OUTER_BOUND ( 'NONE', #6984, .T. ) ;
#1061 = DIRECTION ( 'NONE',  ( 0.0000000000000000000, 0.0000000000000000000, 1.000000000000000000 ) ) ;
#1062 =( NAMED_UNIT ( * ) SI_UNIT ( $, .STERADIAN. ) SOLID_ANGLE_UNIT ( ) );
#1063 = DIRECTION ( 'NONE',  ( 0.0000000000000000000, 0.0000000000000000000, -1.000000000000000000 ) ) ;
#1064 = ORIENTED_EDGE ( 'NONE', *, *, #8454, .T. ) ;
#1065 = UNCERTAINTY_MEASURE_WITH_UNIT (LENGTH_MEASURE( 1.000000000000000100E-005 ), #6401, 'distance_accuracy_value', 'NONE');
#1066 = ADVANCED_FACE ( 'NONE', ( #6742, #1659 ), #5918, .F. ) ;
#1067 =( GEOMETRIC_REPRESENTATION_CONTEXT ( 3 ) GLOBAL_UNCERTAINTY_ASSIGNED_CONTEXT ( ( #7925 ) ) GLOBAL_UNIT_ASSIGNED_CONTEXT ( ( #4806, #798, #5457 ) ) REPRESENTATION_CONTEXT ( 'NONE', 'WORKASPACE' ) );
#1068 = UNCERTAINTY_MEASURE_WITH_UNIT (LENGTH_MEASURE( 1.000000000000000100E-005 ), #5555, 'distance_accuracy_value', 'NONE');
#1069 = LENGTH_MEASURE_WITH_UNIT ( LENGTH_MEASURE( 0.02539999999999999900 ), #5174 );
#1070 =( GEOMETRIC_REPRESENTATION_CONTEXT ( 3 ) GLOBAL_UNCERTAINTY_ASSIGNED_CONTEXT ( ( #5894 ) ) GLOBAL_UNIT_ASSIGNED_CONTEXT ( ( #2649, #7283, #3328 ) ) REPRESENTATION_CONTEXT ( 'NONE', 'WORKASPACE' ) );
#1071 = LENGTH_MEASURE_WITH_UNIT ( LENGTH_MEASURE( 0.02539999999999999900 ), #8346 );
#1072 = CARTESIAN_POINT ( 'NONE',  ( -0.1207464362293516100, 0.2539573707431204100, 0.2064582585101316400 ) ) ;
#1073 = VERTEX_POINT ( 'NONE', #6716 ) ;
#1074 = AXIS2_PLACEMENT_3D ( 'NONE', #1904, #6558, #2574 ) ;
#1075 = VERTEX_POINT ( 'NONE', #2743 ) ;
#1076 = ORIENTED_EDGE ( 'NONE', *, *, #3323, .T. ) ;
#1077 = CARTESIAN_POINT ( 'NONE',  ( 0.2545015952667115100, 0.02794426080734467900, -0.003589280973054231600 ) ) ;
#1078 = CARTESIAN_POINT ( 'NONE',  ( 0.6200438145194144800, 0.1587536248050970300, 0.1051853351087192900 ) ) ;
#1079 =( NAMED_UNIT ( * ) PLANE_ANGLE_UNIT ( ) SI_UNIT ( $, .RADIAN. ) );
#1080 = SURFACE_SIDE_STYLE ('',( #502 ) ) ;
#1081 = AXIS2_PLACEMENT_3D ( 'NONE', #108, #4781, #8095 ) ;
#1082 = EDGE_CURVE ( 'NONE', #4475, #6568, #2591, .T. ) ;
#1083 = CARTESIAN_POINT ( 'NONE',  ( 0.6532535637706481400, -0.09804262925687946800, 0.3414582585101316200 ) ) ;
#1084 = SURFACE_SIDE_STYLE ('',( #1390 ) ) ;
#1085 = CIRCLE ( 'NONE', #6585, 0.01600000000000004900 ) ;
#1086 = CARTESIAN_POINT ( 'NONE',  ( -0.5822464362293516800, -0.06003605002473278600, 0.01645825851013166600 ) ) ;
#1087 = PRESENTATION_LAYER_ASSIGNMENT (  '', '', ( #632 ) ) ;
#1088 = CARTESIAN_POINT ( 'NONE',  ( 0.3837535637706484500, -0.2830426292568795100, -0.008541741489868335400 ) ) ;
#1089 = FILL_AREA_STYLE_COLOUR ( '', #3171 ) ;
#1090 = CARTESIAN_POINT ( 'NONE',  ( 0.5904599286000409300, 0.04134939595826285500, 0.1902063467957755000 ) ) ;
#1091 = VECTOR ( 'NONE', #4063, 39.37007874015748100 ) ;
#1092 = LENGTH_MEASURE_WITH_UNIT ( LENGTH_MEASURE( 0.02539999999999999900 ), #4380 );
#1093 = PRESENTATION_STYLE_ASSIGNMENT (( #7166 ) ) ;
#1094 = CARTESIAN_POINT ( 'NONE',  ( -0.6018454852037187200, 0.2539573707431204700, 0.1864798736220769900 ) ) ;
#1095 = FACE_OUTER_BOUND ( 'NONE', #2409, .T. ) ;
#1096 = PRESENTATION_LAYER_ASSIGNMENT (  '', '', ( #645 ) ) ;
#1097 = EDGE_CURVE ( 'NONE', #828, #6586, #4384, .T. ) ;
#1098 = DIRECTION ( 'NONE',  ( -1.000000000000000000, 0.0000000000000000000, 0.0000000000000000000 ) ) ;
#1099 = ORIENTED_EDGE ( 'NONE', *, *, #4009, .T. ) ;
#1101 = CARTESIAN_POINT ( 'NONE',  ( 0.7380754615193634300, -0.05752939168130009900, -0.03354174148986833300 ) ) ;
#1100 = MECHANICAL_DESIGN_GEOMETRIC_PRESENTATION_REPRESENTATION (  '', ( #205 ), #1549 ) ;
#1102 = ORIENTED_EDGE ( 'NONE', *, *, #5381, .T. ) ;
#1103 = AXIS2_PLACEMENT_3D ( 'NONE', #6717, #2745, #7378 ) ;
#1104 = COLOUR_RGB ( '',0.2941176470588235400, 0.2941176470588235400, 0.2941176470588235400 ) ;
#1105 = CARTESIAN_POINT ( 'NONE',  ( 0.5396271478527279200, 0.1492391902173450500, -0.1312953123574081800 ) ) ;
#1106 = EDGE_CURVE ( 'NONE', #7442, #1381, #7663, .T. ) ;
#1107 = CARTESIAN_POINT ( 'NONE',  ( 0.2935224285999978900, -0.09535282397997164900, -0.05405477810323976900 ) ) ;
#1108 =( LENGTH_UNIT ( ) NAMED_UNIT ( * ) SI_UNIT ( $, .METRE. ) );
#1109 = DIMENSIONAL_EXPONENTS ( 1.000000000000000000, 0.0000000000000000000, 0.0000000000000000000, 0.0000000000000000000, 0.0000000000000000000, 0.0000000000000000000, 0.0000000000000000000 ) ;
#1110 =( LENGTH_UNIT ( ) NAMED_UNIT ( * ) SI_UNIT ( $, .METRE. ) );
#1111 = VERTEX_POINT ( 'NONE', #6098 ) ;
#1112 = UNCERTAINTY_MEASURE_WITH_UNIT (LENGTH_MEASURE( 1.000000000000000100E-005 ), #3066, 'distance_accuracy_value', 'NONE');
#1113 = DIRECTION ( 'NONE',  ( 0.0000000000000000000, 0.0000000000000000000, -1.000000000000000000 ) ) ;
#1114 =( CONVERSION_BASED_UNIT ( 'INCH', #4988 ) LENGTH_UNIT ( ) NAMED_UNIT ( #2084 ) );
#1115 = EDGE_LOOP ( 'NONE', ( #1116, #5796, #891, #8284 ) ) ;
#1116 = ORIENTED_EDGE ( 'NONE', *, *, #4236, .T. ) ;
#1117 = UNCERTAINTY_MEASURE_WITH_UNIT (LENGTH_MEASURE( 1.000000000000000100E-005 ), #6521, 'distance_accuracy_value', 'NONE');
#1118 =( LENGTH_UNIT ( ) NAMED_UNIT ( * ) SI_UNIT ( $, .METRE. ) );
#1119 = VERTEX_POINT ( 'NONE', #2108 ) ;
#1120 = FILL_AREA_STYLE_COLOUR ( '', #4024 ) ;
#1121 = CARTESIAN_POINT ( 'NONE',  ( 0.2686885426806324100, 0.08237065823555472800, -0.1165730059103081000 ) ) ;
#1122 = B_SPLINE_CURVE_WITH_KNOTS ( 'NONE', 3,
 ( #7883, #8571, #579, #5263, #1265, #5915, #1932, #6584 ),
 .UNSPECIFIED., .F., .F.,
 ( 4, 2, 2, 4 ),
 ( 0.01110629178428362300, 0.01136609360811312100, 0.01162589543194261900, 0.01214549907960161800 ),
 .UNSPECIFIED. ) ;
#1123 = CARTESIAN_POINT ( 'NONE',  ( 0.3716688145194084200, 0.1309385115738112600, 0.1081174946021910300 ) ) ;
#1124 = FILL_AREA_STYLE ('',( #5743 ) ) ;
#1125 = AXIS2_PLACEMENT_3D ( 'NONE', #1616, #2899, #7534 ) ;
#1126 = ORIENTED_EDGE ( 'NONE', *, *, #1978, .T. ) ;
#1127 = FACE_OUTER_BOUND ( 'NONE', #8614, .T. ) ;
#1128 = COLOUR_RGB ( '',0.9882352941176471000, 1.000000000000000000, 0.9882352941176471000 ) ;
#1129 = MECHANICAL_DESIGN_GEOMETRIC_PRESENTATION_REPRESENTATION (  '', ( #227 ), #1571 ) ;
#1130 = FILL_AREA_STYLE_COLOUR ( '', #383 ) ;
#1131 = EDGE_LOOP ( 'NONE', ( #6630, #2782, #86, #6485 ) ) ;
#1132 = DIRECTION ( 'NONE',  ( 0.0000000000000000000, 0.0000000000000000000, -1.000000000000000000 ) ) ;
#1133 = CARTESIAN_POINT ( 'NONE',  ( -0.4997464362293511700, -0.09804262925687946800, 0.3414582585101316200 ) ) ;
#1134 = ORIENTED_EDGE ( 'NONE', *, *, #2442, .F. ) ;
#1135 = CYLINDRICAL_SURFACE ( 'NONE', #6281, 0.02500000000000000500 ) ;
#1136 =( LENGTH_UNIT ( ) NAMED_UNIT ( * ) SI_UNIT ( $, .METRE. ) );
#1137 = CARTESIAN_POINT ( 'NONE',  ( 0.4391688145194329600, -0.04409701309135997900, -0.1579166819085209300 ) ) ;
#1138 = STYLED_ITEM ( 'NONE', ( #571 ), #4879 ) ;
#1139 = CARTESIAN_POINT ( 'NONE',  ( 0.7004802093473309100, 0.1795451236574467900, 0.05904558791765951400 ) ) ;
#1140 = EDGE_LOOP ( 'NONE', ( #435, #8387, #4589, #1363 ) ) ;
#1141 = AXIS2_PLACEMENT_3D ( 'NONE', #4141, #128, #4798 ) ;
#1142 = CARTESIAN_POINT ( 'NONE',  ( -0.5962210084938113200, 0.01595737074312052500, -0.008541741489868335400 ) ) ;
#1143 = EDGE_CURVE ( 'NONE', #1519, #903, #2376, .T. ) ;
#1144 = VERTEX_POINT ( 'NONE', #3449 ) ;
#1145 = CARTESIAN_POINT ( 'NONE',  ( -0.02274643622935157800, -0.2800426292568794500, -0.03104174148986833500 ) ) ;
#1146 = SURFACE_SIDE_STYLE ('',( #8420 ) ) ;
#1147 = PRESENTATION_STYLE_ASSIGNMENT (( #4402 ) ) ;
#1148 = CARTESIAN_POINT ( 'NONE',  ( 0.5330432619333596000, 0.2145742642458721100, -0.02064602324616585100 ) ) ;
#1149 = PRESENTATION_STYLE_ASSIGNMENT (( #5788 ) ) ;
#1150 = CARTESIAN_POINT ( 'NONE',  ( 0.7357535637706483800, 0.01595737074312052500, -0.008541741489868335400 ) ) ;
#1151 = CARTESIAN_POINT ( 'NONE',  ( -0.9984602808033384800, -0.2800426292568794500, -0.07104174148986812400 ) ) ;
#1152 = EDGE_LOOP ( 'NONE', ( #6268 ) ) ;
#1153 = CARTESIAN_POINT ( 'NONE',  ( 0.3362535637706484700, -0.03604262925687949600, 0.3359582585101316100 ) ) ;
#1154 = CARTESIAN_POINT ( 'NONE',  ( 0.7357535637706483800, -0.02121393203146711800, 0.01645825851013166600 ) ) ;
#1155 = FACE_OUTER_BOUND ( 'NONE', #4377, .T. ) ;
#1156 = SURFACE_STYLE_USAGE ( .BOTH. , #5151 ) ;
#1157 = CARTESIAN_POINT ( 'NONE',  ( 0.2706271478527909600, 0.1302367087199625700, -0.05290245758684336600 ) ) ;
#1158 = EDGE_CURVE ( 'NONE', #4345, #6163, #592, .T. ) ;
#1159 = VECTOR ( 'NONE', #4907, 39.37007874015748100 ) ;
#1160 = AXIS2_PLACEMENT_3D ( 'NONE', #4874, #873, #5522 ) ;
#1161 = DIMENSIONAL_EXPONENTS ( 1.000000000000000000, 0.0000000000000000000, 0.0000000000000000000, 0.0000000000000000000, 0.0000000000000000000, 0.0000000000000000000, 0.0000000000000000000 ) ;
#1162 = STYLED_ITEM ( 'NONE', ( #3743 ), #2339 ) ;
#1163 = DIRECTION ( 'NONE',  ( 1.000000000000000000, 0.0000000000000000000, 1.422837496700137700E-016 ) ) ;
#1164 = VECTOR ( 'NONE', #1826, 39.37007874015748100 ) ;
#1165 =( LENGTH_UNIT ( ) NAMED_UNIT ( * ) SI_UNIT ( $, .METRE. ) );
#1166 = EDGE_LOOP ( 'NONE', ( #1890 ) ) ;
#1167 = EDGE_CURVE ( 'NONE', #5203, #1119, #3952, .T. ) ;
#1168 = ORIENTED_EDGE ( 'NONE', *, *, #2774, .F. ) ;
#1169 = SURFACE_STYLE_FILL_AREA ( #5553 ) ;
#1170 = DIRECTION ( 'NONE',  ( 0.0000000000000000000, 0.0000000000000000000, -1.000000000000000000 ) ) ;
#1171 = COLOUR_RGB ( '',0.2941176470588235400, 0.2941176470588235400, 0.2941176470588235400 ) ;
#1172 = CARTESIAN_POINT ( 'NONE',  ( 0.3312521478527206700, -0.08454306350095014400, 0.06232639284478839300 ) ) ;
#1173 = CARTESIAN_POINT ( 'NONE',  ( 0.5597510426806690000, -0.1410400155107476300, -0.09982903546537644200 ) ) ;
#1174 = CARTESIAN_POINT ( 'NONE',  ( -0.01274643622935155000, -0.2800426292568794500, -0.01354174148986833800 ) ) ;
#1175 = MECHANICAL_DESIGN_GEOMETRIC_PRESENTATION_REPRESENTATION (  '', ( #267 ), #1613 ) ;
#1176 = CARTESIAN_POINT ( 'NONE',  ( -0.9984602808033384800, -0.2800426292568794500, -0.008541741489868224400 ) ) ;
#1177 = SURFACE_SIDE_STYLE ('',( #3859 ) ) ;
#1178 = VERTEX_POINT ( 'NONE', #7407 ) ;
#1179 = CARTESIAN_POINT ( 'NONE',  ( 0.4274286786000524000, 0.07627097071598268300, -0.1720039070142998200 ) ) ;
#1180 = COLOUR_RGB ( '',0.2941176470588235400, 0.2941176470588235400, 0.2941176470588235400 ) ;
#1181 =( LENGTH_UNIT ( ) NAMED_UNIT ( * ) SI_UNIT ( $, .METRE. ) );
#1182 = SURFACE_STYLE_USAGE ( .BOTH. , #5171 ) ;
#1183 = DIMENSIONAL_EXPONENTS ( 1.000000000000000000, 0.0000000000000000000, 0.0000000000000000000, 0.0000000000000000000, 0.0000000000000000000, 0.0000000000000000000, 0.0000000000000000000 ) ;
#1184 =( CONVERSION_BASED_UNIT ( 'INCH', #1069 ) LENGTH_UNIT ( ) NAMED_UNIT ( #318 ) );
#1185 = SURFACE_STYLE_USAGE ( .BOTH. , #5176 ) ;
#1186 = SURFACE_SIDE_STYLE ('',( #1508 ) ) ;
#1187 = CARTESIAN_POINT ( 'NONE',  ( 0.6387099286000365000, -0.01873954699867853500, -0.2071663602201487000 ) ) ;
#1188 = CARTESIAN_POINT ( 'NONE',  ( 0.6502099286000364600, -0.01971758506418321400, -0.2127647450464767400 ) ) ;
#1189 = ADVANCED_FACE ( 'NONE', ( #7250 ), #6428, .T. ) ;
#1190 = SURFACE_SIDE_STYLE ('',( #3573 ) ) ;
#1191 = ORIENTED_EDGE ( 'NONE', *, *, #5719, .F. ) ;
#1192 =( GEOMETRIC_REPRESENTATION_CONTEXT ( 3 ) GLOBAL_UNCERTAINTY_ASSIGNED_CONTEXT ( ( #4989 ) ) GLOBAL_UNIT_ASSIGNED_CONTEXT ( ( #1267, #5917, #1935 ) ) REPRESENTATION_CONTEXT ( 'NONE', 'WORKASPACE' ) );
#1193 = DIRECTION ( 'NONE',  ( -0.0000000000000000000, -1.000000000000000000, -0.0000000000000000000 ) ) ;
#1194 = STYLED_ITEM ( 'NONE', ( #1501 ), #4334 ) ;
#1195 = EDGE_LOOP ( 'NONE', ( #5814 ) ) ;
#1196 = LENGTH_MEASURE_WITH_UNIT ( LENGTH_MEASURE( 0.02539999999999999900 ), #3518 );
#1197 = MECHANICAL_DESIGN_GEOMETRIC_PRESENTATION_REPRESENTATION (  '', ( #8485 ), #1631 ) ;
#1198 = FILL_AREA_STYLE_COLOUR ( '', #2064 ) ;
#1199 = VERTEX_POINT ( 'NONE', #412 ) ;
#1200 = CARTESIAN_POINT ( 'NONE',  ( 0.7099599286000410900, 0.1145956183211910000, 0.1548184963438959100 ) ) ;
#1201 = CARTESIAN_POINT ( 'NONE',  ( 0.6240843760139978000, 0.1850698439972516000, -0.07875843365988426100 ) ) ;
#1202 =( LENGTH_UNIT ( ) NAMED_UNIT ( * ) SI_UNIT ( $, .METRE. ) );
#1203 = SURFACE_STYLE_USAGE ( .BOTH. , #5195 ) ;
#1204 = LENGTH_MEASURE_WITH_UNIT ( LENGTH_MEASURE( 0.02539999999999999900 ), #3090 );
#1205 = CIRCLE ( 'NONE', #1236, 0.02500000000000000500 ) ;
#1206 = CARTESIAN_POINT ( 'NONE',  ( 0.3215745119333638900, -0.1177170682105764300, -0.02451992393240351100 ) ) ;
#1207 = DIRECTION ( 'NONE',  ( 0.0000000000000000000, 0.0000000000000000000, -1.000000000000000000 ) ) ;
#1208 = CARTESIAN_POINT ( 'NONE',  ( -0.02524643622935148300, -0.2800426292568794500, -0.008541741489868224400 ) ) ;
#1209 =( GEOMETRIC_REPRESENTATION_CONTEXT ( 3 ) GLOBAL_UNCERTAINTY_ASSIGNED_CONTEXT ( ( #4399 ) ) GLOBAL_UNIT_ASSIGNED_CONTEXT ( ( #7075, #3089, #7731 ) ) REPRESENTATION_CONTEXT ( 'NONE', 'WORKASPACE' ) );
#1210 = ORIENTED_EDGE ( 'NONE', *, *, #7107, .F. ) ;
#1211 = EDGE_CURVE ( 'NONE', #5705, #7382, #1334, .T. ) ;
#1212 = CARTESIAN_POINT ( 'NONE',  ( 0.2147535637706484100, -0.2800426292568794500, 0.06895825851013165400 ) ) ;
#1213 = LINE ( 'NONE', #9, #6305 ) ;
#1214 = VECTOR ( 'NONE', #7536, 39.37007874015748100 ) ;
#1215 = AXIS2_PLACEMENT_3D ( 'NONE', #2570, #7200, #3236 ) ;
#1216 = DIRECTION ( 'NONE',  ( 0.0000000000000000000, 1.000000000000000000, 0.0000000000000000000 ) ) ;
#1217 = CARTESIAN_POINT ( 'NONE',  ( -0.5822464362293516800, -0.02121393203146711800, -0.03354174148986834000 ) ) ;
#1218 = CARTESIAN_POINT ( 'NONE',  ( 0.6145849286000528700, 0.2032075975603265500, -0.03016950417365404600 ) ) ;
#1219 = CARTESIAN_POINT ( 'NONE',  ( 0.5697932619333837500, -0.1817082486240553000, -0.06464161166416047800 ) ) ;
#1220 = DIMENSIONAL_EXPONENTS ( 1.000000000000000000, 0.0000000000000000000, 0.0000000000000000000, 0.0000000000000000000, 0.0000000000000000000, 0.0000000000000000000, 0.0000000000000000000 ) ;
#1221 = DIRECTION ( 'NONE',  ( 0.0000000000000000000, 0.0000000000000000000, -1.000000000000000000 ) ) ;
#1222 =( GEOMETRIC_REPRESENTATION_CONTEXT ( 3 ) GLOBAL_UNCERTAINTY_ASSIGNED_CONTEXT ( ( #2845 ) ) GLOBAL_UNIT_ASSIGNED_CONTEXT ( ( #3543, #8178, #4227 ) ) REPRESENTATION_CONTEXT ( 'NONE', 'WORKASPACE' ) );
#1223 = ORIENTED_EDGE ( 'NONE', *, *, #8526, .F. ) ;
#1224 = CARTESIAN_POINT ( 'NONE',  ( 0.6507535637706483000, -0.2780426292568794500, 0.1139582585101316500 ) ) ;
#1225 = EDGE_CURVE ( 'NONE', #5804, #7594, #2050, .T. ) ;
#1226 = ADVANCED_FACE ( 'NONE', ( #1127 ), #5778, .F. ) ;
#1227 = CARTESIAN_POINT ( 'NONE',  ( 0.3541474286000279600, 0.1183477400188093900, 0.09541270737256650500 ) ) ;
#1228 = DIRECTION ( 'NONE',  ( -1.000000000000000000, 0.0000000000000000000, 1.313388458492434400E-016 ) ) ;
#1229 = PRESENTATION_STYLE_ASSIGNMENT (( #6734 ) ) ;
#1230 = COLOUR_RGB ( '',0.2941176470588235400, 0.2941176470588235400, 0.2941176470588235400 ) ;
#1231 = CARTESIAN_POINT ( 'NONE',  ( 0.6924188145194246600, -0.05964327583173458000, 0.1859042558930639200 ) ) ;
#1232 = ORIENTED_EDGE ( 'NONE', *, *, #2943, .T. ) ;
#1233 =( NAMED_UNIT ( * ) SI_UNIT ( $, .STERADIAN. ) SOLID_ANGLE_UNIT ( ) );
#1234 = DIRECTION ( 'NONE',  ( 0.0000000000000000000, 0.0000000000000000000, -1.000000000000000000 ) ) ;
#1235 =( LENGTH_UNIT ( ) NAMED_UNIT ( * ) SI_UNIT ( $, .METRE. ) );
#1236 = AXIS2_PLACEMENT_3D ( 'NONE', #6625, #2638, #7273 ) ;
#1237 =( NAMED_UNIT ( * ) PLANE_ANGLE_UNIT ( ) SI_UNIT ( $, .RADIAN. ) );
#1238 =( NAMED_UNIT ( * ) PLANE_ANGLE_UNIT ( ) SI_UNIT ( $, .RADIAN. ) );
#1239 = CARTESIAN_POINT ( 'NONE',  ( 0.6668557619333784800, -0.1388237646751507800, 0.1022101471341741600 ) ) ;
#1240 = VECTOR ( 'NONE', #7871, 39.37007874015748100 ) ;
#1241 = LINE ( 'NONE', #220, #8301 ) ;
#1242 = COLOUR_RGB ( '',0.2941176470588235400, 0.2941176470588235400, 0.2941176470588235400 ) ;
#1243 = CARTESIAN_POINT ( 'NONE',  ( 0.4848036786000476900, -0.05224220487153857100, 0.1792392107136589200 ) ) ;
#1244 = MECHANICAL_DESIGN_GEOMETRIC_PRESENTATION_REPRESENTATION (  '', ( #334 ), #1692 ) ;
#1245 = DIMENSIONAL_EXPONENTS ( 1.000000000000000000, 0.0000000000000000000, 0.0000000000000000000, 0.0000000000000000000, 0.0000000000000000000, 0.0000000000000000000, 0.0000000000000000000 ) ;
#1246 = ORIENTED_EDGE ( 'NONE', *, *, #1394, .F. ) ;
#1247 = COLOUR_RGB ( '',0.2941176470588235400, 0.2941176470588235400, 0.2941176470588235400 ) ;
#1248 = PRESENTATION_LAYER_ASSIGNMENT (  '', '', ( #1695 ) ) ;
#1249 = ORIENTED_EDGE ( 'NONE', *, *, #1761, .T. ) ;
#1250 = DIRECTION ( 'NONE',  ( 0.0000000000000000000, 1.000000000000000000, 0.0000000000000000000 ) ) ;
#1251 = COLOUR_RGB ( '',0.9882352941176471000, 1.000000000000000000, 0.9882352941176471000 ) ;
#1252 = CARTESIAN_POINT ( 'NONE',  ( 0.7357535637706483800, -0.009042629256879463800, -0.08453516225772164700 ) ) ;
#1253 = ORIENTED_EDGE ( 'NONE', *, *, #2468, .F. ) ;
#1254 = FACE_OUTER_BOUND ( 'NONE', #7677, .T. ) ;
#1255 = DIRECTION ( 'NONE',  ( 1.000000000000000000, -0.0000000000000000000, 0.0000000000000000000 ) ) ;
#1256 = CARTESIAN_POINT ( 'NONE',  ( 0.3646781260140036800, 0.1349903983027511100, 0.07065051386022383500 ) ) ;
#1257 = STYLED_ITEM ( 'NONE', ( #2725 ), #1594 ) ;
#1258 = EDGE_CURVE ( 'NONE', #5816, #2870, #5346, .T. ) ;
#1259 = CARTESIAN_POINT ( 'NONE',  ( -0.9984602808033384800, -0.2800426292568794500, -0.01354174148986845800 ) ) ;
#1260 = CARTESIAN_POINT ( 'NONE',  ( 0.6120021478527691800, 0.09498438191044054900, 0.1820039480311170500 ) ) ;
#1261 = LENGTH_MEASURE_WITH_UNIT ( LENGTH_MEASURE( 0.02539999999999999900 ), #4343 );
#1262 = CARTESIAN_POINT ( 'NONE',  ( -0.6022464362293515900, -0.02053261085912316800, -0.3280417414898683100 ) ) ;
#1263 = DIMENSIONAL_EXPONENTS ( 1.000000000000000000, 0.0000000000000000000, 0.0000000000000000000, 0.0000000000000000000, 0.0000000000000000000, 0.0000000000000000000, 0.0000000000000000000 ) ;
#1264 = CARTESIAN_POINT ( 'NONE',  ( -0.01274643622935155000, -0.2800426292568794500, -0.003541741489868335700 ) ) ;
#1265 = CARTESIAN_POINT ( 'NONE',  ( 0.7456277304900721400, 0.04095737074312053700, 0.05209355523997304800 ) ) ;
#1266 = PLANE ( 'NONE',  #5001 ) ;
#1267 =( CONVERSION_BASED_UNIT ( 'INCH', #392 ) LENGTH_UNIT ( ) NAMED_UNIT ( #413 ) );
#1268 = VERTEX_POINT ( 'NONE', #7516 ) ;
#1269 = FILL_AREA_STYLE ('',( #3924 ) ) ;
#1270 = CARTESIAN_POINT ( 'NONE',  ( 0.5718135426806589800, -0.1854038496541256800, 0.03245667829482188500 ) ) ;
#1271 = FACE_OUTER_BOUND ( 'NONE', #1360, .T. ) ;
#1272 = EDGE_CURVE ( 'NONE', #6134, #1111, #1793, .T. ) ;
#1273 = ADVANCED_FACE ( 'NONE', ( #2267 ), #6073, .T. ) ;
#1274 = MECHANICAL_DESIGN_GEOMETRIC_PRESENTATION_REPRESENTATION (  '', ( #8577 ), #1713 ) ;
#1275 = ORIENTED_EDGE ( 'NONE', *, *, #7881, .F. ) ;
#1276 =( GEOMETRIC_REPRESENTATION_CONTEXT ( 3 ) GLOBAL_UNCERTAINTY_ASSIGNED_CONTEXT ( ( #5670 ) ) GLOBAL_UNIT_ASSIGNED_CONTEXT ( ( #7396, #3432, #3493 ) ) REPRESENTATION_CONTEXT ( 'NONE', 'WORKASPACE' ) );
#1277 = DIRECTION ( 'NONE',  ( -0.0000000000000000000, -1.000000000000000000, -0.0000000000000000000 ) ) ;
#1278 = ORIENTED_EDGE ( 'NONE', *, *, #5305, .F. ) ;
#1279 = SURFACE_STYLE_FILL_AREA ( #5292 ) ;
#1280 = SURFACE_SIDE_STYLE ('',( #7123 ) ) ;
#1281 = CARTESIAN_POINT ( 'NONE',  ( 0.7357535637706483800, -0.06003605002473278600, 0.01645825851013166900 ) ) ;
#1282 = EDGE_CURVE ( 'NONE', #2182, #7442, #966, .T. ) ;
#1283 = B_SPLINE_CURVE_WITH_KNOTS ( 'NONE', 3,
 ( #8285, #7608, #316, #4986, #1002, #5641, #1669, #6313 ),
 .UNSPECIFIED., .F., .F.,
 ( 4, 2, 2, 4 ),
 ( 0.01110629178428361600, 0.01136609360811311400, 0.01162589543194261100, 0.01214549907960161100 ),
 .UNSPECIFIED. ) ;
#1284 = ORIENTED_EDGE ( 'NONE', *, *, #8281, .F. ) ;
#1285 = DIRECTION ( 'NONE',  ( 1.000000000000000000, 0.0000000000000000000, -0.0000000000000000000 ) ) ;
#1286 = CARTESIAN_POINT ( 'NONE',  ( 0.5115010426806829700, 0.1946210672314866700, 0.02257876054273522500 ) ) ;
#1287 = CARTESIAN_POINT ( 'NONE',  ( -0.2302464362293515600, -0.3290426292568794900, -0.008541741489868335400 ) ) ;
#1288 = COLOUR_RGB ( '',0.2941176470588235400, 0.2941176470588235400, 0.2941176470588235400 ) ;
#1289 = ORIENTED_EDGE ( 'NONE', *, *, #7361, .T. ) ;
#1290 = DIRECTION ( 'NONE',  ( 1.000000000000000000, 0.0000000000000000000, 0.0000000000000000000 ) ) ;
#1291 = CARTESIAN_POINT ( 'NONE',  ( 0.5356063145194438500, 0.1947839706490480400, -0.1080001466312633700 ) ) ;
#1292 = ORIENTED_EDGE ( 'NONE', *, *, #2983, .T. ) ;
#1293 = EDGE_LOOP ( 'NONE', ( #2935 ) ) ;
#1294 = CARTESIAN_POINT ( 'NONE',  ( 0.1997535637706484300, -0.2800426292568794500, -0.008541741489868224400 ) ) ;
#1295 = CARTESIAN_POINT ( 'NONE',  ( -0.6022464362293515900, -0.02053261085912316800, 0.02195825851013172300 ) ) ;
#1296 = FILL_AREA_STYLE ('',( #7907 ) ) ;
#1297 = PRESENTATION_STYLE_ASSIGNMENT (( #3072 ) ) ;
#1298 = FACE_OUTER_BOUND ( 'NONE', #29, .T. ) ;
#1299 = CARTESIAN_POINT ( 'NONE',  ( -0.5372464362293516400, -0.2830426292568795100, -0.3180417414898682500 ) ) ;
#1300 = FACE_OUTER_BOUND ( 'NONE', #1997, .T. ) ;
#1301 = SURFACE_SIDE_STYLE ('',( #1279 ) ) ;
#1302 = DIRECTION ( 'NONE',  ( -0.7071067811865507900, -0.7071067811865443500, 0.0000000000000000000 ) ) ;
#1303 = CARTESIAN_POINT ( 'NONE',  ( 0.4328656260140181200, -0.09633900464135994300, -0.1578334530007906000 ) ) ;
#1304 = AXIS2_PLACEMENT_3D ( 'NONE', #7003, #1044, #8361 ) ;
#1305 = LENGTH_MEASURE_WITH_UNIT ( LENGTH_MEASURE( 0.02539999999999999900 ), #7430 );
#1306 = DIMENSIONAL_EXPONENTS ( 1.000000000000000000, 0.0000000000000000000, 0.0000000000000000000, 0.0000000000000000000, 0.0000000000000000000, 0.0000000000000000000, 0.0000000000000000000 ) ;
#1307 = CARTESIAN_POINT ( 'NONE',  ( 0.7382366175319133900, -0.05735541198573635600, 0.01645825851013166900 ) ) ;
#1308 = MECHANICAL_DESIGN_GEOMETRIC_PRESENTATION_REPRESENTATION (  '', ( #396 ), #1744 ) ;
#1309 = PLANE ( 'NONE',  #5899 ) ;
#1310 = ADVANCED_FACE ( 'NONE', ( #4331 ), #4560, .T. ) ;
#1311 = ORIENTED_EDGE ( 'NONE', *, *, #595, .T. ) ;
#1312 = ORIENTED_EDGE ( 'NONE', *, *, #4304, .F. ) ;
#1313 = LENGTH_MEASURE_WITH_UNIT ( LENGTH_MEASURE( 0.02539999999999999900 ), #5850 );
#1314 = FACE_OUTER_BOUND ( 'NONE', #7553, .T. ) ;
#1315 = CARTESIAN_POINT ( 'NONE',  ( 0.4276896478527511000, 0.03449102391938801300, -0.1894910445334614900 ) ) ;
#1316 = FILL_AREA_STYLE ('',( #633 ) ) ;
#1317 = SURFACE_STYLE_USAGE ( .BOTH. , #5314 ) ;
#1318 =( GEOMETRIC_REPRESENTATION_CONTEXT ( 3 ) GLOBAL_UNCERTAINTY_ASSIGNED_CONTEXT ( ( #8358 ) ) GLOBAL_UNIT_ASSIGNED_CONTEXT ( ( #6501, #2505, #7146 ) ) REPRESENTATION_CONTEXT ( 'NONE', 'WORKASPACE' ) );
#1319 = EDGE_CURVE ( 'NONE', #636, #765, #133, .T. ) ;
#1320 = CARTESIAN_POINT ( 'NONE',  ( 0.7557535637706485100, -0.09804262925687960700, -0.3530417414898683300 ) ) ;
#1321 = SURFACE_STYLE_FILL_AREA ( #1031 ) ;
#1322 = DIRECTION ( 'NONE',  ( 1.000000000000000000, 0.0000000000000000000, -0.0000000000000000000 ) ) ;
#1323 = EDGE_LOOP ( 'NONE', ( #2794, #4752, #860, #5701 ) ) ;
#1324 = DIRECTION ( 'NONE',  ( 1.000000000000000000, 0.0000000000000000000, -1.970082687738651500E-016 ) ) ;
#1325 = DIRECTION ( 'NONE',  ( -1.975259546378425000E-016, -1.000000000000000000, -5.333200775221747800E-015 ) ) ;
#1326 = CARTESIAN_POINT ( 'NONE',  ( 0.6950015952667113500, 0.1846085935248668000, 0.06113759297169089900 ) ) ;
#1327 = EDGE_LOOP ( 'NONE', ( #8145 ) ) ;
#1328 = ORIENTED_EDGE ( 'NONE', *, *, #162, .T. ) ;
#1329 = VERTEX_POINT ( 'NONE', #7218 ) ;
#1330 = FILL_AREA_STYLE ('',( #5960 ) ) ;
#1331 = SURFACE_STYLE_USAGE ( .BOTH. , #5323 ) ;
#1332 = UNCERTAINTY_MEASURE_WITH_UNIT (LENGTH_MEASURE( 1.000000000000000100E-005 ), #3362, 'distance_accuracy_value', 'NONE');
#1333 = STYLED_ITEM ( 'NONE', ( #1961 ), #3523 ) ;
#1334 = LINE ( 'NONE', #4443, #4688 ) ;
#1335 = VECTOR ( 'NONE', #2604, 39.37007874015748100 ) ;
#1336 =( NAMED_UNIT ( * ) PLANE_ANGLE_UNIT ( ) SI_UNIT ( $, .RADIAN. ) );
#1337 = UNCERTAINTY_MEASURE_WITH_UNIT (LENGTH_MEASURE( 1.000000000000000100E-005 ), #5076, 'distance_accuracy_value', 'NONE');
#1338 = PRESENTATION_STYLE_ASSIGNMENT (( #5497 ) ) ;
#1339 = EDGE_LOOP ( 'NONE', ( #7176, #5794, #5188, #1520 ) ) ;
#1340 = CARTESIAN_POINT ( 'NONE',  ( 0.3362535637706484700, -0.03604262925687949600, 0.3414582585101316200 ) ) ;
#1341 = ORIENTED_EDGE ( 'NONE', *, *, #6451, .T. ) ;
#1342 = LENGTH_MEASURE_WITH_UNIT ( LENGTH_MEASURE( 0.02539999999999999900 ), #4575 );
#1343 = LINE ( 'NONE', #8455, #3103 ) ;
#1344 = CARTESIAN_POINT ( 'NONE',  ( 0.004753563770648469200, -0.2800426292568794500, -0.008541741489868224400 ) ) ;
#1345 = DIMENSIONAL_EXPONENTS ( 1.000000000000000000, 0.0000000000000000000, 0.0000000000000000000, 0.0000000000000000000, 0.0000000000000000000, 0.0000000000000000000, 0.0000000000000000000 ) ;
#1346 = LINE ( 'NONE', #2016, #3105 ) ;
#1347 = DIRECTION ( 'NONE',  ( 0.0000000000000000000, 0.0000000000000000000, 1.000000000000000000 ) ) ;
#1348 = CARTESIAN_POINT ( 'NONE',  ( 0.7522725400790418700, 0.2539573707431204100, -0.2157587910718585500 ) ) ;
#1349 = ORIENTED_EDGE ( 'NONE', *, *, #5381, .F. ) ;
#1350 = DIRECTION ( 'NONE',  ( -1.000000000000000000, 1.077227126839222100E-016, 0.0000000000000000000 ) ) ;
#1351 = DIRECTION ( 'NONE',  ( 0.0000000000000000000, -1.000000000000000000, 9.571164508604897800E-017 ) ) ;
#1352 = FACE_OUTER_BOUND ( 'NONE', #337, .T. ) ;
#1353 = CARTESIAN_POINT ( 'NONE',  ( -0.9984602808033384800, -0.2800426292568794500, -0.01354174148986839700 ) ) ;
#1354 = CARTESIAN_POINT ( 'NONE',  ( 0.5517093760139932800, -0.09565478992706603900, -0.1807751914822599000 ) ) ;
#1355 = PRESENTATION_LAYER_ASSIGNMENT (  '', '', ( #900 ) ) ;
#1356 = VECTOR ( 'NONE', #6427, 39.37007874015748100 ) ;
#1357 = DIMENSIONAL_EXPONENTS ( 1.000000000000000000, 0.0000000000000000000, 0.0000000000000000000, 0.0000000000000000000, 0.0000000000000000000, 0.0000000000000000000, 0.0000000000000000000 ) ;
#1358 = STYLED_ITEM ( 'NONE', ( #5662 ), #7514 ) ;
#1359 = PLANE ( 'NONE',  #1701 ) ;
#1360 = EDGE_LOOP ( 'NONE', ( #219, #8530, #2827, #3559, #302, #7301, #898, #5695, #4704, #7822, #2762, #2635, #1602, #5130, #1450, #8335 ) ) ;
#1361 = LINE ( 'NONE', #6842, #2920 ) ;
#1362 = CARTESIAN_POINT ( 'NONE',  ( -0.1827464362293516600, -0.09804262925687946800, 0.3009582585101315800 ) ) ;
#1363 = ORIENTED_EDGE ( 'NONE', *, *, #4903, .T. ) ;
#1364 = VECTOR ( 'NONE', #846, 39.37007874015748100 ) ;
#1365 = PLANE ( 'NONE',  #8578 ) ;
#1366 = AXIS2_PLACEMENT_3D ( 'NONE', #1151, #5793, #1814 ) ;
#1367 =( GEOMETRIC_REPRESENTATION_CONTEXT ( 3 ) GLOBAL_UNCERTAINTY_ASSIGNED_CONTEXT ( ( #6024 ) ) GLOBAL_UNIT_ASSIGNED_CONTEXT ( ( #953, #5592, #1618 ) ) REPRESENTATION_CONTEXT ( 'NONE', 'WORKASPACE' ) );
#1368 =( NAMED_UNIT ( * ) PLANE_ANGLE_UNIT ( ) SI_UNIT ( $, .RADIAN. ) );
#1369 = ORIENTED_EDGE ( 'NONE', *, *, #7478, .F. ) ;
#1370 = EDGE_CURVE ( 'NONE', #588, #2689, #5250, .T. ) ;
#1371 = DIRECTION ( 'NONE',  ( -1.000000000000000000, 0.0000000000000000000, 0.0000000000000000000 ) ) ;
#1372 = EDGE_LOOP ( 'NONE', ( #285, #2946, #1411, #1289 ) ) ;
#1373 =( GEOMETRIC_REPRESENTATION_CONTEXT ( 3 ) GLOBAL_UNCERTAINTY_ASSIGNED_CONTEXT ( ( #1337 ) ) GLOBAL_UNIT_ASSIGNED_CONTEXT ( ( #5076, #1079, #5729 ) ) REPRESENTATION_CONTEXT ( 'NONE', 'WORKASPACE' ) );
#1374 =( NAMED_UNIT ( * ) PLANE_ANGLE_UNIT ( ) SI_UNIT ( $, .RADIAN. ) );
#1375 = SURFACE_STYLE_USAGE ( .BOTH. , #5360 ) ;
#1376 = CIRCLE ( 'NONE', #4573, 0.1499999999999999700 ) ;
#1377 =( CONVERSION_BASED_UNIT ( 'INCH', #930 ) LENGTH_UNIT ( ) NAMED_UNIT ( #5839 ) );
#1378 = SURFACE_STYLE_USAGE ( .BOTH. , #5363 ) ;
#1379 =( LENGTH_UNIT ( ) NAMED_UNIT ( * ) SI_UNIT ( $, .METRE. ) );
#1380 = CARTESIAN_POINT ( 'NONE',  ( 0.7553533438482258300, 0.2539573707431204700, 0.1865006994122195600 ) ) ;
#1381 = VERTEX_POINT ( 'NONE', #2587 ) ;
#1382 = EDGE_CURVE ( 'NONE', #4222, #4, #8568, .T. ) ;
#1383 = SURFACE_STYLE_FILL_AREA ( #6474 ) ;
#1384 = STYLED_ITEM ( 'NONE', ( #4238 ), #6346 ) ;
#1385 = CARTESIAN_POINT ( 'NONE',  ( 0.7357535637706483800, -0.009042629256879463800, -0.04571304426445600000 ) ) ;
#1386 = CARTESIAN_POINT ( 'NONE',  ( 0.3706995119333841300, 0.1545319476196132500, 0.08358551019896504100 ) ) ;
#1387 = AXIS2_PLACEMENT_3D ( 'NONE', #2889, #7527, #3560 ) ;
#1388 =( CONVERSION_BASED_UNIT ( 'INCH', #6886 ) LENGTH_UNIT ( ) NAMED_UNIT ( #7786 ) );
#1389 = UNCERTAINTY_MEASURE_WITH_UNIT (LENGTH_MEASURE( 1.000000000000000100E-005 ), #310, 'distance_accuracy_value', 'NONE');
#1390 = SURFACE_STYLE_FILL_AREA ( #5082 ) ;
#1391 =( NAMED_UNIT ( * ) PLANE_ANGLE_UNIT ( ) SI_UNIT ( $, .RADIAN. ) );
#1392 = DIRECTION ( 'NONE',  ( 1.000000000000000000, 0.0000000000000000000, -0.0000000000000000000 ) ) ;
#1393 = VECTOR ( 'NONE', #5261, 39.37007874015748100 ) ;
#1394 = EDGE_CURVE ( 'NONE', #4447, #1381, #1697, .T. ) ;
#1395 = ADVANCED_FACE ( 'NONE', ( #3469 ), #2408, .T. ) ;
#1396 = LINE ( 'NONE', #3620, #4935 ) ;
#1397 = FACE_OUTER_BOUND ( 'NONE', #8305, .T. ) ;
#1398 = ORIENTED_EDGE ( 'NONE', *, *, #8276, .F. ) ;
#1399 = DIMENSIONAL_EXPONENTS ( 1.000000000000000000, 0.0000000000000000000, 0.0000000000000000000, 0.0000000000000000000, 0.0000000000000000000, 0.0000000000000000000, 0.0000000000000000000 ) ;
#1400 = DIRECTION ( 'NONE',  ( 0.0000000000000000000, 0.0000000000000000000, -1.000000000000000000 ) ) ;
#1401 =( LENGTH_UNIT ( ) NAMED_UNIT ( * ) SI_UNIT ( $, .METRE. ) );
#1402 = PRESENTATION_STYLE_ASSIGNMENT (( #1936 ) ) ;
#1403 = VECTOR ( 'NONE', #2482, 39.37007874015748100 ) ;
#1404 = AXIS2_PLACEMENT_3D ( 'NONE', #3811, #8452, #4501 ) ;
#1405 = ORIENTED_EDGE ( 'NONE', *, *, #3168, .F. ) ;
#1406 = PRESENTATION_LAYER_ASSIGNMENT (  '', '', ( #498 ) ) ;
#1407 =( LENGTH_UNIT ( ) NAMED_UNIT ( * ) SI_UNIT ( $, .METRE. ) );
#1408 = DIRECTION ( 'NONE',  ( -0.0000000000000000000, -1.000000000000000000, -0.0000000000000000000 ) ) ;
#1409 = LENGTH_MEASURE_WITH_UNIT ( LENGTH_MEASURE( 0.02539999999999999900 ), #7450 );
#1410 =( GEOMETRIC_REPRESENTATION_CONTEXT ( 3 ) GLOBAL_UNCERTAINTY_ASSIGNED_CONTEXT ( ( #59 ) ) GLOBAL_UNIT_ASSIGNED_CONTEXT ( ( #5584, #1612, #6266 ) ) REPRESENTATION_CONTEXT ( 'NONE', 'WORKASPACE' ) );
#1411 = ORIENTED_EDGE ( 'NONE', *, *, #813, .F. ) ;
#1412 = DIRECTION ( 'NONE',  ( 0.0000000000000000000, 0.0000000000000000000, -1.000000000000000000 ) ) ;
#1413 = CARTESIAN_POINT ( 'NONE',  ( 0.2747099286000128600, 0.08237065823555472800, -0.1165730059103081000 ) ) ;
#1414 = DIRECTION ( 'NONE',  ( 1.000000000000000000, -0.0000000000000000000, -0.0000000000000000000 ) ) ;
#1415 = VECTOR ( 'NONE', #4626, 39.37007874015748100 ) ;
#1416 = CARTESIAN_POINT ( 'NONE',  ( 0.6907535637706484500, -0.02053261085912316800, -0.03904174148986839400 ) ) ;
#1417 =( LENGTH_UNIT ( ) NAMED_UNIT ( * ) SI_UNIT ( $, .METRE. ) );
#1418 = FILL_AREA_STYLE_COLOUR ( '', #2146 ) ;
#1419 = MECHANICAL_DESIGN_GEOMETRIC_PRESENTATION_REPRESENTATION (  '', ( #80 ), #1860 ) ;
#1420 = AXIS2_PLACEMENT_3D ( 'NONE', #6414, #504, #7836 ) ;
#1421 = EDGE_CURVE ( 'NONE', #2067, #7379, #5958, .T. ) ;
#1422 = DIMENSIONAL_EXPONENTS ( 1.000000000000000000, 0.0000000000000000000, 0.0000000000000000000, 0.0000000000000000000, 0.0000000000000000000, 0.0000000000000000000, 0.0000000000000000000 ) ;
#1423 =( GEOMETRIC_REPRESENTATION_CONTEXT ( 3 ) GLOBAL_UNCERTAINTY_ASSIGNED_CONTEXT ( ( #3208 ) ) GLOBAL_UNIT_ASSIGNED_CONTEXT ( ( #6613, #2631, #7266 ) ) REPRESENTATION_CONTEXT ( 'NONE', 'WORKASPACE' ) );
#1424 =( LENGTH_UNIT ( ) NAMED_UNIT ( * ) SI_UNIT ( $, .METRE. ) );
#1425 = PLANE ( 'NONE',  #2884 ) ;
#1426 = ORIENTED_EDGE ( 'NONE', *, *, #6015, .T. ) ;
#1427 = PRESENTATION_STYLE_ASSIGNMENT (( #910 ) ) ;
#1428 = ORIENTED_EDGE ( 'NONE', *, *, #1547, .F. ) ;
#1429 =( CONVERSION_BASED_UNIT ( 'INCH', #2136 ) LENGTH_UNIT ( ) NAMED_UNIT ( #1440 ) );
#1430 = CARTESIAN_POINT ( 'NONE',  ( 0.6200635426806724300, 0.2212077362374732200, -0.03224881185970652300 ) ) ;
#1431 = EDGE_CURVE ( 'NONE', #7167, #6134, #847, .T. ) ;
#1432 = PLANE ( 'NONE',  #112 ) ;
#1433 = CARTESIAN_POINT ( 'NONE',  ( -0.5372464362293516400, -0.02053261085912316800, 0.02195825851013172300 ) ) ;
#1434 = PRESENTATION_LAYER_ASSIGNMENT (  '', '', ( #532 ) ) ;
#1435 =( CONVERSION_BASED_UNIT ( 'INCH', #3462 ) LENGTH_UNIT ( ) NAMED_UNIT ( #7761 ) );
#1436 = PRESENTATION_LAYER_ASSIGNMENT (  '', '', ( #994 ) ) ;
#1437 = PLANE ( 'NONE',  #4698 ) ;
#1438 = VECTOR ( 'NONE', #4389, 39.37007874015748100 ) ;
#1439 = ORIENTED_EDGE ( 'NONE', *, *, #6177, .F. ) ;
#1440 = DIMENSIONAL_EXPONENTS ( 1.000000000000000000, 0.0000000000000000000, 0.0000000000000000000, 0.0000000000000000000, 0.0000000000000000000, 0.0000000000000000000, 0.0000000000000000000 ) ;
#1441 = EDGE_CURVE ( 'NONE', #4, #7442, #634, .T. ) ;
#1442 = DIRECTION ( 'NONE',  ( 0.0000000000000000000, 0.0000000000000000000, -1.000000000000000000 ) ) ;
#1443 = SURFACE_SIDE_STYLE ('',( #6751 ) ) ;
#1444 = PRESENTATION_STYLE_ASSIGNMENT (( #4230 ) ) ;
#1445 = DIRECTION ( 'NONE',  ( 0.0000000000000000000, -1.000000000000000000, 0.0000000000000000000 ) ) ;
#1446 = SURFACE_STYLE_FILL_AREA ( #125 ) ;
#1447 = SURFACE_SIDE_STYLE ('',( #1053 ) ) ;
#1448 = DIRECTION ( 'NONE',  ( 0.0000000000000000000, 0.0000000000000000000, 1.000000000000000000 ) ) ;
#1449 =( GEOMETRIC_REPRESENTATION_CONTEXT ( 3 ) GLOBAL_UNCERTAINTY_ASSIGNED_CONTEXT ( ( #5944 ) ) GLOBAL_UNIT_ASSIGNED_CONTEXT ( ( #6143, #2155, #6803 ) ) REPRESENTATION_CONTEXT ( 'NONE', 'WORKASPACE' ) );
#1450 = ORIENTED_EDGE ( 'NONE', *, *, #6075, .F. ) ;
#1451 = ORIENTED_EDGE ( 'NONE', *, *, #2811, .T. ) ;
#1452 = VECTOR ( 'NONE', #3724, 39.37007874015748100 ) ;
#1453 = CARTESIAN_POINT ( 'NONE',  ( -0.5847294899906164700, 0.08927015347197739300, 0.01645825851013166900 ) ) ;
#1454 = PLANE ( 'NONE',  #6006 ) ;
#1455 = ORIENTED_EDGE ( 'NONE', *, *, #203, .F. ) ;
#1456 = DIRECTION ( 'NONE',  ( 1.000000000000000000, 0.0000000000000000000, 0.0000000000000000000 ) ) ;
#1457 = CARTESIAN_POINT ( 'NONE',  ( 0.2596450915030071300, 0.1383054171329791400, -0.006728388886052151000 ) ) ;
#1458 = COLOUR_RGB ( '',0.2941176470588235400, 0.2941176470588235400, 0.2941176470588235400 ) ;
#1459 = VECTOR ( 'NONE', #6347, 39.37007874015748100 ) ;
#1460 =( CONVERSION_BASED_UNIT ( 'INCH', #6127 ) LENGTH_UNIT ( ) NAMED_UNIT ( #7838 ) );
#1461 = CARTESIAN_POINT ( 'NONE',  ( 0.2514909023070213700, 0.09775124720028186000, 0.02525192321390021600 ) ) ;
#1462 = PLANE ( 'NONE',  #4838 ) ;
#1463 = CARTESIAN_POINT ( 'NONE',  ( -0.5972464362293515800, 0.04095737074312053000, 0.02862956128471931200 ) ) ;
#1464 = ORIENTED_EDGE ( 'NONE', *, *, #2145, .T. ) ;
#1465 = FACE_BOUND ( 'NONE', #2303, .T. ) ;
#1466 = FACE_OUTER_BOUND ( 'NONE', #474, .T. ) ;
#1467 =( GEOMETRIC_REPRESENTATION_CONTEXT ( 3 ) GLOBAL_UNCERTAINTY_ASSIGNED_CONTEXT ( ( #2928 ) ) GLOBAL_UNIT_ASSIGNED_CONTEXT ( ( #4410, #378, #5062 ) ) REPRESENTATION_CONTEXT ( 'NONE', 'WORKASPACE' ) );
#1468 = SURFACE_SIDE_STYLE ('',( #874 ) ) ;
#1469 = ORIENTED_EDGE ( 'NONE', *, *, #4144, .T. ) ;
#1470 = AXIS2_PLACEMENT_3D ( 'NONE', #1153, #5795, #1817 ) ;
#1471 = DIRECTION ( 'NONE',  ( 0.0000000000000000000, 0.0000000000000000000, -1.000000000000000000 ) ) ;
#1472 = VERTEX_POINT ( 'NONE', #1541 ) ;
#1473 = LENGTH_MEASURE_WITH_UNIT ( LENGTH_MEASURE( 0.02539999999999999900 ), #1417 );
#1474 = DIRECTION ( 'NONE',  ( 1.000000000000000000, -0.0000000000000000000, 0.0000000000000000000 ) ) ;
#1475 =( NAMED_UNIT ( * ) PLANE_ANGLE_UNIT ( ) SI_UNIT ( $, .RADIAN. ) );
#1476 = ORIENTED_EDGE ( 'NONE', *, *, #2434, .F. ) ;
#1477 = EDGE_LOOP ( 'NONE', ( #4121 ) ) ;
#1478 = PRESENTATION_STYLE_ASSIGNMENT (( #3963 ) ) ;
#1479 = AXIS2_PLACEMENT_3D ( 'NONE', #8263, #4319, #287 ) ;
#1480 = CARTESIAN_POINT ( 'NONE',  ( 0.6907535637706484500, -0.2480426292568794500, -0.2895417414898683300 ) ) ;
#1481 = VECTOR ( 'NONE', #8572, 39.37007874015748100 ) ;
#1482 = EDGE_CURVE ( 'NONE', #7809, #7809, #5742, .T. ) ;
#1483 = DIRECTION ( 'NONE',  ( 1.000000000000000000, 0.0000000000000000000, 0.0000000000000000000 ) ) ;
#1484 = PRODUCT_DEFINITION_CONTEXT ( 'detailed design', #4302, 'design' ) ;
#1485 = ORIENTED_EDGE ( 'NONE', *, *, #5782, .F. ) ;
#1486 = CARTESIAN_POINT ( 'NONE',  ( -0.5922578079575293600, 0.2539573707431203600, -0.2266681509198426600 ) ) ;
#1487 = CARTESIAN_POINT ( 'NONE',  ( 0.4216682619333706500, 0.03449102391938801300, -0.1894910445334614900 ) ) ;
#1488 = LINE ( 'NONE', #6472, #3262 ) ;
#1489 =( LENGTH_UNIT ( ) NAMED_UNIT ( * ) SI_UNIT ( $, .METRE. ) );
#1490 = LINE ( 'NONE', #4648, #6593 ) ;
#1491 =( NAMED_UNIT ( * ) SI_UNIT ( $, .STERADIAN. ) SOLID_ANGLE_UNIT ( ) );
#1492 =( NAMED_UNIT ( * ) SI_UNIT ( $, .STERADIAN. ) SOLID_ANGLE_UNIT ( ) );
#1493 = FILL_AREA_STYLE ('',( #823 ) ) ;
#1494 = DIRECTION ( 'NONE',  ( 0.0000000000000000000, 0.0000000000000000000, 1.000000000000000000 ) ) ;
#1495 = ORIENTED_EDGE ( 'NONE', *, *, #4856, .T. ) ;
#1496 = VECTOR ( 'NONE', #1207, 39.37007874015748100 ) ;
#1497 = FACE_BOUND ( 'NONE', #6052, .T. ) ;
#1498 = CARTESIAN_POINT ( 'NONE',  ( -0.9984602808033384800, -0.2830426292568795100, -0.003541741489868221700 ) ) ;
#1499 = VECTOR ( 'NONE', #2311, 39.37007874015748100 ) ;
#1500 = LINE ( 'NONE', #214, #3058 ) ;
#1501 = PRESENTATION_STYLE_ASSIGNMENT (( #7565 ) ) ;
#1502 =( GEOMETRIC_REPRESENTATION_CONTEXT ( 3 ) GLOBAL_UNCERTAINTY_ASSIGNED_CONTEXT ( ( #8384 ) ) GLOBAL_UNIT_ASSIGNED_CONTEXT ( ( #2364, #7014, #3033 ) ) REPRESENTATION_CONTEXT ( 'NONE', 'WORKASPACE' ) );
#1503 = CARTESIAN_POINT ( 'NONE',  ( 0.7557535637706485100, -0.3230426292568794900, -0.3280417414898683100 ) ) ;
#1504 = DIRECTION ( 'NONE',  ( 1.000000000000000000, -0.0000000000000000000, -0.0000000000000000000 ) ) ;
#1505 = DIRECTION ( 'NONE',  ( 0.0000000000000000000, 1.000000000000000000, 0.0000000000000000000 ) ) ;
#1506 = EDGE_CURVE ( 'NONE', #6634, #7745, #4208, .T. ) ;
#1507 = CARTESIAN_POINT ( 'NONE',  ( 0.7307535637706486000, -0.3230426292568794900, 0.3359582585101316100 ) ) ;
#1508 = SURFACE_STYLE_FILL_AREA ( #5177 ) ;
#1509 = CARTESIAN_POINT ( 'NONE',  ( 0.7065015952667114100, 0.2008022892903817700, 0.06782812224745124500 ) ) ;
#1510 = FILL_AREA_STYLE_COLOUR ( '', #6097 ) ;
#1511 = UNCERTAINTY_MEASURE_WITH_UNIT (LENGTH_MEASURE( 1.000000000000000100E-005 ), #2238, 'distance_accuracy_value', 'NONE');
#1512 = LENGTH_MEASURE_WITH_UNIT ( LENGTH_MEASURE( 0.02539999999999999900 ), #1401 );
#1513 = CYLINDRICAL_SURFACE ( 'NONE', #3815, 0.05750000000000000900 ) ;
#1514 = STYLED_ITEM ( 'NONE', ( #3162 ), #4285 ) ;
#1515 = CARTESIAN_POINT ( 'NONE',  ( -0.5772464362293517900, -0.02053261085912316800, -0.3530417414898683300 ) ) ;
#1516 = CARTESIAN_POINT ( 'NONE',  ( 0.5537099286000560800, -0.05039876056799570000, -0.2025401755466770000 ) ) ;
#1517 =( LENGTH_UNIT ( ) NAMED_UNIT ( * ) SI_UNIT ( $, .METRE. ) );
#1518 = PLANE ( 'NONE',  #1160 ) ;
#1519 = VERTEX_POINT ( 'NONE', #652 ) ;
#1520 = ORIENTED_EDGE ( 'NONE', *, *, #2374, .T. ) ;
#1521 = PRESENTATION_LAYER_ASSIGNMENT (  '', '', ( #616 ) ) ;
#1522 = PLANE ( 'NONE',  #1830 ) ;
#1523 = CARTESIAN_POINT ( 'NONE',  ( 0.7450724364181792200, 0.07794166684475187200, 0.01645825851013166600 ) ) ;
#1524 = CARTESIAN_POINT ( 'NONE',  ( 0.6507535637706483000, -0.3480426292568794500, 0.1139582585101316500 ) ) ;
#1525 = PRESENTATION_STYLE_ASSIGNMENT (( #1703 ) ) ;
#1526 = CARTESIAN_POINT ( 'NONE',  ( 0.2742535637706484100, -0.03604262925687949600, 0.3359582585101316100 ) ) ;
#1527 = VERTEX_POINT ( 'NONE', #4023 ) ;
#1528 = SURFACE_SIDE_STYLE ('',( #7416 ) ) ;
#1529 = DIRECTION ( 'NONE',  ( 0.0000000000000000000, -0.0000000000000000000, 1.000000000000000000 ) ) ;
#1530 = FILL_AREA_STYLE_COLOUR ( '', #5324 ) ;
#1531 = SURFACE_SIDE_STYLE ('',( #3609 ) ) ;
#1532 = AXIS2_PLACEMENT_3D ( 'NONE', #3034, #7668, #3710 ) ;
#1533 = MECHANICAL_DESIGN_GEOMETRIC_PRESENTATION_REPRESENTATION (  '', ( #626 ), #1976 ) ;
#1534 = EDGE_CURVE ( 'NONE', #5532, #6747, #5529, .T. ) ;
#1535 =( NAMED_UNIT ( * ) SI_UNIT ( $, .STERADIAN. ) SOLID_ANGLE_UNIT ( ) );
#1536 = ORIENTED_EDGE ( 'NONE', *, *, #2892, .T. ) ;
#1537 = EDGE_LOOP ( 'NONE', ( #5851, #4356, #3361, #1398 ) ) ;
#1538 = CARTESIAN_POINT ( 'NONE',  ( 0.5812932619333837100, -0.1643606425070864600, -0.05971837796726531300 ) ) ;
#1539 = ORIENTED_EDGE ( 'NONE', *, *, #2422, .F. ) ;
#1540 = MECHANICAL_DESIGN_GEOMETRIC_PRESENTATION_REPRESENTATION (  '', ( #632 ), #1981 ) ;
#1541 = CARTESIAN_POINT ( 'NONE',  ( 0.6537535637706484200, 0.01595737074312052500, -0.04354174148986833500 ) ) ;
#1542 = CARTESIAN_POINT ( 'NONE',  ( -0.5772464362293517900, -0.02053261085912316800, 0.02195825851013172300 ) ) ;
#1543 = CARTESIAN_POINT ( 'NONE',  ( 0.6180432619333700000, 0.2062071999020629600, 0.07199654772539648700 ) ) ;
#1544 = VECTOR ( 'NONE', #4771, 39.37007874015748100 ) ;
#1545 = EDGE_LOOP ( 'NONE', ( #1854, #6228, #2211, #676 ) ) ;
#1546 = MECHANICAL_DESIGN_GEOMETRIC_PRESENTATION_REPRESENTATION (  '', ( #645 ), #1993 ) ;
#1547 = EDGE_CURVE ( 'NONE', #2461, #2130, #7284, .T. ) ;
#1548 = CARTESIAN_POINT ( 'NONE',  ( 0.7497281360351080200, 0.04095737074312053000, 0.02862956128471930800 ) ) ;
#1549 =( GEOMETRIC_REPRESENTATION_CONTEXT ( 3 ) GLOBAL_UNCERTAINTY_ASSIGNED_CONTEXT ( ( #3313 ) ) GLOBAL_UNIT_ASSIGNED_CONTEXT ( ( #118, #4789, #782 ) ) REPRESENTATION_CONTEXT ( 'NONE', 'WORKASPACE' ) );
#1550 = DIRECTION ( 'NONE',  ( -1.000000000000000000, 0.0000000000000000000, 2.134256245050203000E-016 ) ) ;
#1551 = AXIS2_PLACEMENT_3D ( 'NONE', #3658, #8297, #4358 ) ;
#1552 = FILL_AREA_STYLE_COLOUR ( '', #2588 ) ;
#1553 = ADVANCED_FACE ( 'NONE', ( #3775 ), #1359, .F. ) ;
#1554 =( NAMED_UNIT ( * ) PLANE_ANGLE_UNIT ( ) SI_UNIT ( $, .RADIAN. ) );
#1555 = FACE_OUTER_BOUND ( 'NONE', #6636, .T. ) ;
#1556 = EDGE_CURVE ( 'NONE', #1329, #944, #2942, .T. ) ;
#1557 = FILL_AREA_STYLE ('',( #4224 ) ) ;
#1558 = CARTESIAN_POINT ( 'NONE',  ( -0.5822464362293516800, -0.02121393203146711800, -0.03354174148986834000 ) ) ;
#1559 = ORIENTED_EDGE ( 'NONE', *, *, #7994, .T. ) ;
#1560 = DIRECTION ( 'NONE',  ( -1.000000000000000000, 0.0000000000000000000, 0.0000000000000000000 ) ) ;
#1561 = DIRECTION ( 'NONE',  ( 1.000000000000000000, -0.0000000000000000000, -0.0000000000000000000 ) ) ;
#1562 = DIRECTION ( 'NONE',  ( -1.000000000000000000, -0.0000000000000000000, -0.0000000000000000000 ) ) ;
#1563 = DIRECTION ( 'NONE',  ( 1.000000000000000000, 0.0000000000000000000, 6.097874985857700800E-017 ) ) ;
#1564 = CARTESIAN_POINT ( 'NONE',  ( 0.3362535637706484700, -0.09804262925687951000, 0.3414582585101316200 ) ) ;
#1565 = ORIENTED_EDGE ( 'NONE', *, *, #4250, .F. ) ;
#1566 = CARTESIAN_POINT ( 'NONE',  ( 0.4963036786000477000, -0.04605877840388109700, 0.1621090324326336700 ) ) ;
#1567 = COLOUR_RGB ( '',0.2941176470588235400, 0.2941176470588235400, 0.2941176470588235400 ) ;
#1568 = AXIS2_PLACEMENT_3D ( 'NONE', #2368, #6323, #5590 ) ;
#1569 =( LENGTH_UNIT ( ) NAMED_UNIT ( * ) SI_UNIT ( $, .METRE. ) );
#1570 = SHAPE_REPRESENTATION_RELATIONSHIP ( 'NONE' , 'NONE' ,  #6308, #8607 ) ;
#1571 =( GEOMETRIC_REPRESENTATION_CONTEXT ( 3 ) GLOBAL_UNCERTAINTY_ASSIGNED_CONTEXT ( ( #2499 ) ) GLOBAL_UNIT_ASSIGNED_CONTEXT ( ( #3419, #8061, #4107 ) ) REPRESENTATION_CONTEXT ( 'NONE', 'WORKASPACE' ) );
#1572 = CARTESIAN_POINT ( 'NONE',  ( 0.5818557619333883900, -0.1687477352375218500, 0.08204897147645168200 ) ) ;
#1573 = SURFACE_STYLE_FILL_AREA ( #4255 ) ;
#1574 = LENGTH_MEASURE_WITH_UNIT ( LENGTH_MEASURE( 0.02539999999999999900 ), #6453 );
#1575 = SURFACE_SIDE_STYLE ('',( #1169 ) ) ;
#1576 = VERTEX_POINT ( 'NONE', #5399 ) ;
#1577 =( NAMED_UNIT ( * ) PLANE_ANGLE_UNIT ( ) SI_UNIT ( $, .RADIAN. ) );
#1578 = DIRECTION ( 'NONE',  ( 1.000000000000000000, 0.0000000000000000000, 0.0000000000000000000 ) ) ;
#1579 = ORIENTED_EDGE ( 'NONE', *, *, #8071, .T. ) ;
#1580 =( NAMED_UNIT ( * ) SI_UNIT ( $, .STERADIAN. ) SOLID_ANGLE_UNIT ( ) );
#1581 = DIRECTION ( 'NONE',  ( -1.000000000000000000, -0.0000000000000000000, -0.0000000000000000000 ) ) ;
#1582 = PRESENTATION_LAYER_ASSIGNMENT (  '', '', ( #1138 ) ) ;
#1583 = DIRECTION ( 'NONE',  ( 0.0000000000000000000, 0.0000000000000000000, 1.000000000000000000 ) ) ;
#1584 = AXIS2_PLACEMENT_3D ( 'NONE', #6690, #6671, #6068 ) ;
#1585 = EDGE_CURVE ( 'NONE', #2163, #281, #8025, .T. ) ;
#1586 =( CONVERSION_BASED_UNIT ( 'INCH', #8074 ) LENGTH_UNIT ( ) NAMED_UNIT ( #4070 ) );
#1587 = ORIENTED_EDGE ( 'NONE', *, *, #8001, .F. ) ;
#1588 = FILL_AREA_STYLE_COLOUR ( '', #6601 ) ;
#1589 = DIRECTION ( 'NONE',  ( 1.000000000000000000, 0.0000000000000000000, 0.0000000000000000000 ) ) ;
#1590 = CARTESIAN_POINT ( 'NONE',  ( -0.5963216411362075600, -0.009042629256879465600, -0.05283120491730368400 ) ) ;
#1591 = ORIENTED_EDGE ( 'NONE', *, *, #5586, .F. ) ;
#1592 = DIRECTION ( 'NONE',  ( 1.000000000000000000, 0.0000000000000000000, 0.0000000000000000000 ) ) ;
#1593 = CARTESIAN_POINT ( 'NONE',  ( 0.3821995119333841400, 0.1396452073133817600, 0.07373163790692810500 ) ) ;
#1594 = ADVANCED_FACE ( 'NONE', ( #8234, #4529 ), #3663, .F. ) ;
#1595 =( CONVERSION_BASED_UNIT ( 'INCH', #213 ) LENGTH_UNIT ( ) NAMED_UNIT ( #5907 ) );
#1596 = LINE ( 'NONE', #3242, #1393 ) ;
#1597 = EDGE_CURVE ( 'NONE', #1620, #636, #5430, .T. ) ;
#1598 = FILL_AREA_STYLE ('',( #3550 ) ) ;
#1599 = STYLED_ITEM ( 'NONE', ( #4728 ), #5685 ) ;
#1600 = COLOUR_RGB ( '',0.2941176470588235400, 0.2941176470588235400, 0.2941176470588235400 ) ;
#1601 = PRESENTATION_LAYER_ASSIGNMENT (  '', '', ( #1162 ) ) ;
#1602 = ORIENTED_EDGE ( 'NONE', *, *, #4694, .F. ) ;
#1603 = DIRECTION ( 'NONE',  ( -1.000000000000000000, -0.0000000000000000000, -0.0000000000000000000 ) ) ;
#1604 = COLOUR_RGB ( '',0.2941176470588235400, 0.2941176470588235400, 0.2941176470588235400 ) ;
#1605 = EDGE_CURVE ( 'NONE', #4046, #2446, #319, .T. ) ;
#1606 = FACE_OUTER_BOUND ( 'NONE', #3524, .T. ) ;
#1607 = VECTOR ( 'NONE', #4612, 39.37007874015748100 ) ;
#1608 = SURFACE_SIDE_STYLE ('',( #7802 ) ) ;
#1609 = FACE_OUTER_BOUND ( 'NONE', #1140, .T. ) ;
#1610 = PRESENTATION_STYLE_ASSIGNMENT (( #1185 ) ) ;
#1611 = SURFACE_SIDE_STYLE ('',( #7797 ) ) ;
#1612 =( NAMED_UNIT ( * ) PLANE_ANGLE_UNIT ( ) SI_UNIT ( $, .RADIAN. ) );
#1613 =( GEOMETRIC_REPRESENTATION_CONTEXT ( 3 ) GLOBAL_UNCERTAINTY_ASSIGNED_CONTEXT ( ( #6199 ) ) GLOBAL_UNIT_ASSIGNED_CONTEXT ( ( #1377, #6031, #2043 ) ) REPRESENTATION_CONTEXT ( 'NONE', 'WORKASPACE' ) );
#1614 = CARTESIAN_POINT ( 'NONE',  ( -0.6022464362293515900, -0.02053261085912316800, -0.03904174148986839400 ) ) ;
#1615 =( NAMED_UNIT ( * ) PLANE_ANGLE_UNIT ( ) SI_UNIT ( $, .RADIAN. ) );
#1616 = CARTESIAN_POINT ( 'NONE',  ( 0.7357535637706483800, 0.01595737074312052500, -0.008541741489868335400 ) ) ;
#1617 = CARTESIAN_POINT ( 'NONE',  ( -0.07524643622935149600, -0.2830426292568795100, 0.05395825851013168200 ) ) ;
#1618 =( NAMED_UNIT ( * ) SI_UNIT ( $, .STERADIAN. ) SOLID_ANGLE_UNIT ( ) );
#1619 = DIRECTION ( 'NONE',  ( -0.0000000000000000000, -1.000000000000000000, -0.0000000000000000000 ) ) ;
#1620 = VERTEX_POINT ( 'NONE', #6783 ) ;
#1621 = CARTESIAN_POINT ( 'NONE',  ( -0.5962210084938113200, 0.05312867351770816900, 0.01645825851013166600 ) ) ;
#1622 = CARTESIAN_POINT ( 'NONE',  ( 0.2862099286000128200, 0.07277746448461874800, -0.1007703486209596100 ) ) ;
#1623 = CYLINDRICAL_SURFACE ( 'NONE', #3046, 0.5186371580901264500 ) ;
#1624 = CARTESIAN_POINT ( 'NONE',  ( -0.1207464362293516600, 0.07949064950654230500, -0.3029961188812527200 ) ) ;
#1625 = ADVANCED_FACE ( 'NONE', ( #6987, #123, #2101 ), #2776, .F. ) ;
#1626 = STYLED_ITEM ( 'NONE', ( #8412 ), #1019 ) ;
#1627 = CARTESIAN_POINT ( 'NONE',  ( -0.5866321300447818700, 0.08668927786657791600, -0.03354174148986832600 ) ) ;
#1628 = AXIS2_PLACEMENT_3D ( 'NONE', #4916, #916, #5567 ) ;
#1629 = DIRECTION ( 'NONE',  ( -0.0000000000000000000, -0.0000000000000000000, 1.000000000000000000 ) ) ;
#1630 = ORIENTED_EDGE ( 'NONE', *, *, #6892, .T. ) ;
#1631 =( GEOMETRIC_REPRESENTATION_CONTEXT ( 3 ) GLOBAL_UNCERTAINTY_ASSIGNED_CONTEXT ( ( #6761 ) ) GLOBAL_UNIT_ASSIGNED_CONTEXT ( ( #2975, #7614, #3651 ) ) REPRESENTATION_CONTEXT ( 'NONE', 'WORKASPACE' ) );
#1632 = CYLINDRICAL_SURFACE ( 'NONE', #2564, 0.02500000000000000500 ) ;
#1633 = ADVANCED_FACE ( 'NONE', ( #2817 ), #8554, .F. ) ;
#1634 = ORIENTED_EDGE ( 'NONE', *, *, #2332, .F. ) ;
#1635 = ORIENTED_EDGE ( 'NONE', *, *, #3959, .F. ) ;
#1636 = CARTESIAN_POINT ( 'NONE',  ( 0.2742535637706484100, -0.3480426292568794500, -0.3180417414898682500 ) ) ;
#1637 = DIMENSIONAL_EXPONENTS ( 1.000000000000000000, 0.0000000000000000000, 0.0000000000000000000, 0.0000000000000000000, 0.0000000000000000000, 0.0000000000000000000, 0.0000000000000000000 ) ;
#1638 = DIRECTION ( 'NONE',  ( 0.0000000000000000000, 0.0000000000000000000, -1.000000000000000000 ) ) ;
#1639 = VERTEX_POINT ( 'NONE', #799 ) ;
#1640 = FILL_AREA_STYLE ('',( #291 ) ) ;
#1641 = UNCERTAINTY_MEASURE_WITH_UNIT (LENGTH_MEASURE( 1.000000000000000100E-005 ), #6298, 'distance_accuracy_value', 'NONE');
#1642 = FACE_OUTER_BOUND ( 'NONE', #7034, .T. ) ;
#1643 = FILL_AREA_STYLE ('',( #4326 ) ) ;
#1644 = VECTOR ( 'NONE', #7654, 39.37007874015748100 ) ;
#1645 = ORIENTED_EDGE ( 'NONE', *, *, #8162, .T. ) ;
#1646 = CARTESIAN_POINT ( 'NONE',  ( 0.2742535637706484100, -0.3480426292568794500, -0.3530417414898683300 ) ) ;
#1647 =( LENGTH_UNIT ( ) NAMED_UNIT ( * ) SI_UNIT ( $, .METRE. ) );
#1648 = DIRECTION ( 'NONE',  ( 0.0000000000000000000, 0.0000000000000000000, -1.000000000000000000 ) ) ;
#1649 = SURFACE_STYLE_USAGE ( .BOTH. , #5621 ) ;
#1650 = CARTESIAN_POINT ( 'NONE',  ( 0.5060224286000635200, 0.2001522498722988200, 0.02353871788202698700 ) ) ;
#1651 = STYLED_ITEM ( 'NONE', ( #132 ), #5596 ) ;
#1652 = EDGE_CURVE ( 'NONE', #7339, #6883, #5234, .T. ) ;
#1653 = SURFACE_STYLE_USAGE ( .BOTH. , #5626 ) ;
#1654 = ORIENTED_EDGE ( 'NONE', *, *, #5128, .F. ) ;
#1655 = FACE_OUTER_BOUND ( 'NONE', #36, .T. ) ;
#1656 = UNCERTAINTY_MEASURE_WITH_UNIT (LENGTH_MEASURE( 1.000000000000000100E-005 ), #1388, 'distance_accuracy_value', 'NONE');
#1657 = CARTESIAN_POINT ( 'NONE',  ( 0.6657307619333656700, -0.07478436057155178600, -0.1890125256540941000 ) ) ;
#1658 = AXIS2_PLACEMENT_3D ( 'NONE', #7173, #3200, #7849 ) ;
#1659 = FACE_OUTER_BOUND ( 'NONE', #4667, .T. ) ;
#1660 = DIRECTION ( 'NONE',  ( 0.0000000000000000000, 0.0000000000000000000, 1.000000000000000000 ) ) ;
#1661 = ORIENTED_EDGE ( 'NONE', *, *, #5706, .F. ) ;
#1662 = VERTEX_POINT ( 'NONE', #6129 ) ;
#1663 = EDGE_LOOP ( 'NONE', ( #7511, #6084, #2719, #7237 ) ) ;
#1664 = FACE_OUTER_BOUND ( 'NONE', #6963, .T. ) ;
#1665 = DIRECTION ( 'NONE',  ( 0.0000000000000000000, 0.0000000000000000000, 1.000000000000000000 ) ) ;
#1666 = CARTESIAN_POINT ( 'NONE',  ( -0.01274643622935155000, -0.2800426292568794500, -0.008541741489868224400 ) ) ;
#1667 = PRESENTATION_LAYER_ASSIGNMENT (  '', '', ( #2115 ) ) ;
#1668 = ORIENTED_EDGE ( 'NONE', *, *, #321, .F. ) ;
#1669 = CARTESIAN_POINT ( 'NONE',  ( 0.7498248631973349900, 0.05997058349673227400, -0.03354174148986834000 ) ) ;
#1670 = LINE ( 'NONE', #6966, #3232 ) ;
#1671 = FACE_OUTER_BOUND ( 'NONE', #6647, .T. ) ;
#1672 = EDGE_CURVE ( 'NONE', #5213, #822, #3455, .T. ) ;
#1673 = SURFACE_STYLE_USAGE ( .BOTH. , #5648 ) ;
#1674 = MANIFOLD_SOLID_BREP ( '2466-3_for assemly-2-solid1', #628 ) ;
#1675 = PLANE ( 'NONE',  #7869 ) ;
#1676 = CARTESIAN_POINT ( 'NONE',  ( 0.3192093760139598200, -0.08454306350095014400, 0.06232639284478839300 ) ) ;
#1677 = ADVANCED_FACE ( 'NONE', ( #1466 ), #6866, .F. ) ;
#1678 = ORIENTED_EDGE ( 'NONE', *, *, #2280, .T. ) ;
#1679 = DIRECTION ( 'NONE',  ( 1.000000000000000000, 0.0000000000000000000, 0.0000000000000000000 ) ) ;
#1680 = VECTOR ( 'NONE', #1629, 39.37007874015748100 ) ;
#1681 =( LENGTH_UNIT ( ) NAMED_UNIT ( * ) SI_UNIT ( $, .METRE. ) );
#1682 =( CONVERSION_BASED_UNIT ( 'INCH', #8111 ) LENGTH_UNIT ( ) NAMED_UNIT ( #7179 ) );
#1683 = CYLINDRICAL_SURFACE ( 'NONE', #8418, 0.03500000000000000300 ) ;
#1684 = CARTESIAN_POINT ( 'NONE',  ( 0.6427307619333656500, -0.07478436057155178600, -0.1890125256540941000 ) ) ;
#1685 = CIRCLE ( 'NONE', #1215, 0.02016174311996135300 ) ;
#1686 = COLOUR_RGB ( '',0.7921568627450980000, 0.8196078431372548800, 0.9333333333333333500 ) ;
#1687 = ORIENTED_EDGE ( 'NONE', *, *, #2119, .T. ) ;
#1688 = CARTESIAN_POINT ( 'NONE',  ( 0.5893349286000394400, -0.1798787364192995500, 0.03133166128091525300 ) ) ;
#1689 = ADVANCED_FACE ( 'NONE', ( #1768 ), #6850, .F. ) ;
#1690 = AXIS2_PLACEMENT_3D ( 'NONE', #5901, #4616, #7923 ) ;
#1691 = VERTEX_POINT ( 'NONE', #4210 ) ;
#1692 =( GEOMETRIC_REPRESENTATION_CONTEXT ( 3 ) GLOBAL_UNCERTAINTY_ASSIGNED_CONTEXT ( ( #5507 ) ) GLOBAL_UNIT_ASSIGNED_CONTEXT ( ( #5822, #1841, #6504 ) ) REPRESENTATION_CONTEXT ( 'NONE', 'WORKASPACE' ) );
#1693 = FACE_BOUND ( 'NONE', #5239, .T. ) ;
#1694 =( CONVERSION_BASED_UNIT ( 'INCH', #2060 ) LENGTH_UNIT ( ) NAMED_UNIT ( #6544 ) );
#1695 = STYLED_ITEM ( 'NONE', ( #5407 ), #7036 ) ;
#1696 = VERTEX_POINT ( 'NONE', #6183 ) ;
#1697 = LINE ( 'NONE', #5925, #6997 ) ;
#1698 = FILL_AREA_STYLE ('',( #3672 ) ) ;
#1699 = STYLED_ITEM ( 'NONE', ( #1402 ), #5090 ) ;
#1700 = FILL_AREA_STYLE_COLOUR ( '', #2912 ) ;
#1701 = AXIS2_PLACEMENT_3D ( 'NONE', #2723, #7351, #3395 ) ;
#1702 = EDGE_CURVE ( 'NONE', #8617, #8352, #6247, .T. ) ;
#1703 = SURFACE_STYLE_USAGE ( .BOTH. , #5678 ) ;
#1704 = DIRECTION ( 'NONE',  ( -2.083719980598119200E-016, -1.000000000000000000, 0.0000000000000000000 ) ) ;
#1705 = STYLED_ITEM ( 'NONE', ( #4417 ), #8013 ) ;
#1706 = ORIENTED_EDGE ( 'NONE', *, *, #2704, .F. ) ;
#1707 = CARTESIAN_POINT ( 'NONE',  ( -0.5966402056588257000, 0.01595737074312052500, -0.008541741489868335400 ) ) ;
#1708 = CARTESIAN_POINT ( 'NONE',  ( 0.2545015952667115100, -0.05249130840205974000, -0.03682175232490516500 ) ) ;
#1709 = CARTESIAN_POINT ( 'NONE',  ( 0.5341682619333669700, 0.04051934779616542200, -0.1939365067174096400 ) ) ;
#1710 = VECTOR ( 'NONE', #7557, 39.37007874015748100 ) ;
#1711 = EDGE_CURVE ( 'NONE', #817, #5031, #4507, .T. ) ;
#1712 = SURFACE_SIDE_STYLE ('',( #5868 ) ) ;
#1714 = CARTESIAN_POINT ( 'NONE',  ( 0.7497281360351022400, 0.04095737074312051600, -0.04571304426445600000 ) ) ;
#1713 =( GEOMETRIC_REPRESENTATION_CONTEXT ( 3 ) GLOBAL_UNCERTAINTY_ASSIGNED_CONTEXT ( ( #209 ) ) GLOBAL_UNIT_ASSIGNED_CONTEXT ( ( #3238, #7874, #3916 ) ) REPRESENTATION_CONTEXT ( 'NONE', 'WORKASPACE' ) );
#1715 = VECTOR ( 'NONE', #8189, 39.37007874015748100 ) ;
#1716 = PRESENTATION_STYLE_ASSIGNMENT (( #4731 ) ) ;
#1717 = CIRCLE ( 'NONE', #6860, 0.3750000000000000600 ) ;
#1718 = CARTESIAN_POINT ( 'NONE',  ( 0.6843771478527590500, -0.1341749368377136700, 0.09888362121443192200 ) ) ;
#1719 = EDGE_CURVE ( 'NONE', #2253, #8617, #2709, .T. ) ;
#1720 = DIRECTION ( 'NONE',  ( 0.0000000000000000000, -1.000000000000000000, 0.0000000000000000000 ) ) ;
#1721 = ADVANCED_FACE ( 'NONE', ( #943 ), #4917, .T. ) ;
#1722 = DIRECTION ( 'NONE',  ( 0.0000000000000000000, 0.0000000000000000000, -1.000000000000000000 ) ) ;
#1723 = DIMENSIONAL_EXPONENTS ( 1.000000000000000000, 0.0000000000000000000, 0.0000000000000000000, 0.0000000000000000000, 0.0000000000000000000, 0.0000000000000000000, 0.0000000000000000000 ) ;
#1724 = EDGE_LOOP ( 'NONE', ( #8017, #6212, #5580, #1312 ) ) ;
#1725 = CLOSED_SHELL ( 'NONE', ( #8299, #5936, #5090, #2858, #5163 ) ) ;
#1726 = CARTESIAN_POINT ( 'NONE',  ( -0.5822464362293516800, 0.01595737074312052500, -0.008541741489868335400 ) ) ;
#1727 =( LENGTH_UNIT ( ) NAMED_UNIT ( * ) SI_UNIT ( $, .METRE. ) );
#1728 = DIRECTION ( 'NONE',  ( 0.0000000000000000000, -1.000000000000000000, 0.0000000000000000000 ) ) ;
#1729 = FACE_OUTER_BOUND ( 'NONE', #6991, .T. ) ;
#1730 = LENGTH_MEASURE_WITH_UNIT ( LENGTH_MEASURE( 0.02539999999999999900 ), #8070 );
#1731 = CARTESIAN_POINT ( 'NONE',  ( 0.7557535637706485100, -0.3480426292568794500, 0.3359582585101316100 ) ) ;
#1732 = FILL_AREA_STYLE ('',( #4413 ) ) ;
#1733 = CARTESIAN_POINT ( 'NONE',  ( 0.2834182619334247300, -0.06247482227790562100, -0.1102304488647770900 ) ) ;
#1734 = ORIENTED_EDGE ( 'NONE', *, *, #458, .F. ) ;
#1735 = ORIENTED_EDGE ( 'NONE', *, *, #7331, .F. ) ;
#1736 = MECHANICAL_DESIGN_GEOMETRIC_PRESENTATION_REPRESENTATION (  '', ( #839 ), #2184 ) ;
#1737 = PLANE ( 'NONE',  #3528 ) ;
#1738 = DIMENSIONAL_EXPONENTS ( 1.000000000000000000, 0.0000000000000000000, 0.0000000000000000000, 0.0000000000000000000, 0.0000000000000000000, 0.0000000000000000000, 0.0000000000000000000 ) ;
#1739 = FILL_AREA_STYLE_COLOUR ( '', #1230 ) ;
#1740 = VERTEX_POINT ( 'NONE', #8271 ) ;
#1741 = COLOUR_RGB ( '',0.2941176470588235400, 0.2941176470588235400, 0.2941176470588235400 ) ;
#1742 = ORIENTED_EDGE ( 'NONE', *, *, #1394, .T. ) ;
#1743 = CARTESIAN_POINT ( 'NONE',  ( 0.6079813145194212800, 0.03905880124905905500, 0.1722792549002643800 ) ) ;
#1744 =( GEOMETRIC_REPRESENTATION_CONTEXT ( 3 ) GLOBAL_UNCERTAINTY_ASSIGNED_CONTEXT ( ( #5632 ) ) GLOBAL_UNIT_ASSIGNED_CONTEXT ( ( #4114, #109, #4782 ) ) REPRESENTATION_CONTEXT ( 'NONE', 'WORKASPACE' ) );
#1745 = UNCERTAINTY_MEASURE_WITH_UNIT (LENGTH_MEASURE( 1.000000000000000100E-005 ), #8155, 'distance_accuracy_value', 'NONE');
#1746 = SURFACE_SIDE_STYLE ('',( #3972 ) ) ;
#1747 = LENGTH_MEASURE_WITH_UNIT ( LENGTH_MEASURE( 0.02539999999999999900 ), #4820 );
#1748 = FACE_OUTER_BOUND ( 'NONE', #534, .T. ) ;
#1749 = ORIENTED_EDGE ( 'NONE', *, *, #7000, .T. ) ;
#1750 =( LENGTH_UNIT ( ) NAMED_UNIT ( * ) SI_UNIT ( $, .METRE. ) );
#1751 = DIRECTION ( 'NONE',  ( -0.7071067811865507900, -0.7071067811865443500, 0.0000000000000000000 ) ) ;
#1752 =( LENGTH_UNIT ( ) NAMED_UNIT ( * ) SI_UNIT ( $, .METRE. ) );
#1753 = CYLINDRICAL_SURFACE ( 'NONE', #7463, 0.03099999999999998900 ) ;
#1754 = TOROIDAL_SURFACE ( 'NONE', #2075, 0.06500000000000007200, 0.01600000000000000000 ) ;
#1755 = DIRECTION ( 'NONE',  ( 0.0000000000000000000, 0.0000000000000000000, -1.000000000000000000 ) ) ;
#1756 = SURFACE_SIDE_STYLE ('',( #5110 ) ) ;
#1757 = DIRECTION ( 'NONE',  ( 0.0000000000000000000, 1.000000000000000000, 0.0000000000000000000 ) ) ;
#1758 = CARTESIAN_POINT ( 'NONE',  ( 0.5703557619333884400, -0.1636799584479607900, 0.07956334629043751400 ) ) ;
#1759 = UNCERTAINTY_MEASURE_WITH_UNIT (LENGTH_MEASURE( 1.000000000000000100E-005 ), #3499, 'distance_accuracy_value', 'NONE');
#1760 = LENGTH_MEASURE_WITH_UNIT ( LENGTH_MEASURE( 0.02539999999999999900 ), #1136 );
#1761 = EDGE_CURVE ( 'NONE', #7052, #5034, #110, .T. ) ;
#1762 = ORIENTED_EDGE ( 'NONE', *, *, #261, .T. ) ;
#1763 = DIMENSIONAL_EXPONENTS ( 1.000000000000000000, 0.0000000000000000000, 0.0000000000000000000, 0.0000000000000000000, 0.0000000000000000000, 0.0000000000000000000, 0.0000000000000000000 ) ;
#1764 = DIRECTION ( 'NONE',  ( 0.0000000000000000000, 0.0000000000000000000, -1.000000000000000000 ) ) ;
#1765 = CARTESIAN_POINT ( 'NONE',  ( -0.02274643622935171700, -0.2830426292568795100, -0.008541741489868224400 ) ) ;
#1766 = DIRECTION ( 'NONE',  ( 0.0000000000000000000, -0.9242245927363015300, -0.3818493186865960500 ) ) ;
#1767 = CARTESIAN_POINT ( 'NONE',  ( 0.5275646478527400400, 0.1966398599218029700, -0.01955284060864277300 ) ) ;
#1768 = FACE_OUTER_BOUND ( 'NONE', #3723, .T. ) ;
#1769 = CARTESIAN_POINT ( 'NONE',  ( 0.6924385426806589600, 0.1116337394124356400, 0.1499133427310569100 ) ) ;
#1770 =( NAMED_UNIT ( * ) PLANE_ANGLE_UNIT ( ) SI_UNIT ( $, .RADIAN. ) );
#1771 = PRESENTATION_LAYER_ASSIGNMENT (  '', '', ( #1333 ) ) ;
#1772 =( NAMED_UNIT ( * ) PLANE_ANGLE_UNIT ( ) SI_UNIT ( $, .RADIAN. ) );
#1773 = VECTOR ( 'NONE', #7720, 39.37007874015748100 ) ;
#1774 = CARTESIAN_POINT ( 'NONE',  ( 0.6907535637706484500, -0.06054262925687946300, 0.3414582585101316200 ) ) ;
#1775 = VECTOR ( 'NONE', #1550, 39.37007874015748100 ) ;
#1776 = DIRECTION ( 'NONE',  ( -1.000000000000000000, 0.0000000000000000000, 0.0000000000000000000 ) ) ;
#1777 = DIMENSIONAL_EXPONENTS ( 1.000000000000000000, 0.0000000000000000000, 0.0000000000000000000, 0.0000000000000000000, 0.0000000000000000000, 0.0000000000000000000, 0.0000000000000000000 ) ;
#1778 = SURFACE_STYLE_FILL_AREA ( #6465 ) ;
#1779 = ORIENTED_EDGE ( 'NONE', *, *, #5947, .T. ) ;
#1780 =( NAMED_UNIT ( * ) SI_UNIT ( $, .STERADIAN. ) SOLID_ANGLE_UNIT ( ) );
#1781 = CARTESIAN_POINT ( 'NONE',  ( 0.7065015952667114100, 0.07735085901350949300, 0.01682337198155788400 ) ) ;
#1782 = EDGE_LOOP ( 'NONE', ( #651 ) ) ;
#1783 =( NAMED_UNIT ( * ) PLANE_ANGLE_UNIT ( ) SI_UNIT ( $, .RADIAN. ) );
#1784 = SURFACE_SIDE_STYLE ('',( #2440 ) ) ;
#1785 = CARTESIAN_POINT ( 'NONE',  ( -0.6022464362293515900, -0.3230426292568794900, 0.3109582585101316500 ) ) ;
#1786 = CARTESIAN_POINT ( 'NONE',  ( 0.2531057619334105600, 0.1248602670273667600, -0.05077948475199521600 ) ) ;
#1787 = CARTESIAN_POINT ( 'NONE',  ( 0.3565125645193719100, 0.04042081942420715900, 0.1468767546405528300 ) ) ;
#1788 = DIRECTION ( 'NONE',  ( -0.0000000000000000000, 1.000000000000000000, 0.0000000000000000000 ) ) ;
#1789 = LENGTH_MEASURE_WITH_UNIT ( LENGTH_MEASURE( 0.02539999999999999900 ), #3333 );
#1790 = ORIENTED_EDGE ( 'NONE', *, *, #3557, .T. ) ;
#1791 = FILL_AREA_STYLE_COLOUR ( '', #6893 ) ;
#1792 = MECHANICAL_DESIGN_GEOMETRIC_PRESENTATION_REPRESENTATION (  '', ( #900 ), #2243 ) ;
#1793 = LINE ( 'NONE', #7134, #32 ) ;
#1794 = SURFACE_STYLE_USAGE ( .BOTH. , #5779 ) ;
#1795 = DIRECTION ( 'NONE',  ( -1.000000000000000000, 1.077227126839222100E-016, 0.0000000000000000000 ) ) ;
#1796 = ORIENTED_EDGE ( 'NONE', *, *, #2769, .T. ) ;
#1797 = PRESENTATION_LAYER_ASSIGNMENT (  '', '', ( #1358 ) ) ;
#1798 = ORIENTED_EDGE ( 'NONE', *, *, #6942, .T. ) ;
#1799 =( NAMED_UNIT ( * ) PLANE_ANGLE_UNIT ( ) SI_UNIT ( $, .RADIAN. ) );
#1800 = CARTESIAN_POINT ( 'NONE',  ( 0.4219500645194328400, 0.07006882275739061100, -0.1550955117643317600 ) ) ;
#1801 = LENGTH_MEASURE_WITH_UNIT ( LENGTH_MEASURE( 0.02539999999999999900 ), #1727 );
#1802 = CARTESIAN_POINT ( 'NONE',  ( 0.6723343760139980400, -0.1341749368377136700, 0.09888362121443192200 ) ) ;
#1803 = DIRECTION ( 'NONE',  ( 0.0000000000000000000, 0.0000000000000000000, 1.000000000000000000 ) ) ;
#1804 = DIRECTION ( 'NONE',  ( -0.0000000000000000000, -1.000000000000000000, -0.0000000000000000000 ) ) ;
#1805 =( LENGTH_UNIT ( ) NAMED_UNIT ( * ) SI_UNIT ( $, .METRE. ) );
#1806 = CARTESIAN_POINT ( 'NONE',  ( 0.5192620119333516400, 0.1709615228574662400, 0.1224956847579222700 ) ) ;
#1807 = ORIENTED_EDGE ( 'NONE', *, *, #647, .T. ) ;
#1808 = PRESENTATION_LAYER_ASSIGNMENT (  '', '', ( #918 ) ) ;
#1809 = DIRECTION ( 'NONE',  ( 0.0000000000000000000, 0.0000000000000000000, -1.000000000000000000 ) ) ;
#1810 = SURFACE_STYLE_FILL_AREA ( #3515 ) ;
#1811 = EDGE_CURVE ( 'NONE', #7167, #4644, #6972, .T. ) ;
#1812 = CARTESIAN_POINT ( 'NONE',  ( 0.2742535637706484100, -0.02053261085912316800, -0.03904174148986839400 ) ) ;
#1813 = VECTOR ( 'NONE', #962, 39.37007874015748100 ) ;
#1814 = DIRECTION ( 'NONE',  ( 1.000000000000000000, 0.0000000000000000000, -2.134256245050203000E-016 ) ) ;
#1815 = FACE_OUTER_BOUND ( 'NONE', #3098, .T. ) ;
#1816 = VECTOR ( 'NONE', #8126, 39.37007874015748100 ) ;
#1817 = DIRECTION ( 'NONE',  ( -1.000000000000000000, 0.0000000000000000000, 0.0000000000000000000 ) ) ;
#1818 = CARTESIAN_POINT ( 'NONE',  ( -0.1207464362293516600, -0.03604262925687949600, 0.3414582585101316200 ) ) ;
#1819 =( CONVERSION_BASED_UNIT ( 'INCH', #3698 ) LENGTH_UNIT ( ) NAMED_UNIT ( #4287 ) );
#1820 = CARTESIAN_POINT ( 'NONE',  ( 0.2585843760140301200, 0.1302367087199625700, -0.05290245758684336600 ) ) ;
#1821 = CARTESIAN_POINT ( 'NONE',  ( 0.2605229811860919600, 0.1190084128332163100, 0.03403445754369374700 ) ) ;
#1822 = LINE ( 'NONE', #2784, #3596 ) ;
#1823 = FACE_OUTER_BOUND ( 'NONE', #5753, .T. ) ;
#1824 = LINE ( 'NONE', #3976, #62 ) ;
#1825 = EDGE_CURVE ( 'NONE', #2130, #7084, #5221, .T. ) ;
#1826 = DIRECTION ( 'NONE',  ( -0.0000000000000000000, -1.000000000000000000, 0.0000000000000000000 ) ) ;
#1827 = VERTEX_POINT ( 'NONE', #5620 ) ;
#1829 =( NAMED_UNIT ( * ) PLANE_ANGLE_UNIT ( ) SI_UNIT ( $, .RADIAN. ) );
#1828 = AXIS2_PLACEMENT_3D ( 'NONE', #1542, #7541, #3581 ) ;
#1830 = AXIS2_PLACEMENT_3D ( 'NONE', #207, #4878, #881 ) ;
#1831 = PRESENTATION_STYLE_ASSIGNMENT (( #6184 ) ) ;
#1832 = FILL_AREA_STYLE ('',( #4504 ) ) ;
#1833 = B_SPLINE_CURVE_WITH_KNOTS ( 'NONE', 3,
 ( #1714, #6363, #7029, #3047, #7685, #3720, #8362, #4422 ),
 .UNSPECIFIED., .F., .F.,
 ( 4, 2, 2, 4 ),
 ( 0.01135251925626187500, 0.01186907746044348100, 0.01212735656253428200, 0.01238563566462508500 ),
 .UNSPECIFIED. ) ;
#1834 = CARTESIAN_POINT ( 'NONE',  ( 0.3160958978527443300, -0.09978473946203082800, -0.02244888090511986200 ) ) ;
#1835 = EDGE_CURVE ( 'NONE', #2887, #1844, #1670, .T. ) ;
#1836 = ADVANCED_FACE ( 'NONE', ( #1880 ), #4352, .F. ) ;
#1837 = CARTESIAN_POINT ( 'NONE',  ( 0.6803760426806638700, -0.05094721865818154600, 0.1635369225628103600 ) ) ;
#1838 = DIRECTION ( 'NONE',  ( 0.0000000000000000000, 0.0000000000000000000, 1.000000000000000000 ) ) ;
#1839 =( LENGTH_UNIT ( ) NAMED_UNIT ( * ) SI_UNIT ( $, .METRE. ) );
#1840 = CARTESIAN_POINT ( 'NONE',  ( 0.4102099286000346300, 0.1639854780155915200, -0.09109783287425385300 ) ) ;
#1841 =( NAMED_UNIT ( * ) PLANE_ANGLE_UNIT ( ) SI_UNIT ( $, .RADIAN. ) );
#1842 =( CONVERSION_BASED_UNIT ( 'INCH', #7462 ) LENGTH_UNIT ( ) NAMED_UNIT ( #2033 ) );
#1843 =( NAMED_UNIT ( * ) SI_UNIT ( $, .STERADIAN. ) SOLID_ANGLE_UNIT ( ) );
#1844 = VERTEX_POINT ( 'NONE', #2978 ) ;
#1845 = CARTESIAN_POINT ( 'NONE',  ( 0.7307535637706486000, 0.2539573707431204100, 0.2164582585101316200 ) ) ;
#1846 = AXIS2_PLACEMENT_3D ( 'NONE', #1133, #5781, #1795 ) ;
#1847 = VERTEX_POINT ( 'NONE', #4379 ) ;
#1848 =( CONVERSION_BASED_UNIT ( 'INCH', #2752 ) LENGTH_UNIT ( ) NAMED_UNIT ( #7059 ) );
#1849 =( LENGTH_UNIT ( ) NAMED_UNIT ( * ) SI_UNIT ( $, .METRE. ) );
#1850 = CARTESIAN_POINT ( 'NONE',  ( 0.2783661786000476400, -0.02876669904459381800, -0.1270844861484204400 ) ) ;
#1851 = CARTESIAN_POINT ( 'NONE',  ( 0.6381474286000474700, 0.1413291626598046900, -0.1731948570050299800 ) ) ;
#1852 = MECHANICAL_DESIGN_GEOMETRIC_PRESENTATION_REPRESENTATION (  '', ( #498 ), #2294 ) ;
#1853 =( LENGTH_UNIT ( ) NAMED_UNIT ( * ) SI_UNIT ( $, .METRE. ) );
#1854 = ORIENTED_EDGE ( 'NONE', *, *, #3492, .T. ) ;
#1855 = PLANE ( 'NONE',  #7625 ) ;
#1856 = ORIENTED_EDGE ( 'NONE', *, *, #2610, .T. ) ;
#1857 = LINE ( 'NONE', #3085, #7772 ) ;
#1858 = CARTESIAN_POINT ( 'NONE',  ( 0.2247535637706484500, -0.2800426292568794500, 0.07895825851013164900 ) ) ;
#1859 = CARTESIAN_POINT ( 'NONE',  ( 0.6978974286000443300, -0.05301862480065436900, 0.1688648350553924000 ) ) ;
#1860 =( GEOMETRIC_REPRESENTATION_CONTEXT ( 3 ) GLOBAL_UNCERTAINTY_ASSIGNED_CONTEXT ( ( #5376 ) ) GLOBAL_UNIT_ASSIGNED_CONTEXT ( ( #7732, #3773, #8414 ) ) REPRESENTATION_CONTEXT ( 'NONE', 'WORKASPACE' ) );
#1861 = CARTESIAN_POINT ( 'NONE',  ( 0.5999593760140083900, 0.08588417951181932800, 0.1600628105682333200 ) ) ;
#1862 = ORIENTED_EDGE ( 'NONE', *, *, #4404, .T. ) ;
#1863 = MECHANICAL_DESIGN_GEOMETRIC_PRESENTATION_REPRESENTATION (  '', ( #971 ), #2308 ) ;
#1864 =( NAMED_UNIT ( * ) PLANE_ANGLE_UNIT ( ) SI_UNIT ( $, .RADIAN. ) );
#1865 = EDGE_CURVE ( 'NONE', #4675, #8040, #4190, .T. ) ;
#1866 = ORIENTED_EDGE ( 'NONE', *, *, #7945, .T. ) ;
#1867 =( CONVERSION_BASED_UNIT ( 'INCH', #1313 ) LENGTH_UNIT ( ) NAMED_UNIT ( #7038 ) );
#1868 = EDGE_LOOP ( 'NONE', ( #5579, #6726, #1102, #5904 ) ) ;
#1869 = CARTESIAN_POINT ( 'NONE',  ( 0.3064182619334247500, -0.06247482227790562100, -0.1102304488647770900 ) ) ;
#1870 = STYLED_ITEM ( 'NONE', ( #421 ), #7891 ) ;
#1871 = DIRECTION ( 'NONE',  ( -0.0000000000000000000, -1.000000000000000000, -0.0000000000000000000 ) ) ;
#1872 = DIMENSIONAL_EXPONENTS ( 1.000000000000000000, 0.0000000000000000000, 0.0000000000000000000, 0.0000000000000000000, 0.0000000000000000000, 0.0000000000000000000, 0.0000000000000000000 ) ;
#1873 = CARTESIAN_POINT ( 'NONE',  ( -0.5372464362293516400, 0.2539573707431204100, -0.2335417414898683400 ) ) ;
#1874 = ORIENTED_EDGE ( 'NONE', *, *, #7899, .F. ) ;
#1875 = FILL_AREA_STYLE_COLOUR ( '', #5637 ) ;
#1876 = CARTESIAN_POINT ( 'NONE',  ( -0.5822464362293516800, -0.02121393203146711800, 0.01645825851013166600 ) ) ;
#1877 = COLOUR_RGB ( '',0.9882352941176471000, 1.000000000000000000, 0.9882352941176471000 ) ;
#1878 = CARTESIAN_POINT ( 'NONE',  ( 0.4271260426806721100, -0.05298167900095584300, -0.1798796956978590500 ) ) ;
#1879 = CARTESIAN_POINT ( 'NONE',  ( 0.5577307619333736800, -0.09565478992706603900, -0.1807751914822599000 ) ) ;
#1880 = FACE_OUTER_BOUND ( 'NONE', #2605, .T. ) ;
#1881 = EDGE_CURVE ( 'NONE', #5147, #6258, #832, .T. ) ;
#1882 = VECTOR ( 'NONE', #6287, 39.37007874015748100 ) ;
#1883 = ADVANCED_FACE ( 'NONE', ( #5718 ), #2370, .F. ) ;
#1884 = MECHANICAL_DESIGN_GEOMETRIC_PRESENTATION_REPRESENTATION (  '', ( #532 ), #2326 ) ;
#1885 = MECHANICAL_DESIGN_GEOMETRIC_PRESENTATION_REPRESENTATION (  '', ( #994 ), #2328 ) ;
#1886 = FILL_AREA_STYLE ('',( #5215 ) ) ;
#1887 = CARTESIAN_POINT ( 'NONE',  ( 0.7497281360351139000, -0.009042629256879481200, 0.02862956128471931200 ) ) ;
#1888 = CIRCLE ( 'NONE', #7591, 0.5186371580901264500 ) ;
#1889 = EDGE_CURVE ( 'NONE', #1847, #1527, #1888, .T. ) ;
#1890 = ORIENTED_EDGE ( 'NONE', *, *, #4736, .F. ) ;
#1891 = PRESENTATION_STYLE_ASSIGNMENT (( #8280 ) ) ;
#1892 = VERTEX_POINT ( 'NONE', #6825 ) ;
#1893 = DIRECTION ( 'NONE',  ( 0.0000000000000000000, 0.0000000000000000000, 1.000000000000000000 ) ) ;
#1894 = B_SPLINE_CURVE_WITH_KNOTS ( 'NONE', 3,
 ( #810, #785, #8077, #1486, #6140, #2152, #6801, #2816, #7454, #3501 ),
 .UNSPECIFIED., .F., .F.,
 ( 4, 2, 2, 2, 4 ),
 ( 0.0000000000000000000, 0.0003193412049348470900, 0.0006386824098696941800, 0.0009580236148045412700, 0.001277364819739388400 ),
 .UNSPECIFIED. ) ;
#1895 = VECTOR ( 'NONE', #7419, 39.37007874015748100 ) ;
#1896 = CARTESIAN_POINT ( 'NONE',  ( 0.4615635426806576300, -0.1426500978295292500, 0.05481634749446212500 ) ) ;
#1897 = CIRCLE ( 'NONE', #7757, 0.06200000000000000000 ) ;
#1898 = FILL_AREA_STYLE ('',( #7145 ) ) ;
#1899 = VERTEX_POINT ( 'NONE', #3741 ) ;
#1900 = CARTESIAN_POINT ( 'NONE',  ( 0.6803563145194262400, -0.1821868205665852500, 0.05520927316421411100 ) ) ;
#1901 = SURFACE_STYLE_FILL_AREA ( #7373 ) ;
#1902 = CARTESIAN_POINT ( 'NONE',  ( -0.5822464362293516800, -0.009042629256879481200, 0.06745167927798498300 ) ) ;
#1903 = VECTOR ( 'NONE', #1250, 39.37007874015748100 ) ;
#1904 = CARTESIAN_POINT ( 'NONE',  ( 0.2247535637706484500, -0.2800426292568794500, -0.008541741489868224400 ) ) ;
#1905 = DIRECTION ( 'NONE',  ( -0.7071067811865520100, 0.7071067811865430200, 0.0000000000000000000 ) ) ;
#1906 = CARTESIAN_POINT ( 'NONE',  ( -0.5905978776616885900, 0.04095737074312052300, -0.07260134405858888200 ) ) ;
#1907 =( NAMED_UNIT ( * ) PLANE_ANGLE_UNIT ( ) SI_UNIT ( $, .RADIAN. ) );
#1908 = CARTESIAN_POINT ( 'NONE',  ( 0.5637718760140032500, -0.1817082486240553000, -0.06464161166416047800 ) ) ;
#1909 = LENGTH_MEASURE_WITH_UNIT ( LENGTH_MEASURE( 0.02539999999999999900 ), #7751 );
#1910 = CARTESIAN_POINT ( 'NONE',  ( 0.4675849286000380300, -0.1647526116969642600, 0.06370173717427812800 ) ) ;
#1911 = CARTESIAN_POINT ( 'NONE',  ( 0.7557535637706485100, -0.02053261085912316800, 0.02195825851013172300 ) ) ;
#1912 = EDGE_LOOP ( 'NONE', ( #3373 ) ) ;
#1913 = DIMENSIONAL_EXPONENTS ( 1.000000000000000000, 0.0000000000000000000, 0.0000000000000000000, 0.0000000000000000000, 0.0000000000000000000, 0.0000000000000000000, 0.0000000000000000000 ) ;
#1914 = AXIS2_PLACEMENT_3D ( 'NONE', #1088, #5738, #1755 ) ;
#1915 = LENGTH_MEASURE_WITH_UNIT ( LENGTH_MEASURE( 0.02539999999999999900 ), #7291 );
#1916 = LENGTH_MEASURE_WITH_UNIT ( LENGTH_MEASURE( 0.02539999999999999900 ), #7535 );
#1917 = AXIS2_PLACEMENT_3D ( 'NONE', #7101, #3116, #7755 ) ;
#1918 = UNCERTAINTY_MEASURE_WITH_UNIT (LENGTH_MEASURE( 1.000000000000000100E-005 ), #4450, 'distance_accuracy_value', 'NONE');
#1919 = DIRECTION ( 'NONE',  ( -1.000000000000000000, -0.0000000000000000000, -0.0000000000000000000 ) ) ;
#1920 = EDGE_LOOP ( 'NONE', ( #4426 ) ) ;
#1921 = ADVANCED_FACE ( 'NONE', ( #3338, #117 ), #3065, .F. ) ;
#1922 = CARTESIAN_POINT ( 'NONE',  ( 0.5517093760139932800, -0.08279441096077147500, -0.1609303092424264900 ) ) ;
#1923 = SURFACE_STYLE_FILL_AREA ( #4898 ) ;
#1924 = CIRCLE ( 'NONE', #3923, 0.02500000000000000500 ) ;
#1925 = CARTESIAN_POINT ( 'NONE',  ( 0.5999396478527624400, -0.05819904429828859400, 0.1836418230132998400 ) ) ;
#1926 = UNCERTAINTY_MEASURE_WITH_UNIT (LENGTH_MEASURE( 1.000000000000000100E-005 ), #5770, 'distance_accuracy_value', 'NONE');
#1927 = PLANE ( 'NONE',  #8360 ) ;
#1928 = DIRECTION ( 'NONE',  ( 0.0000000000000000000, -1.000000000000000000, -0.0000000000000000000 ) ) ;
#1929 = STYLED_ITEM ( 'NONE', ( #8546 ), #2204 ) ;
#1930 = EDGE_CURVE ( 'NONE', #956, #7163, #1048, .T. ) ;
#1931 = DIRECTION ( 'NONE',  ( 0.0000000000000000000, 1.914232901720979600E-016, 1.000000000000000000 ) ) ;
#1932 = CARTESIAN_POINT ( 'NONE',  ( 0.7498248631973351000, 0.04095737074312053000, 0.03547147126374340700 ) ) ;
#1933 = CARTESIAN_POINT ( 'NONE',  ( 0.6889952805137440400, 0.01595737074312052500, -0.008541741489868335400 ) ) ;
#1934 = LINE ( 'NONE', #6020, #5463 ) ;
#1935 =( NAMED_UNIT ( * ) SI_UNIT ( $, .STERADIAN. ) SOLID_ANGLE_UNIT ( ) );
#1936 = SURFACE_STYLE_USAGE ( .BOTH. , #5920 ) ;
#1937 = CARTESIAN_POINT ( 'NONE',  ( 0.4101682619333706400, 0.03392665012128887700, -0.1838758846576614700 ) ) ;
#1938 = VERTEX_POINT ( 'NONE', #4167 ) ;
#1939 = ORIENTED_EDGE ( 'NONE', *, *, #3392, .F. ) ;
#1940 = MANIFOLD_SOLID_BREP ( '2485-2-1-solid1', #6417 ) ;
#1941 =( LENGTH_UNIT ( ) NAMED_UNIT ( * ) SI_UNIT ( $, .METRE. ) );
#1942 = CARTESIAN_POINT ( 'NONE',  ( 0.6950015952667113500, 0.1957388194229619500, 0.06573611719341987400 ) ) ;
#1943 = AXIS2_PLACEMENT_3D ( 'NONE', #1726, #6375, #2392 ) ;
#1944 = DIMENSIONAL_EXPONENTS ( 1.000000000000000000, 0.0000000000000000000, 0.0000000000000000000, 0.0000000000000000000, 0.0000000000000000000, 0.0000000000000000000, 0.0000000000000000000 ) ;
#1945 = ORIENTED_EDGE ( 'NONE', *, *, #4703, .F. ) ;
#1946 = FILL_AREA_STYLE ('',( #594 ) ) ;
#1947 = EDGE_CURVE ( 'NONE', #6461, #387, #7551, .T. ) ;
#1948 = DIRECTION ( 'NONE',  ( 0.0000000000000000000, -0.0000000000000000000, 1.000000000000000000 ) ) ;
#1949 = CARTESIAN_POINT ( 'NONE',  ( 0.6907535637706484500, -0.02053261085912316800, -0.3530417414898683300 ) ) ;
#1950 = COLOUR_RGB ( '',0.9882352941176471000, 1.000000000000000000, 0.9882352941176471000 ) ;
#1951 = ORIENTED_EDGE ( 'NONE', *, *, #2271, .F. ) ;
#1952 = CARTESIAN_POINT ( 'NONE',  ( 0.5235438145194439800, 0.2178417575131068600, 0.02660879778915816200 ) ) ;
#1953 = VERTEX_POINT ( 'NONE', #7495 ) ;
#1954 = DIRECTION ( 'NONE',  ( 0.0000000000000000000, 0.0000000000000000000, 1.000000000000000000 ) ) ;
#1955 = DIRECTION ( 'NONE',  ( 0.0000000000000000000, 0.0000000000000000000, -1.000000000000000000 ) ) ;
#1956 = SURFACE_STYLE_USAGE ( .BOTH. , #5948 ) ;
#1957 = CARTESIAN_POINT ( 'NONE',  ( 0.6507535637706483000, -0.2780426292568794500, -0.1310417414898683300 ) ) ;
#1958 =( LENGTH_UNIT ( ) NAMED_UNIT ( * ) SI_UNIT ( $, .METRE. ) );
#1959 = AXIS2_PLACEMENT_3D ( 'NONE', #5483, #1505, #6154 ) ;
#1960 = PLANE ( 'NONE',  #4772 ) ;
#1961 = PRESENTATION_STYLE_ASSIGNMENT (( #7882 ) ) ;
#1962 = CARTESIAN_POINT ( 'NONE',  ( 0.3040531260139834900, -0.1233241765313579100, -0.02516750087312057800 ) ) ;
#1963 = COLOUR_RGB ( '',0.2941176470588235400, 0.2941176470588235400, 0.2941176470588235400 ) ;
#1964 = ORIENTED_EDGE ( 'NONE', *, *, #7478, .T. ) ;
#1965 = STYLED_ITEM ( 'NONE', ( #7124 ), #648 ) ;
#1966 = ADVANCED_FACE ( 'NONE', ( #4618 ), #4855, .F. ) ;
#1967 = MECHANICAL_DESIGN_GEOMETRIC_PRESENTATION_REPRESENTATION (  '', ( #616 ), #2406 ) ;
#1968 = COLOUR_RGB ( '',0.2941176470588235400, 0.2941176470588235400, 0.2941176470588235400 ) ;
#1969 = CARTESIAN_POINT ( 'NONE',  ( 0.2742535637706484100, -0.03604262925687949600, 0.3414582585101316200 ) ) ;
#1970 = FILL_AREA_STYLE ('',( #5304 ) ) ;
#1971 = UNCERTAINTY_MEASURE_WITH_UNIT (LENGTH_MEASURE( 1.000000000000000100E-005 ), #2458, 'distance_accuracy_value', 'NONE');
#1972 = ORIENTED_EDGE ( 'NONE', *, *, #6386, .T. ) ;
#1973 = PRESENTATION_STYLE_ASSIGNMENT (( #3002 ) ) ;
#1974 = CARTESIAN_POINT ( 'NONE',  ( 0.6907535637706484500, 0.2539573707431204100, -0.2335417414898683400 ) ) ;
#1975 = AXIS2_PLACEMENT_3D ( 'NONE', #4373, #347, #5033 ) ;
#1976 =( GEOMETRIC_REPRESENTATION_CONTEXT ( 3 ) GLOBAL_UNCERTAINTY_ASSIGNED_CONTEXT ( ( #2668 ) ) GLOBAL_UNIT_ASSIGNED_CONTEXT ( ( #4830, #831, #5484 ) ) REPRESENTATION_CONTEXT ( 'NONE', 'WORKASPACE' ) );
#1977 = CARTESIAN_POINT ( 'NONE',  ( 0.7307535637706486000, -0.02053261085912316800, 0.02195825851013172300 ) ) ;
#1978 = EDGE_CURVE ( 'NONE', #2689, #5816, #6462, .T. ) ;
#1979 = CARTESIAN_POINT ( 'NONE',  ( -0.9984602808033384800, -0.2800426292568794500, -0.003541741489868221700 ) ) ;
#1980 = CARTESIAN_POINT ( 'NONE',  ( 0.4104708978527512000, 0.1454675098841115800, -0.1292913380958502500 ) ) ;
#1981 =( GEOMETRIC_REPRESENTATION_CONTEXT ( 3 ) GLOBAL_UNCERTAINTY_ASSIGNED_CONTEXT ( ( #8153 ) ) GLOBAL_UNIT_ASSIGNED_CONTEXT ( ( #6924, #2949, #7579 ) ) REPRESENTATION_CONTEXT ( 'NONE', 'WORKASPACE' ) );
#1982 = SURFACE_STYLE_USAGE ( .BOTH. , #5968 ) ;
#1983 =( CONVERSION_BASED_UNIT ( 'INCH', #878 ) LENGTH_UNIT ( ) NAMED_UNIT ( #716 ) );
#1984 = SURFACE_STYLE_FILL_AREA ( #4221 ) ;
#1985 = DIRECTION ( 'NONE',  ( -1.000000000000000000, 1.077227126839222100E-016, 0.0000000000000000000 ) ) ;
#1986 = CARTESIAN_POINT ( 'NONE',  ( -0.5972464362293515800, 0.04095737074312053000, 0.02862956128471931200 ) ) ;
#1987 = FILL_AREA_STYLE_COLOUR ( '', #4730 ) ;
#1988 = DIMENSIONAL_EXPONENTS ( 1.000000000000000000, 0.0000000000000000000, 0.0000000000000000000, 0.0000000000000000000, 0.0000000000000000000, 0.0000000000000000000, 0.0000000000000000000 ) ;
#1989 = LINE ( 'NONE', #1046, #5326 ) ;
#1990 = CARTESIAN_POINT ( 'NONE',  ( 0.7390761814441388900, 0.2539573707431204700, 0.2148120673080471700 ) ) ;
#1991 = FILL_AREA_STYLE ('',( #5294 ) ) ;
#1992 = CARTESIAN_POINT ( 'NONE',  ( 0.2481446193515472200, 0.1323951477556638300, -0.006771353630893160600 ) ) ;
#1993 =( GEOMETRIC_REPRESENTATION_CONTEXT ( 3 ) GLOBAL_UNCERTAINTY_ASSIGNED_CONTEXT ( ( #6150 ) ) GLOBAL_UNIT_ASSIGNED_CONTEXT ( ( #5356, #1368, #6019 ) ) REPRESENTATION_CONTEXT ( 'NONE', 'WORKASPACE' ) );
#1994 = CIRCLE ( 'NONE', #5288, 0.06199999999999997900 ) ;
#1995 = EDGE_CURVE ( 'NONE', #3905, #4089, #8223, .T. ) ;
#1996 = ORIENTED_EDGE ( 'NONE', *, *, #5552, .T. ) ;
#1997 = EDGE_LOOP ( 'NONE', ( #854, #562, #2061, #6113, #2665, #3405, #1275, #2430, #5611, #1862, #3768, #6961 ) ) ;
#1998 = STYLED_ITEM ( 'NONE', ( #6645 ), #2905 ) ;
#1999 = CARTESIAN_POINT ( 'NONE',  ( 0.2530035637706566900, -0.8507926292568777100, -0.3530417414898683300 ) ) ;
#2000 = PRESENTATION_STYLE_ASSIGNMENT (( #2854 ) ) ;
#2001 = SURFACE_STYLE_FILL_AREA ( #4740 ) ;
#2002 = COLOUR_RGB ( '',0.9882352941176471000, 1.000000000000000000, 0.9882352941176471000 ) ;
#2003 = SURFACE_STYLE_USAGE ( .BOTH. , #5986 ) ;
#2004 =( CONVERSION_BASED_UNIT ( 'INCH', #859 ) LENGTH_UNIT ( ) NAMED_UNIT ( #3314 ) );
#2005 = EDGE_CURVE ( 'NONE', #5496, #5031, #4715, .T. ) ;
#2006 = ORIENTED_EDGE ( 'NONE', *, *, #3143, .T. ) ;
#2007 = COLOUR_RGB ( '',0.9882352941176471000, 1.000000000000000000, 0.9882352941176471000 ) ;
#2008 = DIMENSIONAL_EXPONENTS ( 1.000000000000000000, 0.0000000000000000000, 0.0000000000000000000, 0.0000000000000000000, 0.0000000000000000000, 0.0000000000000000000, 0.0000000000000000000 ) ;
#2009 = SURFACE_STYLE_FILL_AREA ( #5351 ) ;
#2010 = ORIENTED_EDGE ( 'NONE', *, *, #5782, .T. ) ;
#2011 = DIRECTION ( 'NONE',  ( -0.0000000000000000000, -1.000000000000000000, -0.0000000000000000000 ) ) ;
#2012 = ORIENTED_EDGE ( 'NONE', *, *, #6499, .F. ) ;
#2013 = CARTESIAN_POINT ( 'NONE',  ( -0.5972464362293515800, 0.01595737074312052500, -0.008541741489868335400 ) ) ;
#2014 = DIRECTION ( 'NONE',  ( 0.0000000000000000000, 0.0000000000000000000, -1.000000000000000000 ) ) ;
#2015 = STYLED_ITEM ( 'NONE', ( #1444 ), #236 ) ;
#2016 = CARTESIAN_POINT ( 'NONE',  ( 0.7557535637706485100, -0.2830426292568795100, 0.1139582585101316500 ) ) ;
#2017 = CARTESIAN_POINT ( 'NONE',  ( 0.7457786617573907200, 0.2539573707431204100, -0.2266468972987342500 ) ) ;
#2018 = CARTESIAN_POINT ( 'NONE',  ( 0.7557535637706485100, -0.02053261085912316800, -0.03904174148986839400 ) ) ;
#2019 = UNCERTAINTY_MEASURE_WITH_UNIT (LENGTH_MEASURE( 1.000000000000000100E-005 ), #3366, 'distance_accuracy_value', 'NONE');
#2020 = CARTESIAN_POINT ( 'NONE',  ( -0.03524643622935137700, -0.2800426292568794500, -0.09604174148986828500 ) ) ;
#2021 = CARTESIAN_POINT ( 'NONE',  ( 0.6532535637706481400, -0.09804262925687946800, -0.3530417414898683300 ) ) ;
#2022 = AXIS2_PLACEMENT_3D ( 'NONE', #7437, #3484, #8121 ) ;
#2023 = VERTEX_POINT ( 'NONE', #6900 ) ;
#2024 = LENGTH_MEASURE_WITH_UNIT ( LENGTH_MEASURE( 0.02539999999999999900 ), #560 );
#2025 = LINE ( 'NONE', #5417, #2750 ) ;
#2026 = DIRECTION ( 'NONE',  ( -0.0000000000000000000, -0.0000000000000000000, -1.000000000000000000 ) ) ;
#2027 = UNCERTAINTY_MEASURE_WITH_UNIT (LENGTH_MEASURE( 1.000000000000000100E-005 ), #4643, 'distance_accuracy_value', 'NONE');
#2028 = UNCERTAINTY_MEASURE_WITH_UNIT (LENGTH_MEASURE( 1.000000000000000100E-005 ), #2044, 'distance_accuracy_value', 'NONE');
#2029 = CARTESIAN_POINT ( 'NONE',  ( 0.7357535637706483800, -0.009042629256879472500, 0.06745167927798498300 ) ) ;
#2030 = MECHANICAL_DESIGN_GEOMETRIC_PRESENTATION_REPRESENTATION (  '', ( #1138 ), #2464 ) ;
#2031 = STYLED_ITEM ( 'NONE', ( #3732 ), #1189 ) ;
#2032 = EDGE_CURVE ( 'NONE', #3481, #5705, #2710, .T. ) ;
#2033 = DIMENSIONAL_EXPONENTS ( 1.000000000000000000, 0.0000000000000000000, 0.0000000000000000000, 0.0000000000000000000, 0.0000000000000000000, 0.0000000000000000000, 0.0000000000000000000 ) ;
#2034 = COLOUR_RGB ( '',0.9882352941176471000, 1.000000000000000000, 0.9882352941176471000 ) ;
#2035 = FILL_AREA_STYLE ('',( #7983 ) ) ;
#2036 = VECTOR ( 'NONE', #5336, 39.37007874015748100 ) ;
#2037 = ORIENTED_EDGE ( 'NONE', *, *, #7000, .F. ) ;
#2038 = CARTESIAN_POINT ( 'NONE',  ( -0.5322464362293516400, 0.01595737074312052500, -0.008541741489868335400 ) ) ;
#2039 = LINE ( 'NONE', #8128, #263 ) ;
#2040 =( CONVERSION_BASED_UNIT ( 'INCH', #6695 ) LENGTH_UNIT ( ) NAMED_UNIT ( #6049 ) );
#2041 = DIMENSIONAL_EXPONENTS ( 1.000000000000000000, 0.0000000000000000000, 0.0000000000000000000, 0.0000000000000000000, 0.0000000000000000000, 0.0000000000000000000, 0.0000000000000000000 ) ;
#2042 = EDGE_CURVE ( 'NONE', #3605, #1119, #8011, .T. ) ;
#2043 =( NAMED_UNIT ( * ) SI_UNIT ( $, .STERADIAN. ) SOLID_ANGLE_UNIT ( ) );
#2044 =( CONVERSION_BASED_UNIT ( 'INCH', #6072 ) LENGTH_UNIT ( ) NAMED_UNIT ( #2341 ) );
#2045 = ADVANCED_FACE ( 'NONE', ( #4305 ), #264, .T. ) ;
#2046 = PRESENTATION_LAYER_ASSIGNMENT (  '', '', ( #1599 ) ) ;
#2047 =( NAMED_UNIT ( * ) PLANE_ANGLE_UNIT ( ) SI_UNIT ( $, .RADIAN. ) );
#2048 = CARTESIAN_POINT ( 'NONE',  ( 0.7557535637706485100, 0.2539573707431204100, 0.1781108546263189300 ) ) ;
#2049 = MECHANICAL_DESIGN_GEOMETRIC_PRESENTATION_REPRESENTATION (  '', ( #1162 ), #2492 ) ;
#2050 = B_SPLINE_CURVE_WITH_KNOTS ( 'NONE', 3,
 ( #7080, #5747, #1094, #3096, #7735, #3779, #8419, #4471, #442, #5125 ),
 .UNSPECIFIED., .F., .F.,
 ( 4, 2, 2, 2, 4 ),
 ( 8.673617379884035500E-019, 0.0003168022121436363500, 0.0006336044242872718300, 0.0009504066364309073200, 0.001267208848574542800 ),
 .UNSPECIFIED. ) ;
#2051 = DIMENSIONAL_EXPONENTS ( 1.000000000000000000, 0.0000000000000000000, 0.0000000000000000000, 0.0000000000000000000, 0.0000000000000000000, 0.0000000000000000000, 0.0000000000000000000 ) ;
#2052 = EDGE_CURVE ( 'NONE', #2130, #950, #6973, .T. ) ;
#2053 = CARTESIAN_POINT ( 'NONE',  ( 0.3555432619333951900, 0.07406995658092199700, 0.1399215458162463300 ) ) ;
#2054 = ORIENTED_EDGE ( 'NONE', *, *, #3765, .T. ) ;
#2055 =( NAMED_UNIT ( * ) SI_UNIT ( $, .STERADIAN. ) SOLID_ANGLE_UNIT ( ) );
#2056 = ORIENTED_EDGE ( 'NONE', *, *, #1702, .T. ) ;
#2057 = DIRECTION ( 'NONE',  ( -1.000000000000000000, 0.0000000000000000000, 0.0000000000000000000 ) ) ;
#2058 = COLOUR_RGB ( '',0.2941176470588235400, 0.2941176470588235400, 0.2941176470588235400 ) ;
#2059 = CARTESIAN_POINT ( 'NONE',  ( 0.2530035637706566900, -0.8507926292568777100, 0.3009582585101315800 ) ) ;
#2060 = LENGTH_MEASURE_WITH_UNIT ( LENGTH_MEASURE( 0.02539999999999999900 ), #5668 );
#2061 = ORIENTED_EDGE ( 'NONE', *, *, #4184, .T. ) ;
#2062 =( NAMED_UNIT ( * ) PLANE_ANGLE_UNIT ( ) SI_UNIT ( $, .RADIAN. ) );
#2063 = ORIENTED_EDGE ( 'NONE', *, *, #346, .F. ) ;
#2064 = COLOUR_RGB ( '',0.2941176470588235400, 0.2941176470588235400, 0.2941176470588235400 ) ;
#2065 = CARTESIAN_POINT ( 'NONE',  ( -0.02524643622935148300, -0.2800426292568794500, 0.04395825851013166600 ) ) ;
#2066 =( NAMED_UNIT ( * ) PLANE_ANGLE_UNIT ( ) SI_UNIT ( $, .RADIAN. ) );
#2067 = VERTEX_POINT ( 'NONE', #4960 ) ;
#2068 = CARTESIAN_POINT ( 'NONE',  ( -0.1207464362293516100, -0.3480426292568792900, 0.3009582585101315800 ) ) ;
#2069 = EDGE_LOOP ( 'NONE', ( #3421 ) ) ;
#2070 = CARTESIAN_POINT ( 'NONE',  ( -0.1827464362293516600, -0.09804262925687946800, 0.3414582585101316200 ) ) ;
#2071 = CARTESIAN_POINT ( 'NONE',  ( -0.02524643622935148300, -0.2800426292568794500, -0.08604174148986829000 ) ) ;
#2072 = CYLINDRICAL_SURFACE ( 'NONE', #2135, 0.02500000000000000500 ) ;
#2073 = VERTEX_POINT ( 'NONE', #968 ) ;
#2074 = CARTESIAN_POINT ( 'NONE',  ( 0.2742535637706484100, -0.02053261085912316800, -0.3530417414898683300 ) ) ;
#2075 = AXIS2_PLACEMENT_3D ( 'NONE', #8573, #2607, #7238 ) ;
#2076 = LENGTH_MEASURE_WITH_UNIT ( LENGTH_MEASURE( 0.02539999999999999900 ), #3683 );
#2077 = CYLINDRICAL_SURFACE ( 'NONE', #409, 0.02500000000000000500 ) ;
#2078 = PRESENTATION_LAYER_ASSIGNMENT (  '', '', ( #1194 ) ) ;
#2079 = FILL_AREA_STYLE ('',( #4754 ) ) ;
#2080 = CARTESIAN_POINT ( 'NONE',  ( 0.2596450915030071300, 0.1383054171329791400, -0.006728388886052151000 ) ) ;
#2081 = STYLED_ITEM ( 'NONE', ( #335 ), #7630 ) ;
#2082 = ORIENTED_EDGE ( 'NONE', *, *, #6111, .F. ) ;
#2083 = LINE ( 'NONE', #908, #5613 ) ;
#2084 = DIMENSIONAL_EXPONENTS ( 1.000000000000000000, 0.0000000000000000000, 0.0000000000000000000, 0.0000000000000000000, 0.0000000000000000000, 0.0000000000000000000, 0.0000000000000000000 ) ;
#2085 = DIRECTION ( 'NONE',  ( 0.0000000000000000000, 0.0000000000000000000, 1.000000000000000000 ) ) ;
#2086 =( NAMED_UNIT ( * ) PLANE_ANGLE_UNIT ( ) SI_UNIT ( $, .RADIAN. ) );
#2087 = DIRECTION ( 'NONE',  ( 1.000000000000000000, 0.0000000000000000000, 0.0000000000000000000 ) ) ;
#2088 = SURFACE_SIDE_STYLE ('',( #4586 ) ) ;
#2089 = ORIENTED_EDGE ( 'NONE', *, *, #8227, .F. ) ;
#2090 = AXIS2_PLACEMENT_3D ( 'NONE', #3385, #8028, #4072 ) ;
#2091 = AXIS2_PLACEMENT_3D ( 'NONE', #824, #5475, #1494 ) ;
#2092 =( NAMED_UNIT ( * ) PLANE_ANGLE_UNIT ( ) SI_UNIT ( $, .RADIAN. ) );
#2093 = ORIENTED_EDGE ( 'NONE', *, *, #4634, .T. ) ;
#2094 = EDGE_CURVE ( 'NONE', #1527, #6402, #3645, .T. ) ;
#2095 = FILL_AREA_STYLE ('',( #5411 ) ) ;
#2096 = EDGE_LOOP ( 'NONE', ( #3621, #4489, #7503, #7737 ) ) ;
#2097 = AXIS2_PLACEMENT_3D ( 'NONE', #8561, #4597, #574 ) ;
#2098 = LINE ( 'NONE', #936, #3661 ) ;
#2099 = VERTEX_POINT ( 'NONE', #835 ) ;
#2100 =( NAMED_UNIT ( * ) SI_UNIT ( $, .STERADIAN. ) SOLID_ANGLE_UNIT ( ) );
#2101 = FACE_OUTER_BOUND ( 'NONE', #737, .T. ) ;
#2102 = CARTESIAN_POINT ( 'NONE',  ( 0.4331474286000525100, -0.05298167900095584300, -0.1798796956978590500 ) ) ;
#2103 = CARTESIAN_POINT ( 'NONE',  ( 0.7357535637706483800, -0.009042629256879463800, -0.08453516225772164700 ) ) ;
#2104 = FACE_OUTER_BOUND ( 'NONE', #5651, .T. ) ;
#2105 = FILL_AREA_STYLE_COLOUR ( '', #1242 ) ;
#2106 = DIRECTION ( 'NONE',  ( 0.0000000000000000000, 0.0000000000000000000, -1.000000000000000000 ) ) ;
#2107 =( NAMED_UNIT ( * ) SI_UNIT ( $, .STERADIAN. ) SOLID_ANGLE_UNIT ( ) );
#2108 = CARTESIAN_POINT ( 'NONE',  ( -0.5772464362293517900, -0.3230426292568794900, 0.3359582585101316100 ) ) ;
#2109 = ORIENTED_EDGE ( 'NONE', *, *, #2653, .T. ) ;
#2110 = SURFACE_STYLE_USAGE ( .BOTH. , #6101 ) ;
#2111 = LINE ( 'NONE', #5389, #5635 ) ;
#2112 = PRESENTATION_STYLE_ASSIGNMENT (( #5240 ) ) ;
#2113 = CARTESIAN_POINT ( 'NONE',  ( -0.5372464362293516400, -0.06054262925687946300, 0.3414582585101316200 ) ) ;
#2114 =( LENGTH_UNIT ( ) NAMED_UNIT ( * ) SI_UNIT ( $, .METRE. ) );
#2115 = STYLED_ITEM ( 'NONE', ( #1427 ), #3133 ) ;
#2116 = CARTESIAN_POINT ( 'NONE',  ( -0.1827464362293516600, -0.03604262925687949600, 0.3414582585101316200 ) ) ;
#2117 =( LENGTH_UNIT ( ) NAMED_UNIT ( * ) SI_UNIT ( $, .METRE. ) );
#2118 = CARTESIAN_POINT ( 'NONE',  ( -0.03524643622935151600, -0.2800426292568794500, 0.07895825851013170400 ) ) ;
#2119 = EDGE_CURVE ( 'NONE', #765, #8564, #1283, .T. ) ;
#2120 = COLOUR_RGB ( '',0.2941176470588235400, 0.2941176470588235400, 0.2941176470588235400 ) ;
#2121 = PRESENTATION_STYLE_ASSIGNMENT (( #3714 ) ) ;
#2122 = EDGE_LOOP ( 'NONE', ( #8374 ) ) ;
#2123 = CARTESIAN_POINT ( 'NONE',  ( -0.5905978776616880300, 0.08001697331184107200, 0.01645825851013167300 ) ) ;
#2124 = LENGTH_MEASURE_WITH_UNIT ( LENGTH_MEASURE( 0.02539999999999999900 ), #3564 );
#2125 = DIRECTION ( 'NONE',  ( 1.000000000000000000, 0.0000000000000000000, 0.0000000000000000000 ) ) ;
#2126 = COLOUR_RGB ( '',0.2941176470588235400, 0.2941176470588235400, 0.2941176470588235400 ) ;
#2127 = PRESENTATION_LAYER_ASSIGNMENT (  '', '', ( #784 ) ) ;
#2128 = FILL_AREA_STYLE ('',( #8049 ) ) ;
#2129 = CARTESIAN_POINT ( 'NONE',  ( 0.6622724286000571900, -0.1606779668155687000, -0.1178326279686197900 ) ) ;
#2130 = VERTEX_POINT ( 'NONE', #941 ) ;
#2131 =( NAMED_UNIT ( * ) SI_UNIT ( $, .STERADIAN. ) SOLID_ANGLE_UNIT ( ) );
#2132 = CARTESIAN_POINT ( 'NONE',  ( 0.2605044418424894400, 0.09889672248065203800, 0.02572518367333767600 ) ) ;
#2133 = DIRECTION ( 'NONE',  ( 0.0000000000000000000, 0.0000000000000000000, 1.000000000000000000 ) ) ;
#2134 = FILL_AREA_STYLE_COLOUR ( '', #5698 ) ;
#2135 = AXIS2_PLACEMENT_3D ( 'NONE', #6351, #7666, #6373 ) ;
#2136 = LENGTH_MEASURE_WITH_UNIT ( LENGTH_MEASURE( 0.02539999999999999900 ), #5415 );
#2137 = PLANE ( 'NONE',  #6037 ) ;
#2138 =( LENGTH_UNIT ( ) NAMED_UNIT ( * ) SI_UNIT ( $, .METRE. ) );
#2139 = FILL_AREA_STYLE ('',( #7550 ) ) ;
#2140 = FILL_AREA_STYLE_COLOUR ( '', #6696 ) ;
#2141 = CARTESIAN_POINT ( 'NONE',  ( 0.6907535637706484500, -0.3480426292568794500, -0.1310417414898683300 ) ) ;
#2142 = AXIS2_PLACEMENT_3D ( 'NONE', #6565, #2580, #7212 ) ;
#2143 = PRESENTATION_LAYER_ASSIGNMENT (  '', '', ( #1257 ) ) ;
#2144 = ORIENTED_EDGE ( 'NONE', *, *, #3664, .F. ) ;
#2145 = EDGE_CURVE ( 'NONE', #6060, #6060, #5222, .T. ) ;
#2146 = COLOUR_RGB ( '',0.9882352941176471000, 1.000000000000000000, 0.9882352941176471000 ) ;
#2147 = AXIS2_PLACEMENT_3D ( 'NONE', #2771, #7406, #3448 ) ;
#2148 = CARTESIAN_POINT ( 'NONE',  ( -0.5201755700876192800, -0.04414128209171727700, -0.03330364625177317100 ) ) ;
#2149 = FILL_AREA_STYLE ('',( #4154 ) ) ;
#2150 = EDGE_LOOP ( 'NONE', ( #366, #8517, #7768, #7094 ) ) ;
#2151 = UNCERTAINTY_MEASURE_WITH_UNIT (LENGTH_MEASURE( 1.000000000000000100E-005 ), #4733, 'distance_accuracy_value', 'NONE');
#2152 = CARTESIAN_POINT ( 'NONE',  ( -0.5987427628309390800, 0.2539573707431204700, -0.2158141227268150500 ) ) ;
#2153 = CARTESIAN_POINT ( 'NONE',  ( 0.3555432619333951900, 0.07406995658092199700, 0.1399215458162463300 ) ) ;
#2154 = EDGE_CURVE ( 'NONE', #4950, #7163, #111, .T. ) ;
#2155 =( NAMED_UNIT ( * ) PLANE_ANGLE_UNIT ( ) SI_UNIT ( $, .RADIAN. ) );
#2156 = FILL_AREA_STYLE ('',( #2770 ) ) ;
#2157 = AXIS2_PLACEMENT_3D ( 'NONE', #5286, #1290, #5939 ) ;
#2158 = CARTESIAN_POINT ( 'NONE',  ( -0.5822464362293516800, -0.06404262925687948000, -0.008541741489868335400 ) ) ;
#2159 = ORIENTED_EDGE ( 'NONE', *, *, #254, .T. ) ;
#2160 = STYLED_ITEM ( 'NONE', ( #7242 ), #2663 ) ;
#2161 = SURFACE_STYLE_USAGE ( .BOTH. , #6146 ) ;
#2162 = FACE_OUTER_BOUND ( 'NONE', #6673, .T. ) ;
#2163 = VERTEX_POINT ( 'NONE', #5674 ) ;
#2164 = SURFACE_SIDE_STYLE ('',( #7906 ) ) ;
#2165 = EDGE_CURVE ( 'NONE', #7752, #7348, #6760, .T. ) ;
#2166 = SURFACE_SIDE_STYLE ('',( #2193 ) ) ;
#2167 = CARTESIAN_POINT ( 'NONE',  ( -0.5372464362293516400, -0.3480426292568794500, -0.3180417414898682500 ) ) ;
#2168 = VECTOR ( 'NONE', #5421, 39.37007874015748100 ) ;
#2169 = VECTOR ( 'NONE', #3210, 39.37007874015748100 ) ;
#2170 = DIRECTION ( 'NONE',  ( 1.000000000000000000, 0.0000000000000000000, 0.0000000000000000000 ) ) ;
#2171 = COLOUR_RGB ( '',0.9882352941176471000, 1.000000000000000000, 0.9882352941176471000 ) ;
#2172 = ORIENTED_EDGE ( 'NONE', *, *, #6451, .F. ) ;
#2173 = PLANE ( 'NONE',  #5091 ) ;
#2174 = DIRECTION ( 'NONE',  ( -1.000000000000000000, 2.083719980598119200E-016, 0.0000000000000000000 ) ) ;
#2175 = DIRECTION ( 'NONE',  ( -1.000000000000000000, 0.0000000000000000000, 1.422837496700137700E-016 ) ) ;
#2176 = ORIENTED_EDGE ( 'NONE', *, *, #8120, .T. ) ;
#2177 = CARTESIAN_POINT ( 'NONE',  ( 0.6496474286000504300, 0.1303361416678432100, -0.1587571249340800100 ) ) ;
#2178 = CIRCLE ( 'NONE', #257, 0.03099999999999998900 ) ;
#2179 = CARTESIAN_POINT ( 'NONE',  ( 0.6736826976289161900, -0.04414128209171727700, 0.01622016327203650000 ) ) ;
#2180 = SURFACE_STYLE_FILL_AREA ( #7286 ) ;
#2181 = DIRECTION ( 'NONE',  ( -1.000000000000000000, -0.0000000000000000000, -0.0000000000000000000 ) ) ;
#2182 = VERTEX_POINT ( 'NONE', #3675 ) ;
#2183 = UNCERTAINTY_MEASURE_WITH_UNIT (LENGTH_MEASURE( 1.000000000000000100E-005 ), #7070, 'distance_accuracy_value', 'NONE');
#2184 =( GEOMETRIC_REPRESENTATION_CONTEXT ( 3 ) GLOBAL_UNCERTAINTY_ASSIGNED_CONTEXT ( ( #5583 ) ) GLOBAL_UNIT_ASSIGNED_CONTEXT ( ( #3750, #8391, #4444 ) ) REPRESENTATION_CONTEXT ( 'NONE', 'WORKASPACE' ) );
#2185 = CARTESIAN_POINT ( 'NONE',  ( 0.6907535637706484500, -0.3480426292568794500, -0.1310417414898683300 ) ) ;
#2186 = CARTESIAN_POINT ( 'NONE',  ( 0.3814911786000380600, 0.1842715151212520300, 0.02137827264569186800 ) ) ;
#2187 = COLOUR_RGB ( '',0.9882352941176471000, 1.000000000000000000, 0.9882352941176471000 ) ;
#2188 =( NAMED_UNIT ( * ) PLANE_ANGLE_UNIT ( ) SI_UNIT ( $, .RADIAN. ) );
#2189 = FILL_AREA_STYLE ('',( #815 ) ) ;
#2190 = DIRECTION ( 'NONE',  ( -1.000000000000000000, 0.0000000000000000000, 0.0000000000000000000 ) ) ;
#2191 = SURFACE_SIDE_STYLE ('',( #6735 ) ) ;
#2192 = CARTESIAN_POINT ( 'NONE',  ( 0.7401392575860786800, 0.08668927786657794300, 0.01645825851013166600 ) ) ;
#2193 = SURFACE_STYLE_FILL_AREA ( #6148 ) ;
#2194 = STYLED_ITEM ( 'NONE', ( #7963 ), #4652 ) ;
#2195 = FILL_AREA_STYLE ('',( #8152 ) ) ;
#2196 = PRESENTATION_STYLE_ASSIGNMENT (( #929 ) ) ;
#2197 =( LENGTH_UNIT ( ) NAMED_UNIT ( * ) SI_UNIT ( $, .METRE. ) );
#2198 = CARTESIAN_POINT ( 'NONE',  ( -0.1827464362293516600, -0.09804262925687946800, 0.3414582585101316200 ) ) ;
#2199 =( LENGTH_UNIT ( ) NAMED_UNIT ( * ) SI_UNIT ( $, .METRE. ) );
#2200 = ORIENTED_EDGE ( 'NONE', *, *, #1865, .T. ) ;
#2201 = CARTESIAN_POINT ( 'NONE',  ( 0.7065015952667114100, 0.07735085901350949300, 0.01682337198155788400 ) ) ;
#2202 = ORIENTED_EDGE ( 'NONE', *, *, #4062, .T. ) ;
#2203 = CARTESIAN_POINT ( 'NONE',  ( 0.5692307619333737400, -0.08585776110366702400, -0.1656573723410072200 ) ) ;
#2204 = ADVANCED_FACE ( 'NONE', ( #1671 ), #615, .T. ) ;
#2205 = FACE_OUTER_BOUND ( 'NONE', #3744, .T. ) ;
#2206 = VECTOR ( 'NONE', #7976, 39.37007874015748100 ) ;
#2207 = UNCERTAINTY_MEASURE_WITH_UNIT (LENGTH_MEASURE( 1.000000000000000100E-005 ), #2974, 'distance_accuracy_value', 'NONE');
#2208 = CARTESIAN_POINT ( 'NONE',  ( 0.6468755692447126800, 0.01595737074312052500, -0.02870348460982968800 ) ) ;
#2209 = SURFACE_STYLE_FILL_AREA ( #6640 ) ;
#2210 = EDGE_CURVE ( 'NONE', #2584, #822, #7683, .T. ) ;
#2211 = ORIENTED_EDGE ( 'NONE', *, *, #7661, .F. ) ;
#2212 = CARTESIAN_POINT ( 'NONE',  ( 0.6421682619333865000, 0.09000812495147585100, -0.2021596555791619600 ) ) ;
#2213 = LINE ( 'NONE', #1957, #2417 ) ;
#2214 = CARTESIAN_POINT ( 'NONE',  ( -0.5372464362293516400, -0.3480426292568794500, 0.1139582585101316500 ) ) ;
#2215 = SURFACE_STYLE_FILL_AREA ( #4465 ) ;
#2216 = SPHERICAL_SURFACE ( 'NONE', #5476, 0.02500000000000000100 ) ;
#2217 = ORIENTED_EDGE ( 'NONE', *, *, #7651, .F. ) ;
#2218 = EDGE_CURVE ( 'NONE', #2674, #372, #5935, .T. ) ;
#2219 = PLANE ( 'NONE',  #4957 ) ;
#2220 = VERTEX_POINT ( 'NONE', #8370 ) ;
#2221 = SURFACE_STYLE_USAGE ( .BOTH. , #6201 ) ;
#2222 = VECTOR ( 'NONE', #388, 39.37007874015748100 ) ;
#2223 = FACE_BOUND ( 'NONE', #6889, .T. ) ;
#2224 = PRESENTATION_STYLE_ASSIGNMENT (( #4937 ) ) ;
#2225 = PRESENTATION_STYLE_ASSIGNMENT (( #5619 ) ) ;
#2226 = MECHANICAL_DESIGN_GEOMETRIC_PRESENTATION_REPRESENTATION (  '', ( #1333 ), #2673 ) ;
#2227 = CARTESIAN_POINT ( 'NONE',  ( 0.7557535637706485100, -0.02053261085912316800, 0.3359582585101316100 ) ) ;
#2228 = ORIENTED_EDGE ( 'NONE', *, *, #6618, .T. ) ;
#2229 = CARTESIAN_POINT ( 'NONE',  ( -0.03524643622935164800, -0.2800426292568794500, 0.05395825851013166100 ) ) ;
#2230 = FILL_AREA_STYLE ('',( #2865 ) ) ;
#2231 = CARTESIAN_POINT ( 'NONE',  ( 0.6576826976289161800, -0.04414128209171727700, 0.01622016327203650000 ) ) ;
#2232 = LENGTH_MEASURE_WITH_UNIT ( LENGTH_MEASURE( 0.02539999999999999900 ), #2138 );
#2233 = CARTESIAN_POINT ( 'NONE',  ( -0.5972464362293515800, -0.02121393203146711800, 0.01645825851013166600 ) ) ;
#2234 = LENGTH_MEASURE_WITH_UNIT ( LENGTH_MEASURE( 0.02539999999999999900 ), #6917 );
#2235 = LINE ( 'NONE', #1344, #250 ) ;
#2236 = PRESENTATION_STYLE_ASSIGNMENT (( #6439 ) ) ;
#2237 = CARTESIAN_POINT ( 'NONE',  ( 0.4790849286000380400, -0.1479149301639468800, 0.05693285275583901500 ) ) ;
#2238 =( CONVERSION_BASED_UNIT ( 'INCH', #2620 ) LENGTH_UNIT ( ) NAMED_UNIT ( #8497 ) );
#2239 =( NAMED_UNIT ( * ) PLANE_ANGLE_UNIT ( ) SI_UNIT ( $, .RADIAN. ) );
#2240 = LENGTH_MEASURE_WITH_UNIT ( LENGTH_MEASURE( 0.02539999999999999900 ), #4124 );
#2241 = FACE_OUTER_BOUND ( 'NONE', #8440, .T. ) ;
#2242 = CARTESIAN_POINT ( 'NONE',  ( 0.6059807619333887900, 0.09498438191044054900, 0.1820039480311170500 ) ) ;
#2243 =( GEOMETRIC_REPRESENTATION_CONTEXT ( 3 ) GLOBAL_UNCERTAINTY_ASSIGNED_CONTEXT ( ( #7681 ) ) GLOBAL_UNIT_ASSIGNED_CONTEXT ( ( #7102, #3117, #7758 ) ) REPRESENTATION_CONTEXT ( 'NONE', 'WORKASPACE' ) );
#2244 =( LENGTH_UNIT ( ) NAMED_UNIT ( * ) SI_UNIT ( $, .METRE. ) );
#2245 = VERTEX_POINT ( 'NONE', #4431 ) ;
#2246 = CARTESIAN_POINT ( 'NONE',  ( -0.4972464362293516600, -0.2830426292568795100, -0.1310417414898683300 ) ) ;
#2247 = MECHANICAL_DESIGN_GEOMETRIC_PRESENTATION_REPRESENTATION (  '', ( #1358 ), #2691 ) ;
#2248 = CARTESIAN_POINT ( 'NONE',  ( 0.7507535637706483900, -0.009042629256879481200, 0.02862956128471931200 ) ) ;
#2249 = ADVANCED_FACE ( 'NONE', ( #2389 ), #3112, .T. ) ;
#2250 = CARTESIAN_POINT ( 'NONE',  ( -0.9984602808033384800, -0.2800426292568794500, 0.06895825851013148700 ) ) ;
#2251 = DIMENSIONAL_EXPONENTS ( 1.000000000000000000, 0.0000000000000000000, 0.0000000000000000000, 0.0000000000000000000, 0.0000000000000000000, 0.0000000000000000000, 0.0000000000000000000 ) ;
#2252 =( NAMED_UNIT ( * ) SI_UNIT ( $, .STERADIAN. ) SOLID_ANGLE_UNIT ( ) );
#2253 = VERTEX_POINT ( 'NONE', #5109 ) ;
#2254 = DIRECTION ( 'NONE',  ( -0.0000000000000000000, 1.000000000000000000, 0.0000000000000000000 ) ) ;
#2255 = DIRECTION ( 'NONE',  ( -0.0000000000000000000, 1.000000000000000000, -0.0000000000000000000 ) ) ;
#2256 = CARTESIAN_POINT ( 'NONE',  ( -0.1207464362293516100, -0.3480426292568792900, 0.3359582585101316100 ) ) ;
#2257 = MECHANICAL_DESIGN_GEOMETRIC_PRESENTATION_REPRESENTATION (  '', ( #918 ), #2700 ) ;
#2258 = STYLED_ITEM ( 'NONE', ( #5011 ), #1836 ) ;
#2259 = EDGE_CURVE ( 'NONE', #6070, #7348, #4902, .T. ) ;
#2260 = ORIENTED_EDGE ( 'NONE', *, *, #7201, .T. ) ;
#2261 = CARTESIAN_POINT ( 'NONE',  ( 0.3670432619333952000, 0.06750341595158977600, 0.1232836465973632500 ) ) ;
#2262 = ORIENTED_EDGE ( 'NONE', *, *, #5445, .T. ) ;
#2263 = STYLED_ITEM ( 'NONE', ( #2624 ), #8299 ) ;
#2264 =( NAMED_UNIT ( * ) SI_UNIT ( $, .STERADIAN. ) SOLID_ANGLE_UNIT ( ) );
#2265 = SURFACE_STYLE_USAGE ( .BOTH. , #6250 ) ;
#2266 = LINE ( 'NONE', #684, #3835 ) ;
#2267 = FACE_OUTER_BOUND ( 'NONE', #1323, .T. ) ;
#2268 = FACE_OUTER_BOUND ( 'NONE', #185, .T. ) ;
#2269 = ORIENTED_EDGE ( 'NONE', *, *, #1534, .T. ) ;
#2270 = PRODUCT_DEFINITION_FORMATION_WITH_SPECIFIED_SOURCE ( 'ANY', '', #6714, .NOT_KNOWN. ) ;
#2271 = EDGE_CURVE ( 'NONE', #5708, #7576, #6656, .T. ) ;
#2272 = PRESENTATION_LAYER_ASSIGNMENT (  '', '', ( #1384 ) ) ;
#2273 =( LENGTH_UNIT ( ) NAMED_UNIT ( * ) SI_UNIT ( $, .METRE. ) );
#2274 = ORIENTED_EDGE ( 'NONE', *, *, #476, .T. ) ;
#2275 = SURFACE_STYLE_FILL_AREA ( #7232 ) ;
#2276 = STYLED_ITEM ( 'NONE', ( #5909 ), #2986 ) ;
#2277 =( LENGTH_UNIT ( ) NAMED_UNIT ( * ) SI_UNIT ( $, .METRE. ) );
#2278 = TOROIDAL_SURFACE ( 'NONE', #6069, 0.1220729770091669400, 0.01150000000000000000 ) ;
#2279 = FACE_OUTER_BOUND ( 'NONE', #2839, .T. ) ;
#2280 = EDGE_CURVE ( 'NONE', #8580, #7594, #8213, .T. ) ;
#2281 = ORIENTED_EDGE ( 'NONE', *, *, #8432, .F. ) ;
#2282 = ORIENTED_EDGE ( 'NONE', *, *, #3229, .T. ) ;
#2283 = DIRECTION ( 'NONE',  ( 0.0000000000000000000, -1.780579495870457100E-015, -1.000000000000000000 ) ) ;
#2284 = ADVANCED_FACE ( 'NONE', ( #6452 ), #2077, .T. ) ;
#2285 = CARTESIAN_POINT ( 'NONE',  ( -0.5962210084938113200, 0.01595737074312052500, -0.008541741489868335400 ) ) ;
#2286 = CARTESIAN_POINT ( 'NONE',  ( 0.2742535637706484100, -0.02053261085912316800, 0.3009582585101315800 ) ) ;
#2287 = CARTESIAN_POINT ( 'NONE',  ( -0.9984602808033384800, -0.2800426292568794500, -0.008541741489868224400 ) ) ;
#2288 = CARTESIAN_POINT ( 'NONE',  ( -0.5041755700876193700, -0.8200426292568794300, -0.008541741489868335400 ) ) ;
#2289 = ORIENTED_EDGE ( 'NONE', *, *, #5490, .T. ) ;
#2290 = CARTESIAN_POINT ( 'NONE',  ( 0.2711433829061946600, 0.1194034409347978900, -0.006865794969422312100 ) ) ;
#2291 = ADVANCED_FACE ( 'NONE', ( #7364 ), #481, .T. ) ;
#2292 = STYLED_ITEM ( 'NONE', ( #375 ), #3901 ) ;
#2293 = UNCERTAINTY_MEASURE_WITH_UNIT (LENGTH_MEASURE( 1.000000000000000100E-005 ), #94, 'distance_accuracy_value', 'NONE');
#2294 =( GEOMETRIC_REPRESENTATION_CONTEXT ( 3 ) GLOBAL_UNCERTAINTY_ASSIGNED_CONTEXT ( ( #2416 ) ) GLOBAL_UNIT_ASSIGNED_CONTEXT ( ( #6790, #2802, #7438 ) ) REPRESENTATION_CONTEXT ( 'NONE', 'WORKASPACE' ) );
#2295 = LENGTH_MEASURE_WITH_UNIT ( LENGTH_MEASURE( 0.02539999999999999900 ), #4939 );
#2296 = EDGE_LOOP ( 'NONE', ( #1634 ) ) ;
#2297 = LENGTH_MEASURE_WITH_UNIT ( LENGTH_MEASURE( 0.02539999999999999900 ), #2277 );
#2298 = CARTESIAN_POINT ( 'NONE',  ( 0.2742535637706484100, 0.2539573707431204100, -0.2335417414898683400 ) ) ;
#2299 = AXIS2_PLACEMENT_3D ( 'NONE', #970, #5615, #1638 ) ;
#2300 = ORIENTED_EDGE ( 'NONE', *, *, #826, .F. ) ;
#2301 = CARTESIAN_POINT ( 'NONE',  ( -0.5822464362293516800, 0.09195079151097385100, -0.03354174148986833300 ) ) ;
#2302 = ORIENTED_EDGE ( 'NONE', *, *, #145, .T. ) ;
#2303 = EDGE_LOOP ( 'NONE', ( #5334 ) ) ;
#2304 = VERTEX_POINT ( 'NONE', #3498 ) ;
#2305 = CIRCLE ( 'NONE', #7642, 0.05750000000000007900 ) ;
#2306 = PRESENTATION_LAYER_ASSIGNMENT (  '', '', ( #2755 ) ) ;
#2307 = FILL_AREA_STYLE ('',( #289 ) ) ;
#2308 =( GEOMETRIC_REPRESENTATION_CONTEXT ( 3 ) GLOBAL_UNCERTAINTY_ASSIGNED_CONTEXT ( ( #354 ) ) GLOBAL_UNIT_ASSIGNED_CONTEXT ( ( #3225, #7866, #3904 ) ) REPRESENTATION_CONTEXT ( 'NONE', 'WORKASPACE' ) );
#2309 = EDGE_CURVE ( 'NONE', #2870, #2245, #8306, .T. ) ;
#2310 = SURFACE_STYLE_USAGE ( .BOTH. , #6292 ) ;
#2311 = DIRECTION ( 'NONE',  ( -2.083719980598119200E-016, -1.000000000000000000, 0.0000000000000000000 ) ) ;
#2312 = ORIENTED_EDGE ( 'NONE', *, *, #244, .F. ) ;
#2313 = SURFACE_STYLE_USAGE ( .BOTH. , #6296 ) ;
#2314 = AXIS2_PLACEMENT_3D ( 'NONE', #1933, #7940, #3982 ) ;
#2315 = FILL_AREA_STYLE ('',( #2930 ) ) ;
#2316 =( NAMED_UNIT ( * ) PLANE_ANGLE_UNIT ( ) SI_UNIT ( $, .RADIAN. ) );
#2317 =( CONVERSION_BASED_UNIT ( 'INCH', #7223 ) LENGTH_UNIT ( ) NAMED_UNIT ( #678 ) );
#2318 = CARTESIAN_POINT ( 'NONE',  ( 0.6547932619333801700, -0.1800188285542264300, -0.05922164631545611500 ) ) ;
#2319 = LINE ( 'NONE', #6535, #7398 ) ;
#2320 =( CONVERSION_BASED_UNIT ( 'INCH', #3956 ) LENGTH_UNIT ( ) NAMED_UNIT ( #1345 ) );
#2321 = CARTESIAN_POINT ( 'NONE',  ( 0.6536682619333865600, 0.08797803402229627300, -0.1968514353539862800 ) ) ;
#2322 = VECTOR ( 'NONE', #4464, 39.37007874015748100 ) ;
#2323 = EDGE_CURVE ( 'NONE', #8502, #6402, #4802, .T. ) ;
#2324 = CARTESIAN_POINT ( 'NONE',  ( -0.02524643622935148300, -0.2800426292568794500, -0.06104174148986833700 ) ) ;
#2325 = TOROIDAL_SURFACE ( 'NONE', #2531, 0.04563479052312245000, 0.04922343162956301800 ) ;
#2326 =( GEOMETRIC_REPRESENTATION_CONTEXT ( 3 ) GLOBAL_UNCERTAINTY_ASSIGNED_CONTEXT ( ( #7832 ) ) GLOBAL_UNIT_ASSIGNED_CONTEXT ( ( #5763, #1772, #6426 ) ) REPRESENTATION_CONTEXT ( 'NONE', 'WORKASPACE' ) );
#2327 = CYLINDRICAL_SURFACE ( 'NONE', #569, 0.05750000000000007900 ) ;
#2328 =( GEOMETRIC_REPRESENTATION_CONTEXT ( 3 ) GLOBAL_UNCERTAINTY_ASSIGNED_CONTEXT ( ( #6286 ) ) GLOBAL_UNIT_ASSIGNED_CONTEXT ( ( #3291, #7926, #3971 ) ) REPRESENTATION_CONTEXT ( 'NONE', 'WORKASPACE' ) );
#2329 = ADVANCED_FACE ( 'NONE', ( #3010, #6557 ), #5715, .T. ) ;
#2330 = EDGE_LOOP ( 'NONE', ( #7448 ) ) ;
#2331 = DIRECTION ( 'NONE',  ( -1.000000000000000000, 0.0000000000000000000, 0.0000000000000000000 ) ) ;
#2332 = EDGE_CURVE ( 'NONE', #4320, #4320, #2178, .T. ) ;
#2333 = FACE_OUTER_BOUND ( 'NONE', #5691, .T. ) ;
#2334 = CYLINDRICAL_SURFACE ( 'NONE', #4832, 0.01600000000000004900 ) ;
#2335 = DIRECTION ( 'NONE',  ( 0.0000000000000000000, 0.0000000000000000000, -1.000000000000000000 ) ) ;
#2336 = VECTOR ( 'NONE', #2833, 39.37007874015748100 ) ;
#2337 = VECTOR ( 'NONE', #7507, 39.37007874015748100 ) ;
#2338 = LINE ( 'NONE', #6537, #7420 ) ;
#2339 = ADVANCED_FACE ( 'NONE', ( #3964 ), #3102, .F. ) ;
#2340 = CARTESIAN_POINT ( 'NONE',  ( -0.5972464362293515800, -0.009042629256879481200, 0.02862956128471930800 ) ) ;
#2341 = DIMENSIONAL_EXPONENTS ( 1.000000000000000000, 0.0000000000000000000, 0.0000000000000000000, 0.0000000000000000000, 0.0000000000000000000, 0.0000000000000000000, 0.0000000000000000000 ) ;
#2342 = EDGE_LOOP ( 'NONE', ( #2176, #3885, #6158, #6034 ) ) ;
#2343 = PLANE ( 'NONE',  #8086 ) ;
#2344 = STYLED_ITEM ( 'NONE', ( #1338 ), #3705 ) ;
#2345 = DIRECTION ( 'NONE',  ( -1.000000000000000000, 0.0000000000000000000, -0.0000000000000000000 ) ) ;
#2346 = PRESENTATION_STYLE_ASSIGNMENT (( #1156 ) ) ;
#2347 =( CONVERSION_BASED_UNIT ( 'INCH', #868 ) LENGTH_UNIT ( ) NAMED_UNIT ( #4961 ) );
#2348 = CARTESIAN_POINT ( 'NONE',  ( 0.7357535637706483800, 0.01595737074312052500, -0.008541741489868335400 ) ) ;
#2349 =( NAMED_UNIT ( * ) PLANE_ANGLE_UNIT ( ) SI_UNIT ( $, .RADIAN. ) );
#2350 =( NAMED_UNIT ( * ) SI_UNIT ( $, .STERADIAN. ) SOLID_ANGLE_UNIT ( ) );
#2351 = DIRECTION ( 'NONE',  ( -1.000000000000000000, 0.0000000000000000000, 0.0000000000000000000 ) ) ;
#2352 = CARTESIAN_POINT ( 'NONE',  ( 0.5758343760140080000, -0.1687477352375218500, 0.08204897147645168200 ) ) ;
#2353 = CARTESIAN_POINT ( 'NONE',  ( 0.5772724286000493500, -0.1566135733560087800, -0.1088841183061512000 ) ) ;
#2354 = SURFACE_STYLE_FILL_AREA ( #979 ) ;
#2355 =( NAMED_UNIT ( * ) SI_UNIT ( $, .STERADIAN. ) SOLID_ANGLE_UNIT ( ) );
#2356 = SURFACE_STYLE_USAGE ( .BOTH. , #6341 ) ;
#2357 = CARTESIAN_POINT ( 'NONE',  ( 0.2838447926806672000, -0.02222856064158240700, -0.1100145365701187000 ) ) ;
#2358 = AXIS2_PLACEMENT_3D ( 'NONE', #3740, #8381, #4437 ) ;
#2359 = DIRECTION ( 'NONE',  ( 1.000000000000000000, 0.0000000000000000000, 0.0000000000000000000 ) ) ;
#2360 = STYLED_ITEM ( 'NONE', ( #8245 ), #7721 ) ;
#2361 = COLOUR_RGB ( '',0.2941176470588235400, 0.2941176470588235400, 0.2941176470588235400 ) ;
#2362 = EDGE_LOOP ( 'NONE', ( #3999, #5993, #3962, #5093 ) ) ;
#2363 = CARTESIAN_POINT ( 'NONE',  ( 0.7307535637706486000, -0.02053261085912316800, -0.3280417414898683100 ) ) ;
#2364 =( CONVERSION_BASED_UNIT ( 'INCH', #6649 ) LENGTH_UNIT ( ) NAMED_UNIT ( #6062 ) );
#2365 = FILL_AREA_STYLE_COLOUR ( '', #3151 ) ;
#2366 = EDGE_LOOP ( 'NONE', ( #6430 ) ) ;
#2367 = ORIENTED_EDGE ( 'NONE', *, *, #5947, .F. ) ;
#2368 = CARTESIAN_POINT ( 'NONE',  ( 0.6907535637706484500, -0.2780426292568794500, 0.1139582585101316500 ) ) ;
#2369 = FILL_AREA_STYLE_COLOUR ( '', #3903 ) ;
#2370 = PLANE ( 'NONE',  #8042 ) ;
#2371 = DIRECTION ( 'NONE',  ( 0.0000000000000000000, -0.9242245927362802100, -0.3818493186866477300 ) ) ;
#2372 = CARTESIAN_POINT ( 'NONE',  ( 0.4044286786000704800, 0.07627097071598268300, -0.1720039070142998200 ) ) ;
#2373 = PRESENTATION_LAYER_ASSIGNMENT (  '', '', ( #1929 ) ) ;
#2374 = EDGE_CURVE ( 'NONE', #5095, #6634, #1343, .T. ) ;
#2375 = ADVANCED_FACE ( 'NONE', ( #4700, #5500 ), #2278, .T. ) ;
#2376 = CIRCLE ( 'NONE', #1141, 0.04479626937547442200 ) ;
#2377 = CIRCLE ( 'NONE', #423, 0.01599999999999998000 ) ;
#2378 =( LENGTH_UNIT ( ) NAMED_UNIT ( * ) SI_UNIT ( $, .METRE. ) );
#2379 = EDGE_LOOP ( 'NONE', ( #6737, #1856, #5345, #3810, #911, #623, #7696, #500, #4548, #8283, #6243, #1076 ) ) ;
#2380 = ORIENTED_EDGE ( 'NONE', *, *, #7819, .T. ) ;
#2381 =( NAMED_UNIT ( * ) SI_UNIT ( $, .STERADIAN. ) SOLID_ANGLE_UNIT ( ) );
#2382 = PRESENTATION_STYLE_ASSIGNMENT (( #583 ) ) ;
#2383 = CARTESIAN_POINT ( 'NONE',  ( 0.6723146478527575200, -0.1623569512203322500, -0.05465451339963792200 ) ) ;
#2384 = FILL_AREA_STYLE ('',( #3080 ) ) ;
#2385 = AXIS2_PLACEMENT_3D ( 'NONE', #5032, #3709, #8343 ) ;
#2386 = EDGE_LOOP ( 'NONE', ( #1034, #7947, #3255 ) ) ;
#2387 = CARTESIAN_POINT ( 'NONE',  ( -0.5972464362293515800, -0.02121393203146711800, -0.03354174148986834000 ) ) ;
#2388 = SURFACE_STYLE_FILL_AREA ( #7674 ) ;
#2389 = FACE_OUTER_BOUND ( 'NONE', #6543, .T. ) ;
#2390 = EDGE_CURVE ( 'NONE', #8502, #3520, #7352, .T. ) ;
#2391 = CARTESIAN_POINT ( 'NONE',  ( -0.07524643622935149600, -0.2830426292568795100, -0.008541741489868224400 ) ) ;
#2392 = DIRECTION ( 'NONE',  ( 0.0000000000000000000, 0.0000000000000000000, 1.000000000000000000 ) ) ;
#2393 =( NAMED_UNIT ( * ) PLANE_ANGLE_UNIT ( ) SI_UNIT ( $, .RADIAN. ) );
#2394 = CARTESIAN_POINT ( 'NONE',  ( -0.5963216411362076700, -0.02833209268431543700, 0.01645825851013166900 ) ) ;
#2395 = DIRECTION ( 'NONE',  ( -1.000000000000000000, 0.0000000000000000000, -0.0000000000000000000 ) ) ;
#2396 = VECTOR ( 'NONE', #1442, 39.37007874015748100 ) ;
#2397 = SURFACE_STYLE_USAGE ( .BOTH. , #6381 ) ;
#2398 = FACE_OUTER_BOUND ( 'NONE', #7227, .T. ) ;
#2399 = AXIS2_PLACEMENT_3D ( 'NONE', #2116, #4758, #6128 ) ;
#2400 = LENGTH_MEASURE_WITH_UNIT ( LENGTH_MEASURE( 0.02539999999999999900 ), #7006 );
#2401 = AXIS2_PLACEMENT_3D ( 'NONE', #4007, #10, #4682 ) ;
#2402 = LENGTH_MEASURE_WITH_UNIT ( LENGTH_MEASURE( 0.02539999999999999900 ), #4819 );
#2403 = FILL_AREA_STYLE ('',( #5069 ) ) ;
#2404 = EDGE_LOOP ( 'NONE', ( #416, #507, #7713 ) ) ;
#2405 = ORIENTED_EDGE ( 'NONE', *, *, #1556, .T. ) ;
#2406 =( GEOMETRIC_REPRESENTATION_CONTEXT ( 3 ) GLOBAL_UNCERTAINTY_ASSIGNED_CONTEXT ( ( #3526 ) ) GLOBAL_UNIT_ASSIGNED_CONTEXT ( ( #8593, #4631, #604 ) ) REPRESENTATION_CONTEXT ( 'NONE', 'WORKASPACE' ) );
#2407 = DIRECTION ( 'NONE',  ( -1.000000000000000000, 2.083719980598119200E-016, 0.0000000000000000000 ) ) ;
#2408 = CYLINDRICAL_SURFACE ( 'NONE', #6762, 0.3750000000000000600 ) ;
#2409 = EDGE_LOOP ( 'NONE', ( #3294, #8101, #7974 ) ) ;
#2410 = CARTESIAN_POINT ( 'NONE',  ( 0.5959188145194149700, -0.09110299866106309800, 0.1386985223010150400 ) ) ;
#2411 = DIRECTION ( 'NONE',  ( 1.000000000000000000, 0.0000000000000000000, 0.0000000000000000000 ) ) ;
#2412 = DIMENSIONAL_EXPONENTS ( 1.000000000000000000, 0.0000000000000000000, 0.0000000000000000000, 0.0000000000000000000, 0.0000000000000000000, 0.0000000000000000000, 0.0000000000000000000 ) ;
#2413 = ADVANCED_FACE ( 'NONE', ( #5598 ), #6526, .F. ) ;
#2414 =( LENGTH_UNIT ( ) NAMED_UNIT ( * ) SI_UNIT ( $, .METRE. ) );
#2415 = VERTEX_POINT ( 'NONE', #1858 ) ;
#2416 = UNCERTAINTY_MEASURE_WITH_UNIT (LENGTH_MEASURE( 1.000000000000000100E-005 ), #6790, 'distance_accuracy_value', 'NONE');
#2417 = VECTOR ( 'NONE', #6612, 39.37007874015748100 ) ;
#2418 = STYLED_ITEM ( 'NONE', ( #3791 ), #5255 ) ;
#2419 =( NAMED_UNIT ( * ) PLANE_ANGLE_UNIT ( ) SI_UNIT ( $, .RADIAN. ) );
#2420 = STYLED_ITEM ( 'NONE', ( #5946 ), #1677 ) ;
#2421 = VECTOR ( 'NONE', #7074, 39.37007874015748100 ) ;
#2422 = EDGE_CURVE ( 'NONE', #7348, #5841, #4790, .T. ) ;
#2423 = ORIENTED_EDGE ( 'NONE', *, *, #91, .F. ) ;
#2424 =( NAMED_UNIT ( * ) PLANE_ANGLE_UNIT ( ) SI_UNIT ( $, .RADIAN. ) );
#2425 = DIRECTION ( 'NONE',  ( -1.246126186011258900E-016, 1.000000000000000000, 0.0000000000000000000 ) ) ;
#2426 = STYLED_ITEM ( 'NONE', ( #3241 ), #8256 ) ;
#2427 =( LENGTH_UNIT ( ) NAMED_UNIT ( * ) SI_UNIT ( $, .METRE. ) );
#2428 = SURFACE_SIDE_STYLE ('',( #4951 ) ) ;
#2429 = CARTESIAN_POINT ( 'NONE',  ( 0.5663349286000394200, -0.1798787364192995500, 0.03133166128091525300 ) ) ;
#2430 = ORIENTED_EDGE ( 'NONE', *, *, #2598, .F. ) ;
#2431 = CARTESIAN_POINT ( 'NONE',  ( 0.7307535637706486000, -0.02053261085912316800, 0.3109582585101316500 ) ) ;
#2432 = COLOUR_RGB ( '',0.9882352941176471000, 1.000000000000000000, 0.9882352941176471000 ) ;
#2433 = FACE_OUTER_BOUND ( 'NONE', #1912, .T. ) ;
#2434 = EDGE_CURVE ( 'NONE', #7037, #5095, #6548, .T. ) ;
#2435 = CARTESIAN_POINT ( 'NONE',  ( -0.01274643622935155000, -0.2800426292568794500, -0.008541741489868224400 ) ) ;
#2437 = PLANE ( 'NONE',  #1846 ) ;
#2436 = AXIS2_PLACEMENT_3D ( 'NONE', #5462, #1483, #6137 ) ;
#2438 = LINE ( 'NONE', #1217, #5982 ) ;
#2439 = PRESENTATION_LAYER_ASSIGNMENT (  '', '', ( #1998 ) ) ;
#2440 = SURFACE_STYLE_FILL_AREA ( #5771 ) ;
#2441 = CARTESIAN_POINT ( 'NONE',  ( 0.5137833978527320800, 0.1569030404165279700, 0.1106371046994803300 ) ) ;
#2442 = EDGE_CURVE ( 'NONE', #4723, #2523, #2998, .T. ) ;
#2443 = CARTESIAN_POINT ( 'NONE',  ( 0.2985745119333639300, -0.1053918477828095900, -0.02309645784584383700 ) ) ;
#2444 = CIRCLE ( 'NONE', #5582, 0.04900000000000000200 ) ;
#2445 = CARTESIAN_POINT ( 'NONE',  ( -0.5372464362293516400, -0.06054262925687946300, 0.3009582585101315800 ) ) ;
#2446 = VERTEX_POINT ( 'NONE', #5253 ) ;
#2447 = CARTESIAN_POINT ( 'NONE',  ( 0.7557535637706485100, -0.3480426292568794500, 0.3009582585101315800 ) ) ;
#2448 = DIRECTION ( 'NONE',  ( 0.0000000000000000000, -0.9242245927363123000, -0.3818493186865701800 ) ) ;
#2449 = COLOUR_RGB ( '',0.2941176470588235400, 0.2941176470588235400, 0.2941176470588235400 ) ;
#2450 =( LENGTH_UNIT ( ) NAMED_UNIT ( * ) SI_UNIT ( $, .METRE. ) );
#2451 = DIRECTION ( 'NONE',  ( -0.0000000000000000000, -1.000000000000000000, -0.0000000000000000000 ) ) ;
#2452 = CARTESIAN_POINT ( 'NONE',  ( 0.3413563145194633600, -0.05667288742156566300, 0.1237556382457885700 ) ) ;
#2453 = PRESENTATION_LAYER_ASSIGNMENT (  '', '', ( #2015 ) ) ;
#2454 = DIMENSIONAL_EXPONENTS ( 1.000000000000000000, 0.0000000000000000000, 0.0000000000000000000, 0.0000000000000000000, 0.0000000000000000000, 0.0000000000000000000, 0.0000000000000000000 ) ;
#2455 = ORIENTED_EDGE ( 'NONE', *, *, #3503, .F. ) ;
#2456 = AXIS2_PLACEMENT_3D ( 'NONE', #6076, #4775, #768 ) ;
#2457 = SURFACE_SIDE_STYLE ('',( #8191 ) ) ;
#2458 =( CONVERSION_BASED_UNIT ( 'INCH', #1574 ) LENGTH_UNIT ( ) NAMED_UNIT ( #3970 ) );
#2459 = ORIENTED_EDGE ( 'NONE', *, *, #6789, .F. ) ;
#2460 = COLOUR_RGB ( '',0.2941176470588235400, 0.2941176470588235400, 0.2941176470588235400 ) ;
#2461 = VERTEX_POINT ( 'NONE', #3231 ) ;
#2462 = UNCERTAINTY_MEASURE_WITH_UNIT (LENGTH_MEASURE( 1.000000000000000100E-005 ), #6169, 'distance_accuracy_value', 'NONE');
#2463 = CARTESIAN_POINT ( 'NONE',  ( 0.4047313145194150800, 0.1483019873994073900, -0.08231202190555905700 ) ) ;
#2464 =( GEOMETRIC_REPRESENTATION_CONTEXT ( 3 ) GLOBAL_UNCERTAINTY_ASSIGNED_CONTEXT ( ( #729 ) ) GLOBAL_UNIT_ASSIGNED_CONTEXT ( ( #2317, #6967, #2979 ) ) REPRESENTATION_CONTEXT ( 'NONE', 'WORKASPACE' ) );
#2465 = CARTESIAN_POINT ( 'NONE',  ( 0.2834182619334247300, -0.05481347848361549400, -0.1003895298490373700 ) ) ;
#2466 = PRESENTATION_LAYER_ASSIGNMENT (  '', '', ( #2031 ) ) ;
#2467 = SURFACE_SIDE_STYLE ('',( #1778 ) ) ;
#2468 = EDGE_CURVE ( 'NONE', #2519, #2519, #2789, .T. ) ;
#2469 = PLANE ( 'NONE',  #6333 ) ;
#2470 = ORIENTED_EDGE ( 'NONE', *, *, #998, .T. ) ;
#2471 =( NAMED_UNIT ( * ) PLANE_ANGLE_UNIT ( ) SI_UNIT ( $, .RADIAN. ) );
#2472 = LINE ( 'NONE', #6071, #701 ) ;
#2473 = CARTESIAN_POINT ( 'NONE',  ( 0.5020432619333768900, 0.007744525116048912200, 0.1879588862935022400 ) ) ;
#2474 = ORIENTED_EDGE ( 'NONE', *, *, #3939, .T. ) ;
#2475 = DIRECTION ( 'NONE',  ( 1.000000000000000000, -0.0000000000000000000, -0.0000000000000000000 ) ) ;
#2476 = DIMENSIONAL_EXPONENTS ( 1.000000000000000000, 0.0000000000000000000, 0.0000000000000000000, 0.0000000000000000000, 0.0000000000000000000, 0.0000000000000000000, 0.0000000000000000000 ) ;
#2477 = DIRECTION ( 'NONE',  ( 0.0000000000000000000, 0.0000000000000000000, -1.000000000000000000 ) ) ;
#2478 = FILL_AREA_STYLE ('',( #5148 ) ) ;
#2479 = LINE ( 'NONE', #3919, #707 ) ;
#2480 = SURFACE_STYLE_FILL_AREA ( #294 ) ;
#2481 = SURFACE_SIDE_STYLE ('',( #1383 ) ) ;
#2482 = DIRECTION ( 'NONE',  ( 0.0000000000000000000, 0.0000000000000000000, -1.000000000000000000 ) ) ;
#2483 = PRESENTATION_STYLE_ASSIGNMENT (( #3334 ) ) ;
#2484 =( NAMED_UNIT ( * ) SI_UNIT ( $, .STERADIAN. ) SOLID_ANGLE_UNIT ( ) );
#2485 = CARTESIAN_POINT ( 'NONE',  ( 0.4446057619333851900, -0.1682113556210868300, -0.03573440682851202600 ) ) ;
#2486 = CARTESIAN_POINT ( 'NONE',  ( 0.7024507482090341900, 0.1764953049444973600, 0.1266330411130567600 ) ) ;
#2487 = EDGE_CURVE ( 'NONE', #4925, #6196, #8091, .T. ) ;
#2488 = ADVANCED_FACE ( 'NONE', ( #1027 ), #7053, .T. ) ;
#2489 = EDGE_LOOP ( 'NONE', ( #3788, #6002, #376, #713 ) ) ;
#2490 = MECHANICAL_DESIGN_GEOMETRIC_PRESENTATION_REPRESENTATION (  '', ( #1599 ), #2945 ) ;
#2491 = ORIENTED_EDGE ( 'NONE', *, *, #7312, .F. ) ;
#2492 =( GEOMETRIC_REPRESENTATION_CONTEXT ( 3 ) GLOBAL_UNCERTAINTY_ASSIGNED_CONTEXT ( ( #5026 ) ) GLOBAL_UNIT_ASSIGNED_CONTEXT ( ( #5783, #1799, #6459 ) ) REPRESENTATION_CONTEXT ( 'NONE', 'WORKASPACE' ) );
#2493 = COLOUR_RGB ( '',0.9882352941176471000, 1.000000000000000000, 0.9882352941176471000 ) ;
#2494 = DIRECTION ( 'NONE',  ( -1.000000000000000000, -1.077227126839221800E-016, 0.0000000000000000000 ) ) ;
#2495 = EDGE_CURVE ( 'NONE', #4982, #817, #183, .T. ) ;
#2496 = ORIENTED_EDGE ( 'NONE', *, *, #1881, .F. ) ;
#2497 = SURFACE_STYLE_USAGE ( .BOTH. , #6489 ) ;
#2498 = CARTESIAN_POINT ( 'NONE',  ( 0.3009396478528051400, -0.05132810596723236900, -0.09591260392137203300 ) ) ;
#2499 = UNCERTAINTY_MEASURE_WITH_UNIT (LENGTH_MEASURE( 1.000000000000000100E-005 ), #3419, 'distance_accuracy_value', 'NONE');
#2500 = CARTESIAN_POINT ( 'NONE',  ( 0.4388661786000243000, -0.1405206572182614600, -0.07873775649418499100 ) ) ;
#2501 = STYLED_ITEM ( 'NONE', ( #496 ), #3640 ) ;
#2502 = DIMENSIONAL_EXPONENTS ( 1.000000000000000000, 0.0000000000000000000, 0.0000000000000000000, 0.0000000000000000000, 0.0000000000000000000, 0.0000000000000000000, 0.0000000000000000000 ) ;
#2503 = CARTESIAN_POINT ( 'NONE',  ( 0.004753563770648469200, -0.2800426292568794500, -0.003541741489868337000 ) ) ;
#2504 = PRESENTATION_STYLE_ASSIGNMENT (( #7780 ) ) ;
#2505 =( NAMED_UNIT ( * ) PLANE_ANGLE_UNIT ( ) SI_UNIT ( $, .RADIAN. ) );
#2506 = CARTESIAN_POINT ( 'NONE',  ( -0.5954008284118740300, -0.03492942929958126700, -0.03354174148986834000 ) ) ;
#2507 = CARTESIAN_POINT ( 'NONE',  ( 0.3929911786000380700, 0.1787437728165314200, 0.02040998834416059300 ) ) ;
#2508 = VERTEX_POINT ( 'NONE', #1974 ) ;
#2509 = CIRCLE ( 'NONE', #8380, 0.03099999999999998900 ) ;
#2510 = SURFACE_STYLE_FILL_AREA ( #7032 ) ;
#2511 =( NAMED_UNIT ( * ) SI_UNIT ( $, .STERADIAN. ) SOLID_ANGLE_UNIT ( ) );
#2512 = VECTOR ( 'NONE', #7816, 39.37007874015748100 ) ;
#2513 = ORIENTED_EDGE ( 'NONE', *, *, #4788, .F. ) ;
#2514 = CARTESIAN_POINT ( 'NONE',  ( -0.5822464362293516800, -0.06003605002473278600, 0.01645825851013166600 ) ) ;
#2515 = VERTEX_POINT ( 'NONE', #7276 ) ;
#2516 = CARTESIAN_POINT ( 'NONE',  ( -0.5822464362293516800, -0.009042629256879481200, 0.06745167927798498300 ) ) ;
#2517 = LENGTH_MEASURE_WITH_UNIT ( LENGTH_MEASURE( 0.02539999999999999900 ), #2244 );
#2518 =( NAMED_UNIT ( * ) SI_UNIT ( $, .STERADIAN. ) SOLID_ANGLE_UNIT ( ) );
#2519 = VERTEX_POINT ( 'NONE', #6135 ) ;
#2520 =( NAMED_UNIT ( * ) PLANE_ANGLE_UNIT ( ) SI_UNIT ( $, .RADIAN. ) );
#2521 = CARTESIAN_POINT ( 'NONE',  ( 0.5783974286000345100, -0.09442241154547546800, 0.1432638472885680000 ) ) ;
#2522 = CARTESIAN_POINT ( 'NONE',  ( 0.6260849286000528300, 0.2212077362374732200, -0.03224881185970652300 ) ) ;
#2523 = VERTEX_POINT ( 'NONE', #6631 ) ;
#2524 = ORIENTED_EDGE ( 'NONE', *, *, #4897, .F. ) ;
#2525 =( NAMED_UNIT ( * ) PLANE_ANGLE_UNIT ( ) SI_UNIT ( $, .RADIAN. ) );
#2526 = PRESENTATION_LAYER_ASSIGNMENT (  '', '', ( #1626 ) ) ;
#2527 = PRESENTATION_STYLE_ASSIGNMENT (( #2560 ) ) ;
#2528 = DIMENSIONAL_EXPONENTS ( 1.000000000000000000, 0.0000000000000000000, 0.0000000000000000000, 0.0000000000000000000, 0.0000000000000000000, 0.0000000000000000000, 0.0000000000000000000 ) ;
#2529 = SURFACE_SIDE_STYLE ('',( #6191 ) ) ;
#2530 = MECHANICAL_DESIGN_GEOMETRIC_PRESENTATION_REPRESENTATION (  '', ( #1194 ), #2969 ) ;
#2531 = AXIS2_PLACEMENT_3D ( 'NONE', #975, #4351, #325 ) ;
#2532 = UNCERTAINTY_MEASURE_WITH_UNIT (LENGTH_MEASURE( 1.000000000000000100E-005 ), #4750, 'distance_accuracy_value', 'NONE');
#2533 = CARTESIAN_POINT ( 'NONE',  ( 0.6858349286000459100, -0.1648207882059361000, 0.04962164988853824700 ) ) ;
#2534 = ADVANCED_FACE ( 'NONE', ( #5495 ), #1309, .F. ) ;
#2535 = CARTESIAN_POINT ( 'NONE',  ( 0.4271260426806721100, -0.04409701309135997900, -0.1579166819085209300 ) ) ;
#2536 =( NAMED_UNIT ( * ) SI_UNIT ( $, .STERADIAN. ) SOLID_ANGLE_UNIT ( ) );
#2537 = CARTESIAN_POINT ( 'NONE',  ( 0.2912620119333752500, 0.04235481250103019500, -0.1280874732166645000 ) ) ;
#2538 = ORIENTED_EDGE ( 'NONE', *, *, #682, .F. ) ;
#2539 = PRESENTATION_LAYER_ASSIGNMENT (  '', '', ( #1651 ) ) ;
#2540 = DIRECTION ( 'NONE',  ( 0.0000000000000000000, 0.0000000000000000000, 1.000000000000000000 ) ) ;
#2541 = AXIS2_PLACEMENT_3D ( 'NONE', #8413, #1445, #2800 ) ;
#2542 = CIRCLE ( 'NONE', #5418, 0.3750000000000000600 ) ;
#2543 = EDGE_CURVE ( 'NONE', #7163, #588, #480, .T. ) ;
#2544 = ORIENTED_EDGE ( 'NONE', *, *, #356, .T. ) ;
#2545 = CARTESIAN_POINT ( 'NONE',  ( 0.004753563770648469200, -0.2830426292568795100, -0.01354174148986832900 ) ) ;
#2546 = VECTOR ( 'NONE', #3665, 39.37007874015748100 ) ;
#2547 = CARTESIAN_POINT ( 'NONE',  ( -0.5822464362293516800, 0.01595737074312052500, -0.008541741489868335400 ) ) ;
#2548 = CIRCLE ( 'NONE', #23, 0.04479626937547442200 ) ;
#2549 = VECTOR ( 'NONE', #159, 39.37007874015748100 ) ;
#2550 = CARTESIAN_POINT ( 'NONE',  ( 0.2742535637706484100, -0.02053261085912316800, -0.03904174148986839400 ) ) ;
#2551 = DIRECTION ( 'NONE',  ( 0.0000000000000000000, 0.0000000000000000000, 1.000000000000000000 ) ) ;
#2552 = STYLED_ITEM ( 'NONE', ( #3019 ), #8458 ) ;
#2553 = CARTESIAN_POINT ( 'NONE',  ( 0.2536237055836267400, 0.1383054171329791400, -0.006728388886052151000 ) ) ;
#2554 = ORIENTED_EDGE ( 'NONE', *, *, #3819, .F. ) ;
#2555 = CARTESIAN_POINT ( 'NONE',  ( 0.5456682619333669300, 0.04288292368983772500, -0.2117786150859682900 ) ) ;
#2556 = ORIENTED_EDGE ( 'NONE', *, *, #704, .T. ) ;
#2557 = LINE ( 'NONE', #6440, #7627 ) ;
#2558 = B_SPLINE_CURVE_WITH_KNOTS ( 'NONE', 3,
 ( #5276, #5929, #1942, #6597, #2617, #7247, #3288, #7924, #3967, #8605 ),
 .UNSPECIFIED., .T., .F.,
 ( 4, 2, 2, 2, 4 ),
 ( 0.0000000000000000000, 0.2500000000000000000, 0.5000000000000000000, 0.7500000000000000000, 1.000000000000000000 ),
 .UNSPECIFIED. ) ;
#2559 = COLOUR_RGB ( '',0.2941176470588235400, 0.2941176470588235400, 0.2941176470588235400 ) ;
#2560 = SURFACE_STYLE_USAGE ( .BOTH. , #6541 ) ;
#2561 = VECTOR ( 'NONE', #3406, 39.37007874015748100 ) ;
#2562 = ORIENTED_EDGE ( 'NONE', *, *, #82, .F. ) ;
#2563 = CARTESIAN_POINT ( 'NONE',  ( -0.9984602808033384800, -0.2830426292568795100, -0.06104174148986813600 ) ) ;
#2564 = AXIS2_PLACEMENT_3D ( 'NONE', #1503, #6180, #4885 ) ;
#2565 = UNCERTAINTY_MEASURE_WITH_UNIT (LENGTH_MEASURE( 1.000000000000000100E-005 ), #367, 'distance_accuracy_value', 'NONE');
#2566 = VECTOR ( 'NONE', #2934, 39.37007874015748100 ) ;
#2567 = CARTESIAN_POINT ( 'NONE',  ( 0.7557535637706485100, -0.09804262925687960700, -0.3180417414898682500 ) ) ;
#2568 = EDGE_CURVE ( 'NONE', #1576, #3520, #2266, .T. ) ;
#2569 = CARTESIAN_POINT ( 'NONE',  ( 0.3440432619333952400, 0.06750341595158977600, 0.1232836465973632500 ) ) ;
#2570 = CARTESIAN_POINT ( 'NONE',  ( -0.4933684417034159300, 0.01595737074312052500, -0.008541741489868335400 ) ) ;
#2571 = SURFACE_STYLE_USAGE ( .BOTH. , #6554 ) ;
#2572 = CARTESIAN_POINT ( 'NONE',  ( 0.6682938145194375900, -0.1606779668155687000, -0.1178326279686197900 ) ) ;
#2573 = UNCERTAINTY_MEASURE_WITH_UNIT (LENGTH_MEASURE( 1.000000000000000100E-005 ), #7968, 'distance_accuracy_value', 'NONE');
#2574 = DIRECTION ( 'NONE',  ( 0.0000000000000000000, 0.0000000000000000000, -1.000000000000000000 ) ) ;
#2575 = DIMENSIONAL_EXPONENTS ( 1.000000000000000000, 0.0000000000000000000, 0.0000000000000000000, 0.0000000000000000000, 0.0000000000000000000, 0.0000000000000000000, 0.0000000000000000000 ) ;
#2576 = CARTESIAN_POINT ( 'NONE',  ( -0.5954008284118741400, 0.04095737074312051600, -0.05942854153257014900 ) ) ;
#2577 = ORIENTED_EDGE ( 'NONE', *, *, #3043, .F. ) ;
#2578 = MECHANICAL_DESIGN_GEOMETRIC_PRESENTATION_REPRESENTATION (  '', ( #784 ), #3013 ) ;
#2579 = DIRECTION ( 'NONE',  ( 1.313388458492434400E-016, -0.0000000000000000000, 1.000000000000000000 ) ) ;
#2580 = DIRECTION ( 'NONE',  ( 0.0000000000000000000, 1.000000000000000000, -0.0000000000000000000 ) ) ;
#2581 = CARTESIAN_POINT ( 'NONE',  ( 0.3591995119333841200, 0.1498771386089828300, 0.08050438615226078500 ) ) ;
#2582 = STYLED_ITEM ( 'NONE', ( #5757 ), #511 ) ;
#2583 = ADVANCED_FACE ( 'NONE', ( #7345 ), #1365, .T. ) ;
#2584 = VERTEX_POINT ( 'NONE', #5354 ) ;
#2585 = ORIENTED_EDGE ( 'NONE', *, *, #4856, .F. ) ;
#2586 = MECHANICAL_DESIGN_GEOMETRIC_PRESENTATION_REPRESENTATION (  '', ( #1695 ), #3017 ) ;
#2587 = CARTESIAN_POINT ( 'NONE',  ( 0.1547535637706485000, -0.2830426292568795100, -0.003541741489868331400 ) ) ;
#2588 = COLOUR_RGB ( '',0.9882352941176471000, 1.000000000000000000, 0.9882352941176471000 ) ;
#2589 = ORIENTED_EDGE ( 'NONE', *, *, #6218, .T. ) ;
#2590 = CARTESIAN_POINT ( 'NONE',  ( 0.7404330265409034800, -0.009042629256879460400, -0.07887837700147688800 ) ) ;
#2591 = LINE ( 'NONE', #2071, #808 ) ;
#2592 = LINE ( 'NONE', #3824, #7664 ) ;
#2593 = COLOUR_RGB ( '',0.9882352941176471000, 1.000000000000000000, 0.9882352941176471000 ) ;
#2594 = PRESENTATION_LAYER_ASSIGNMENT (  '', '', ( #1699 ) ) ;
#2595 = CARTESIAN_POINT ( 'NONE',  ( 0.5396468760139865300, 0.03978030122580957600, -0.1883576086447594800 ) ) ;
#2596 = MECHANICAL_DESIGN_GEOMETRIC_PRESENTATION_REPRESENTATION (  '', ( #1257 ), #3029 ) ;
#2597 = PLANE ( 'NONE',  #6617 ) ;
#2598 = EDGE_CURVE ( 'NONE', #7986, #2163, #4783, .T. ) ;
#2599 = VERTEX_POINT ( 'NONE', #6702 ) ;
#2600 = SURFACE_STYLE_FILL_AREA ( #486 ) ;
#2601 = ORIENTED_EDGE ( 'NONE', *, *, #8563, .F. ) ;
#2602 = CARTESIAN_POINT ( 'NONE',  ( 0.5878771478527687900, -0.1687477352375218500, 0.08204897147645168200 ) ) ;
#2603 = PRESENTATION_LAYER_ASSIGNMENT (  '', '', ( #1705 ) ) ;
#2604 = DIRECTION ( 'NONE',  ( 0.0000000000000000000, 1.000000000000000000, 0.0000000000000000000 ) ) ;
#2605 = EDGE_LOOP ( 'NONE', ( #5686, #3416, #7350, #3778 ) ) ;
#2606 = CARTESIAN_POINT ( 'NONE',  ( -0.5372464362293516400, -0.02053261085912316800, -0.03904174148986839400 ) ) ;
#2607 = DIRECTION ( 'NONE',  ( 1.000000000000000000, 0.0000000000000000000, 0.0000000000000000000 ) ) ;
#2608 =( CONVERSION_BASED_UNIT ( 'INCH', #8046 ) LENGTH_UNIT ( ) NAMED_UNIT ( #2952 ) );
#2609 = CARTESIAN_POINT ( 'NONE',  ( 0.4960010426806659200, 0.1215682504501611600, 0.1673304920715892600 ) ) ;
#2610 = EDGE_CURVE ( 'NONE', #7047, #6785, #2990, .T. ) ;
#2611 = AXIS2_PLACEMENT_3D ( 'NONE', #7902, #3940, #8588 ) ;
#2612 = AXIS2_PLACEMENT_3D ( 'NONE', #4179, #165, #4837 ) ;
#2613 = CARTESIAN_POINT ( 'NONE',  ( -0.9984602808033384800, -0.2830426292568795100, 0.06895825851013148700 ) ) ;
#2614 = LINE ( 'NONE', #2113, #2396 ) ;
#2615 = DIMENSIONAL_EXPONENTS ( 1.000000000000000000, 0.0000000000000000000, 0.0000000000000000000, 0.0000000000000000000, 0.0000000000000000000, 0.0000000000000000000, 0.0000000000000000000 ) ;
#2616 =( NAMED_UNIT ( * ) PLANE_ANGLE_UNIT ( ) SI_UNIT ( $, .RADIAN. ) );
#2617 = CARTESIAN_POINT ( 'NONE',  ( 0.7004802093473309100, 0.1795451236574467900, 0.05904558791765951400 ) ) ;
#2618 = UNCERTAINTY_MEASURE_WITH_UNIT (LENGTH_MEASURE( 1.000000000000000100E-005 ), #3676, 'distance_accuracy_value', 'NONE');
#2619 = EDGE_CURVE ( 'NONE', #8617, #6070, #8288, .T. ) ;
#2620 = LENGTH_MEASURE_WITH_UNIT ( LENGTH_MEASURE( 0.02539999999999999900 ), #6217 );
#2621 = SURFACE_STYLE_USAGE ( .BOTH. , #6602 ) ;
#2622 = ADVANCED_FACE ( 'NONE', ( #1018 ), #4761, .F. ) ;
#2623 = CARTESIAN_POINT ( 'NONE',  ( -0.1207464362293516100, 0.2539573707431204100, -0.2235417414898683000 ) ) ;
#2624 = PRESENTATION_STYLE_ASSIGNMENT (( #5106 ) ) ;
#2625 = VERTEX_POINT ( 'NONE', #3400 ) ;
#2626 = ORIENTED_EDGE ( 'NONE', *, *, #203, .T. ) ;
#2627 = CARTESIAN_POINT ( 'NONE',  ( 0.5080438145194268200, 0.1215682504501611600, 0.1673304920715892600 ) ) ;
#2628 = VERTEX_POINT ( 'NONE', #1507 ) ;
#2629 =( CONVERSION_BASED_UNIT ( 'INCH', #6136 ) LENGTH_UNIT ( ) NAMED_UNIT ( #4110 ) );
#2630 = FILL_AREA_STYLE ('',( #7908 ) ) ;
#2631 =( NAMED_UNIT ( * ) PLANE_ANGLE_UNIT ( ) SI_UNIT ( $, .RADIAN. ) );
#2632 = SURFACE_SIDE_STYLE ('',( #5102 ) ) ;
#2633 = CARTESIAN_POINT ( 'NONE',  ( 0.3757307619333884500, 0.1823715497072595200, -0.01813887754800058400 ) ) ;
#2634 = ORIENTED_EDGE ( 'NONE', *, *, #2165, .T. ) ;
#2635 = ORIENTED_EDGE ( 'NONE', *, *, #4418, .F. ) ;
#2636 = CARTESIAN_POINT ( 'NONE',  ( -0.5372464362293516400, -0.2780426292568794500, -0.1310417414898683300 ) ) ;
#2637 = ORIENTED_EDGE ( 'NONE', *, *, #2653, .F. ) ;
#2638 = DIRECTION ( 'NONE',  ( -0.0000000000000000000, -0.0000000000000000000, -1.000000000000000000 ) ) ;
#2639 = CARTESIAN_POINT ( 'NONE',  ( 0.7441050052029851700, -0.04810223182560002800, 0.01645825851013167600 ) ) ;
#2640 = AXIS2_PLACEMENT_3D ( 'NONE', #5404, #5433, #1448 ) ;
#2641 = FILL_AREA_STYLE_COLOUR ( '', #1963 ) ;
#2642 = SURFACE_SIDE_STYLE ('',( #5726 ) ) ;
#2643 = PRESENTATION_STYLE_ASSIGNMENT (( #6121 ) ) ;
#2644 = ORIENTED_EDGE ( 'NONE', *, *, #777, .F. ) ;
#2645 = CARTESIAN_POINT ( 'NONE',  ( -0.2302464362293515600, -0.3290426292568794900, -0.008541741489868335400 ) ) ;
#2646 = LINE ( 'NONE', #4924, #877 ) ;
#2647 = VECTOR ( 'NONE', #107, 39.37007874015748100 ) ;
#2648 = LINE ( 'NONE', #6830, #665 ) ;
#2649 =( CONVERSION_BASED_UNIT ( 'INCH', #675 ) LENGTH_UNIT ( ) NAMED_UNIT ( #8059 ) );
#2650 =( NAMED_UNIT ( * ) SI_UNIT ( $, .STERADIAN. ) SOLID_ANGLE_UNIT ( ) );
#2651 = DIMENSIONAL_EXPONENTS ( 1.000000000000000000, 0.0000000000000000000, 0.0000000000000000000, 0.0000000000000000000, 0.0000000000000000000, 0.0000000000000000000, 0.0000000000000000000 ) ;
#2652 = DIMENSIONAL_EXPONENTS ( 1.000000000000000000, 0.0000000000000000000, 0.0000000000000000000, 0.0000000000000000000, 0.0000000000000000000, 0.0000000000000000000, 0.0000000000000000000 ) ;
#2653 = EDGE_CURVE ( 'NONE', #4644, #6568, #3721, .T. ) ;
#2654 = DIRECTION ( 'NONE',  ( 0.0000000000000000000, 9.571164508604897800E-017, -1.000000000000000000 ) ) ;
#2655 = SURFACE_SIDE_STYLE ('',( #2209 ) ) ;
#2656 = COLOUR_RGB ( '',0.2941176470588235400, 0.2941176470588235400, 0.2941176470588235400 ) ;
#2657 = UNCERTAINTY_MEASURE_WITH_UNIT (LENGTH_MEASURE( 1.000000000000000100E-005 ), #3570, 'distance_accuracy_value', 'NONE');
#2658 = DIRECTION ( 'NONE',  ( -0.0000000000000000000, -1.000000000000000000, -0.0000000000000000000 ) ) ;
#2659 = SURFACE_STYLE_USAGE ( .BOTH. , #6642 ) ;
#2660 = COLOUR_RGB ( '',0.2941176470588235400, 0.2941176470588235400, 0.2941176470588235400 ) ;
#2661 = CARTESIAN_POINT ( 'NONE',  ( 0.6065432619333700500, 0.2009896838361331100, 0.06978790040519726500 ) ) ;
#2662 = COLOUR_RGB ( '',0.9882352941176471000, 1.000000000000000000, 0.9882352941176471000 ) ;
#2663 = ADVANCED_FACE ( 'NONE', ( #175 ), #2840, .T. ) ;
#2664 = ORIENTED_EDGE ( 'NONE', *, *, #1211, .T. ) ;
#2665 = ORIENTED_EDGE ( 'NONE', *, *, #6942, .F. ) ;
#2666 = EDGE_CURVE ( 'NONE', #6042, #6680, #6549, .T. ) ;
#2667 = CARTESIAN_POINT ( 'NONE',  ( -0.5372464362293516400, -0.2480426292568794500, -0.2585417414898683600 ) ) ;
#2668 = UNCERTAINTY_MEASURE_WITH_UNIT (LENGTH_MEASURE( 1.000000000000000100E-005 ), #4830, 'distance_accuracy_value', 'NONE');
#2669 = TOROIDAL_SURFACE ( 'NONE', #357, 0.04000000000000000100, 0.01600000000000000000 ) ;
#2670 = UNCERTAINTY_MEASURE_WITH_UNIT (LENGTH_MEASURE( 1.000000000000000100E-005 ), #3533, 'distance_accuracy_value', 'NONE');
#2671 =( CONVERSION_BASED_UNIT ( 'INCH', #566 ) LENGTH_UNIT ( ) NAMED_UNIT ( #7219 ) );
#2672 =( NAMED_UNIT ( * ) SI_UNIT ( $, .STERADIAN. ) SOLID_ANGLE_UNIT ( ) );
#2673 =( GEOMETRIC_REPRESENTATION_CONTEXT ( 3 ) GLOBAL_UNCERTAINTY_ASSIGNED_CONTEXT ( ( #6841 ) ) GLOBAL_UNIT_ASSIGNED_CONTEXT ( ( #8570, #4607, #578 ) ) REPRESENTATION_CONTEXT ( 'NONE', 'WORKASPACE' ) );
#2674 = VERTEX_POINT ( 'NONE', #4237 ) ;
#2675 = DIRECTION ( 'NONE',  ( 1.000000000000000000, 0.0000000000000000000, 0.0000000000000000000 ) ) ;
#2676 = DIRECTION ( 'NONE',  ( 0.0000000000000000000, 0.0000000000000000000, -1.000000000000000000 ) ) ;
#2677 = ORIENTED_EDGE ( 'NONE', *, *, #8112, .T. ) ;
#2678 = EDGE_LOOP ( 'NONE', ( #2082 ) ) ;
#2679 = LINE ( 'NONE', #4805, #7754 ) ;
#2680 = EDGE_LOOP ( 'NONE', ( #7011 ) ) ;
#2681 = FILL_AREA_STYLE_COLOUR ( '', #6921 ) ;
#2682 = PLANE ( 'NONE',  #2955 ) ;
#2683 = CARTESIAN_POINT ( 'NONE',  ( 0.7350232725103027500, 0.2539573707431204100, -0.2335417414898683700 ) ) ;
#2684 = LENGTH_MEASURE_WITH_UNIT ( LENGTH_MEASURE( 0.02539999999999999900 ), #661 );
#2685 = VERTEX_POINT ( 'NONE', #7512 ) ;
#2686 = PRESENTATION_LAYER_ASSIGNMENT (  '', '', ( #3123 ) ) ;
#2687 = SURFACE_STYLE_USAGE ( .BOTH. , #6675 ) ;
#2688 = CARTESIAN_POINT ( 'NONE',  ( 0.4503661786000243100, -0.1570447915916761400, -0.08610900462011932000 ) ) ;
#2689 = VERTEX_POINT ( 'NONE', #6821 ) ;
#2690 = VECTOR ( 'NONE', #1871, 39.37007874015748100 ) ;
#2691 =( GEOMETRIC_REPRESENTATION_CONTEXT ( 3 ) GLOBAL_UNCERTAINTY_ASSIGNED_CONTEXT ( ( #5075 ) ) GLOBAL_UNIT_ASSIGNED_CONTEXT ( ( #6848, #2864, #7505 ) ) REPRESENTATION_CONTEXT ( 'NONE', 'WORKASPACE' ) );
#2692 = LINE ( 'NONE', #7616, #4284 ) ;
#2693 = FACE_OUTER_BOUND ( 'NONE', #308, .T. ) ;
#2694 = CARTESIAN_POINT ( 'NONE',  ( 0.7307535637706486000, -0.3230426292568794900, 0.3109582585101316500 ) ) ;
#2695 = SURFACE_STYLE_USAGE ( .BOTH. , #6678 ) ;
#2696 = DIRECTION ( 'NONE',  ( -1.000000000000000000, 0.0000000000000000000, 0.0000000000000000000 ) ) ;
#2697 = VERTEX_POINT ( 'NONE', #6211 ) ;
#2698 = ORIENTED_EDGE ( 'NONE', *, *, #7150, .T. ) ;
#2699 = SURFACE_STYLE_USAGE ( .BOTH. , #6681 ) ;
#2700 =( GEOMETRIC_REPRESENTATION_CONTEXT ( 3 ) GLOBAL_UNCERTAINTY_ASSIGNED_CONTEXT ( ( #4244 ) ) GLOBAL_UNIT_ASSIGNED_CONTEXT ( ( #1184, #5827, #1843 ) ) REPRESENTATION_CONTEXT ( 'NONE', 'WORKASPACE' ) );
#2701 = DIMENSIONAL_EXPONENTS ( 1.000000000000000000, 0.0000000000000000000, 0.0000000000000000000, 0.0000000000000000000, 0.0000000000000000000, 0.0000000000000000000, 0.0000000000000000000 ) ;
#2702 = AXIS2_PLACEMENT_3D ( 'NONE', #2287, #6935, #2961 ) ;
#2703 = DIRECTION ( 'NONE',  ( 0.0000000000000000000, -1.000000000000000000, 0.0000000000000000000 ) ) ;
#2704 = EDGE_CURVE ( 'NONE', #743, #743, #4792, .T. ) ;
#2705 = ORIENTED_EDGE ( 'NONE', *, *, #5562, .T. ) ;
#2706 = AXIS2_PLACEMENT_3D ( 'NONE', #6398, #2411, #7068 ) ;
#2707 = DIRECTION ( 'NONE',  ( -0.0000000000000000000, -0.0000000000000000000, 1.000000000000000000 ) ) ;
#2708 =( NAMED_UNIT ( * ) SI_UNIT ( $, .STERADIAN. ) SOLID_ANGLE_UNIT ( ) );
#2709 = CIRCLE ( 'NONE', #8214, 0.3750000000000000600 ) ;
#2710 = LINE ( 'NONE', #2250, #945 ) ;
#2711 = CARTESIAN_POINT ( 'NONE',  ( -0.02524643622935148300, -0.2800426292568794500, -0.008541741489868224400 ) ) ;
#2712 =( NAMED_UNIT ( * ) SI_UNIT ( $, .STERADIAN. ) SOLID_ANGLE_UNIT ( ) );
#2713 = FACE_BOUND ( 'NONE', #8230, .T. ) ;
#2714 = PRODUCT_RELATED_PRODUCT_CATEGORY ( 'part', '', ( #6714 ) ) ;
#2715 = ORIENTED_EDGE ( 'NONE', *, *, #802, .F. ) ;
#2716 = VECTOR ( 'NONE', #2494, 39.37007874015748100 ) ;
#2717 = EDGE_CURVE ( 'NONE', #6568, #1073, #1241, .T. ) ;
#2718 = SURFACE_STYLE_FILL_AREA ( #4542 ) ;
#2719 = ORIENTED_EDGE ( 'NONE', *, *, #3219, .T. ) ;
#2720 = CARTESIAN_POINT ( 'NONE',  ( 0.3403870119334312400, -0.02503397557007129600, 0.1388390211302295600 ) ) ;
#2721 = ORIENTED_EDGE ( 'NONE', *, *, #321, .T. ) ;
#2722 = PRESENTATION_LAYER_ASSIGNMENT (  '', '', ( #2276 ) ) ;
#2723 = CARTESIAN_POINT ( 'NONE',  ( 0.7507535637706483900, 0.05312867351770816900, -0.03354174148986834000 ) ) ;
#2724 = VERTEX_POINT ( 'NONE', #144 ) ;
#2725 = PRESENTATION_STYLE_ASSIGNMENT (( #3424 ) ) ;
#2726 = EDGE_LOOP ( 'NONE', ( #7656, #3312, #7777, #5438 ) ) ;
#2727 = LENGTH_MEASURE_WITH_UNIT ( LENGTH_MEASURE( 0.02539999999999999900 ), #1379 );
#2728 = EDGE_CURVE ( 'NONE', #4275, #7153, #2999, .T. ) ;
#2729 = FACE_OUTER_BOUND ( 'NONE', #1372, .T. ) ;
#2730 = DIMENSIONAL_EXPONENTS ( 1.000000000000000000, 0.0000000000000000000, 0.0000000000000000000, 0.0000000000000000000, 0.0000000000000000000, 0.0000000000000000000, 0.0000000000000000000 ) ;
#2731 = ORIENTED_EDGE ( 'NONE', *, *, #5825, .T. ) ;
#2732 = DIRECTION ( 'NONE',  ( 0.0000000000000000000, 0.0000000000000000000, -1.000000000000000000 ) ) ;
#2733 = VECTOR ( 'NONE', #3871, 39.37007874015748100 ) ;
#2734 = FILL_AREA_STYLE_COLOUR ( '', #417 ) ;
#2735 = PRESENTATION_LAYER_ASSIGNMENT (  '', '', ( #2292 ) ) ;
#2736 = DIRECTION ( 'NONE',  ( -1.000000000000000000, 0.0000000000000000000, 0.0000000000000000000 ) ) ;
#2737 = CARTESIAN_POINT ( 'NONE',  ( -0.5372464362293516400, -0.3480426292568794500, -0.1310417414898683300 ) ) ;
#2738 = UNCERTAINTY_MEASURE_WITH_UNIT (LENGTH_MEASURE( 1.000000000000000100E-005 ), #1114, 'distance_accuracy_value', 'NONE');
#2739 = LENGTH_MEASURE_WITH_UNIT ( LENGTH_MEASURE( 0.02539999999999999900 ), #1752 );
#2740 = STYLED_ITEM ( 'NONE', ( #5159 ), #355 ) ;
#2741 = FILL_AREA_STYLE_COLOUR ( '', #3671 ) ;
#2742 = DIRECTION ( 'NONE',  ( 0.0000000000000000000, 1.000000000000000000, -0.0000000000000000000 ) ) ;
#2743 = CARTESIAN_POINT ( 'NONE',  ( -0.06524643622935159800, -0.2830426292568795100, 0.04395825851013165200 ) ) ;
#2744 = AXIS2_PLACEMENT_3D ( 'NONE', #6929, #2953, #7583 ) ;
#2745 = DIRECTION ( 'NONE',  ( -0.0000000000000000000, -0.8232127859152877900, -0.5677329558036867700 ) ) ;
#2746 = ORIENTED_EDGE ( 'NONE', *, *, #1930, .T. ) ;
#2747 = DIMENSIONAL_EXPONENTS ( 1.000000000000000000, 0.0000000000000000000, 0.0000000000000000000, 0.0000000000000000000, 0.0000000000000000000, 0.0000000000000000000, 0.0000000000000000000 ) ;
#2748 = SURFACE_STYLE_USAGE ( .BOTH. , #6719 ) ;
#2749 = CARTESIAN_POINT ( 'NONE',  ( -0.1207464362293516600, -0.03604262925687949600, 0.3009582585101315800 ) ) ;
#2750 = VECTOR ( 'NONE', #90, 39.37007874015748100 ) ;
#2751 = FILL_AREA_STYLE ('',( #8035 ) ) ;
#2752 = LENGTH_MEASURE_WITH_UNIT ( LENGTH_MEASURE( 0.02539999999999999900 ), #5831 );
#2753 = ORIENTED_EDGE ( 'NONE', *, *, #5254, .F. ) ;
#2754 = FILL_AREA_STYLE ('',( #1418 ) ) ;
#2755 = STYLED_ITEM ( 'NONE', ( #2346 ), #5000 ) ;
#2756 = EDGE_CURVE ( 'NONE', #5350, #6258, #6331, .T. ) ;
#2757 = FACE_OUTER_BOUND ( 'NONE', #6595, .T. ) ;
#2758 = CYLINDRICAL_SURFACE ( 'NONE', #1690, 0.04479626937547442200 ) ;
#2759 =( LENGTH_UNIT ( ) NAMED_UNIT ( * ) SI_UNIT ( $, .METRE. ) );
#2760 = LINE ( 'NONE', #7340, #4561 ) ;
#2761 = PRESENTATION_LAYER_ASSIGNMENT (  '', '', ( #1870 ) ) ;
#2762 = ORIENTED_EDGE ( 'NONE', *, *, #5012, .F. ) ;
#2763 = DIRECTION ( 'NONE',  ( 0.0000000000000000000, 0.0000000000000000000, 1.000000000000000000 ) ) ;
#2764 = PRESENTATION_STYLE_ASSIGNMENT (( #7988 ) ) ;
#2765 = LINE ( 'NONE', #889, #1214 ) ;
#2766 = DIRECTION ( 'NONE',  ( 0.0000000000000000000, 1.000000000000000000, 0.0000000000000000000 ) ) ;
#2767 = CARTESIAN_POINT ( 'NONE',  ( 0.3100745119333638800, -0.1233241765313579100, -0.02516750087312057800 ) ) ;
#2768 = DIRECTION ( 'NONE',  ( 0.0000000000000000000, -1.000000000000000000, -1.914232901720979100E-016 ) ) ;
#2769 = EDGE_CURVE ( 'NONE', #7083, #956, #2791, .T. ) ;
#2770 = FILL_AREA_STYLE_COLOUR ( '', #8130 ) ;
#2771 = CARTESIAN_POINT ( 'NONE',  ( -0.02524643622935148300, -0.2800426292568794500, -0.008541741489868224400 ) ) ;
#2772 = PRESENTATION_LAYER_ASSIGNMENT (  '', '', ( #3222 ) ) ;
#2773 =( CONVERSION_BASED_UNIT ( 'INCH', #4691 ) LENGTH_UNIT ( ) NAMED_UNIT ( #6664 ) );
#2774 = EDGE_CURVE ( 'NONE', #2508, #6070, #8092, .T. ) ;
#2775 =( NAMED_UNIT ( * ) PLANE_ANGLE_UNIT ( ) SI_UNIT ( $, .RADIAN. ) );
#2776 = PLANE ( 'NONE',  #7040 ) ;
#2777 = ORIENTED_EDGE ( 'NONE', *, *, #1158, .F. ) ;
#2778 = DIRECTION ( 'NONE',  ( -1.000000000000000000, 0.0000000000000000000, 0.0000000000000000000 ) ) ;
#2779 =( NAMED_UNIT ( * ) PLANE_ANGLE_UNIT ( ) SI_UNIT ( $, .RADIAN. ) );
#2780 = AXIS2_PLACEMENT_3D ( 'NONE', #7458, #3504, #8140 ) ;
#2781 = COLOUR_RGB ( '',0.9882352941176471000, 1.000000000000000000, 0.9882352941176471000 ) ;
#2782 = ORIENTED_EDGE ( 'NONE', *, *, #2271, .T. ) ;
#2783 = CARTESIAN_POINT ( 'NONE',  ( -0.5954008284118742500, 0.06684417078582231800, 0.01645825851013166900 ) ) ;
#2784 = CARTESIAN_POINT ( 'NONE',  ( 0.7557535637706485100, 0.2539573707431204100, -0.2335417414898683400 ) ) ;
#2785 = LINE ( 'NONE', #5792, #4385 ) ;
#2786 = MECHANICAL_DESIGN_GEOMETRIC_PRESENTATION_REPRESENTATION (  '', ( #1384 ), #3254 ) ;
#2787 = UNCERTAINTY_MEASURE_WITH_UNIT (LENGTH_MEASURE( 1.000000000000000100E-005 ), #8592, 'distance_accuracy_value', 'NONE');
#2788 = SURFACE_STYLE_USAGE ( .BOTH. , #6775 ) ;
#2789 = CIRCLE ( 'NONE', #8279, 0.1499999999999999700 ) ;
#2790 = CARTESIAN_POINT ( 'NONE',  ( 0.6019599286000408800, 0.04206562265884537100, 0.1958118176492517900 ) ) ;
#2791 = LINE ( 'NONE', #2233, #6126 ) ;
#2792 = CARTESIAN_POINT ( 'NONE',  ( 0.7557535637706485100, -0.3480426292568794500, -0.3530417414898683300 ) ) ;
#2793 = CARTESIAN_POINT ( 'NONE',  ( 0.2660015952667114700, 0.1055972735422254200, 0.02849355932336437200 ) ) ;
#2794 = ORIENTED_EDGE ( 'NONE', *, *, #2495, .T. ) ;
#2795 = FILL_AREA_STYLE_COLOUR ( '', #1054 ) ;
#2796 = CARTESIAN_POINT ( 'NONE',  ( -0.5772464362293517900, -0.3230426292568794900, 0.3109582585101316500 ) ) ;
#2797 = VECTOR ( 'NONE', #7126, 39.37007874015748100 ) ;
#2798 = ORIENTED_EDGE ( 'NONE', *, *, #988, .T. ) ;
#2799 = CARTESIAN_POINT ( 'NONE',  ( -0.5822464362293516800, 0.01595737074312052500, -0.008541741489868335400 ) ) ;
#2800 = DIRECTION ( 'NONE',  ( 0.0000000000000000000, -0.0000000000000000000, -1.000000000000000000 ) ) ;
#2801 = AXIS2_PLACEMENT_3D ( 'NONE', #1707, #7020, #5712 ) ;
#2802 =( NAMED_UNIT ( * ) PLANE_ANGLE_UNIT ( ) SI_UNIT ( $, .RADIAN. ) );
#2803 = PRESENTATION_LAYER_ASSIGNMENT (  '', '', ( #2360 ) ) ;
#2804 = ORIENTED_EDGE ( 'NONE', *, *, #4404, .F. ) ;
#2805 = SURFACE_STYLE_USAGE ( .BOTH. , #6791 ) ;
#2806 = COLOUR_RGB ( '',0.9882352941176471000, 1.000000000000000000, 0.9882352941176471000 ) ;
#2807 = DIRECTION ( 'NONE',  ( 1.000000000000000000, -0.0000000000000000000, -0.0000000000000000000 ) ) ;
#2808 = CARTESIAN_POINT ( 'NONE',  ( 0.6907535637706484500, -0.2780426292568794500, -0.1310417414898683300 ) ) ;
#2809 = MECHANICAL_DESIGN_GEOMETRIC_PRESENTATION_REPRESENTATION (  '', ( #1929 ), #3271 ) ;
#2810 = CARTESIAN_POINT ( 'NONE',  ( -0.5201755700876192800, -0.02094527138411909600, 0.04496708959462544100 ) ) ;
#2811 = EDGE_CURVE ( 'NONE', #7600, #7600, #7890, .T. ) ;
#2812 = COLOUR_RGB ( '',0.7921568627450980000, 0.8196078431372548800, 0.9333333333333333500 ) ;
#2813 = SURFACE_STYLE_USAGE ( .BOTH. , #6799 ) ;
#2814 = SURFACE_STYLE_FILL_AREA ( #1698 ) ;
#2815 = VERTEX_POINT ( 'NONE', #226 ) ;
#2816 = CARTESIAN_POINT ( 'NONE',  ( -0.6018462163069291400, 0.2539573707431204700, -0.2035841823919563000 ) ) ;
#2817 = FACE_OUTER_BOUND ( 'NONE', #1724, .T. ) ;
#2818 = CARTESIAN_POINT ( 'NONE',  ( 0.3050224285999979000, -0.1121812135367444300, -0.06084118178061425500 ) ) ;
#2819 = VECTOR ( 'NONE', #6118, 39.37007874015748100 ) ;
#2820 = SURFACE_STYLE_USAGE ( .BOTH. , #6804 ) ;
#2821 = CARTESIAN_POINT ( 'NONE',  ( 0.5999593760140083900, 0.09498438191044054900, 0.1820039480311170500 ) ) ;
#2822 = VERTEX_POINT ( 'NONE', #1621 ) ;
#2823 = DIRECTION ( 'NONE',  ( 0.0000000000000000000, 0.0000000000000000000, 1.000000000000000000 ) ) ;
#2824 =( CONVERSION_BASED_UNIT ( 'INCH', #280 ) LENGTH_UNIT ( ) NAMED_UNIT ( #3357 ) );
#2825 = VECTOR ( 'NONE', #5468, 39.37007874015748100 ) ;
#2826 =( LENGTH_UNIT ( ) NAMED_UNIT ( * ) SI_UNIT ( $, .METRE. ) );
#2827 = ORIENTED_EDGE ( 'NONE', *, *, #2309, .F. ) ;
#2828 =( LENGTH_UNIT ( ) NAMED_UNIT ( * ) SI_UNIT ( $, .METRE. ) );
#2829 = FILL_AREA_STYLE_COLOUR ( '', #1604 ) ;
#2830 = STYLED_ITEM ( 'NONE', ( #6026 ), #3284 ) ;
#2831 = DIRECTION ( 'NONE',  ( 0.0000000000000000000, -1.000000000000000000, 0.0000000000000000000 ) ) ;
#2832 = EDGE_LOOP ( 'NONE', ( #1945, #1439, #5397, #1790 ) ) ;
#2833 = DIRECTION ( 'NONE',  ( -0.0000000000000000000, -1.000000000000000000, -0.0000000000000000000 ) ) ;
#2834 = SURFACE_SIDE_STYLE ('',( #4946 ) ) ;
#2835 = SURFACE_SIDE_STYLE ('',( #7689 ) ) ;
#2836 = DIRECTION ( 'NONE',  ( -1.000000000000000000, 0.0000000000000000000, 6.097874985857700800E-017 ) ) ;
#2837 = EDGE_CURVE ( 'NONE', #7153, #4080, #7665, .T. ) ;
#2838 = FACE_OUTER_BOUND ( 'NONE', #6975, .T. ) ;
#2839 = EDGE_LOOP ( 'NONE', ( #3719, #3206, #6021, #3568 ) ) ;
#2840 = PLANE ( 'NONE',  #5300 ) ;
#2841 = UNCERTAINTY_MEASURE_WITH_UNIT (LENGTH_MEASURE( 1.000000000000000100E-005 ), #5359, 'distance_accuracy_value', 'NONE');
#2842 = CARTESIAN_POINT ( 'NONE',  ( 0.6375849286000528900, 0.2032075975603265500, -0.03016950417365404600 ) ) ;
#2843 = ORIENTED_EDGE ( 'NONE', *, *, #2837, .T. ) ;
#2844 = ORIENTED_EDGE ( 'NONE', *, *, #5902, .T. ) ;
#2845 = UNCERTAINTY_MEASURE_WITH_UNIT (LENGTH_MEASURE( 1.000000000000000100E-005 ), #3543, 'distance_accuracy_value', 'NONE');
#2846 = CARTESIAN_POINT ( 'NONE',  ( 0.3837535637706484500, -0.3290426292568794900, -0.1295417414898683600 ) ) ;
#2847 = SURFACE_SIDE_STYLE ('',( #7851 ) ) ;
#2848 = PRESENTATION_STYLE_ASSIGNMENT (( #1673 ) ) ;
#2849 = PRESENTATION_STYLE_ASSIGNMENT (( #4263 ) ) ;
#2850 = LENGTH_MEASURE_WITH_UNIT ( LENGTH_MEASURE( 0.02539999999999999900 ), #3600 );
#2851 = PRESENTATION_LAYER_ASSIGNMENT (  '', '', ( #1514 ) ) ;
#2852 = CARTESIAN_POINT ( 'NONE',  ( -0.02524643622935148300, -0.2800426292568794500, -0.06104174148986833700 ) ) ;
#2853 = PRESENTATION_LAYER_ASSIGNMENT (  '', '', ( #1965 ) ) ;
#2854 = SURFACE_STYLE_USAGE ( .BOTH. , #6833 ) ;
#2855 = CARTESIAN_POINT ( 'NONE',  ( -0.9984602808033384800, -0.2830426292568795100, -0.07104174148986812400 ) ) ;
#2856 = PRESENTATION_STYLE_ASSIGNMENT (( #1317 ) ) ;
#2857 =( LENGTH_UNIT ( ) NAMED_UNIT ( * ) SI_UNIT ( $, .METRE. ) );
#2858 = ADVANCED_FACE ( 'NONE', ( #812 ), #8273, .T. ) ;
#2859 = CARTESIAN_POINT ( 'NONE',  ( 0.7357535637706483800, 0.09195079151097383700, 0.01645825851013166600 ) ) ;
#2860 = CARTESIAN_POINT ( 'NONE',  ( -0.02274643622935171700, -0.2800426292568794500, -0.01354174148986833800 ) ) ;
#2861 = SURFACE_STYLE_USAGE ( .BOTH. , #6845 ) ;
#2862 = FACE_OUTER_BOUND ( 'NONE', #7808, .T. ) ;
#2863 = PRESENTATION_STYLE_ASSIGNMENT (( #1982 ) ) ;
#2864 =( NAMED_UNIT ( * ) PLANE_ANGLE_UNIT ( ) SI_UNIT ( $, .RADIAN. ) );
#2865 = FILL_AREA_STYLE_COLOUR ( '', #5663 ) ;
#2866 = SURFACE_SIDE_STYLE ('',( #11 ) ) ;
#2867 =( NAMED_UNIT ( * ) PLANE_ANGLE_UNIT ( ) SI_UNIT ( $, .RADIAN. ) );
#2868 = PRESENTATION_LAYER_ASSIGNMENT (  '', '', ( #2418 ) ) ;
#2869 = PRESENTATION_LAYER_ASSIGNMENT (  '', '', ( #2420 ) ) ;
#2870 = VERTEX_POINT ( 'NONE', #6276 ) ;
#2871 = ORIENTED_EDGE ( 'NONE', *, *, #8376, .T. ) ;
#2872 = EDGE_CURVE ( 'NONE', #5844, #5844, #8628, .T. ) ;
#2873 = DIRECTION ( 'NONE',  ( 0.0000000000000000000, -0.9242245927363124100, -0.3818493186865700700 ) ) ;
#2874 = CARTESIAN_POINT ( 'NONE',  ( 0.5571682619333668800, 0.04051934779616542200, -0.1939365067174096400 ) ) ;
#2875 = VECTOR ( 'NONE', #6699, 39.37007874015748100 ) ;
#2876 = AXIS2_PLACEMENT_3D ( 'NONE', #4281, #8260, #4317 ) ;
#2877 = CARTESIAN_POINT ( 'NONE',  ( 0.3837535637706484500, -0.3290426292568794900, -0.06604174148986841100 ) ) ;
#2878 = CARTESIAN_POINT ( 'NONE',  ( -0.4972464362293516600, -0.3480426292568794500, 0.1139582585101316500 ) ) ;
#2879 = EDGE_LOOP ( 'NONE', ( #4737, #4697, #1020, #4870, #7322, #2006 ) ) ;
#2880 = CARTESIAN_POINT ( 'NONE',  ( 0.3706995119333841300, 0.1545319476196132500, 0.08358551019896504100 ) ) ;
#2881 = AXIS2_PLACEMENT_3D ( 'NONE', #719, #5380, #1400 ) ;
#2882 = EDGE_CURVE ( 'NONE', #6680, #7446, #3531, .T. ) ;
#2883 = DIRECTION ( 'NONE',  ( 0.0000000000000000000, 0.0000000000000000000, -1.000000000000000000 ) ) ;
#2884 = AXIS2_PLACEMENT_3D ( 'NONE', #6112, #2125, #6771 ) ;
#2885 = PLANE ( 'NONE',  #197 ) ;
#2886 = ORIENTED_EDGE ( 'NONE', *, *, #7708, .T. ) ;
#2887 = VERTEX_POINT ( 'NONE', #2074 ) ;
#2888 = MECHANICAL_DESIGN_GEOMETRIC_PRESENTATION_REPRESENTATION (  '', ( #1998 ), #3341 ) ;
#2889 = CARTESIAN_POINT ( 'NONE',  ( -0.5772464362293517900, -0.3230426292568794900, 0.3109582585101316500 ) ) ;
#2890 = EDGE_LOOP ( 'NONE', ( #778, #8129, #2911, #8044 ) ) ;
#2891 = DIRECTION ( 'NONE',  ( 0.0000000000000000000, -1.000000000000000000, 0.0000000000000000000 ) ) ;
#2892 = EDGE_CURVE ( 'NONE', #4166, #1740, #6847, .T. ) ;
#2893 =( CONVERSION_BASED_UNIT ( 'INCH', #4301 ) LENGTH_UNIT ( ) NAMED_UNIT ( #1988 ) );
#2894 = SURFACE_SIDE_STYLE ('',( #7840 ) ) ;
#2895 = VECTOR ( 'NONE', #3948, 39.37007874015748100 ) ;
#2896 = VERTEX_POINT ( 'NONE', #100 ) ;
#2897 = FILL_AREA_STYLE_COLOUR ( '', #6387 ) ;
#2898 = EDGE_LOOP ( 'NONE', ( #2262 ) ) ;
#2899 = DIRECTION ( 'NONE',  ( 1.000000000000000000, 0.0000000000000000000, 0.0000000000000000000 ) ) ;
#2900 = SURFACE_STYLE_USAGE ( .BOTH. , #6875 ) ;
#2901 = DIRECTION ( 'NONE',  ( 1.000000000000000000, 0.0000000000000000000, 0.0000000000000000000 ) ) ;
#2902 = EDGE_LOOP ( 'NONE', ( #7362, #4025, #6007, #2037 ) ) ;
#2903 = LINE ( 'NONE', #7358, #7990 ) ;
#2904 = CARTESIAN_POINT ( 'NONE',  ( 0.4618661786000243200, -0.1405206572182614600, -0.07873775649418499100 ) ) ;
#2905 = ADVANCED_FACE ( 'NONE', ( #1748 ), #1437, .F. ) ;
#2906 = LENGTH_MEASURE_WITH_UNIT ( LENGTH_MEASURE( 0.02539999999999999900 ), #3305 );
#2907 = PRESENTATION_STYLE_ASSIGNMENT (( #2497 ) ) ;
#2908 =( NAMED_UNIT ( * ) SI_UNIT ( $, .STERADIAN. ) SOLID_ANGLE_UNIT ( ) );
#2909 = PRESENTATION_STYLE_ASSIGNMENT (( #695 ) ) ;
#2910 = MECHANICAL_DESIGN_GEOMETRIC_PRESENTATION_REPRESENTATION (  '', ( #2015 ), #3358 ) ;
#2911 = ORIENTED_EDGE ( 'NONE', *, *, #8001, .T. ) ;
#2912 = COLOUR_RGB ( '',0.2941176470588235400, 0.2941176470588235400, 0.2941176470588235400 ) ;
#2913 = AXIS2_PLACEMENT_3D ( 'NONE', #4825, #827, #5477 ) ;
#2914 = CARTESIAN_POINT ( 'NONE',  ( 0.5020224286000463100, 0.1215682504501611600, 0.1673304920715892600 ) ) ;
#2915 = COLOUR_RGB ( '',0.2941176470588235400, 0.2941176470588235400, 0.2941176470588235400 ) ;
#2916 =( NAMED_UNIT ( * ) PLANE_ANGLE_UNIT ( ) SI_UNIT ( $, .RADIAN. ) );
#2917 = ORIENTED_EDGE ( 'NONE', *, *, #2323, .F. ) ;
#2918 = DIRECTION ( 'NONE',  ( -0.0000000000000000000, -9.571164508604897800E-017, -1.000000000000000000 ) ) ;
#2919 = DIRECTION ( 'NONE',  ( 0.0000000000000000000, -1.000000000000000000, 0.0000000000000000000 ) ) ;
#2920 = VECTOR ( 'NONE', #3540, 39.37007874015748100 ) ;
#2921 = ORIENTED_EDGE ( 'NONE', *, *, #1719, .T. ) ;
#2922 = PRESENTATION_LAYER_ASSIGNMENT (  '', '', ( #3368 ) ) ;
#2923 = PRESENTATION_STYLE_ASSIGNMENT (( #6262 ) ) ;
#2924 = PLANE ( 'NONE',  #2744 ) ;
#2925 = CARTESIAN_POINT ( 'NONE',  ( 0.004753563770648469200, -0.2830426292568795100, -0.008541741489868224400 ) ) ;
#2926 = MECHANICAL_DESIGN_GEOMETRIC_PRESENTATION_REPRESENTATION (  '', ( #2031 ), #3370 ) ;
#2927 = EDGE_CURVE ( 'NONE', #2245, #4393, #3317, .T. ) ;
#2928 = UNCERTAINTY_MEASURE_WITH_UNIT (LENGTH_MEASURE( 1.000000000000000100E-005 ), #4410, 'distance_accuracy_value', 'NONE');
#2929 = PLANE ( 'NONE',  #286 ) ;
#2930 = FILL_AREA_STYLE_COLOUR ( '', #2493 ) ;
#2931 = SURFACE_SIDE_STYLE ('',( #8357 ) ) ;
#2932 = CARTESIAN_POINT ( 'NONE',  ( 0.7307535637706486000, -0.02053261085912316800, 0.02195825851013172300 ) ) ;
#2933 = LINE ( 'NONE', #5806, #1164 ) ;
#2934 = DIRECTION ( 'NONE',  ( 0.0000000000000000000, 0.0000000000000000000, -1.000000000000000000 ) ) ;
#2935 = ORIENTED_EDGE ( 'NONE', *, *, #458, .T. ) ;
#2936 = ORIENTED_EDGE ( 'NONE', *, *, #1835, .F. ) ;
#2937 = UNCERTAINTY_MEASURE_WITH_UNIT (LENGTH_MEASURE( 1.000000000000000100E-005 ), #5327, 'distance_accuracy_value', 'NONE');
#2938 = CARTESIAN_POINT ( 'NONE',  ( 0.3518870119334312500, -0.02028308380721945800, 0.1215508743707772600 ) ) ;
#2939 = CIRCLE ( 'NONE', #697, 0.3500000000000000300 ) ;
#2940 = VERTEX_POINT ( 'NONE', #8106 ) ;
#2941 = UNCERTAINTY_MEASURE_WITH_UNIT (LENGTH_MEASURE( 1.000000000000000100E-005 ), #7027, 'distance_accuracy_value', 'NONE');
#2942 = LINE ( 'NONE', #4756, #6479 ) ;
#2943 = EDGE_CURVE ( 'NONE', #8394, #4475, #2472, .T. ) ;
#2944 =( CONVERSION_BASED_UNIT ( 'INCH', #2234 ) LENGTH_UNIT ( ) NAMED_UNIT ( #8584 ) );
#2945 =( GEOMETRIC_REPRESENTATION_CONTEXT ( 3 ) GLOBAL_UNCERTAINTY_ASSIGNED_CONTEXT ( ( #4505 ) ) GLOBAL_UNIT_ASSIGNED_CONTEXT ( ( #6894, #2916, #7546 ) ) REPRESENTATION_CONTEXT ( 'NONE', 'WORKASPACE' ) );
#2946 = ORIENTED_EDGE ( 'NONE', *, *, #5285, .F. ) ;
#2947 = LINE ( 'NONE', #3331, #4739 ) ;
#2948 = EDGE_CURVE ( 'NONE', #6447, #5816, #6016, .T. ) ;
#2949 =( NAMED_UNIT ( * ) PLANE_ANGLE_UNIT ( ) SI_UNIT ( $, .RADIAN. ) );
#2950 = ADVANCED_FACE ( 'NONE', ( #2268 ), #4822, .T. ) ;
#2951 =( NAMED_UNIT ( * ) PLANE_ANGLE_UNIT ( ) SI_UNIT ( $, .RADIAN. ) );
#2952 = DIMENSIONAL_EXPONENTS ( 1.000000000000000000, 0.0000000000000000000, 0.0000000000000000000, 0.0000000000000000000, 0.0000000000000000000, 0.0000000000000000000, 0.0000000000000000000 ) ;
#2953 = DIRECTION ( 'NONE',  ( 0.0000000000000000000, 0.0000000000000000000, -1.000000000000000000 ) ) ;
#2954 = PRESENTATION_STYLE_ASSIGNMENT (( #2313 ) ) ;
#2955 = AXIS2_PLACEMENT_3D ( 'NONE', #2711, #7342, #3384 ) ;
#2956 = PLANE ( 'NONE',  #157 ) ;
#2957 = DIRECTION ( 'NONE',  ( 0.0000000000000000000, -1.000000000000000000, 9.571164508604904000E-017 ) ) ;
#2958 = EDGE_LOOP ( 'NONE', ( #3722 ) ) ;
#2959 = SURFACE_STYLE_USAGE ( .BOTH. , #6934 ) ;
#2960 = DIRECTION ( 'NONE',  ( 1.000000000000000000, -0.0000000000000000000, -0.0000000000000000000 ) ) ;
#2961 = DIRECTION ( 'NONE',  ( 0.0000000000000000000, 0.0000000000000000000, 1.000000000000000000 ) ) ;
#2962 = DIRECTION ( 'NONE',  ( -1.000000000000000000, 0.0000000000000000000, 0.0000000000000000000 ) ) ;
#2963 = CARTESIAN_POINT ( 'NONE',  ( 0.7180015952667113700, 0.1957388194229619500, 0.06573611719341987400 ) ) ;
#2964 = EDGE_LOOP ( 'NONE', ( #1654 ) ) ;
#2965 = SURFACE_SIDE_STYLE ('',( #6911 ) ) ;
#2966 = MECHANICAL_DESIGN_GEOMETRIC_PRESENTATION_REPRESENTATION (  '', ( #1626 ), #3417 ) ;
#2967 = DIRECTION ( 'NONE',  ( -1.000000000000000000, 0.0000000000000000000, 0.0000000000000000000 ) ) ;
#2968 = ORIENTED_EDGE ( 'NONE', *, *, #364, .T. ) ;
#2969 =( GEOMETRIC_REPRESENTATION_CONTEXT ( 3 ) GLOBAL_UNCERTAINTY_ASSIGNED_CONTEXT ( ( #1007 ) ) GLOBAL_UNIT_ASSIGNED_CONTEXT ( ( #8242, #4295, #270 ) ) REPRESENTATION_CONTEXT ( 'NONE', 'WORKASPACE' ) );
#2970 = PLANE ( 'NONE',  #5543 ) ;
#2971 = PRESENTATION_LAYER_ASSIGNMENT (  '', '', ( #2081 ) ) ;
#2972 = VECTOR ( 'NONE', #7962, 39.37007874015748100 ) ;
#2973 = SURFACE_STYLE_USAGE ( .BOTH. , #6958 ) ;
#2974 =( CONVERSION_BASED_UNIT ( 'INCH', #7235 ) LENGTH_UNIT ( ) NAMED_UNIT ( #723 ) );
#2975 =( CONVERSION_BASED_UNIT ( 'INCH', #972 ) LENGTH_UNIT ( ) NAMED_UNIT ( #1422 ) );
#2976 = ADVANCED_FACE ( 'NONE', ( #1642 ), #1522, .F. ) ;
#2977 = DIRECTION ( 'NONE',  ( -0.0000000000000000000, -1.000000000000000000, -0.0000000000000000000 ) ) ;
#2978 = CARTESIAN_POINT ( 'NONE',  ( -0.1207464362293516100, -0.02053261085912316800, -0.3530417414898683300 ) ) ;
#2979 =( NAMED_UNIT ( * ) SI_UNIT ( $, .STERADIAN. ) SOLID_ANGLE_UNIT ( ) );
#2980 = CARTESIAN_POINT ( 'NONE',  ( 0.5944807619333888300, 0.09281670812793223200, 0.1767775556550740800 ) ) ;
#2981 = MECHANICAL_DESIGN_GEOMETRIC_PRESENTATION_REPRESENTATION (  '', ( #1651 ), #3435 ) ;
#2982 = STYLED_ITEM ( 'NONE', ( #6147 ), #1940 ) ;
#2983 = EDGE_CURVE ( 'NONE', #1119, #4971, #804, .T. ) ;
#2984 =( NAMED_UNIT ( * ) SI_UNIT ( $, .STERADIAN. ) SOLID_ANGLE_UNIT ( ) );
#2985 = CARTESIAN_POINT ( 'NONE',  ( 0.6416057619333666000, 0.2018290066712021000, -0.08571724710255979000 ) ) ;
#2986 = ADVANCED_FACE ( 'NONE', ( #4375 ), #2219, .F. ) ;
#2987 = ORIENTED_EDGE ( 'NONE', *, *, #6628, .T. ) ;
#2988 = PRESENTATION_LAYER_ASSIGNMENT (  '', '', ( #2552 ) ) ;
#2989 = CARTESIAN_POINT ( 'NONE',  ( 0.7497281360351139000, 0.05312867351770816900, 0.01645825851013166600 ) ) ;
#2990 = LINE ( 'NONE', #2059, #6318 ) ;
#2991 = LENGTH_MEASURE_WITH_UNIT ( LENGTH_MEASURE( 0.02539999999999999900 ), #2857 );
#2992 = FACE_OUTER_BOUND ( 'NONE', #6765, .T. ) ;
#2993 = ORIENTED_EDGE ( 'NONE', *, *, #3513, .T. ) ;
#2994 = CARTESIAN_POINT ( 'NONE',  ( 0.7557535637706485100, -0.3480426292568794500, 0.3109582585101316500 ) ) ;
#2995 = MECHANICAL_DESIGN_GEOMETRIC_PRESENTATION_REPRESENTATION (  '', ( #2115 ), #3458 ) ;
#2996 = CARTESIAN_POINT ( 'NONE',  ( 0.6907535637706484500, -0.06054262925687946300, 0.3414582585101316200 ) ) ;
#2997 = LENGTH_MEASURE_WITH_UNIT ( LENGTH_MEASURE( 0.02539999999999999900 ), #71 );
#2998 = LINE ( 'NONE', #572, #4594 ) ;
#2999 = LINE ( 'NONE', #7538, #4595 ) ;
#3000 = FACE_OUTER_BOUND ( 'NONE', #4998, .T. ) ;
#3001 = EDGE_CURVE ( 'NONE', #6849, #1178, #3521, .T. ) ;
#3002 = SURFACE_STYLE_USAGE ( .BOTH. , #6988 ) ;
#3003 = EDGE_LOOP ( 'NONE', ( #7969, #2367, #8520, #2731 ) ) ;
#3004 = CARTESIAN_POINT ( 'NONE',  ( -0.5972464362293515800, 0.05312867351770816900, 0.01645825851013166600 ) ) ;
#3005 =( NAMED_UNIT ( * ) SI_UNIT ( $, .STERADIAN. ) SOLID_ANGLE_UNIT ( ) );
#3006 = LINE ( 'NONE', #4432, #8100 ) ;
#3007 = ORIENTED_EDGE ( 'NONE', *, *, #1167, .F. ) ;
#3008 = SURFACE_SIDE_STYLE ('',( #542 ) ) ;
#3009 = CARTESIAN_POINT ( 'NONE',  ( -0.9984602808033384800, -0.2800426292568794500, 0.04395825851013146500 ) ) ;
#3010 = FACE_OUTER_BOUND ( 'NONE', #8548, .T. ) ;
#3011 = ORIENTED_EDGE ( 'NONE', *, *, #7750, .T. ) ;
#3012 = CARTESIAN_POINT ( 'NONE',  ( 0.5652099286000561400, -0.04857739091970749600, -0.1972154308458073900 ) ) ;
#3013 =( GEOMETRIC_REPRESENTATION_CONTEXT ( 3 ) GLOBAL_UNCERTAINTY_ASSIGNED_CONTEXT ( ( #8084 ) ) GLOBAL_UNIT_ASSIGNED_CONTEXT ( ( #2671, #7304, #3344 ) ) REPRESENTATION_CONTEXT ( 'NONE', 'WORKASPACE' ) );
#3014 = AXIS2_PLACEMENT_3D ( 'NONE', #3173, #7824, #3858 ) ;
#3015 = CARTESIAN_POINT ( 'NONE',  ( 0.2247535637706484500, -0.2800426292568794500, 0.07895825851013164900 ) ) ;
#3016 = DIRECTION ( 'NONE',  ( 1.000000000000000000, 0.0000000000000000000, 0.0000000000000000000 ) ) ;
#3017 =( GEOMETRIC_REPRESENTATION_CONTEXT ( 3 ) GLOBAL_UNCERTAINTY_ASSIGNED_CONTEXT ( ( #1065 ) ) GLOBAL_UNIT_ASSIGNED_CONTEXT ( ( #6401, #2419, #7072 ) ) REPRESENTATION_CONTEXT ( 'NONE', 'WORKASPACE' ) );
#3018 = LENGTH_MEASURE_WITH_UNIT ( LENGTH_MEASURE( 0.02539999999999999900 ), #7384 );
#3019 = PRESENTATION_STYLE_ASSIGNMENT (( #7901 ) ) ;
#3020 =( CONVERSION_BASED_UNIT ( 'INCH', #2400 ) LENGTH_UNIT ( ) NAMED_UNIT ( #8337 ) );
#3021 = CARTESIAN_POINT ( 'NONE',  ( 0.2686885426806324100, 0.06977784980779386200, -0.09582914926976338100 ) ) ;
#3022 = ADVANCED_FACE ( 'NONE', ( #5302 ), #796, .T. ) ;
#3023 = FILL_AREA_STYLE_COLOUR ( '', #8312 ) ;
#3024 = VERTEX_POINT ( 'NONE', #2877 ) ;
#3025 = DIMENSIONAL_EXPONENTS ( 1.000000000000000000, 0.0000000000000000000, 0.0000000000000000000, 0.0000000000000000000, 0.0000000000000000000, 0.0000000000000000000, 0.0000000000000000000 ) ;
#3026 = LINE ( 'NONE', #4138, #4816 ) ;
#3027 = MECHANICAL_DESIGN_GEOMETRIC_PRESENTATION_REPRESENTATION (  '', ( #1699 ), #3490 ) ;
#3028 = DIRECTION ( 'NONE',  ( -1.000000000000000000, -0.0000000000000000000, -0.0000000000000000000 ) ) ;
#3029 =( GEOMETRIC_REPRESENTATION_CONTEXT ( 3 ) GLOBAL_UNCERTAINTY_ASSIGNED_CONTEXT ( ( #5133 ) ) GLOBAL_UNIT_ASSIGNED_CONTEXT ( ( #4109, #104, #4778 ) ) REPRESENTATION_CONTEXT ( 'NONE', 'WORKASPACE' ) );
#3030 = LENGTH_MEASURE_WITH_UNIT ( LENGTH_MEASURE( 0.02539999999999999900 ), #397 );
#3031 = VERTEX_POINT ( 'NONE', #6863 ) ;
#3032 = EDGE_CURVE ( 'NONE', #1827, #3109, #2679, .T. ) ;
#3033 =( NAMED_UNIT ( * ) SI_UNIT ( $, .STERADIAN. ) SOLID_ANGLE_UNIT ( ) );
#3034 = CARTESIAN_POINT ( 'NONE',  ( 0.7426315582965842300, 0.01595737074312052500, -0.008541741489868335400 ) ) ;
#3035 = FILL_AREA_STYLE ('',( #4966 ) ) ;
#3036 = MECHANICAL_DESIGN_GEOMETRIC_PRESENTATION_REPRESENTATION (  '', ( #1705 ), #3497 ) ;
#3037 = FILL_AREA_STYLE ('',( #2369 ) ) ;
#3038 = PLANE ( 'NONE',  #510 ) ;
#3039 = CARTESIAN_POINT ( 'NONE',  ( 0.5396468760139865300, 0.04288292368983772500, -0.2117786150859682900 ) ) ;
#3040 = FACE_OUTER_BOUND ( 'NONE', #6578, .T. ) ;
#3041 = ORIENTED_EDGE ( 'NONE', *, *, #5067, .T. ) ;
#3042 = PRESENTATION_STYLE_ASSIGNMENT (( #488 ) ) ;
#3043 = EDGE_CURVE ( 'NONE', #7446, #8292, #4476, .T. ) ;
#3044 =( NAMED_UNIT ( * ) PLANE_ANGLE_UNIT ( ) SI_UNIT ( $, .RADIAN. ) );
#3045 = COLOUR_RGB ( '',0.2941176470588235400, 0.2941176470588235400, 0.2941176470588235400 ) ;
#3047 = CARTESIAN_POINT ( 'NONE',  ( 0.7450724364181791100, 0.04095737074312051600, -0.07052603759149950200 ) ) ;
#3046 = AXIS2_PLACEMENT_3D ( 'NONE', #4571, #5879, #4600 ) ;
#3048 = CYLINDRICAL_SURFACE ( 'NONE', #2801, 0.03500000000000000300 ) ;
#3049 = PRESENTATION_LAYER_ASSIGNMENT (  '', '', ( #2160 ) ) ;
#3050 =( CONVERSION_BASED_UNIT ( 'INCH', #2076 ) LENGTH_UNIT ( ) NAMED_UNIT ( #6018 ) );
#3051 = ORIENTED_EDGE ( 'NONE', *, *, #988, .F. ) ;
#3052 = DIRECTION ( 'NONE',  ( 2.134256245050203000E-016, -0.0000000000000000000, 1.000000000000000000 ) ) ;
#3053 = CARTESIAN_POINT ( 'NONE',  ( 0.6602521478527461100, -0.06660496911697322300, -0.1727455932173062600 ) ) ;
#3054 = EDGE_CURVE ( 'NONE', #921, #7008, #905, .T. ) ;
#3055 = SURFACE_STYLE_FILL_AREA ( #2403 ) ;
#3056 = VECTOR ( 'NONE', #4662, 39.37007874015748100 ) ;
#3057 = B_SPLINE_CURVE_WITH_KNOTS ( 'NONE', 3,
 ( #5441, #1453, #6110, #2123, #6768, #2783, #7428, #3470 ),
 .UNSPECIFIED., .F., .F.,
 ( 4, 2, 2, 4 ),
 ( 0.01110629178428361300, 0.01136609360811311100, 0.01162589543194261100, 0.01214549907960160700 ),
 .UNSPECIFIED. ) ;
#3058 = VECTOR ( 'NONE', #6206, 39.37007874015748100 ) ;
#3059 = CARTESIAN_POINT ( 'NONE',  ( 0.6907535637706484500, -0.3480426292568794500, -0.3530417414898683300 ) ) ;
#3060 = UNCERTAINTY_MEASURE_WITH_UNIT (LENGTH_MEASURE( 1.000000000000000100E-005 ), #6752, 'distance_accuracy_value', 'NONE');
#3061 = FILL_AREA_STYLE ('',( #7694 ) ) ;
#3062 = LENGTH_MEASURE_WITH_UNIT ( LENGTH_MEASURE( 0.02539999999999999900 ), #2114 );
#3063 = SURFACE_STYLE_USAGE ( .BOTH. , #7042 ) ;
#3064 = CARTESIAN_POINT ( 'NONE',  ( -0.02524643622935148300, -0.2800426292568794500, -0.08604174148986829000 ) ) ;
#3065 = PLANE ( 'NONE',  #2541 ) ;
#3066 =( CONVERSION_BASED_UNIT ( 'INCH', #7121 ) LENGTH_UNIT ( ) NAMED_UNIT ( #2251 ) );
#3067 = CARTESIAN_POINT ( 'NONE',  ( 0.4905224286000463600, 0.1121200045515167200, 0.1516679570545309000 ) ) ;
#3068 = ADVANCED_FACE ( 'NONE', ( #6011 ), #1632, .T. ) ;
#3069 = FACE_OUTER_BOUND ( 'NONE', #7977, .T. ) ;
#3070 = STYLED_ITEM ( 'NONE', ( #3794 ), #6591 ) ;
#3071 = DIMENSIONAL_EXPONENTS ( 1.000000000000000000, 0.0000000000000000000, 0.0000000000000000000, 0.0000000000000000000, 0.0000000000000000000, 0.0000000000000000000, 0.0000000000000000000 ) ;
#3072 = SURFACE_STYLE_USAGE ( .BOTH. , #7058 ) ;
#3073 = ORIENTED_EDGE ( 'NONE', *, *, #3371, .F. ) ;
#3074 = CARTESIAN_POINT ( 'NONE',  ( -0.5822464362293516800, 0.01595737074312052500, -0.008541741489868335400 ) ) ;
#3075 = TOROIDAL_SURFACE ( 'NONE', #2640, 0.04000000000000000100, 0.01600000000000000000 ) ;
#3076 = FILL_AREA_STYLE ('',( #5725 ) ) ;
#3077 = CARTESIAN_POINT ( 'NONE',  ( 0.5838563145194197700, -0.1622086396008315900, 0.02773369709208023700 ) ) ;
#3078 = PRESENTATION_LAYER_ASSIGNMENT (  '', '', ( #2194 ) ) ;
#3079 = ORIENTED_EDGE ( 'NONE', *, *, #3549, .T. ) ;
#3080 = FILL_AREA_STYLE_COLOUR ( '', #7695 ) ;
#3081 = COLOUR_RGB ( '',0.9882352941176471000, 1.000000000000000000, 0.9882352941176471000 ) ;
#3082 = CARTESIAN_POINT ( 'NONE',  ( -0.01274643622935168500, -0.2800426292568794500, -0.03104174148986833500 ) ) ;
#3083 = ORIENTED_EDGE ( 'NONE', *, *, #5995, .F. ) ;
#3084 =( NAMED_UNIT ( * ) PLANE_ANGLE_UNIT ( ) SI_UNIT ( $, .RADIAN. ) );
#3085 = CARTESIAN_POINT ( 'NONE',  ( -0.9984602808033384800, -0.2830426292568795100, -0.01354174148986845800 ) ) ;
#3086 = EDGE_LOOP ( 'NONE', ( #6301 ) ) ;
#3087 = FILL_AREA_STYLE_COLOUR ( '', #428 ) ;
#3088 = ORIENTED_EDGE ( 'NONE', *, *, #6275, .T. ) ;
#3089 =( NAMED_UNIT ( * ) PLANE_ANGLE_UNIT ( ) SI_UNIT ( $, .RADIAN. ) );
#3090 =( LENGTH_UNIT ( ) NAMED_UNIT ( * ) SI_UNIT ( $, .METRE. ) );
#3091 = CARTESIAN_POINT ( 'NONE',  ( 0.3137307619333402600, -0.09919668965936927200, 0.07274916009744521200 ) ) ;
#3092 =( LENGTH_UNIT ( ) NAMED_UNIT ( * ) SI_UNIT ( $, .METRE. ) );
#3093 = EDGE_CURVE ( 'NONE', #6196, #7243, #5186, .T. ) ;
#3094 = ORIENTED_EDGE ( 'NONE', *, *, #7661, .T. ) ;
#3095 = PRESENTATION_STYLE_ASSIGNMENT (( #7110 ) ) ;
#3096 = CARTESIAN_POINT ( 'NONE',  ( -0.6001181845598394500, 0.2539573707431203600, 0.1946196272612801000 ) ) ;
#3097 = SURFACE_STYLE_FILL_AREA ( #5521 ) ;
#3098 = EDGE_LOOP ( 'NONE', ( #7812 ) ) ;
#3099 = CARTESIAN_POINT ( 'NONE',  ( -0.02524643622935148300, -0.2830426292568795100, -0.08604174148986827600 ) ) ;
#3100 = SURFACE_SIDE_STYLE ('',( #3204 ) ) ;
#3101 = EDGE_CURVE ( 'NONE', #1827, #7208, #77, .T. ) ;
#3102 = PLANE ( 'NONE',  #3837 ) ;
#3103 = VECTOR ( 'NONE', #7742, 39.37007874015748100 ) ;
#3104 = B_SPLINE_CURVE_WITH_KNOTS ( 'NONE', 3,
 ( #8393, #390, #6392, #4445, #414, #5098, #1101, #5751 ),
 .UNSPECIFIED., .F., .F.,
 ( 4, 2, 2, 4 ),
 ( 0.01135251925626190100, 0.01186907746044349600, 0.01212735656253429400, 0.01238563566462509200 ),
 .UNSPECIFIED. ) ;
#3105 = VECTOR ( 'NONE', #6000, 39.37007874015748100 ) ;
#3106 = CARTESIAN_POINT ( 'NONE',  ( 0.4965646478527573300, 0.008470010128347091700, 0.1696816319673291600 ) ) ;
#3107 = CARTESIAN_POINT ( 'NONE',  ( 0.3137307619333402600, -0.08912498201887604500, 0.06558539984870925800 ) ) ;
#3108 = DIRECTION ( 'NONE',  ( 0.0000000000000000000, 0.0000000000000000000, 1.000000000000000000 ) ) ;
#3109 = VERTEX_POINT ( 'NONE', #1526 ) ;
#3110 = DIRECTION ( 'NONE',  ( 1.000000000000000000, -0.0000000000000000000, 0.0000000000000000000 ) ) ;
#3111 = FILL_AREA_STYLE_COLOUR ( '', #2915 ) ;
#3112 = CYLINDRICAL_SURFACE ( 'NONE', #6824, 0.04479626937547442200 ) ;
#3113 = DIRECTION ( 'NONE',  ( -1.000000000000000000, 0.0000000000000000000, -0.0000000000000000000 ) ) ;
#3114 = SURFACE_STYLE_USAGE ( .BOTH. , #7100 ) ;
#3115 = ORIENTED_EDGE ( 'NONE', *, *, #1482, .F. ) ;
#3116 = DIRECTION ( 'NONE',  ( 1.219574997171554500E-016, -0.0000000000000000000, 1.000000000000000000 ) ) ;
#3117 =( NAMED_UNIT ( * ) PLANE_ANGLE_UNIT ( ) SI_UNIT ( $, .RADIAN. ) );
#3118 = LINE ( 'NONE', #1524, #4908 ) ;
#3119 = FILL_AREA_STYLE_COLOUR ( '', #8363 ) ;
#3120 = CARTESIAN_POINT ( 'NONE',  ( 0.6950015952667113500, 0.1957388194229619500, 0.06573611719341987400 ) ) ;
#3121 = CARTESIAN_POINT ( 'NONE',  ( 0.3262000645194392300, -0.1190001295029915800, 0.04337133594108103000 ) ) ;
#3122 =( LENGTH_UNIT ( ) NAMED_UNIT ( * ) SI_UNIT ( $, .METRE. ) );
#3123 = STYLED_ITEM ( 'NONE', ( #1610 ), #940 ) ;
#3124 =( NAMED_UNIT ( * ) SI_UNIT ( $, .STERADIAN. ) SOLID_ANGLE_UNIT ( ) );
#3125 = LENGTH_MEASURE_WITH_UNIT ( LENGTH_MEASURE( 0.02539999999999999900 ), #3135 );
#3126 = FILL_AREA_STYLE ('',( #6455 ) ) ;
#3127 = ORIENTED_EDGE ( 'NONE', *, *, #1225, .F. ) ;
#3128 = VERTEX_POINT ( 'NONE', #3566 ) ;
#3129 = PRESENTATION_LAYER_ASSIGNMENT (  '', '', ( #3591 ) ) ;
#3130 = CARTESIAN_POINT ( 'NONE',  ( -0.5972464362293515800, 0.05312867351770816900, -0.03354174148986834000 ) ) ;
#3131 = CARTESIAN_POINT ( 'NONE',  ( 0.3875125645194185100, 0.1610652678591304500, 0.01731327762915857800 ) ) ;
#3132 = SURFACE_STYLE_FILL_AREA ( #4720 ) ;
#3133 = ADVANCED_FACE ( 'NONE', ( #8503 ), #885, .F. ) ;
#3134 = CARTESIAN_POINT ( 'NONE',  ( 0.3699911786000381100, 0.1665930101638512200, 0.01828156193068980100 ) ) ;
#3135 =( LENGTH_UNIT ( ) NAMED_UNIT ( * ) SI_UNIT ( $, .METRE. ) );
#3136 = SURFACE_SIDE_STYLE ('',( #948 ) ) ;
#3137 = EDGE_LOOP ( 'NONE', ( #8398, #129, #4163, #7171, #3825, #7411, #4705, #6195 ) ) ;
#3138 = CARTESIAN_POINT ( 'NONE',  ( 0.4848245119333752200, -0.1340302511974852100, 0.1102338517006289000 ) ) ;
#3139 = LENGTH_MEASURE_WITH_UNIT ( LENGTH_MEASURE( 0.02539999999999999900 ), #1853 );
#3140 = DIRECTION ( 'NONE',  ( 1.000000000000000000, -0.0000000000000000000, -0.0000000000000000000 ) ) ;
#3141 = PRESENTATION_LAYER_ASSIGNMENT (  '', '', ( #2258 ) ) ;
#3142 = FACE_OUTER_BOUND ( 'NONE', #2150, .T. ) ;
#3143 = EDGE_CURVE ( 'NONE', #2685, #5804, #7648, .T. ) ;
#3144 = CARTESIAN_POINT ( 'NONE',  ( 0.7557535637706485100, -0.3230426292568794900, 0.3109582585101316500 ) ) ;
#3145 = CARTESIAN_POINT ( 'NONE',  ( -0.4972464362293515500, -0.2830426292568795100, 0.1139582585101316500 ) ) ;
#3146 =( LENGTH_UNIT ( ) NAMED_UNIT ( * ) SI_UNIT ( $, .METRE. ) );
#3147 = PRESENTATION_LAYER_ASSIGNMENT (  '', '', ( #2263 ) ) ;
#3148 = CARTESIAN_POINT ( 'NONE',  ( 0.6907535637706484500, -0.3480426292568794500, -0.3180417414898682500 ) ) ;
#3149 = CARTESIAN_POINT ( 'NONE',  ( -0.02274643622935171700, -0.2800426292568794500, -0.008541741489868224400 ) ) ;
#3150 = CARTESIAN_POINT ( 'NONE',  ( 0.6909507545863334800, 0.1720974495385801100, 0.1229299889633924900 ) ) ;
#3151 = COLOUR_RGB ( '',0.7921568627450980000, 0.8196078431372548800, 0.9333333333333333500 ) ;
#3152 = CARTESIAN_POINT ( 'NONE',  ( 0.6904182619333808500, 0.005204512701839403100, 0.2003171307612242900 ) ) ;
#3153 = COLOUR_RGB ( '',0.2941176470588235400, 0.2941176470588235400, 0.2941176470588235400 ) ;
#3154 = FACE_OUTER_BOUND ( 'NONE', #5079, .T. ) ;
#3155 = CYLINDRICAL_SURFACE ( 'NONE', #6981, 0.1499999999999999700 ) ;
#3156 = CARTESIAN_POINT ( 'NONE',  ( -0.5822464362293516800, 0.01595737074312052500, -0.008541741489868335400 ) ) ;
#3157 = ORIENTED_EDGE ( 'NONE', *, *, #1382, .T. ) ;
#3158 = EDGE_CURVE ( 'NONE', #6163, #5147, #795, .T. ) ;
#3159 = FILL_AREA_STYLE_COLOUR ( '', #4312 ) ;
#3160 = CARTESIAN_POINT ( 'NONE',  ( 0.6532535637706481400, -0.09804262925687946800, 0.3414582585101316200 ) ) ;
#3161 = COLOUR_RGB ( '',0.9882352941176471000, 1.000000000000000000, 0.9882352941176471000 ) ;
#3162 = PRESENTATION_STYLE_ASSIGNMENT (( #7471 ) ) ;
#3163 = MECHANICAL_DESIGN_GEOMETRIC_PRESENTATION_REPRESENTATION (  '', ( #2276 ), #3616 ) ;
#3164 = CYLINDRICAL_SURFACE ( 'NONE', #3585, 0.3400000000000000800 ) ;
#3165 =( CONVERSION_BASED_UNIT ( 'INCH', #927 ) LENGTH_UNIT ( ) NAMED_UNIT ( #4645 ) );
#3166 = EDGE_LOOP ( 'NONE', ( #3653 ) ) ;
#3167 = CARTESIAN_POINT ( 'NONE',  ( 0.2857833978527556900, 0.03850610158645201300, -0.1102180061151197800 ) ) ;
#3168 = EDGE_CURVE ( 'NONE', #8564, #1639, #5903, .T. ) ;
#3169 = CARTESIAN_POINT ( 'NONE',  ( 0.5959385426806604900, 0.03905880124905905500, 0.1722792549002643800 ) ) ;
#3170 = CARTESIAN_POINT ( 'NONE',  ( 0.2147535637706484100, -0.2800426292568794500, -0.08604174148986833100 ) ) ;
#3171 = COLOUR_RGB ( '',0.2941176470588235400, 0.2941176470588235400, 0.2941176470588235400 ) ;
#3172 = CARTESIAN_POINT ( 'NONE',  ( 0.3771474286000279800, 0.1270016096275470900, 0.1041449420582432300 ) ) ;
#3173 = CARTESIAN_POINT ( 'NONE',  ( 0.7557535637706485100, -0.3480426292568794500, -0.3180417414898682500 ) ) ;
#3174 = DIRECTION ( 'NONE',  ( 0.0000000000000000000, 0.0000000000000000000, -1.000000000000000000 ) ) ;
#3175 = DIMENSIONAL_EXPONENTS ( 1.000000000000000000, 0.0000000000000000000, 0.0000000000000000000, 0.0000000000000000000, 0.0000000000000000000, 0.0000000000000000000, 0.0000000000000000000 ) ;
#3176 = ORIENTED_EDGE ( 'NONE', *, *, #4591, .T. ) ;
#3177 = CARTESIAN_POINT ( 'NONE',  ( -0.1207464362293516100, 0.2539573707431204100, -0.2335417414898683400 ) ) ;
#3178 = DIRECTION ( 'NONE',  ( 0.0000000000000000000, -1.000000000000000000, 0.0000000000000000000 ) ) ;
#3179 = CARTESIAN_POINT ( 'NONE',  ( -0.5869258989996067900, -0.009042629256879484600, 0.06179489402174021000 ) ) ;
#3180 = CIRCLE ( 'NONE', #3960, 0.1210000000000000200 ) ;
#3181 = MECHANICAL_DESIGN_GEOMETRIC_PRESENTATION_REPRESENTATION (  '', ( #2292 ), #3627 ) ;
#3182 = CARTESIAN_POINT ( 'NONE',  ( 0.6532535637706481400, -0.09804262925687946800, 0.3414582585101316200 ) ) ;
#3183 = CARTESIAN_POINT ( 'NONE',  ( 0.5017406260139711800, 0.1753573509162357200, 0.1262036439332533100 ) ) ;
#3184 = CARTESIAN_POINT ( 'NONE',  ( 0.6140224286000340900, 0.1773344998893928400, 0.1199832497482616600 ) ) ;
#3185 = AXIS2_PLACEMENT_3D ( 'NONE', #794, #4169, #156 ) ;
#3186 = ADVANCED_FACE ( 'NONE', ( #4972 ), #2956, .F. ) ;
#3187 = STYLED_ITEM ( 'NONE', ( #1043 ), #6952 ) ;
#3188 =( LENGTH_UNIT ( ) NAMED_UNIT ( * ) SI_UNIT ( $, .METRE. ) );
#3189 = EDGE_LOOP ( 'NONE', ( #163, #3224, #4322 ) ) ;
#3190 = COLOUR_RGB ( '',0.9882352941176471000, 1.000000000000000000, 0.9882352941176471000 ) ;
#3191 = UNCERTAINTY_MEASURE_WITH_UNIT (LENGTH_MEASURE( 1.000000000000000100E-005 ), #3165, 'distance_accuracy_value', 'NONE');
#3192 = ORIENTED_EDGE ( 'NONE', *, *, #2704, .T. ) ;
#3193 = EDGE_LOOP ( 'NONE', ( #7916, #932, #767 ) ) ;
#3194 = SURFACE_SIDE_STYLE ('',( #495 ) ) ;
#3195 = CARTESIAN_POINT ( 'NONE',  ( 0.6737724286000571500, -0.1451944262430682200, -0.1082526745964025600 ) ) ;
#3196 = AXIS2_PLACEMENT_3D ( 'NONE', #5740, #1757, #433 ) ;
#3197 = ORIENTED_EDGE ( 'NONE', *, *, #6048, .F. ) ;
#3198 = CARTESIAN_POINT ( 'NONE',  ( 0.3389911785999915100, 0.03757984800990001700, 0.1291742160336724100 ) ) ;
#3199 = AXIS2_PLACEMENT_3D ( 'NONE', #8579, #4615, #586 ) ;
#3200 = DIRECTION ( 'NONE',  ( -1.077227126839221800E-016, 1.000000000000000000, 0.0000000000000000000 ) ) ;
#3201 = DIMENSIONAL_EXPONENTS ( 1.000000000000000000, 0.0000000000000000000, 0.0000000000000000000, 0.0000000000000000000, 0.0000000000000000000, 0.0000000000000000000, 0.0000000000000000000 ) ;
#3202 = EDGE_CURVE ( 'NONE', #5708, #5034, #6828, .T. ) ;
#3203 = DIRECTION ( 'NONE',  ( 1.000000000000000000, 0.0000000000000000000, 0.0000000000000000000 ) ) ;
#3204 = SURFACE_STYLE_FILL_AREA ( #7082 ) ;
#3205 = CARTESIAN_POINT ( 'NONE',  ( 0.2761057619334105200, 0.1248602670273667600, -0.05077948475199521600 ) ) ;
#3206 = ORIENTED_EDGE ( 'NONE', *, *, #4963, .F. ) ;
#3207 = MECHANICAL_DESIGN_GEOMETRIC_PRESENTATION_REPRESENTATION (  '', ( #1870 ), #3652 ) ;
#3208 = UNCERTAINTY_MEASURE_WITH_UNIT (LENGTH_MEASURE( 1.000000000000000100E-005 ), #6613, 'distance_accuracy_value', 'NONE');
#3209 = FILL_AREA_STYLE ('',( #4547 ) ) ;
#3210 = DIRECTION ( 'NONE',  ( 0.0000000000000000000, 0.0000000000000000000, 1.000000000000000000 ) ) ;
#3211 = DIRECTION ( 'NONE',  ( 0.0000000000000000000, 0.0000000000000000000, -1.000000000000000000 ) ) ;
#3212 = COLOUR_RGB ( '',0.2941176470588235400, 0.2941176470588235400, 0.2941176470588235400 ) ;
#3213 = DIRECTION ( 'NONE',  ( 0.0000000000000000000, 0.0000000000000000000, -1.000000000000000000 ) ) ;
#3214 = FILL_AREA_STYLE ('',( #7885 ) ) ;
#3215 = FILL_AREA_STYLE_COLOUR ( '', #4239 ) ;
#3216 = CARTESIAN_POINT ( 'NONE',  ( 0.5060224286000635200, 0.2123105748722948200, 0.02564884044986640000 ) ) ;
#3217 = VECTOR ( 'NONE', #5419, 39.37007874015748100 ) ;
#3218 = CARTESIAN_POINT ( 'NONE',  ( 0.5336057619333475200, 0.1666019770061869500, -0.1472869862651922900 ) ) ;
#3219 = EDGE_CURVE ( 'NONE', #4345, #7897, #3302, .T. ) ;
#3220 = STYLED_ITEM ( 'NONE', ( #2504 ), #5897 ) ;
#3221 = ORIENTED_EDGE ( 'NONE', *, *, #7899, .T. ) ;
#3222 = STYLED_ITEM ( 'NONE', ( #4686 ), #2534 ) ;
#3223 = UNCERTAINTY_MEASURE_WITH_UNIT (LENGTH_MEASURE( 1.000000000000000100E-005 ), #6239, 'distance_accuracy_value', 'NONE');
#3224 = ORIENTED_EDGE ( 'NONE', *, *, #3664, .T. ) ;
#3225 =( CONVERSION_BASED_UNIT ( 'INCH', #535 ) LENGTH_UNIT ( ) NAMED_UNIT ( #5791 ) );
#3226 = COLOUR_RGB ( '',0.2941176470588235400, 0.2941176470588235400, 0.2941176470588235400 ) ;
#3227 = DIMENSIONAL_EXPONENTS ( 1.000000000000000000, 0.0000000000000000000, 0.0000000000000000000, 0.0000000000000000000, 0.0000000000000000000, 0.0000000000000000000, 0.0000000000000000000 ) ;
#3228 = CARTESIAN_POINT ( 'NONE',  ( 0.7450724364181790000, -0.009042629256879479400, 0.05344255461176295600 ) ) ;
#3229 = EDGE_CURVE ( 'NONE', #2822, #2870, #5078, .T. ) ;
#3230 = VERTEX_POINT ( 'NONE', #7640 ) ;
#3231 = CARTESIAN_POINT ( 'NONE',  ( 0.3362535637706484700, -0.09804262925687951000, -0.3180417414898682500 ) ) ;
#3232 = VECTOR ( 'NONE', #3656, 39.37007874015748100 ) ;
#3233 = SURFACE_STYLE_FILL_AREA ( #7662 ) ;
#3234 = ADVANCED_FACE ( 'NONE', ( #6629, #8177 ), #7991, .T. ) ;
#3235 = CARTESIAN_POINT ( 'NONE',  ( 0.5155218760139791400, 0.1966398599218029700, -0.01955284060864277300 ) ) ;
#3236 = DIRECTION ( 'NONE',  ( 0.0000000000000000000, 0.0000000000000000000, -1.000000000000000000 ) ) ;
#3237 = PRESENTATION_LAYER_ASSIGNMENT (  '', '', ( #2344 ) ) ;
#3238 =( CONVERSION_BASED_UNIT ( 'INCH', #7327 ) LENGTH_UNIT ( ) NAMED_UNIT ( #6391 ) );
#3239 = CARTESIAN_POINT ( 'NONE',  ( 0.6562313145194168500, -0.01971758506418321400, -0.2127647450464767400 ) ) ;
#3240 = ORIENTED_EDGE ( 'NONE', *, *, #3939, .F. ) ;
#3241 = PRESENTATION_STYLE_ASSIGNMENT (( #8282 ) ) ;
#3242 = CARTESIAN_POINT ( 'NONE',  ( 0.7507535637706483900, -0.009042629256879463800, -0.04571304426445600000 ) ) ;
#3243 = VECTOR ( 'NONE', #1228, 39.37007874015748100 ) ;
#3244 = VECTOR ( 'NONE', #2807, 39.37007874015748100 ) ;
#3245 = LENGTH_MEASURE_WITH_UNIT ( LENGTH_MEASURE( 0.02539999999999999900 ), #2427 );
#3246 = SURFACE_SIDE_STYLE ('',( #3953 ) ) ;
#3247 = CARTESIAN_POINT ( 'NONE',  ( -0.5962210084938113200, 0.04095737074312051600, -0.04571304426445600000 ) ) ;
#3248 = ORIENTED_EDGE ( 'NONE', *, *, #3202, .T. ) ;
#3249 = CARTESIAN_POINT ( 'NONE',  ( -0.9984602808033384800, -0.2800426292568794500, -0.03104174148986833500 ) ) ;
#3250 = DIRECTION ( 'NONE',  ( 0.0000000000000000000, 0.0000000000000000000, -1.000000000000000000 ) ) ;
#3251 = VERTEX_POINT ( 'NONE', #5515 ) ;
#3252 = DIRECTION ( 'NONE',  ( 0.0000000000000000000, -1.000000000000000000, 0.0000000000000000000 ) ) ;
#3253 = CARTESIAN_POINT ( 'NONE',  ( 0.3872099286000346700, 0.1639854780155915200, -0.09109783287425385300 ) ) ;
#3254 =( GEOMETRIC_REPRESENTATION_CONTEXT ( 3 ) GLOBAL_UNCERTAINTY_ASSIGNED_CONTEXT ( ( #6027 ) ) GLOBAL_UNIT_ASSIGNED_CONTEXT ( ( #2944, #7574, #3612 ) ) REPRESENTATION_CONTEXT ( 'NONE', 'WORKASPACE' ) );
#3255 = ORIENTED_EDGE ( 'NONE', *, *, #6949, .F. ) ;
#3256 = ORIENTED_EDGE ( 'NONE', *, *, #3043, .T. ) ;
#3257 = COLOUR_RGB ( '',0.2941176470588235400, 0.2941176470588235400, 0.2941176470588235400 ) ;
#3258 = CARTESIAN_POINT ( 'NONE',  ( 0.7456277304900720300, -0.009042629256879463800, -0.06917703821970978800 ) ) ;
#3259 = STYLED_ITEM ( 'NONE', ( #6374 ), #4532 ) ;
#3260 = MECHANICAL_DESIGN_GEOMETRIC_PRESENTATION_REPRESENTATION (  '', ( #2360 ), #3702 ) ;
#3261 = DIRECTION ( 'NONE',  ( -1.000000000000000000, -0.0000000000000000000, -0.0000000000000000000 ) ) ;
#3262 = VECTOR ( 'NONE', #5768, 39.37007874015748100 ) ;
#3263 = CARTESIAN_POINT ( 'NONE',  ( 0.3754697926806576700, 0.1610652678591304500, 0.01731327762915857800 ) ) ;
#3264 = SURFACE_SIDE_STYLE ('',( #8551 ) ) ;
#3265 = CARTESIAN_POINT ( 'NONE',  ( 0.7557535637706485100, -0.02053261085912309900, -0.3180417414898683600 ) ) ;
#3266 = CARTESIAN_POINT ( 'NONE',  ( 0.5758146478527641500, -0.1817082486240553000, -0.06464161166416047800 ) ) ;
#3267 = EDGE_LOOP ( 'NONE', ( #843, #2282, #339 ) ) ;
#3268 = SURFACE_SIDE_STYLE ('',( #5155 ) ) ;
#3269 = SURFACE_SIDE_STYLE ('',( #2275 ) ) ;
#3270 = DIMENSIONAL_EXPONENTS ( 1.000000000000000000, 0.0000000000000000000, 0.0000000000000000000, 0.0000000000000000000, 0.0000000000000000000, 0.0000000000000000000, 0.0000000000000000000 ) ;
#3271 =( GEOMETRIC_REPRESENTATION_CONTEXT ( 3 ) GLOBAL_UNCERTAINTY_ASSIGNED_CONTEXT ( ( #2565 ) ) GLOBAL_UNIT_ASSIGNED_CONTEXT ( ( #367, #5055, #1052 ) ) REPRESENTATION_CONTEXT ( 'NONE', 'WORKASPACE' ) );
#3272 = COLOUR_RGB ( '',0.2941176470588235400, 0.2941176470588235400, 0.2941176470588235400 ) ;
#3273 = EDGE_CURVE ( 'NONE', #4092, #4092, #6230, .T. ) ;
#3274 = FILL_AREA_STYLE_COLOUR ( '', #7262 ) ;
#3275 = VECTOR ( 'NONE', #5043, 39.37007874015748100 ) ;
#3276 = LINE ( 'NONE', #1353, #3056 ) ;
#3277 = CARTESIAN_POINT ( 'NONE',  ( 0.6507535637706483000, -0.2830426292568795100, -0.1310417414898683300 ) ) ;
#3278 = VECTOR ( 'NONE', #1561, 39.37007874015748100 ) ;
#3279 = FACE_OUTER_BOUND ( 'NONE', #2678, .T. ) ;
#3280 = DIRECTION ( 'NONE',  ( -1.821231995776175200E-016, 1.000000000000000000, 0.0000000000000000000 ) ) ;
#3281 = CARTESIAN_POINT ( 'NONE',  ( -0.4997464362293511700, -0.09804262925687946800, 0.3414582585101316200 ) ) ;
#3282 =( NAMED_UNIT ( * ) SI_UNIT ( $, .STERADIAN. ) SOLID_ANGLE_UNIT ( ) );
#3283 = CARTESIAN_POINT ( 'NONE',  ( 0.5476885426806756800, -0.05039876056799570000, -0.2025401755466770000 ) ) ;
#3284 = ADVANCED_FACE ( 'NONE', ( #2693 ), #369, .T. ) ;
#3285 = PRESENTATION_STYLE_ASSIGNMENT (( #5832 ) ) ;
#3286 = FILL_AREA_STYLE ('',( #5274 ) ) ;
#3287 = PRESENTATION_STYLE_ASSIGNMENT (( #2788 ) ) ;
#3288 = CARTESIAN_POINT ( 'NONE',  ( 0.7180015952667113700, 0.1846085935248668000, 0.06113759297169089900 ) ) ;
#3289 = PRESENTATION_LAYER_ASSIGNMENT (  '', '', ( #2830 ) ) ;
#3290 = LINE ( 'NONE', #5654, #4860 ) ;
#3291 =( CONVERSION_BASED_UNIT ( 'INCH', #4174 ) LENGTH_UNIT ( ) NAMED_UNIT ( #637 ) );
#3292 = EDGE_CURVE ( 'NONE', #2220, #7877, #1857, .T. ) ;
#3293 = FILL_AREA_STYLE_COLOUR ( '', #619 ) ;
#3294 = ORIENTED_EDGE ( 'NONE', *, *, #4521, .T. ) ;
#3295 = ORIENTED_EDGE ( 'NONE', *, *, #7067, .F. ) ;
#3296 = DIRECTION ( 'NONE',  ( -1.000000000000000000, 0.0000000000000000000, 0.0000000000000000000 ) ) ;
#3297 = PRESENTATION_STYLE_ASSIGNMENT (( #1203 ) ) ;
#3298 = CARTESIAN_POINT ( 'NONE',  ( 0.4908250645194281400, -0.05224220487153857100, 0.1792392107136589200 ) ) ;
#3299 = CARTESIAN_POINT ( 'NONE',  ( 0.7557535637706485100, -0.02053261085912316800, 0.3359582585101316100 ) ) ;
#3300 = CARTESIAN_POINT ( 'NONE',  ( -0.03524643622935151600, -0.2800426292568794500, -0.07104174148986833200 ) ) ;
#3301 =( NAMED_UNIT ( * ) SI_UNIT ( $, .STERADIAN. ) SOLID_ANGLE_UNIT ( ) );
#3302 = LINE ( 'NONE', #4324, #8385 ) ;
#3303 = EDGE_LOOP ( 'NONE', ( #3041, #3639, #5157, #2524, #6691, #4920 ) ) ;
#3304 = MECHANICAL_DESIGN_GEOMETRIC_PRESENTATION_REPRESENTATION (  '', ( #1514 ), #3745 ) ;
#3305 =( LENGTH_UNIT ( ) NAMED_UNIT ( * ) SI_UNIT ( $, .METRE. ) );
#3306 = CARTESIAN_POINT ( 'NONE',  ( 0.3837535637706484500, -0.3290426292568794900, -0.008541741489868335400 ) ) ;
#3307 = CARTESIAN_POINT ( 'NONE',  ( 0.4787822926806673000, -0.05224220487153857100, 0.1792392107136589200 ) ) ;
#3308 = MECHANICAL_DESIGN_GEOMETRIC_PRESENTATION_REPRESENTATION (  '', ( #1965 ), #3748 ) ;
#3309 = EDGE_LOOP ( 'NONE', ( #4862, #2798, #7725, #6781 ) ) ;
#3310 = STYLED_ITEM ( 'NONE', ( #2856 ), #7271 ) ;
#3311 = DIRECTION ( 'NONE',  ( -1.000000000000000000, 0.0000000000000000000, -1.422837496700137700E-016 ) ) ;
#3312 = ORIENTED_EDGE ( 'NONE', *, *, #658, .F. ) ;
#3313 = UNCERTAINTY_MEASURE_WITH_UNIT (LENGTH_MEASURE( 1.000000000000000100E-005 ), #118, 'distance_accuracy_value', 'NONE');
#3314 = DIMENSIONAL_EXPONENTS ( 1.000000000000000000, 0.0000000000000000000, 0.0000000000000000000, 0.0000000000000000000, 0.0000000000000000000, 0.0000000000000000000, 0.0000000000000000000 ) ;
#3315 = CARTESIAN_POINT ( 'NONE',  ( 0.7489079559531708300, -0.03492942929958128100, 0.01645825851013166600 ) ) ;
#3316 = ORIENTED_EDGE ( 'NONE', *, *, #5138, .F. ) ;
#3317 = CIRCLE ( 'NONE', #4256, 0.08000000000000000200 ) ;
#3318 = ORIENTED_EDGE ( 'NONE', *, *, #3793, .F. ) ;
#3319 = MECHANICAL_DESIGN_GEOMETRIC_PRESENTATION_REPRESENTATION (  '', ( #2418 ), #3761 ) ;
#3320 = ADVANCED_FACE ( 'NONE', ( #87 ), #3766, .T. ) ;
#3321 = MECHANICAL_DESIGN_GEOMETRIC_PRESENTATION_REPRESENTATION (  '', ( #2420 ), #3763 ) ;
#3322 =( LENGTH_UNIT ( ) NAMED_UNIT ( * ) SI_UNIT ( $, .METRE. ) );
#3323 = EDGE_CURVE ( 'NONE', #3413, #7986, #1025, .T. ) ;
#3324 = DIRECTION ( 'NONE',  ( 0.0000000000000000000, 0.0000000000000000000, 1.000000000000000000 ) ) ;
#3325 = COLOUR_RGB ( '',0.2941176470588235400, 0.2941176470588235400, 0.2941176470588235400 ) ;
#3326 = PRESENTATION_LAYER_ASSIGNMENT (  '', '', ( #2426 ) ) ;
#3327 = VECTOR ( 'NONE', #3250, 39.37007874015748100 ) ;
#3328 =( NAMED_UNIT ( * ) SI_UNIT ( $, .STERADIAN. ) SOLID_ANGLE_UNIT ( ) );
#3329 = DIRECTION ( 'NONE',  ( 0.0000000000000000000, 0.0000000000000000000, 1.000000000000000000 ) ) ;
#3330 = SURFACE_SIDE_STYLE ('',( #2180 ) ) ;
#3331 = CARTESIAN_POINT ( 'NONE',  ( 0.6907535637706484500, -0.3480426292568794500, 0.1139582585101316500 ) ) ;
#3332 = ORIENTED_EDGE ( 'NONE', *, *, #3371, .T. ) ;
#3333 =( LENGTH_UNIT ( ) NAMED_UNIT ( * ) SI_UNIT ( $, .METRE. ) );
#3334 = SURFACE_STYLE_USAGE ( .BOTH. , #7290 ) ;
#3335 =( CONVERSION_BASED_UNIT ( 'INCH', #1915 ) LENGTH_UNIT ( ) NAMED_UNIT ( #8264 ) );
#3336 = CARTESIAN_POINT ( 'NONE',  ( 0.3389911785999915100, 0.03953250008322516100, 0.1413414974570835500 ) ) ;
#3337 = AXIS2_PLACEMENT_3D ( 'NONE', #6682, #2703, #7334 ) ;
#3338 = FACE_OUTER_BOUND ( 'NONE', #5717, .T. ) ;
#3339 = EDGE_CURVE ( 'NONE', #7228, #1827, #6329, .T. ) ;
#3340 = STYLED_ITEM ( 'NONE', ( #3388 ), #6297 ) ;
#3341 =( GEOMETRIC_REPRESENTATION_CONTEXT ( 3 ) GLOBAL_UNCERTAINTY_ASSIGNED_CONTEXT ( ( #4425 ) ) GLOBAL_UNIT_ASSIGNED_CONTEXT ( ( #2773, #7408, #3450 ) ) REPRESENTATION_CONTEXT ( 'NONE', 'WORKASPACE' ) );
#3342 = DIRECTION ( 'NONE',  ( 0.0000000000000000000, 0.0000000000000000000, -1.000000000000000000 ) ) ;
#3343 = CIRCLE ( 'NONE', #8389, 0.02500000000000000500 ) ;
#3344 =( NAMED_UNIT ( * ) SI_UNIT ( $, .STERADIAN. ) SOLID_ANGLE_UNIT ( ) );
#3345 = PLANE ( 'NONE',  #8146 ) ;
#3346 = ORIENTED_EDGE ( 'NONE', *, *, #3392, .T. ) ;
#3347 = EDGE_CURVE ( 'NONE', #6258, #7576, #2785, .T. ) ;
#3348 = DIMENSIONAL_EXPONENTS ( 1.000000000000000000, 0.0000000000000000000, 0.0000000000000000000, 0.0000000000000000000, 0.0000000000000000000, 0.0000000000000000000, 0.0000000000000000000 ) ;
#3349 = CARTESIAN_POINT ( 'NONE',  ( -0.5822464362293516800, -0.009042629256879481200, 0.02862956128471930800 ) ) ;
#3350 = FACE_OUTER_BOUND ( 'NONE', #5842, .T. ) ;
#3351 = DIRECTION ( 'NONE',  ( 1.707404996040173400E-016, -1.000000000000000000, 0.0000000000000000000 ) ) ;
#3352 = ORIENTED_EDGE ( 'NONE', *, *, #7708, .F. ) ;
#3353 = SURFACE_SIDE_STYLE ('',( #4564 ) ) ;
#3354 = ORIENTED_EDGE ( 'NONE', *, *, #3273, .F. ) ;
#3355 = LENGTH_MEASURE_WITH_UNIT ( LENGTH_MEASURE( 0.02539999999999999900 ), #1424 );
#3356 = FILL_AREA_STYLE_COLOUR ( '', #5357 ) ;
#3357 = DIMENSIONAL_EXPONENTS ( 1.000000000000000000, 0.0000000000000000000, 0.0000000000000000000, 0.0000000000000000000, 0.0000000000000000000, 0.0000000000000000000, 0.0000000000000000000 ) ;
#3358 =( GEOMETRIC_REPRESENTATION_CONTEXT ( 3 ) GLOBAL_UNCERTAINTY_ASSIGNED_CONTEXT ( ( #8611 ) ) GLOBAL_UNIT_ASSIGNED_CONTEXT ( ( #4891, #887, #6207 ) ) REPRESENTATION_CONTEXT ( 'NONE', 'WORKASPACE' ) );
#3359 = STYLED_ITEM ( 'NONE', ( #5514 ), #6864 ) ;
#3360 = ORIENTED_EDGE ( 'NONE', *, *, #4184, .F. ) ;
#3361 = ORIENTED_EDGE ( 'NONE', *, *, #4753, .F. ) ;
#3362 =( CONVERSION_BASED_UNIT ( 'INCH', #7381 ) LENGTH_UNIT ( ) NAMED_UNIT ( #622 ) );
#3363 = CARTESIAN_POINT ( 'NONE',  ( 0.4331474286000525100, -0.05298167900095584300, -0.1798796956978590500 ) ) ;
#3364 = CARTESIAN_POINT ( 'NONE',  ( 0.3362535637706484700, -0.03604262925687949600, -0.3180417414898682500 ) ) ;
#3365 = DIRECTION ( 'NONE',  ( 1.000000000000000000, 0.0000000000000000000, 0.0000000000000000000 ) ) ;
#3366 =( CONVERSION_BASED_UNIT ( 'INCH', #6896 ) LENGTH_UNIT ( ) NAMED_UNIT ( #2652 ) );
#3367 = LINE ( 'NONE', #7206, #4932 ) ;
#3368 = STYLED_ITEM ( 'NONE', ( #6614 ), #4922 ) ;
#3369 = CARTESIAN_POINT ( 'NONE',  ( 0.2247535637706485900, -0.2830426292568795100, -0.09604174148986828500 ) ) ;
#3370 =( GEOMETRIC_REPRESENTATION_CONTEXT ( 3 ) GLOBAL_UNCERTAINTY_ASSIGNED_CONTEXT ( ( #130 ) ) GLOBAL_UNIT_ASSIGNED_CONTEXT ( ( #819, #5472, #1492 ) ) REPRESENTATION_CONTEXT ( 'NONE', 'WORKASPACE' ) );
#3371 = EDGE_CURVE ( 'NONE', #5203, #4971, #7886, .T. ) ;
#3372 =( CONVERSION_BASED_UNIT ( 'INCH', #6945 ) LENGTH_UNIT ( ) NAMED_UNIT ( #2651 ) );
#3373 = ORIENTED_EDGE ( 'NONE', *, *, #210, .F. ) ;
#3374 = DIRECTION ( 'NONE',  ( 0.0000000000000000000, 0.0000000000000000000, 1.000000000000000000 ) ) ;
#3375 = VECTOR ( 'NONE', #5478, 39.37007874015748100 ) ;
#3376 = FILL_AREA_STYLE_COLOUR ( '', #5277 ) ;
#3377 = COLOUR_RGB ( '',0.2941176470588235400, 0.2941176470588235400, 0.2941176470588235400 ) ;
#3378 = SURFACE_STYLE_FILL_AREA ( #1269 ) ;
#3379 = FACE_BOUND ( 'NONE', #6795, .T. ) ;
#3380 = DIRECTION ( 'NONE',  ( 0.7071067811865507900, 0.7071067811865443500, 0.0000000000000000000 ) ) ;
#3381 = CARTESIAN_POINT ( 'NONE',  ( 0.6907535637706484500, -0.06054262925687946300, -0.3530417414898683300 ) ) ;
#3382 = UNCERTAINTY_MEASURE_WITH_UNIT (LENGTH_MEASURE( 1.000000000000000100E-005 ), #13, 'distance_accuracy_value', 'NONE');
#3383 = EDGE_CURVE ( 'NONE', #1119, #2628, #2592, .T. ) ;
#3384 = DIRECTION ( 'NONE',  ( 0.0000000000000000000, 0.0000000000000000000, 1.000000000000000000 ) ) ;
#3385 = CARTESIAN_POINT ( 'NONE',  ( -0.5372464362293516400, -0.2780426292568794500, 0.1139582585101316500 ) ) ;
#3386 = STYLED_ITEM ( 'NONE', ( #1891 ), #5730 ) ;
#3387 = FILL_AREA_STYLE_COLOUR ( '', #7192 ) ;
#3388 = PRESENTATION_STYLE_ASSIGNMENT (( #2813 ) ) ;
#3389 = FILL_AREA_STYLE ('',( #7346 ) ) ;
#3390 = STYLED_ITEM ( 'NONE', ( #2907 ), #2375 ) ;
#3391 = ORIENTED_EDGE ( 'NONE', *, *, #8446, .T. ) ;
#3392 = EDGE_CURVE ( 'NONE', #6849, #8352, #809, .T. ) ;
#3393 = CARTESIAN_POINT ( 'NONE',  ( -0.5772464362293516800, -0.3230426292568794900, -0.3280417414898683100 ) ) ;
#3394 = CARTESIAN_POINT ( 'NONE',  ( 0.3252307619333402200, -0.1037786081772929500, 0.07600816710135111000 ) ) ;
#3395 = DIRECTION ( 'NONE',  ( 0.0000000000000000000, 1.000000000000000000, 0.0000000000000000000 ) ) ;
#3396 = CIRCLE ( 'NONE', #3507, 0.04479626937547442200 ) ;
#3397 = CARTESIAN_POINT ( 'NONE',  ( -0.1207464362293516100, -0.02053261085912316800, 0.02195825851013172300 ) ) ;
#3398 =( NAMED_UNIT ( * ) SI_UNIT ( $, .STERADIAN. ) SOLID_ANGLE_UNIT ( ) );
#3399 = PRESENTATION_LAYER_ASSIGNMENT (  '', '', ( #2501 ) ) ;
#3400 = CARTESIAN_POINT ( 'NONE',  ( 0.2247535637706484500, -0.2830426292568795100, 0.07895825851013164900 ) ) ;
#3401 = CARTESIAN_POINT ( 'NONE',  ( 0.6507535637706483000, -0.2830426292568795100, 0.3359582585101316100 ) ) ;
#3402 = EDGE_LOOP ( 'NONE', ( #105, #7515, #683, #5487, #4290, #2312, #2562, #4004, #8257, #1369, #6335, #8136, #4726, #6754, #8427, #803 ) ) ;
#3403 = SURFACE_STYLE_FILL_AREA ( #8206 ) ;
#3404 = EDGE_LOOP ( 'NONE', ( #8537, #8010, #2585 ) ) ;
#3405 = ORIENTED_EDGE ( 'NONE', *, *, #6777, .F. ) ;
#3406 = DIRECTION ( 'NONE',  ( 1.246126186011258900E-016, -1.000000000000000000, 0.0000000000000000000 ) ) ;
#3407 = CARTESIAN_POINT ( 'NONE',  ( 0.5778349286000393800, -0.1854038496541256800, 0.03245667829482188500 ) ) ;
#3408 = CARTESIAN_POINT ( 'NONE',  ( -0.5372464362293516400, -0.3480426292568794500, -0.1310417414898683300 ) ) ;
#3409 = DIRECTION ( 'NONE',  ( 0.0000000000000000000, -0.0000000000000000000, 1.000000000000000000 ) ) ;
#3410 = VERTEX_POINT ( 'NONE', #6508 ) ;
#3411 = SURFACE_SIDE_STYLE ('',( #1901 ) ) ;
#3412 = DIRECTION ( 'NONE',  ( 0.0000000000000000000, 0.0000000000000000000, -1.000000000000000000 ) ) ;
#3413 = VERTEX_POINT ( 'NONE', #7151 ) ;
#3414 = DIRECTION ( 'NONE',  ( 0.0000000000000000000, 9.571164508604904000E-017, -1.000000000000000000 ) ) ;
#3415 = LINE ( 'NONE', #358, #1438 ) ;
#3416 = ORIENTED_EDGE ( 'NONE', *, *, #7201, .F. ) ;
#3417 =( GEOMETRIC_REPRESENTATION_CONTEXT ( 3 ) GLOBAL_UNCERTAINTY_ASSIGNED_CONTEXT ( ( #8067 ) ) GLOBAL_UNIT_ASSIGNED_CONTEXT ( ( #7941, #3983, #8624 ) ) REPRESENTATION_CONTEXT ( 'NONE', 'WORKASPACE' ) );
#3418 = STYLED_ITEM ( 'NONE', ( #2225 ), #4362 ) ;
#3419 =( CONVERSION_BASED_UNIT ( 'INCH', #3018 ) LENGTH_UNIT ( ) NAMED_UNIT ( #5962 ) );
#3420 = CARTESIAN_POINT ( 'NONE',  ( 0.7357535637706483800, 0.05312867351770816900, 0.01645825851013166600 ) ) ;
#3421 = ORIENTED_EDGE ( 'NONE', *, *, #8583, .F. ) ;
#3422 = MECHANICAL_DESIGN_GEOMETRIC_PRESENTATION_REPRESENTATION (  '', ( #2081 ), #3876 ) ;
#3423 = VECTOR ( 'NONE', #8293, 39.37007874015748100 ) ;
#3424 = SURFACE_STYLE_USAGE ( .BOTH. , #7387 ) ;
#3425 = LINE ( 'NONE', #2020, #6954 ) ;
#3426 = DIRECTION ( 'NONE',  ( -1.000000000000000000, 0.0000000000000000000, 0.0000000000000000000 ) ) ;
#3427 = DIRECTION ( 'NONE',  ( 1.000000000000000000, 0.0000000000000000000, 0.0000000000000000000 ) ) ;
#3428 = SURFACE_STYLE_USAGE ( .BOTH. , #7393 ) ;
#3429 = EDGE_LOOP ( 'NONE', ( #6283, #5383, #4905, #4863 ) ) ;
#3430 = ORIENTED_EDGE ( 'NONE', *, *, #476, .F. ) ;
#3431 = LENGTH_MEASURE_WITH_UNIT ( LENGTH_MEASURE( 0.02539999999999999900 ), #1750 );
#3432 =( NAMED_UNIT ( * ) PLANE_ANGLE_UNIT ( ) SI_UNIT ( $, .RADIAN. ) );
#3433 = EDGE_LOOP ( 'NONE', ( #703 ) ) ;
#3434 = VECTOR ( 'NONE', #103, 39.37007874015748100 ) ;
#3435 =( GEOMETRIC_REPRESENTATION_CONTEXT ( 3 ) GLOBAL_UNCERTAINTY_ASSIGNED_CONTEXT ( ( #2293 ) ) GLOBAL_UNIT_ASSIGNED_CONTEXT ( ( #94, #4769, #758 ) ) REPRESENTATION_CONTEXT ( 'NONE', 'WORKASPACE' ) );
#3436 = PRESENTATION_LAYER_ASSIGNMENT (  '', '', ( #2982 ) ) ;
#3437 = CARTESIAN_POINT ( 'NONE',  ( -0.5972464362293515800, 0.04095737074312051600, -0.04571304426445600000 ) ) ;
#3438 = EDGE_CURVE ( 'NONE', #2304, #2304, #2377, .T. ) ;
#3439 = SURFACE_SIDE_STYLE ('',( #886 ) ) ;
#3440 = ORIENTED_EDGE ( 'NONE', *, *, #6499, .T. ) ;
#3441 = MECHANICAL_DESIGN_GEOMETRIC_PRESENTATION_REPRESENTATION (  '', ( #2552 ), #3895 ) ;
#3442 = B_SPLINE_CURVE_WITH_KNOTS ( 'NONE', 3,
 ( #4382, #6999, #5684, #3688, #5657, #2506, #7147, #517 ),
 .UNSPECIFIED., .F., .F.,
 ( 4, 2, 2, 4 ),
 ( 0.01110629178428361600, 0.01136609360811311400, 0.01162589543194261400, 0.01214549907960161100 ),
 .UNSPECIFIED. ) ;
#3443 = CARTESIAN_POINT ( 'NONE',  ( 0.5336057619333475200, 0.1666019770061869500, -0.1472869862651922900 ) ) ;
#3444 = VECTOR ( 'NONE', #4968, 39.37007874015748100 ) ;
#3445 = VECTOR ( 'NONE', #6953, 39.37007874015748100 ) ;
#3446 = CARTESIAN_POINT ( 'NONE',  ( -0.1207464362293516100, -0.02053261085912316800, -0.03904174148986839400 ) ) ;
#3447 = DIRECTION ( 'NONE',  ( 1.000000000000000000, 0.0000000000000000000, 0.0000000000000000000 ) ) ;
#3448 = DIRECTION ( 'NONE',  ( 0.0000000000000000000, 0.0000000000000000000, -1.000000000000000000 ) ) ;
#3449 = CARTESIAN_POINT ( 'NONE',  ( -0.5822464362293516800, -0.06003605002473278600, -0.03354174148986834000 ) ) ;
#3450 =( NAMED_UNIT ( * ) SI_UNIT ( $, .STERADIAN. ) SOLID_ANGLE_UNIT ( ) );
#3451 = ORIENTED_EDGE ( 'NONE', *, *, #2666, .T. ) ;
#3452 = LINE ( 'NONE', #5610, #1680 ) ;
#3453 = FACE_OUTER_BOUND ( 'NONE', #3402, .T. ) ;
#3454 = LINE ( 'NONE', #3883, #6978 ) ;
#3455 = LINE ( 'NONE', #2141, #3244 ) ;
#3456 = CARTESIAN_POINT ( 'NONE',  ( -0.4972464362293515500, -0.2830426292568795100, 0.3359582585101316100 ) ) ;
#3457 = VERTEX_POINT ( 'NONE', #3144 ) ;
#3458 =( GEOMETRIC_REPRESENTATION_CONTEXT ( 3 ) GLOBAL_UNCERTAINTY_ASSIGNED_CONTEXT ( ( #8007 ) ) GLOBAL_UNIT_ASSIGNED_CONTEXT ( ( #1586, #6237, #2252 ) ) REPRESENTATION_CONTEXT ( 'NONE', 'WORKASPACE' ) );
#3459 = CARTESIAN_POINT ( 'NONE',  ( 0.7357535637706483800, 0.01595737074312052500, -0.008541741489868335400 ) ) ;
#3460 = VERTEX_POINT ( 'NONE', #8161 ) ;
#3461 = PRESENTATION_STYLE_ASSIGNMENT (( #5403 ) ) ;
#3462 = LENGTH_MEASURE_WITH_UNIT ( LENGTH_MEASURE( 0.02539999999999999900 ), #5420 );
#3463 = FILL_AREA_STYLE ('',( #6728 ) ) ;
#3464 = FILL_AREA_STYLE ('',( #6757 ) ) ;
#3465 = EDGE_CURVE ( 'NONE', #6897, #2220, #6124, .T. ) ;
#3466 = FACE_BOUND ( 'NONE', #6252, .T. ) ;
#3467 = ORIENTED_EDGE ( 'NONE', *, *, #8276, .T. ) ;
#3468 = EDGE_LOOP ( 'NONE', ( #1964, #1796, #2746, #6256 ) ) ;
#3469 = FACE_OUTER_BOUND ( 'NONE', #6846, .T. ) ;
#3470 = CARTESIAN_POINT ( 'NONE',  ( -0.5962210084938113200, 0.05312867351770816900, 0.01645825851013166600 ) ) ;
#3471 = UNCERTAINTY_MEASURE_WITH_UNIT (LENGTH_MEASURE( 1.000000000000000100E-005 ), #8156, 'distance_accuracy_value', 'NONE');
#3472 =( CONVERSION_BASED_UNIT ( 'INCH', #1305 ) LENGTH_UNIT ( ) NAMED_UNIT ( #5070 ) );
#3473 = CARTESIAN_POINT ( 'NONE',  ( 0.5697932619333837500, -0.1817082486240553000, -0.06464161166416047800 ) ) ;
#3474 = PRESENTATION_LAYER_ASSIGNMENT (  '', '', ( #2582 ) ) ;
#3475 = DIRECTION ( 'NONE',  ( 1.000000000000000000, 0.0000000000000000000, -0.0000000000000000000 ) ) ;
#3476 = CARTESIAN_POINT ( 'NONE',  ( 0.2647622046582244200, 0.1139278084485056700, 0.03193537325393806100 ) ) ;
#3477 = CARTESIAN_POINT ( 'NONE',  ( -0.6022464362293515900, -0.02053261085912316800, 0.3109582585101316500 ) ) ;
#3478 = DIRECTION ( 'NONE',  ( 0.0000000000000000000, 0.0000000000000000000, 1.000000000000000000 ) ) ;
#3479 = DIRECTION ( 'NONE',  ( 0.0000000000000000000, 0.0000000000000000000, -1.000000000000000000 ) ) ;
#3480 = FILL_AREA_STYLE_COLOUR ( '', #2812 ) ;
#3481 = VERTEX_POINT ( 'NONE', #1212 ) ;
#3482 = CIRCLE ( 'NONE', #8079, 0.05750000000000000900 ) ;
#3483 = VERTEX_POINT ( 'NONE', #6534 ) ;
#3484 = DIRECTION ( 'NONE',  ( 1.000000000000000000, 0.0000000000000000000, 0.0000000000000000000 ) ) ;
#3485 =( CONVERSION_BASED_UNIT ( 'INCH', #4877 ) LENGTH_UNIT ( ) NAMED_UNIT ( #2041 ) );
#3486 = ORIENTED_EDGE ( 'NONE', *, *, #1597, .T. ) ;
#3487 = CARTESIAN_POINT ( 'NONE',  ( -0.9984602808033384800, -0.2800426292568794500, -0.003541741489868276300 ) ) ;
#3488 = FILL_AREA_STYLE ('',( #776 ) ) ;
#3489 = DIRECTION ( 'NONE',  ( -1.000000000000000000, 0.0000000000000000000, -0.0000000000000000000 ) ) ;
#3490 =( GEOMETRIC_REPRESENTATION_CONTEXT ( 3 ) GLOBAL_UNCERTAINTY_ASSIGNED_CONTEXT ( ( #3567 ) ) GLOBAL_UNIT_ASSIGNED_CONTEXT ( ( #2608, #7239, #3282 ) ) REPRESENTATION_CONTEXT ( 'NONE', 'WORKASPACE' ) );
#3491 = STYLED_ITEM ( 'NONE', ( #3461 ), #1625 ) ;
#3492 = EDGE_CURVE ( 'NONE', #7030, #2073, #5919, .T. ) ;
#3493 =( NAMED_UNIT ( * ) SI_UNIT ( $, .STERADIAN. ) SOLID_ANGLE_UNIT ( ) );
#3494 = PRESENTATION_STYLE_ASSIGNMENT (( #5546 ) ) ;
#3495 = SURFACE_STYLE_FILL_AREA ( #4050 ) ;
#3496 = SPHERICAL_SURFACE ( 'NONE', #7295, 0.02500000000000000100 ) ;
#3497 =( GEOMETRIC_REPRESENTATION_CONTEXT ( 3 ) GLOBAL_UNCERTAINTY_ASSIGNED_CONTEXT ( ( #7504 ) ) GLOBAL_UNIT_ASSIGNED_CONTEXT ( ( #818, #5471, #1491 ) ) REPRESENTATION_CONTEXT ( 'NONE', 'WORKASPACE' ) );
#3498 = CARTESIAN_POINT ( 'NONE',  ( -0.5201755700876192800, -0.08112506845161748800, -0.008541741489868335400 ) ) ;
#3499 =( CONVERSION_BASED_UNIT ( 'INCH', #1409 ) LENGTH_UNIT ( ) NAMED_UNIT ( #1763 ) );
#3500 = PRESENTATION_STYLE_ASSIGNMENT (( #5382 ) ) ;
#3501 = CARTESIAN_POINT ( 'NONE',  ( -0.6022464362293515900, 0.2539573707431204100, -0.1951943376060556500 ) ) ;
#3502 = CARTESIAN_POINT ( 'NONE',  ( 0.5939182619333820400, -0.05819904429828859400, 0.1836418230132998400 ) ) ;
#3503 = EDGE_CURVE ( 'NONE', #7052, #7739, #7453, .T. ) ;
#3504 = DIRECTION ( 'NONE',  ( 1.000000000000000000, 0.0000000000000000000, 0.0000000000000000000 ) ) ;
#3505 =( CONVERSION_BASED_UNIT ( 'INCH', #4207 ) LENGTH_UNIT ( ) NAMED_UNIT ( #4369 ) );
#3506 = ORIENTED_EDGE ( 'NONE', *, *, #5609, .F. ) ;
#3507 = AXIS2_PLACEMENT_3D ( 'NONE', #7255, #3296, #7933 ) ;
#3508 = MECHANICAL_DESIGN_GEOMETRIC_PRESENTATION_REPRESENTATION (  '', ( #2160 ), #3961 ) ;
#3509 =( NAMED_UNIT ( * ) SI_UNIT ( $, .STERADIAN. ) SOLID_ANGLE_UNIT ( ) );
#3510 = COLOUR_RGB ( '',0.9882352941176471000, 1.000000000000000000, 0.9882352941176471000 ) ;
#3511 =( NAMED_UNIT ( * ) PLANE_ANGLE_UNIT ( ) SI_UNIT ( $, .RADIAN. ) );
#3512 = VERTEX_POINT ( 'NONE', #2545 ) ;
#3513 = EDGE_CURVE ( 'NONE', #5095, #1953, #7251, .T. ) ;
#3514 =( NAMED_UNIT ( * ) PLANE_ANGLE_UNIT ( ) SI_UNIT ( $, .RADIAN. ) );
#3515 = FILL_AREA_STYLE ('',( #2829 ) ) ;
#3516 = ORIENTED_EDGE ( 'NONE', *, *, #2434, .T. ) ;
#3517 = FILL_AREA_STYLE_COLOUR ( '', #4127 ) ;
#3518 =( LENGTH_UNIT ( ) NAMED_UNIT ( * ) SI_UNIT ( $, .METRE. ) );
#3519 =( LENGTH_UNIT ( ) NAMED_UNIT ( * ) SI_UNIT ( $, .METRE. ) );
#3520 = VERTEX_POINT ( 'NONE', #3177 ) ;
#3521 = CIRCLE ( 'NONE', #4536, 0.02500000000000000500 ) ;
#3522 = CARTESIAN_POINT ( 'NONE',  ( 0.6255224286000341500, 0.1631796006254134500, 0.1087102074351468200 ) ) ;
#3523 = ADVANCED_FACE ( 'NONE', ( #384 ), #7209, .F. ) ;
#3524 = EDGE_LOOP ( 'NONE', ( #260, #4679, #3805, #5955 ) ) ;
#3525 = CARTESIAN_POINT ( 'NONE',  ( 0.7065015952667114100, 0.06672227619704183800, 0.01243210481666229600 ) ) ;
#3526 = UNCERTAINTY_MEASURE_WITH_UNIT (LENGTH_MEASURE( 1.000000000000000100E-005 ), #8593, 'distance_accuracy_value', 'NONE');
#3527 =( LENGTH_UNIT ( ) NAMED_UNIT ( * ) SI_UNIT ( $, .METRE. ) );
#3528 = AXIS2_PLACEMENT_3D ( 'NONE', #5097, #1098, #5749 ) ;
#3529 = DIRECTION ( 'NONE',  ( 0.7071067811865520100, -0.7071067811865430200, 0.0000000000000000000 ) ) ;
#3530 = CARTESIAN_POINT ( 'NONE',  ( 0.3201786786000588300, -0.1190001295029915800, 0.04337133594108103000 ) ) ;
#3531 = LINE ( 'NONE', #5007, #5094 ) ;
#3532 = ORIENTED_EDGE ( 'NONE', *, *, #5114, .T. ) ;
#3533 =( CONVERSION_BASED_UNIT ( 'INCH', #5134 ) LENGTH_UNIT ( ) NAMED_UNIT ( #1026 ) );
#3534 = CARTESIAN_POINT ( 'NONE',  ( -0.1827464362293516600, -0.03604262925687949600, 0.3009582585101315800 ) ) ;
#3535 = LINE ( 'NONE', #7826, #7062 ) ;
#3536 =( NAMED_UNIT ( * ) PLANE_ANGLE_UNIT ( ) SI_UNIT ( $, .RADIAN. ) );
#3537 = CARTESIAN_POINT ( 'NONE',  ( 0.7557535637706485100, 0.2539573707431204100, -0.2335417414898683400 ) ) ;
#3538 = LENGTH_MEASURE_WITH_UNIT ( LENGTH_MEASURE( 0.02539999999999999900 ), #4010 );
#3539 = MECHANICAL_DESIGN_GEOMETRIC_PRESENTATION_REPRESENTATION (  '', ( #2194 ), #3998 ) ;
#3540 = DIRECTION ( 'NONE',  ( 0.0000000000000000000, 0.0000000000000000000, -1.000000000000000000 ) ) ;
#3541 = FILL_AREA_STYLE_COLOUR ( '', #5867 ) ;
#3542 = ORIENTED_EDGE ( 'NONE', *, *, #4134, .T. ) ;
#3543 =( CONVERSION_BASED_UNIT ( 'INCH', #7337 ) LENGTH_UNIT ( ) NAMED_UNIT ( #7341 ) );
#3544 =( LENGTH_UNIT ( ) NAMED_UNIT ( * ) SI_UNIT ( $, .METRE. ) );
#3545 = CARTESIAN_POINT ( 'NONE',  ( 0.5451057619333474800, 0.1533750166599620600, -0.1351045388723585700 ) ) ;
#3546 = LENGTH_MEASURE_WITH_UNIT ( LENGTH_MEASURE( 0.02539999999999999900 ), #2828 );
#3547 = CARTESIAN_POINT ( 'NONE',  ( -0.6022464362293515900, 0.01595737074312052500, -0.1585417414898683000 ) ) ;
#3548 = PRESENTATION_STYLE_ASSIGNMENT (( #7508 ) ) ;
#3549 = EDGE_CURVE ( 'NONE', #5332, #956, #593, .T. ) ;
#3550 = FILL_AREA_STYLE_COLOUR ( '', #7727 ) ;
#3551 = FACE_OUTER_BOUND ( 'NONE', #3911, .T. ) ;
#3552 = CARTESIAN_POINT ( 'NONE',  ( 0.7004802093473309100, 0.2008022892903817700, 0.06782812224745124500 ) ) ;
#3553 = CIRCLE ( 'NONE', #5711, 0.1499999999999999700 ) ;
#3554 = CIRCLE ( 'NONE', #4525, 0.04479626937547442200 ) ;
#3555 = DIRECTION ( 'NONE',  ( -1.000000000000000000, -0.0000000000000000000, -0.0000000000000000000 ) ) ;
#3556 = EDGE_LOOP ( 'NONE', ( #6032, #4315, #5865, #1749 ) ) ;
#3557 = EDGE_CURVE ( 'NONE', #2599, #1696, #6429, .T. ) ;
#3558 = DIRECTION ( 'NONE',  ( 1.000000000000000000, -0.0000000000000000000, -0.0000000000000000000 ) ) ;
#3559 = ORIENTED_EDGE ( 'NONE', *, *, #1258, .F. ) ;
#3560 = DIRECTION ( 'NONE',  ( 0.0000000000000000000, 0.0000000000000000000, -1.000000000000000000 ) ) ;
#3561 = ADVANCED_FACE ( 'NONE', ( #4689 ), #605, .F. ) ;
#3562 = CARTESIAN_POINT ( 'NONE',  ( -0.5822464362293516800, 0.04095737074312053000, 0.02862956128471931200 ) ) ;
#3563 =( NAMED_UNIT ( * ) SI_UNIT ( $, .STERADIAN. ) SOLID_ANGLE_UNIT ( ) );
#3564 =( LENGTH_UNIT ( ) NAMED_UNIT ( * ) SI_UNIT ( $, .METRE. ) );
#3565 = STYLED_ITEM ( 'NONE', ( #7982 ), #3561 ) ;
#3566 = CARTESIAN_POINT ( 'NONE',  ( -0.5372464362293517500, -0.02053261085912316800, 0.3359582585101316100 ) ) ;
#3567 = UNCERTAINTY_MEASURE_WITH_UNIT (LENGTH_MEASURE( 1.000000000000000100E-005 ), #2608, 'distance_accuracy_value', 'NONE');
#3568 = ORIENTED_EDGE ( 'NONE', *, *, #6159, .T. ) ;
#3569 = FILL_AREA_STYLE ('',( #2897 ) ) ;
#3570 =( CONVERSION_BASED_UNIT ( 'INCH', #1916 ) LENGTH_UNIT ( ) NAMED_UNIT ( #2615 ) );
#3571 = CARTESIAN_POINT ( 'NONE',  ( 0.2147535637706484100, -0.2830426292568795100, -0.008541741489868224400 ) ) ;
#3572 = CARTESIAN_POINT ( 'NONE',  ( 0.6907535637706484500, -0.2830426292568795100, 0.3359582585101316100 ) ) ;
#3573 = SURFACE_STYLE_FILL_AREA ( #5183 ) ;
#3574 = ORIENTED_EDGE ( 'NONE', *, *, #629, .F. ) ;
#3575 = CARTESIAN_POINT ( 'NONE',  ( -0.5041755700876193700, -0.04414128209171727700, -0.03330364625177317100 ) ) ;
#3576 = UNCERTAINTY_MEASURE_WITH_UNIT (LENGTH_MEASURE( 1.000000000000000100E-005 ), #6926, 'distance_accuracy_value', 'NONE');
#3577 = CARTESIAN_POINT ( 'NONE',  ( 0.4446474286000525200, -0.04621334595022830200, -0.1631482852389107300 ) ) ;
#3578 = ORIENTED_EDGE ( 'NONE', *, *, #5285, .T. ) ;
#3579 = B_SPLINE_CURVE_WITH_KNOTS ( 'NONE', 3,
 ( #5202, #8536, #5887, #1906, #6561, #2576, #7210, #3247 ),
 .UNSPECIFIED., .F., .F.,
 ( 4, 2, 2, 4 ),
 ( 0.01110629178428361600, 0.01136609360811311400, 0.01162589543194261300, 0.01214549907960160900 ),
 .UNSPECIFIED. ) ;
#3580 = CARTESIAN_POINT ( 'NONE',  ( 0.0000000000000000000, 0.0000000000000000000, 0.0000000000000000000 ) ) ;
#3581 = DIRECTION ( 'NONE',  ( 0.0000000000000000000, 0.0000000000000000000, -1.000000000000000000 ) ) ;
#3582 = LENGTH_MEASURE_WITH_UNIT ( LENGTH_MEASURE( 0.02539999999999999900 ), #949 );
#3583 = CARTESIAN_POINT ( 'NONE',  ( 0.4675849286000380300, -0.1647526116969642600, 0.06370173717427812800 ) ) ;
#3584 = ORIENTED_EDGE ( 'NONE', *, *, #5114, .F. ) ;
#3585 = AXIS2_PLACEMENT_3D ( 'NONE', #266, #8442, #4491 ) ;
#3586 = SPHERICAL_SURFACE ( 'NONE', #3185, 0.02500000000000000100 ) ;
#3587 = PRESENTATION_STYLE_ASSIGNMENT (( #7601 ) ) ;
#3588 = FILL_AREA_STYLE_COLOUR ( '', #5018 ) ;
#3589 = LINE ( 'NONE', #4743, #4550 ) ;
#3590 = FACE_BOUND ( 'NONE', #2726, .T. ) ;
#3591 = STYLED_ITEM ( 'NONE', ( #2849 ), #7552 ) ;
#3592 = DIRECTION ( 'NONE',  ( -1.000000000000000000, 0.0000000000000000000, -1.422837496700137700E-016 ) ) ;
#3593 = CARTESIAN_POINT ( 'NONE',  ( 0.7005118470275527600, 0.01595737074312052500, -0.008541741489868335400 ) ) ;
#3594 = FILL_AREA_STYLE_COLOUR ( '', #3272 ) ;
#3595 = DIRECTION ( 'NONE',  ( 0.0000000000000000000, 1.000000000000000000, 9.571164508604904000E-017 ) ) ;
#3596 = VECTOR ( 'NONE', #2763, 39.37007874015748100 ) ;
#3597 = PRESENTATION_STYLE_ASSIGNMENT (( #5928 ) ) ;
#3598 = FACE_OUTER_BOUND ( 'NONE', #3468, .T. ) ;
#3599 = CARTESIAN_POINT ( 'NONE',  ( 0.6907535637706484500, -0.06054262925687946300, 0.3009582585101316900 ) ) ;
#3600 =( LENGTH_UNIT ( ) NAMED_UNIT ( * ) SI_UNIT ( $, .METRE. ) );
#3601 = DIRECTION ( 'NONE',  ( 0.0000000000000000000, -1.775701195881771000E-015, -1.000000000000000000 ) ) ;
#3602 = CARTESIAN_POINT ( 'NONE',  ( -0.5915653088768821900, -0.009042629256879462100, -0.07052603759149940500 ) ) ;
#3603 = AXIS2_PLACEMENT_3D ( 'NONE', #2547, #7180, #3211 ) ;
#3604 = MECHANICAL_DESIGN_GEOMETRIC_PRESENTATION_REPRESENTATION (  '', ( #2258 ), #4060 ) ;
#3605 = VERTEX_POINT ( 'NONE', #638 ) ;
#3606 = EDGE_CURVE ( 'NONE', #6747, #6634, #7468, .T. ) ;
#3607 = CARTESIAN_POINT ( 'NONE',  ( 0.3367307619333402300, -0.08912498201887604500, 0.06558539984870925800 ) ) ;
#3608 = ADVANCED_FACE ( 'NONE', ( #3965, #5716 ), #6443, .F. ) ;
#3609 = SURFACE_STYLE_FILL_AREA ( #5510 ) ;
#3610 = MECHANICAL_DESIGN_GEOMETRIC_PRESENTATION_REPRESENTATION (  '', ( #2263 ), #4066 ) ;
#3611 = APPLICATION_PROTOCOL_DEFINITION ( 'draft international standard', 'automotive_design', 1998, #7573 ) ;
#3612 =( NAMED_UNIT ( * ) SI_UNIT ( $, .STERADIAN. ) SOLID_ANGLE_UNIT ( ) );
#3613 = STYLED_ITEM ( 'NONE', ( #7064 ), #7 ) ;
#3614 = CARTESIAN_POINT ( 'NONE',  ( -0.2302464362293515600, -0.3290426292568794900, -0.008541741489868335400 ) ) ;
#3615 = ORIENTED_EDGE ( 'NONE', *, *, #2598, .T. ) ;
#3616 =( GEOMETRIC_REPRESENTATION_CONTEXT ( 3 ) GLOBAL_UNCERTAINTY_ASSIGNED_CONTEXT ( ( #6727 ) ) GLOBAL_UNIT_ASSIGNED_CONTEXT ( ( #906, #5559, #1580 ) ) REPRESENTATION_CONTEXT ( 'NONE', 'WORKASPACE' ) );
#3617 = ORIENTED_EDGE ( 'NONE', *, *, #3032, .T. ) ;
#3618 = EDGE_CURVE ( 'NONE', #430, #7779, #1346, .T. ) ;
#3619 = DIRECTION ( 'NONE',  ( -0.0000000000000000000, -0.0000000000000000000, 1.000000000000000000 ) ) ;
#3620 = CARTESIAN_POINT ( 'NONE',  ( 0.7307535637706486000, -0.3480426292568794500, 0.3359582585101316100 ) ) ;
#3621 = ORIENTED_EDGE ( 'NONE', *, *, #1811, .F. ) ;
#3622 = CARTESIAN_POINT ( 'NONE',  ( 0.7557535637706485100, -0.02053261085912316800, 0.02195825851013172300 ) ) ;
#3623 = FILL_AREA_STYLE_COLOUR ( '', #7520 ) ;
#3624 = CARTESIAN_POINT ( 'NONE',  ( -0.2302464362293515600, -0.2780426292568794500, -0.008541741489868335400 ) ) ;
#3625 = ORIENTED_EDGE ( 'NONE', *, *, #6275, .F. ) ;
#3626 = CARTESIAN_POINT ( 'NONE',  ( 0.7099599286000410900, 0.1211062488177437100, 0.1656007206298717400 ) ) ;
#3627 =( GEOMETRIC_REPRESENTATION_CONTEXT ( 3 ) GLOBAL_UNCERTAINTY_ASSIGNED_CONTEXT ( ( #4321 ) ) GLOBAL_UNIT_ASSIGNED_CONTEXT ( ( #5807, #1829, #6487 ) ) REPRESENTATION_CONTEXT ( 'NONE', 'WORKASPACE' ) );
#3628 = COLOUR_RGB ( '',0.2941176470588235400, 0.2941176470588235400, 0.2941176470588235400 ) ;
#3629 = LENGTH_MEASURE_WITH_UNIT ( LENGTH_MEASURE( 0.02539999999999999900 ), #1407 );
#3630 = PRESENTATION_LAYER_ASSIGNMENT (  '', '', ( #2740 ) ) ;
#3631 =( LENGTH_UNIT ( ) NAMED_UNIT ( * ) SI_UNIT ( $, .METRE. ) );
#3632 = VERTEX_POINT ( 'NONE', #7995 ) ;
#3633 = ORIENTED_EDGE ( 'NONE', *, *, #3465, .F. ) ;
#3634 = PRESENTATION_LAYER_ASSIGNMENT (  '', '', ( #3187 ) ) ;
#3635 = ORIENTED_EDGE ( 'NONE', *, *, #1947, .F. ) ;
#3636 = ADVANCED_FACE ( 'NONE', ( #4701 ), #2682, .F. ) ;
#3637 = SURFACE_SIDE_STYLE ('',( #120 ) ) ;
#3638 = SURFACE_SIDE_STYLE ('',( #8549 ) ) ;
#3639 = ORIENTED_EDGE ( 'NONE', *, *, #1225, .T. ) ;
#3640 = ADVANCED_FACE ( 'NONE', ( #2279 ), #69, .T. ) ;
#3641 = VECTOR ( 'NONE', #7556, 39.37007874015748100 ) ;
#3642 = DIMENSIONAL_EXPONENTS ( 1.000000000000000000, 0.0000000000000000000, 0.0000000000000000000, 0.0000000000000000000, 0.0000000000000000000, 0.0000000000000000000, 0.0000000000000000000 ) ;
#3643 = VECTOR ( 'NONE', #296, 39.37007874015748100 ) ;
#3644 = MECHANICAL_DESIGN_GEOMETRIC_PRESENTATION_REPRESENTATION (  '', ( #2755 ), #4116 ) ;
#3645 = LINE ( 'NONE', #5612, #3445 ) ;
#3646 =( CONVERSION_BASED_UNIT ( 'INCH', #7679 ) LENGTH_UNIT ( ) NAMED_UNIT ( #4015 ) );
#3647 = AXIS2_PLACEMENT_3D ( 'NONE', #4588, #567, #5249 ) ;
#3648 = EDGE_CURVE ( 'NONE', #3512, #3632, #8302, .T. ) ;
#3649 =( NAMED_UNIT ( * ) SI_UNIT ( $, .STERADIAN. ) SOLID_ANGLE_UNIT ( ) );
#3650 = CARTESIAN_POINT ( 'NONE',  ( -0.02274643622935144200, -0.2830426292568795100, 0.01395825851013162900 ) ) ;
#3651 =( NAMED_UNIT ( * ) SI_UNIT ( $, .STERADIAN. ) SOLID_ANGLE_UNIT ( ) );
#3652 =( GEOMETRIC_REPRESENTATION_CONTEXT ( 3 ) GLOBAL_UNCERTAINTY_ASSIGNED_CONTEXT ( ( #2573 ) ) GLOBAL_UNIT_ASSIGNED_CONTEXT ( ( #7968, #4014, #14 ) ) REPRESENTATION_CONTEXT ( 'NONE', 'WORKASPACE' ) );
#3653 = ORIENTED_EDGE ( 'NONE', *, *, #5600, .F. ) ;
#3654 = DIRECTION ( 'NONE',  ( 0.0000000000000000000, 0.0000000000000000000, -1.000000000000000000 ) ) ;
#3655 = FILL_AREA_STYLE_COLOUR ( '', #1600 ) ;
#3656 = DIRECTION ( 'NONE',  ( -1.000000000000000000, -0.0000000000000000000, -0.0000000000000000000 ) ) ;
#3657 = DIRECTION ( 'NONE',  ( 0.0000000000000000000, 0.0000000000000000000, -1.000000000000000000 ) ) ;
#3658 = CARTESIAN_POINT ( 'NONE',  ( 0.6576826976289161800, -0.02094527138411909600, -0.06205057257436211200 ) ) ;
#3659 = EDGE_LOOP ( 'NONE', ( #8205, #5072, #1428, #7763 ) ) ;
#3660 = CARTESIAN_POINT ( 'NONE',  ( 0.6295432619333699600, 0.2009896838361331100, 0.06978790040519726500 ) ) ;
#3661 = VECTOR ( 'NONE', #1603, 39.37007874015748100 ) ;
#3662 = VERTEX_POINT ( 'NONE', #2179 ) ;
#3663 = CYLINDRICAL_SURFACE ( 'NONE', #4403, 0.04900000000000000200 ) ;
#3664 = EDGE_CURVE ( 'NONE', #8292, #1620, #4990, .T. ) ;
#3665 = DIRECTION ( 'NONE',  ( -0.0000000000000000000, -1.000000000000000000, -0.0000000000000000000 ) ) ;
#3666 = VECTOR ( 'NONE', #7035, 39.37007874015748100 ) ;
#3667 = AXIS2_PLACEMENT_3D ( 'NONE', #7092, #3110, #7744 ) ;
#3668 = AXIS2_PLACEMENT_3D ( 'NONE', #6574, #1919, #4651 ) ;
#3669 = ORIENTED_EDGE ( 'NONE', *, *, #2619, .F. ) ;
#3670 = ORIENTED_EDGE ( 'NONE', *, *, #5167, .T. ) ;
#3671 = COLOUR_RGB ( '',0.2941176470588235400, 0.2941176470588235400, 0.2941176470588235400 ) ;
#3672 = FILL_AREA_STYLE_COLOUR ( '', #7911 ) ;
#3673 = EDGE_CURVE ( 'NONE', #7897, #7243, #6550, .T. ) ;
#3674 = CARTESIAN_POINT ( 'NONE',  ( -0.03524643622935137700, -0.2800426292568794500, -0.09604174148986828500 ) ) ;
#3675 = CARTESIAN_POINT ( 'NONE',  ( 0.1547535637706485000, -0.2800426292568794500, -0.01354174148986834000 ) ) ;
#3676 =( CONVERSION_BASED_UNIT ( 'INCH', #5 ) LENGTH_UNIT ( ) NAMED_UNIT ( #3348 ) );
#3677 = MECHANICAL_DESIGN_GEOMETRIC_PRESENTATION_REPRESENTATION (  '', ( #2344 ), #4151 ) ;
#3678 = FILL_AREA_STYLE_COLOUR ( '', #3081 ) ;
#3679 = CARTESIAN_POINT ( 'NONE',  ( 0.6507535637706483000, -0.3480426292568794500, -0.1310417414898683300 ) ) ;
#3680 =( LENGTH_UNIT ( ) NAMED_UNIT ( * ) SI_UNIT ( $, .METRE. ) );
#3681 = ADVANCED_FACE ( 'NONE', ( #3000 ), #1432, .F. ) ;
#3682 = CLOSED_SHELL ( 'NONE', ( #7552, #7224, #6215, #5596, #1594, #4879, #1966, #894, #7630, #6914, #7633, #8558, #5329, #1395, #236, #1273, #7928, #2488, #6304, #1883, #3681, #355, #3320, #465, #4285, #8291, #1625, #4242, #3848, #5640, #3284, #8386, #6174, #5800, #1633, #7891, #7036, #2045, #1677, #940, #3901, #5685, #5978, #6297, #5560, #5847, #4366, #4652, #2413, #196, #8458, #4334, #1921, #1066, #4735, #4362, #3608, #6551, #8334, #7, #307, #8219, #8512, #7002, #7271, #2284, #2204, #4532, #314, #6591, #3068, #727, #6339, #4958, #2583, #1226, #3636, #1836, #400, #2291, #7973, #7193, #976, #3186, #5297, #8171, #3640, #6388, #1019, #2950, #5897, #5054, #1721, #3022, #2905, #1689, #8256, #7798, #3935, #4073, #8262, #7678, #5000, #4567, #6260, #564, #2976, #2534, #1310, #4953, #7514, #7142 ) ) ;
#3683 =( LENGTH_UNIT ( ) NAMED_UNIT ( * ) SI_UNIT ( $, .METRE. ) );
#3684 = CARTESIAN_POINT ( 'NONE',  ( -0.9984602808033384800, -0.2800426292568794500, -0.003541741489868214300 ) ) ;
#3685 = DIRECTION ( 'NONE',  ( 1.000000000000000000, 0.0000000000000000000, 2.134256245050203000E-016 ) ) ;
#3686 = SURFACE_SIDE_STYLE ('',( #8597 ) ) ;
#3687 = CARTESIAN_POINT ( 'NONE',  ( 0.5462307619333737200, -0.08585776110366702400, -0.1656573723410072200 ) ) ;
#3688 = CARTESIAN_POINT ( 'NONE',  ( -0.5905978776616883600, -0.04810223182560004200, -0.03354174148986834000 ) ) ;
#3689 = LENGTH_MEASURE_WITH_UNIT ( LENGTH_MEASURE( 0.02539999999999999900 ), #2378 );
#3690 = LENGTH_MEASURE_WITH_UNIT ( LENGTH_MEASURE( 0.02539999999999999900 ), #2197 );
#3691 = CARTESIAN_POINT ( 'NONE',  ( 0.5531474286000753700, 0.08848781675390957100, -0.1940679466529730600 ) ) ;
#3692 = ADVANCED_FACE ( 'NONE', ( #7456, #386 ), #149, .T. ) ;
#3693 = PRESENTATION_LAYER_ASSIGNMENT (  '', '', ( #4157 ) ) ;
#3694 = ORIENTED_EDGE ( 'NONE', *, *, #5138, .T. ) ;
#3695 = CARTESIAN_POINT ( 'NONE',  ( -0.1207464362293516100, -0.02053261085912316800, 0.02195825851013172300 ) ) ;
#3696 = CARTESIAN_POINT ( 'NONE',  ( -0.9984602808033384800, -0.2830426292568795100, -0.09604174148986817400 ) ) ;
#3697 = VECTOR ( 'NONE', #6827, 39.37007874015748100 ) ;
#3698 = LENGTH_MEASURE_WITH_UNIT ( LENGTH_MEASURE( 0.02539999999999999900 ), #5797 );
#3699 =( NAMED_UNIT ( * ) SI_UNIT ( $, .STERADIAN. ) SOLID_ANGLE_UNIT ( ) );
#3700 = CARTESIAN_POINT ( 'NONE',  ( 0.2536213206104554500, 0.1134930750660304000, -0.006908762154397193500 ) ) ;
#3701 = PRESENTATION_LAYER_ASSIGNMENT (  '', '', ( #3259 ) ) ;
#3702 =( GEOMETRIC_REPRESENTATION_CONTEXT ( 3 ) GLOBAL_UNCERTAINTY_ASSIGNED_CONTEXT ( ( #114 ) ) GLOBAL_UNIT_ASSIGNED_CONTEXT ( ( #7789, #3826, #8476 ) ) REPRESENTATION_CONTEXT ( 'NONE', 'WORKASPACE' ) );
#3703 = SURFACE_STYLE_FILL_AREA ( #4742 ) ;
#3704 = SURFACE_SIDE_STYLE ('',( #3233 ) ) ;
#3705 = MANIFOLD_SOLID_BREP ( '2466-3_for assemly-1-solid1', #6411 ) ;
#3706 = FILL_AREA_STYLE ('',( #1700 ) ) ;
#3707 = EDGE_LOOP ( 'NONE', ( #8555 ) ) ;
#3708 = ORIENTED_EDGE ( 'NONE', *, *, #4020, .T. ) ;
#3709 = DIRECTION ( 'NONE',  ( -1.000000000000000000, 0.0000000000000000000, 0.0000000000000000000 ) ) ;
#3710 = DIRECTION ( 'NONE',  ( 0.0000000000000000000, 0.0000000000000000000, -1.000000000000000000 ) ) ;
#3711 = SURFACE_STYLE_USAGE ( .BOTH. , #7670 ) ;
#3712 = PRESENTATION_STYLE_ASSIGNMENT (( #3428 ) ) ;
#3713 =( NAMED_UNIT ( * ) PLANE_ANGLE_UNIT ( ) SI_UNIT ( $, .RADIAN. ) );
#3714 = SURFACE_STYLE_USAGE ( .BOTH. , #7673 ) ;
#3715 = SURFACE_SIDE_STYLE ('',( #2388 ) ) ;
#3716 = CARTESIAN_POINT ( 'NONE',  ( -0.5962210084938113200, -0.009042629256879481200, 0.02862956128471930800 ) ) ;
#3717 = PRESENTATION_LAYER_ASSIGNMENT (  '', '', ( #4182 ) ) ;
#3718 = EDGE_CURVE ( 'NONE', #526, #526, #702, .T. ) ;
#3719 = ORIENTED_EDGE ( 'NONE', *, *, #7041, .F. ) ;
#3720 = CARTESIAN_POINT ( 'NONE',  ( 0.7401392575860789000, 0.04095737074312052300, -0.07927364861332572600 ) ) ;
#3721 = LINE ( 'NONE', #833, #5485 ) ;
#3722 = ORIENTED_EDGE ( 'NONE', *, *, #8215, .T. ) ;
#3723 = EDGE_LOOP ( 'NONE', ( #3853, #4209, #7699, #939 ) ) ;
#3724 = DIRECTION ( 'NONE',  ( 0.0000000000000000000, 1.000000000000000000, 1.914232901720979100E-016 ) ) ;
#3725 = CARTESIAN_POINT ( 'NONE',  ( 0.6481896478527668900, 0.08148551491105084100, -0.1798749931842017200 ) ) ;
#3726 = FILL_AREA_STYLE ('',( #7691 ) ) ;
#3727 = MECHANICAL_DESIGN_GEOMETRIC_PRESENTATION_REPRESENTATION (  '', ( #2830 ), #4197 ) ;
#3728 = UNCERTAINTY_MEASURE_WITH_UNIT (LENGTH_MEASURE( 1.000000000000000100E-005 ), #7466, 'distance_accuracy_value', 'NONE');
#3729 = ADVANCED_FACE ( 'NONE', ( #4889, #7562 ), #4981, .T. ) ;
#3730 = ORIENTED_EDGE ( 'NONE', *, *, #6524, .F. ) ;
#3731 = DIRECTION ( 'NONE',  ( -0.0000000000000000000, -1.000000000000000000, -0.0000000000000000000 ) ) ;
#3732 = PRESENTATION_STYLE_ASSIGNMENT (( #153 ) ) ;
#3733 = COLOUR_RGB ( '',0.9882352941176471000, 1.000000000000000000, 0.9882352941176471000 ) ;
#3734 = VECTOR ( 'NONE', #3261, 39.37007874015748100 ) ;
#3735 = ORIENTED_EDGE ( 'NONE', *, *, #1719, .F. ) ;
#3736 =( CONVERSION_BASED_UNIT ( 'INCH', #4067 ) LENGTH_UNIT ( ) NAMED_UNIT ( #5401 ) );
#3737 = DIRECTION ( 'NONE',  ( -1.000000000000000000, 0.0000000000000000000, 0.0000000000000000000 ) ) ;
#3738 = FACE_OUTER_BOUND ( 'NONE', #1537, .T. ) ;
#3739 = CARTESIAN_POINT ( 'NONE',  ( -0.5953067711179977900, -0.03568287319873404000, 0.01645825851013166600 ) ) ;
#3740 = CARTESIAN_POINT ( 'NONE',  ( -0.5822464362293516800, 0.01595737074312052500, -0.008541741489868335400 ) ) ;
#3741 = CARTESIAN_POINT ( 'NONE',  ( 0.7357535637706483800, 0.04095737074312053000, 0.02862956128471930800 ) ) ;
#3742 =( NAMED_UNIT ( * ) SI_UNIT ( $, .STERADIAN. ) SOLID_ANGLE_UNIT ( ) );
#3743 = PRESENTATION_STYLE_ASSIGNMENT (( #5135 ) ) ;
#3744 = EDGE_LOOP ( 'NONE', ( #63, #1536, #4019 ) ) ;
#3745 =( GEOMETRIC_REPRESENTATION_CONTEXT ( 3 ) GLOBAL_UNCERTAINTY_ASSIGNED_CONTEXT ( ( #1745 ) ) GLOBAL_UNIT_ASSIGNED_CONTEXT ( ( #8155, #4200, #186 ) ) REPRESENTATION_CONTEXT ( 'NONE', 'WORKASPACE' ) );
#3746 = COLOUR_RGB ( '',0.9882352941176471000, 1.000000000000000000, 0.9882352941176471000 ) ;
#3747 = DIRECTION ( 'NONE',  ( 0.0000000000000000000, 0.0000000000000000000, 1.000000000000000000 ) ) ;
#3748 =( GEOMETRIC_REPRESENTATION_CONTEXT ( 3 ) GLOBAL_UNCERTAINTY_ASSIGNED_CONTEXT ( ( #2841 ) ) GLOBAL_UNIT_ASSIGNED_CONTEXT ( ( #5359, #1374, #6028 ) ) REPRESENTATION_CONTEXT ( 'NONE', 'WORKASPACE' ) );
#3749 = LENGTH_MEASURE_WITH_UNIT ( LENGTH_MEASURE( 0.02539999999999999900 ), #4411 );
#3750 =( CONVERSION_BASED_UNIT ( 'INCH', #7938 ) LENGTH_UNIT ( ) NAMED_UNIT ( #7249 ) );
#3751 = DIMENSIONAL_EXPONENTS ( 1.000000000000000000, 0.0000000000000000000, 0.0000000000000000000, 0.0000000000000000000, 0.0000000000000000000, 0.0000000000000000000, 0.0000000000000000000 ) ;
#3752 = DIRECTION ( 'NONE',  ( 0.0000000000000000000, 0.0000000000000000000, -1.000000000000000000 ) ) ;
#3753 = AXIS2_PLACEMENT_3D ( 'NONE', #1295, #5943, #1955 ) ;
#3754 = SURFACE_STYLE_USAGE ( .BOTH. , #7714 ) ;
#3755 = LENGTH_MEASURE_WITH_UNIT ( LENGTH_MEASURE( 0.02539999999999999900 ), #3322 );
#3756 = CARTESIAN_POINT ( 'NONE',  ( 0.5717938145194299000, -0.1410400155107476300, -0.09982903546537644200 ) ) ;
#3757 = COLOUR_RGB ( '',0.2941176470588235400, 0.2941176470588235400, 0.2941176470588235400 ) ;
#3758 = FILL_AREA_STYLE_COLOUR ( '', #15 ) ;
#3759 = LINE ( 'NONE', #6366, #1773 ) ;
#3760 = LINE ( 'NONE', #3477, #5328 ) ;
#3761 =( GEOMETRIC_REPRESENTATION_CONTEXT ( 3 ) GLOBAL_UNCERTAINTY_ASSIGNED_CONTEXT ( ( #7174 ) ) GLOBAL_UNIT_ASSIGNED_CONTEXT ( ( #6376, #2393, #7043 ) ) REPRESENTATION_CONTEXT ( 'NONE', 'WORKASPACE' ) );
#3762 = CARTESIAN_POINT ( 'NONE',  ( -0.4997464362293511700, -0.09804262925687946800, 0.3414582585101316200 ) ) ;
#3763 =( GEOMETRIC_REPRESENTATION_CONTEXT ( 3 ) GLOBAL_UNCERTAINTY_ASSIGNED_CONTEXT ( ( #3471 ) ) GLOBAL_UNIT_ASSIGNED_CONTEXT ( ( #8156, #4201, #187 ) ) REPRESENTATION_CONTEXT ( 'NONE', 'WORKASPACE' ) );
#3764 = EDGE_LOOP ( 'NONE', ( #1645 ) ) ;
#3765 = EDGE_CURVE ( 'NONE', #22, #7030, #8516, .T. ) ;
#3766 = PLANE ( 'NONE',  #8176 ) ;
#3767 = CARTESIAN_POINT ( 'NONE',  ( 0.7557535637706485100, 0.2539573707431204100, -0.1951943376060556500 ) ) ;
#3768 = ORIENTED_EDGE ( 'NONE', *, *, #3618, .F. ) ;
#3769 = PLANE ( 'NONE',  #1917 ) ;
#3770 = MECHANICAL_DESIGN_GEOMETRIC_PRESENTATION_REPRESENTATION (  '', ( #2426 ), #4243 ) ;
#3771 = FACE_OUTER_BOUND ( 'NONE', #1339, .T. ) ;
#3772 = VECTOR ( 'NONE', #3374, 39.37007874015748100 ) ;
#3773 =( NAMED_UNIT ( * ) PLANE_ANGLE_UNIT ( ) SI_UNIT ( $, .RADIAN. ) );
#3774 = CARTESIAN_POINT ( 'NONE',  ( 0.4845218760139964300, 0.007517679339016164300, 0.1936738464780083400 ) ) ;
#3775 = FACE_OUTER_BOUND ( 'NONE', #5764, .T. ) ;
#3776 = SURFACE_SIDE_STYLE ('',( #194 ) ) ;
#3777 = COLOUR_RGB ( '',0.2941176470588235400, 0.2941176470588235400, 0.2941176470588235400 ) ;
#3778 = ORIENTED_EDGE ( 'NONE', *, *, #5184, .T. ) ;
#3779 = CARTESIAN_POINT ( 'NONE',  ( -0.5948585522561854500, 0.2539573707431204700, 0.2061123899017977500 ) ) ;
#3780 = AXIS2_PLACEMENT_3D ( 'NONE', #4088, #85, #4762 ) ;
#3781 = SURFACE_STYLE_FILL_AREA ( #2630 ) ;
#3782 = EDGE_CURVE ( 'NONE', #8316, #5147, #3415, .T. ) ;
#3783 = FILL_AREA_STYLE ('',( #8421 ) ) ;
#3785 =( LENGTH_UNIT ( ) NAMED_UNIT ( * ) SI_UNIT ( $, .METRE. ) );
#3784 = PRESENTATION_LAYER_ASSIGNMENT (  '', '', ( #3340 ) ) ;
#3786 = VECTOR ( 'NONE', #8344, 39.37007874015748100 ) ;
#3787 = ORIENTED_EDGE ( 'NONE', *, *, #60, .T. ) ;
#3788 = ORIENTED_EDGE ( 'NONE', *, *, #8390, .T. ) ;
#3789 = CARTESIAN_POINT ( 'NONE',  ( 0.6907535637706484500, -0.2480426292568794500, -0.2585417414898683600 ) ) ;
#3790 = CARTESIAN_POINT ( 'NONE',  ( 0.4793458978527556600, -0.1197760328592101400, 0.09889828683429095800 ) ) ;
#3791 = PRESENTATION_STYLE_ASSIGNMENT (( #5707 ) ) ;
#3792 = LENGTH_MEASURE_WITH_UNIT ( LENGTH_MEASURE( 0.02539999999999999900 ), #8534 );
#3793 = EDGE_CURVE ( 'NONE', #1639, #8292, #1833, .T. ) ;
#3794 = PRESENTATION_STYLE_ASSIGNMENT (( #1794 ) ) ;
#3795 = CARTESIAN_POINT ( 'NONE',  ( 0.3238349286000829500, -0.04807150312494470900, 0.1079638990777569100 ) ) ;
#3796 = CARTESIAN_POINT ( 'NONE',  ( 0.7307535637706486000, -0.02053261085912316800, -0.03904174148986839400 ) ) ;
#3797 = EDGE_LOOP ( 'NONE', ( #7932, #2172, #5633, #5303 ) ) ;
#3798 = DIRECTION ( 'NONE',  ( -1.000000000000000000, 0.0000000000000000000, 0.0000000000000000000 ) ) ;
#3799 = DIMENSIONAL_EXPONENTS ( 1.000000000000000000, 0.0000000000000000000, 0.0000000000000000000, 0.0000000000000000000, 0.0000000000000000000, 0.0000000000000000000, 0.0000000000000000000 ) ;
#3800 =( CONVERSION_BASED_UNIT ( 'INCH', #1909 ) LENGTH_UNIT ( ) NAMED_UNIT ( #3642 ) );
#3801 = CYLINDRICAL_SURFACE ( 'NONE', #6419, 0.02500000000000000500 ) ;
#3802 = DIRECTION ( 'NONE',  ( -0.0000000000000000000, 0.0000000000000000000, 1.000000000000000000 ) ) ;
#3803 = CARTESIAN_POINT ( 'NONE',  ( 0.2632099286000128500, 0.07937104355873639300, -0.1116318065591280600 ) ) ;
#3804 = CARTESIAN_POINT ( 'NONE',  ( 0.3110438145193782900, -0.1121812135367444300, -0.06084118178061425500 ) ) ;
#3805 = ORIENTED_EDGE ( 'NONE', *, *, #5305, .T. ) ;
#3806 = AXIS2_PLACEMENT_3D ( 'NONE', #4409, #951, #3654 ) ;
#3807 = PRESENTATION_LAYER_ASSIGNMENT (  '', '', ( #3359 ) ) ;
#3808 =( NAMED_UNIT ( * ) PLANE_ANGLE_UNIT ( ) SI_UNIT ( $, .RADIAN. ) );
#3809 = CARTESIAN_POINT ( 'NONE',  ( -0.5772464362293517900, -0.3230426292568794900, 0.3359582585101316100 ) ) ;
#3810 = ORIENTED_EDGE ( 'NONE', *, *, #8098, .T. ) ;
#3811 = CARTESIAN_POINT ( 'NONE',  ( -0.5372464362293516400, 0.01595737074312052500, -0.008541741489868335400 ) ) ;
#3812 = VECTOR ( 'NONE', #2836, 39.37007874015748100 ) ;
#3813 = DIRECTION ( 'NONE',  ( 0.0000000000000000000, -1.000000000000000000, -1.914232901720979600E-016 ) ) ;
#3814 = CARTESIAN_POINT ( 'NONE',  ( 0.3716688145194084200, 0.1144108380725543800, 0.09144015482861475600 ) ) ;
#3815 = AXIS2_PLACEMENT_3D ( 'NONE', #3624, #1619, #3657 ) ;
#3816 = CARTESIAN_POINT ( 'NONE',  ( 0.3812093760140080100, 0.1644266818455462100, -0.01706926542960964700 ) ) ;
#3817 = PRESENTATION_LAYER_ASSIGNMENT (  '', '', ( #4291 ) ) ;
#3818 =( NAMED_UNIT ( * ) PLANE_ANGLE_UNIT ( ) SI_UNIT ( $, .RADIAN. ) );
#3819 = EDGE_CURVE ( 'NONE', #6785, #4555, #6736, .T. ) ;
#3820 =( LENGTH_UNIT ( ) NAMED_UNIT ( * ) SI_UNIT ( $, .METRE. ) );
#3821 = FILL_AREA_STYLE_COLOUR ( '', #505 ) ;
#3822 = CARTESIAN_POINT ( 'NONE',  ( 0.4676057619333852100, -0.1682113556210868300, -0.03573440682851202600 ) ) ;
#3823 = DIRECTION ( 'NONE',  ( -0.0000000000000000000, -1.000000000000000000, -0.0000000000000000000 ) ) ;
#3824 = CARTESIAN_POINT ( 'NONE',  ( 0.7557535637706485100, -0.3230426292568794900, 0.3359582585101316100 ) ) ;
#3825 = ORIENTED_EDGE ( 'NONE', *, *, #7012, .F. ) ;
#3826 =( NAMED_UNIT ( * ) PLANE_ANGLE_UNIT ( ) SI_UNIT ( $, .RADIAN. ) );
#3827 = CARTESIAN_POINT ( 'NONE',  ( -0.01274643622935168500, -0.2800426292568794500, 0.01395825851013166400 ) ) ;
#3828 = VERTEX_POINT ( 'NONE', #1072 ) ;
#3829 = DIRECTION ( 'NONE',  ( 0.0000000000000000000, 0.0000000000000000000, -1.000000000000000000 ) ) ;
#3830 = DIRECTION ( 'NONE',  ( 0.0000000000000000000, 0.0000000000000000000, -1.000000000000000000 ) ) ;
#3831 = CARTESIAN_POINT ( 'NONE',  ( 0.2484802093473311200, 0.1190084128332163100, 0.03403445754369374700 ) ) ;
#3832 = CARTESIAN_POINT ( 'NONE',  ( 0.6783557619333786500, -0.1536913763400441500, 0.1128488494689778700 ) ) ;
#3833 = EDGE_CURVE ( 'NONE', #1144, #5332, #8290, .T. ) ;
#3834 = AXIS2_PLACEMENT_3D ( 'NONE', #3614, #8258, #4314 ) ;
#3835 = VECTOR ( 'NONE', #30, 39.37007874015748100 ) ;
#3836 = UNCERTAINTY_MEASURE_WITH_UNIT (LENGTH_MEASURE( 1.000000000000000100E-005 ), #1819, 'distance_accuracy_value', 'NONE');
#3837 = AXIS2_PLACEMENT_3D ( 'NONE', #3130, #7773, #3813 ) ;
#3838 = DIRECTION ( 'NONE',  ( 0.0000000000000000000, 0.0000000000000000000, 1.000000000000000000 ) ) ;
#3839 = ORIENTED_EDGE ( 'NONE', *, *, #6931, .F. ) ;
#3840 = DIRECTION ( 'NONE',  ( 1.000000000000000000, 0.0000000000000000000, 0.0000000000000000000 ) ) ;
#3841 = DIRECTION ( 'NONE',  ( -0.7071067811865507900, -0.7071067811865443500, 0.0000000000000000000 ) ) ;
#3842 = EDGE_CURVE ( 'NONE', #6236, #5409, #3104, .T. ) ;
#3843 = LENGTH_MEASURE_WITH_UNIT ( LENGTH_MEASURE( 0.02539999999999999900 ), #915 );
#3844 =( NAMED_UNIT ( * ) SI_UNIT ( $, .STERADIAN. ) SOLID_ANGLE_UNIT ( ) );
#3845 = B_SPLINE_CURVE_WITH_KNOTS ( 'NONE', 3,
 ( #6922, #283, #4955, #967, #5608, #1627, #6282, #2301 ),
 .UNSPECIFIED., .F., .F.,
 ( 4, 2, 2, 4 ),
 ( 0.01135251925626190100, 0.01186907746044349600, 0.01212735656253429200, 0.01238563566462509000 ),
 .UNSPECIFIED. ) ;
#3846 = VECTOR ( 'NONE', #1170, 39.37007874015748100 ) ;
#3847 = CARTESIAN_POINT ( 'NONE',  ( 0.2706271478527909600, 0.1076656429157331100, -0.04398991611506161000 ) ) ;
#3848 = ADVANCED_FACE ( 'NONE', ( #2992 ), #2437, .T. ) ;
#3849 = CARTESIAN_POINT ( 'NONE',  ( 0.6200635426806724300, 0.1975792863260698600, -0.02951934302663367800 ) ) ;
#3850 = EDGE_LOOP ( 'NONE', ( #6383, #2455, #7245, #2281 ) ) ;
#3851 = FILL_AREA_STYLE_COLOUR ( '', #736 ) ;
#3852 = MECHANICAL_DESIGN_GEOMETRIC_PRESENTATION_REPRESENTATION (  '', ( #2501 ), #4323 ) ;
#3853 = ORIENTED_EDGE ( 'NONE', *, *, #3648, .T. ) ;
#3854 = CARTESIAN_POINT ( 'NONE',  ( -0.5822464362293516800, 0.01595737074312052500, -0.008541741489868335400 ) ) ;
#3855 = CIRCLE ( 'NONE', #3927, 0.03500000000000000300 ) ;
#3856 = CARTESIAN_POINT ( 'NONE',  ( 0.3619911785999914700, 0.03953250008322516100, 0.1413414974570835500 ) ) ;
#3857 = UNCERTAINTY_MEASURE_WITH_UNIT (LENGTH_MEASURE( 1.000000000000000100E-005 ), #5888, 'distance_accuracy_value', 'NONE');
#3858 = DIRECTION ( 'NONE',  ( 1.000000000000000000, 0.0000000000000000000, -0.0000000000000000000 ) ) ;
#3859 = SURFACE_STYLE_FILL_AREA ( #425 ) ;
#3860 = CARTESIAN_POINT ( 'NONE',  ( -0.02274643622935171700, -0.2800426292568794500, -0.01354174148986833800 ) ) ;
#3861 = CARTESIAN_POINT ( 'NONE',  ( -0.5372464362293516400, -0.2830426292568795100, 0.3359582585101316100 ) ) ;
#3862 = ORIENTED_EDGE ( 'NONE', *, *, #4371, .T. ) ;
#3863 = CARTESIAN_POINT ( 'NONE',  ( -0.5921206029487751100, -0.009042629256879482900, 0.05209355523997310400 ) ) ;
#3864 = DIRECTION ( 'NONE',  ( -1.000000000000000000, -1.077227126839221800E-016, 0.0000000000000000000 ) ) ;
#3865 = FACE_OUTER_BOUND ( 'NONE', #7989, .T. ) ;
#3866 = DIRECTION ( 'NONE',  ( 0.0000000000000000000, 1.000000000000000000, 9.571164508604904000E-017 ) ) ;
#3867 = CARTESIAN_POINT ( 'NONE',  ( 0.5542724286000494400, -0.1459095796930050000, -0.1026603927895584900 ) ) ;
#3868 = CARTESIAN_POINT ( 'NONE',  ( 0.6019599286000408800, 0.04206562265884537100, 0.1958118176492517900 ) ) ;
#3869 = ORIENTED_EDGE ( 'NONE', *, *, #2154, .T. ) ;
#3870 = DIMENSIONAL_EXPONENTS ( 1.000000000000000000, 0.0000000000000000000, 0.0000000000000000000, 0.0000000000000000000, 0.0000000000000000000, 0.0000000000000000000, 0.0000000000000000000 ) ;
#3871 = DIRECTION ( 'NONE',  ( -0.0000000000000000000, -1.000000000000000000, -0.0000000000000000000 ) ) ;
#3872 =( NAMED_UNIT ( * ) PLANE_ANGLE_UNIT ( ) SI_UNIT ( $, .RADIAN. ) );
#3873 = EDGE_LOOP ( 'NONE', ( #4890 ) ) ;
#3874 = AXIS2_PLACEMENT_3D ( 'NONE', #8270, #4328, #295 ) ;
#3875 = EDGE_LOOP ( 'NONE', ( #4956, #3316, #7111, #5523 ) ) ;
#3876 =( GEOMETRIC_REPRESENTATION_CONTEXT ( 3 ) GLOBAL_UNCERTAINTY_ASSIGNED_CONTEXT ( ( #749 ) ) GLOBAL_UNIT_ASSIGNED_CONTEXT ( ( #8315, #4376, #348 ) ) REPRESENTATION_CONTEXT ( 'NONE', 'WORKASPACE' ) );
#3877 = CIRCLE ( 'NONE', #3834, 0.05750000000000000900 ) ;
#3878 = VERTEX_POINT ( 'NONE', #4840 ) ;
#3879 =( LENGTH_UNIT ( ) NAMED_UNIT ( * ) SI_UNIT ( $, .METRE. ) );
#3880 = CARTESIAN_POINT ( 'NONE',  ( 0.6617099286000365200, -0.01658968042673223200, -0.1948603152721055400 ) ) ;
#3881 = VECTOR ( 'NONE', #3412, 39.37007874015748100 ) ;
#3882 = CARTESIAN_POINT ( 'NONE',  ( 0.3929495119333527000, 0.1323178699964286900, -0.1169849397422990500 ) ) ;
#3883 = CARTESIAN_POINT ( 'NONE',  ( 0.1997535637706484300, -0.2830426292568795100, -0.008541741489868224400 ) ) ;
#3884 = EDGE_LOOP ( 'NONE', ( #8449, #8484, #6733, #5551 ) ) ;
#3885 = ORIENTED_EDGE ( 'NONE', *, *, #102, .F. ) ;
#3886 = CARTESIAN_POINT ( 'NONE',  ( 0.2660015952667115200, 0.1139449429657964600, 0.03194245248966211300 ) ) ;
#3887 = FACE_BOUND ( 'NONE', #7359, .T. ) ;
#3888 = SURFACE_STYLE_USAGE ( .BOTH. , #7856 ) ;
#3889 = SURFACE_SIDE_STYLE ('',( #1 ) ) ;
#3890 = DIMENSIONAL_EXPONENTS ( 1.000000000000000000, 0.0000000000000000000, 0.0000000000000000000, 0.0000000000000000000, 0.0000000000000000000, 0.0000000000000000000, 0.0000000000000000000 ) ;
#3891 = MECHANICAL_DESIGN_GEOMETRIC_PRESENTATION_REPRESENTATION (  '', ( #2982 ), #4355 ) ;
#3892 = FACE_OUTER_BOUND ( 'NONE', #3884, .T. ) ;
#3893 = EDGE_CURVE ( 'NONE', #7388, #7388, #7447, .T. ) ;
#3894 = CARTESIAN_POINT ( 'NONE',  ( 0.2530035637706566900, -0.8507926292568777100, -0.3180417414898682500 ) ) ;
#3895 =( GEOMETRIC_REPRESENTATION_CONTEXT ( 3 ) GLOBAL_UNCERTAINTY_ASSIGNED_CONTEXT ( ( #4592 ) ) GLOBAL_UNIT_ASSIGNED_CONTEXT ( ( #8587, #4624, #598 ) ) REPRESENTATION_CONTEXT ( 'NONE', 'WORKASPACE' ) );
#3896 = FILL_AREA_STYLE ('',( #8508 ) ) ;
#3897 = FILL_AREA_STYLE ('',( #3215 ) ) ;
#3898 = CARTESIAN_POINT ( 'NONE',  ( 0.6145849286000528700, 0.2155794250032171100, -0.03159865071268598600 ) ) ;
#3899 = PRESENTATION_STYLE_ASSIGNMENT (( #3114 ) ) ;
#3900 = CARTESIAN_POINT ( 'NONE',  ( 0.5215432619333595400, 0.2201820215608134300, -0.02098784128603300600 ) ) ;
#3901 = ADVANCED_FACE ( 'NONE', ( #3943 ), #7061, .T. ) ;
#3902 = VECTOR ( 'NONE', #8269, 39.37007874015748100 ) ;
#3903 = COLOUR_RGB ( '',0.9882352941176471000, 1.000000000000000000, 0.9882352941176471000 ) ;
#3904 =( NAMED_UNIT ( * ) SI_UNIT ( $, .STERADIAN. ) SOLID_ANGLE_UNIT ( ) );
#3905 = VERTEX_POINT ( 'NONE', #7136 ) ;
#3906 = CARTESIAN_POINT ( 'NONE',  ( 0.7401392575860786800, -0.009042629256879477700, 0.06219016563358907600 ) ) ;
#3907 = PRESENTATION_STYLE_ASSIGNMENT (( #2659 ) ) ;
#3908 = PRESENTATION_STYLE_ASSIGNMENT (( #2900 ) ) ;
#3909 = FACE_OUTER_BOUND ( 'NONE', #8513, .T. ) ;
#3910 = DIRECTION ( 'NONE',  ( -1.000000000000000000, 1.077227126839222100E-016, 0.0000000000000000000 ) ) ;
#3911 = EDGE_LOOP ( 'NONE', ( #6706, #2677, #246, #7278 ) ) ;
#3912 = UNCERTAINTY_MEASURE_WITH_UNIT (LENGTH_MEASURE( 1.000000000000000100E-005 ), #5024, 'distance_accuracy_value', 'NONE');
#3913 = EDGE_CURVE ( 'NONE', #6586, #4900, #7956, .T. ) ;
#3914 = CARTESIAN_POINT ( 'NONE',  ( 0.5017406260139711800, 0.1569030404165279700, 0.1106371046994803300 ) ) ;
#3915 = CARTESIAN_POINT ( 'NONE',  ( -0.9984602808033384800, -0.2800426292568794500, -0.09604174148986817400 ) ) ;
#3916 =( NAMED_UNIT ( * ) SI_UNIT ( $, .STERADIAN. ) SOLID_ANGLE_UNIT ( ) );
#3917 = CARTESIAN_POINT ( 'NONE',  ( 0.6441688145194308700, 0.1413291626598046900, -0.1731948570050299800 ) ) ;
#3918 = CARTESIAN_POINT ( 'NONE',  ( 0.3362535637706484700, -0.03604262925687949600, -0.3530417414898683300 ) ) ;
#3919 = CARTESIAN_POINT ( 'NONE',  ( 0.7507535637706483900, 0.05312867351770816900, -0.03354174148986834000 ) ) ;
#3920 =( LENGTH_UNIT ( ) NAMED_UNIT ( * ) SI_UNIT ( $, .METRE. ) );
#3921 = DIRECTION ( 'NONE',  ( -1.000000000000000000, 0.0000000000000000000, -0.0000000000000000000 ) ) ;
#3922 = DIMENSIONAL_EXPONENTS ( 1.000000000000000000, 0.0000000000000000000, 0.0000000000000000000, 0.0000000000000000000, 0.0000000000000000000, 0.0000000000000000000, 0.0000000000000000000 ) ;
#3923 = AXIS2_PLACEMENT_3D ( 'NONE', #2694, #7329, #3365 ) ;
#3924 = FILL_AREA_STYLE_COLOUR ( '', #3161 ) ;
#3925 = CARTESIAN_POINT ( 'NONE',  ( 0.3596260426806475700, 0.1309385115738112600, 0.1081174946021910300 ) ) ;
#3926 = MECHANICAL_DESIGN_GEOMETRIC_PRESENTATION_REPRESENTATION (  '', ( #2582 ), #4387 ) ;
#3927 = AXIS2_PLACEMENT_3D ( 'NONE', #1150, #5790, #1809 ) ;
#3928 = CARTESIAN_POINT ( 'NONE',  ( 0.1997535637706484300, -0.2800426292568794500, -0.01354174148986833600 ) ) ;
#3929 = SURFACE_STYLE_FILL_AREA ( #2754 ) ;
#3930 = DIMENSIONAL_EXPONENTS ( 1.000000000000000000, 0.0000000000000000000, 0.0000000000000000000, 0.0000000000000000000, 0.0000000000000000000, 0.0000000000000000000, 0.0000000000000000000 ) ;
#3931 = CARTESIAN_POINT ( 'NONE',  ( 0.7498248631973349900, -0.009042629256879463800, -0.05255495424348009800 ) ) ;
#3932 = ORIENTED_EDGE ( 'NONE', *, *, #3893, .F. ) ;
#3933 = DIRECTION ( 'NONE',  ( 1.000000000000000000, 0.0000000000000000000, 0.0000000000000000000 ) ) ;
#3934 = AXIS2_PLACEMENT_3D ( 'NONE', #642, #5320, #1325 ) ;
#3935 = ADVANCED_FACE ( 'NONE', ( #2162 ), #1855, .F. ) ;
#3936 = CARTESIAN_POINT ( 'NONE',  ( 0.4446057619333851900, -0.1558685049638588200, -0.03393732356620016200 ) ) ;
#3937 = AXIS2_PLACEMENT_3D ( 'NONE', #3459, #8090, #4147 ) ;
#3938 =( LENGTH_UNIT ( ) NAMED_UNIT ( * ) SI_UNIT ( $, .METRE. ) );
#3939 = EDGE_CURVE ( 'NONE', #2697, #4087, #5209, .T. ) ;
#3940 = DIRECTION ( 'NONE',  ( -0.0000000000000000000, 0.3818493186866405700, -0.9242245927362832100 ) ) ;
#3941 = ORIENTED_EDGE ( 'NONE', *, *, #2543, .T. ) ;
#3942 = LENGTH_MEASURE_WITH_UNIT ( LENGTH_MEASURE( 0.02539999999999999900 ), #4906 );
#3943 = FACE_OUTER_BOUND ( 'NONE', #1131, .T. ) ;
#3944 = CARTESIAN_POINT ( 'NONE',  ( 0.5637521478527540700, -0.09565478992706603900, -0.1807751914822599000 ) ) ;
#3945 = EDGE_LOOP ( 'NONE', ( #3625, #8060, #21, #4262, #1591, #5544 ) ) ;
#3946 =( LENGTH_UNIT ( ) NAMED_UNIT ( * ) SI_UNIT ( $, .METRE. ) );
#3947 =( LENGTH_UNIT ( ) NAMED_UNIT ( * ) SI_UNIT ( $, .METRE. ) );
#3948 = DIRECTION ( 'NONE',  ( -0.0000000000000000000, -1.000000000000000000, -0.0000000000000000000 ) ) ;
#3949 = CARTESIAN_POINT ( 'NONE',  ( 0.7065015952667114100, -0.03547198844689801500, -0.02979011111943342300 ) ) ;
#3950 = B_SPLINE_CURVE_WITH_KNOTS ( 'NONE', 3,
 ( #6909, #1590, #7567, #3602, #8244, #4298, #272, #4940 ),
 .UNSPECIFIED., .F., .F.,
 ( 4, 2, 2, 4 ),
 ( 0.01135251925626187500, 0.01186907746044347900, 0.01212735656253428000, 0.01238563566462508300 ),
 .UNSPECIFIED. ) ;
#3951 = EDGE_LOOP ( 'NONE', ( #4876, #6012, #2871 ) ) ;
#3952 = CIRCLE ( 'NONE', #681, 0.02500000000000000500 ) ;
#3953 = SURFACE_STYLE_FILL_AREA ( #6560 ) ;
#3954 = DIRECTION ( 'NONE',  ( -1.000000000000000000, 0.0000000000000000000, 0.0000000000000000000 ) ) ;
#3955 = CARTESIAN_POINT ( 'NONE',  ( 0.3926885426806542300, 0.1688894161468728600, -0.09384499385250441600 ) ) ;
#3956 = LENGTH_MEASURE_WITH_UNIT ( LENGTH_MEASURE( 0.02539999999999999900 ), #6302 );
#3957 = SURFACE_STYLE_FILL_AREA ( #6745 ) ;
#3958 = EDGE_LOOP ( 'NONE', ( #1668, #6867, #4374, #1742 ) ) ;
#3959 = EDGE_CURVE ( 'NONE', #1073, #4900, #5366, .T. ) ;
#3960 = AXIS2_PLACEMENT_3D ( 'NONE', #2645, #7279, #3324 ) ;
#3961 =( GEOMETRIC_REPRESENTATION_CONTEXT ( 3 ) GLOBAL_UNCERTAINTY_ASSIGNED_CONTEXT ( ( #7467 ) ) GLOBAL_UNIT_ASSIGNED_CONTEXT ( ( #861, #5511, #1535 ) ) REPRESENTATION_CONTEXT ( 'NONE', 'WORKASPACE' ) );
#3962 = ORIENTED_EDGE ( 'NONE', *, *, #4418, .T. ) ;
#3963 = SURFACE_STYLE_USAGE ( .BOTH. , #7918 ) ;
#3964 = FACE_OUTER_BOUND ( 'NONE', #4049, .T. ) ;
#3965 = FACE_OUTER_BOUND ( 'NONE', #599, .T. ) ;
#3966 = DIRECTION ( 'NONE',  ( 0.0000000000000000000, 0.0000000000000000000, -1.000000000000000000 ) ) ;
#3967 = CARTESIAN_POINT ( 'NONE',  ( 0.7125229811860918100, 0.2008022892903817700, 0.06782812224745124500 ) ) ;
#3968 = EDGE_CURVE ( 'NONE', #7446, #3230, #4228, .T. ) ;
#3969 = EDGE_LOOP ( 'NONE', ( #5570, #1126, #5950 ) ) ;
#3970 = DIMENSIONAL_EXPONENTS ( 1.000000000000000000, 0.0000000000000000000, 0.0000000000000000000, 0.0000000000000000000, 0.0000000000000000000, 0.0000000000000000000, 0.0000000000000000000 ) ;
#3971 =( NAMED_UNIT ( * ) SI_UNIT ( $, .STERADIAN. ) SOLID_ANGLE_UNIT ( ) );
#3972 = SURFACE_STYLE_FILL_AREA ( #5731 ) ;
#3973 = CARTESIAN_POINT ( 'NONE',  ( -0.5915653088768823000, 0.04095737074312053000, 0.05344255461176297000 ) ) ;
#3974 = CARTESIAN_POINT ( 'NONE',  ( 0.4736063145194184300, -0.1647526116969642600, 0.06370173717427812800 ) ) ;
#3975 = CIRCLE ( 'NONE', #2022, 0.03500000000000000300 ) ;
#3976 = CARTESIAN_POINT ( 'NONE',  ( 0.6907535637706484500, -0.2780426292568794500, 0.1139582585101316500 ) ) ;
#3977 = DIRECTION ( 'NONE',  ( -0.0000000000000000000, -1.000000000000000000, -0.0000000000000000000 ) ) ;
#3978 = DIMENSIONAL_EXPONENTS ( 1.000000000000000000, 0.0000000000000000000, 0.0000000000000000000, 0.0000000000000000000, 0.0000000000000000000, 0.0000000000000000000, 0.0000000000000000000 ) ;
#3979 = LENGTH_MEASURE_WITH_UNIT ( LENGTH_MEASURE( 0.02539999999999999900 ), #3519 );
#3980 = CARTESIAN_POINT ( 'NONE',  ( -0.5972464362293515800, -0.009042629256879481200, 0.02862956128471930800 ) ) ;
#3981 = SURFACE_STYLE_USAGE ( .BOTH. , #7939 ) ;
#3982 = DIRECTION ( 'NONE',  ( 0.0000000000000000000, 0.0000000000000000000, -1.000000000000000000 ) ) ;
#3983 =( NAMED_UNIT ( * ) PLANE_ANGLE_UNIT ( ) SI_UNIT ( $, .RADIAN. ) );
#3984 = SURFACE_STYLE_FILL_AREA ( #253 ) ;
#3985 = DIRECTION ( 'NONE',  ( 0.0000000000000000000, 0.0000000000000000000, -1.000000000000000000 ) ) ;
#3986 = CARTESIAN_POINT ( 'NONE',  ( 0.4443447926806438100, -0.1570447915916761400, -0.08610900462011932000 ) ) ;
#3987 = PRESENTATION_LAYER_ASSIGNMENT (  '', '', ( #3070 ) ) ;
#3988 = UNCERTAINTY_MEASURE_WITH_UNIT (LENGTH_MEASURE( 1.000000000000000100E-005 ), #4858, 'distance_accuracy_value', 'NONE');
#3989 = ADVANCED_FACE ( 'NONE', ( #1823 ), #2758, .T. ) ;
#3990 = LENGTH_MEASURE_WITH_UNIT ( LENGTH_MEASURE( 0.02539999999999999900 ), #1108 );
#3991 = VERTEX_POINT ( 'NONE', #8604 ) ;
#3992 = VERTEX_POINT ( 'NONE', #4647 ) ;
#3993 = DIRECTION ( 'NONE',  ( -1.000000000000000000, 0.0000000000000000000, -9.485583311334260800E-017 ) ) ;
#3994 = VECTOR ( 'NONE', #3993, 39.37007874015748100 ) ;
#3995 = FACE_OUTER_BOUND ( 'NONE', #5299, .T. ) ;
#3996 = CARTESIAN_POINT ( 'NONE',  ( 0.7557535637706485100, -0.2830426292568795100, -0.1310417414898683300 ) ) ;
#3997 = CARTESIAN_POINT ( 'NONE',  ( 0.7497281360351080200, -0.02121393203146711800, 0.01645825851013166600 ) ) ;
#3998 =( GEOMETRIC_REPRESENTATION_CONTEXT ( 3 ) GLOBAL_UNCERTAINTY_ASSIGNED_CONTEXT ( ( #8190 ) ) GLOBAL_UNIT_ASSIGNED_CONTEXT ( ( #5459, #1475, #6130 ) ) REPRESENTATION_CONTEXT ( 'NONE', 'WORKASPACE' ) );
#3999 = ORIENTED_EDGE ( 'NONE', *, *, #244, .T. ) ;
#4000 = FILL_AREA_STYLE ('',( #2641 ) ) ;
#4001 = CIRCLE ( 'NONE', #4941, 0.01150000000000007100 ) ;
#4002 =( NAMED_UNIT ( * ) PLANE_ANGLE_UNIT ( ) SI_UNIT ( $, .RADIAN. ) );
#4003 = VECTOR ( 'NONE', #2425, 39.37007874015748100 ) ;
#4004 = ORIENTED_EDGE ( 'NONE', *, *, #3833, .T. ) ;
#4005 = CARTESIAN_POINT ( 'NONE',  ( 0.2742535637706484100, -0.03604262925687949600, 0.3009582585101315800 ) ) ;
#4006 = ORIENTED_EDGE ( 'NONE', *, *, #102, .T. ) ;
#4007 = CARTESIAN_POINT ( 'NONE',  ( 0.7507535637706483900, -0.02121393203146711800, 0.01645825851013166600 ) ) ;
#4008 = PLANE ( 'NONE',  #448 ) ;
#4009 = EDGE_CURVE ( 'NONE', #4080, #3992, #1205, .T. ) ;
#4010 =( LENGTH_UNIT ( ) NAMED_UNIT ( * ) SI_UNIT ( $, .METRE. ) );
#4011 = SURFACE_STYLE_FILL_AREA ( #3783 ) ;
#4012 = CARTESIAN_POINT ( 'NONE',  ( 0.7557535637706485100, 0.2539573707431204100, -0.1951943376060556500 ) ) ;
#4013 = FACE_OUTER_BOUND ( 'NONE', #6749, .T. ) ;
#4014 =( NAMED_UNIT ( * ) PLANE_ANGLE_UNIT ( ) SI_UNIT ( $, .RADIAN. ) );
#4015 = DIMENSIONAL_EXPONENTS ( 1.000000000000000000, 0.0000000000000000000, 0.0000000000000000000, 0.0000000000000000000, 0.0000000000000000000, 0.0000000000000000000, 0.0000000000000000000 ) ;
#4016 =( CONVERSION_BASED_UNIT ( 'INCH', #5597 ) LENGTH_UNIT ( ) NAMED_UNIT ( #5112 ) );
#4017 =( NAMED_UNIT ( * ) SI_UNIT ( $, .STERADIAN. ) SOLID_ANGLE_UNIT ( ) );
#4018 = CARTESIAN_POINT ( 'NONE',  ( 0.5155218760139791400, 0.2201820215608134300, -0.02098784128603300600 ) ) ;
#4019 = ORIENTED_EDGE ( 'NONE', *, *, #6075, .T. ) ;
#4020 = EDGE_CURVE ( 'NONE', #3109, #6163, #8056, .T. ) ;
#4021 = PRESENTATION_STYLE_ASSIGNMENT (( #4580 ) ) ;
#4022 = LENGTH_MEASURE_WITH_UNIT ( LENGTH_MEASURE( 0.02539999999999999900 ), #139 );
#4023 = CARTESIAN_POINT ( 'NONE',  ( 0.2742535637706484100, 0.07949064950654230500, -0.3029961188812527200 ) ) ;
#4024 = COLOUR_RGB ( '',0.2941176470588235400, 0.2941176470588235400, 0.2941176470588235400 ) ;
#4025 = ORIENTED_EDGE ( 'NONE', *, *, #7540, .F. ) ;
#4026 = DIMENSIONAL_EXPONENTS ( 1.000000000000000000, 0.0000000000000000000, 0.0000000000000000000, 0.0000000000000000000, 0.0000000000000000000, 0.0000000000000000000, 0.0000000000000000000 ) ;
#4027 = CARTESIAN_POINT ( 'NONE',  ( -0.9984602808033384800, -0.2800426292568794500, -0.01354174148986845800 ) ) ;
#4028 = DIRECTION ( 'NONE',  ( 1.000000000000000000, 0.0000000000000000000, 0.0000000000000000000 ) ) ;
#4029 = AXIS2_PLACEMENT_3D ( 'NONE', #5914, #1931, #6583 ) ;
#4030 = SURFACE_STYLE_FILL_AREA ( #1732 ) ;
#4031 = DIMENSIONAL_EXPONENTS ( 1.000000000000000000, 0.0000000000000000000, 0.0000000000000000000, 0.0000000000000000000, 0.0000000000000000000, 0.0000000000000000000, 0.0000000000000000000 ) ;
#4032 = FILL_AREA_STYLE ('',( #5992 ) ) ;
#4033 = ORIENTED_EDGE ( 'NONE', *, *, #595, .F. ) ;
#4034 =( LENGTH_UNIT ( ) NAMED_UNIT ( * ) SI_UNIT ( $, .METRE. ) );
#4035 = FILL_AREA_STYLE ('',( #2681 ) ) ;
#4036 = DIRECTION ( 'NONE',  ( 1.000000000000000000, -0.0000000000000000000, 0.0000000000000000000 ) ) ;
#4037 = UNCERTAINTY_MEASURE_WITH_UNIT (LENGTH_MEASURE( 1.000000000000000100E-005 ), #7839, 'distance_accuracy_value', 'NONE');
#4038 = FILL_AREA_STYLE_COLOUR ( '', #8202 ) ;
#4039 = PLANE ( 'NONE',  #2090 ) ;
#4040 = DIRECTION ( 'NONE',  ( 1.000000000000000000, -0.0000000000000000000, -0.0000000000000000000 ) ) ;
#4041 = ORIENTED_EDGE ( 'NONE', *, *, #7331, .T. ) ;
#4042 = CARTESIAN_POINT ( 'NONE',  ( 0.7307535637706486000, 0.2539573707431204100, 0.2164582585101316200 ) ) ;
#4043 = MECHANICAL_DESIGN_GEOMETRIC_PRESENTATION_REPRESENTATION (  '', ( #3123 ), #4499 ) ;
#4044 =( NAMED_UNIT ( * ) SI_UNIT ( $, .STERADIAN. ) SOLID_ANGLE_UNIT ( ) );
#4045 = CARTESIAN_POINT ( 'NONE',  ( 0.4159286786000523900, 0.07821026794350900700, -0.1772908502231935200 ) ) ;
#4046 = VERTEX_POINT ( 'NONE', #7952 ) ;
#4047 = AXIS2_PLACEMENT_3D ( 'NONE', #855, #1504, #8180 ) ;
#4048 = DIRECTION ( 'NONE',  ( 1.000000000000000000, 0.0000000000000000000, 0.0000000000000000000 ) ) ;
#4049 = EDGE_LOOP ( 'NONE', ( #4785, #4282, #5142 ) ) ;
#4050 = FILL_AREA_STYLE ('',( #679 ) ) ;
#4051 =( NAMED_UNIT ( * ) SI_UNIT ( $, .STERADIAN. ) SOLID_ANGLE_UNIT ( ) );
#4052 =( NAMED_UNIT ( * ) PLANE_ANGLE_UNIT ( ) SI_UNIT ( $, .RADIAN. ) );
#4053 = DIMENSIONAL_EXPONENTS ( 1.000000000000000000, 0.0000000000000000000, 0.0000000000000000000, 0.0000000000000000000, 0.0000000000000000000, 0.0000000000000000000, 0.0000000000000000000 ) ;
#4054 = VECTOR ( 'NONE', #7957, 39.37007874015748100 ) ;
#4055 =( NAMED_UNIT ( * ) SI_UNIT ( $, .STERADIAN. ) SOLID_ANGLE_UNIT ( ) );
#4056 = COLOUR_RGB ( '',0.2941176470588235400, 0.2941176470588235400, 0.2941176470588235400 ) ;
#4057 = PRESENTATION_STYLE_ASSIGNMENT (( #1017 ) ) ;
#4058 = ORIENTED_EDGE ( 'NONE', *, *, #6605, .F. ) ;
#4059 = AXIS2_PLACEMENT_3D ( 'NONE', #7152, #3178, #7827 ) ;
#4060 =( GEOMETRIC_REPRESENTATION_CONTEXT ( 3 ) GLOBAL_UNCERTAINTY_ASSIGNED_CONTEXT ( ( #6660 ) ) GLOBAL_UNIT_ASSIGNED_CONTEXT ( ( #1682, #6325, #2350 ) ) REPRESENTATION_CONTEXT ( 'NONE', 'WORKASPACE' ) );
#4061 = CARTESIAN_POINT ( 'NONE',  ( 0.7497281360351080200, 0.05312867351770816900, -0.03354174148986834000 ) ) ;
#4062 = EDGE_CURVE ( 'NONE', #2584, #5450, #6099, .T. ) ;
#4063 = DIRECTION ( 'NONE',  ( 0.0000000000000000000, 0.0000000000000000000, 1.000000000000000000 ) ) ;
#4064 = ORIENTED_EDGE ( 'NONE', *, *, #1082, .T. ) ;
#4065 = FACE_BOUND ( 'NONE', #805, .T. ) ;
#4066 =( GEOMETRIC_REPRESENTATION_CONTEXT ( 3 ) GLOBAL_UNCERTAINTY_ASSIGNED_CONTEXT ( ( #6389 ) ) GLOBAL_UNIT_ASSIGNED_CONTEXT ( ( #5761, #1770, #6424 ) ) REPRESENTATION_CONTEXT ( 'NONE', 'WORKASPACE' ) );
#4067 = LENGTH_MEASURE_WITH_UNIT ( LENGTH_MEASURE( 0.02539999999999999900 ), #7697 );
#4068 = CARTESIAN_POINT ( 'NONE',  ( -0.5372464362293516400, -0.3480426292568796200, 0.3359582585101316100 ) ) ;
#4069 = DIRECTION ( 'NONE',  ( -0.0000000000000000000, -0.8232127859152876800, -0.5677329558036867700 ) ) ;
#4070 = DIMENSIONAL_EXPONENTS ( 1.000000000000000000, 0.0000000000000000000, 0.0000000000000000000, 0.0000000000000000000, 0.0000000000000000000, 0.0000000000000000000, 0.0000000000000000000 ) ;
#4071 = ORIENTED_EDGE ( 'NONE', *, *, #1811, .T. ) ;
#4072 = DIRECTION ( 'NONE',  ( 1.000000000000000000, 0.0000000000000000000, -0.0000000000000000000 ) ) ;
#4073 = ADVANCED_FACE ( 'NONE', ( #993 ), #655, .F. ) ;
#4074 = EDGE_LOOP ( 'NONE', ( #2474, #6514, #8347 ) ) ;
#4075 = SURFACE_STYLE_USAGE ( .BOTH. , #8029 ) ;
#4076 = PRESENTATION_STYLE_ASSIGNMENT (( #7672 ) ) ;
#4077 = PRESENTATION_LAYER_ASSIGNMENT (  '', '', ( #3613 ) ) ;
#4078 = DIRECTION ( 'NONE',  ( 0.0000000000000000000, 0.0000000000000000000, -1.000000000000000000 ) ) ;
#4079 = CARTESIAN_POINT ( 'NONE',  ( 0.3100745119333638800, -0.1233241765313579100, -0.02516750087312057800 ) ) ;
#4080 = VERTEX_POINT ( 'NONE', #620 ) ;
#4081 = DIRECTION ( 'NONE',  ( 0.0000000000000000000, 1.000000000000000000, 0.0000000000000000000 ) ) ;
#4082 = FILL_AREA_STYLE_COLOUR ( '', #7189 ) ;
#4083 = DIRECTION ( 'NONE',  ( -2.276539994720218900E-016, -1.000000000000000000, 0.0000000000000000000 ) ) ;
#4084 = EDGE_CURVE ( 'NONE', #3457, #5071, #1924, .T. ) ;
#4085 = DIRECTION ( 'NONE',  ( 0.0000000000000000000, 0.0000000000000000000, 1.000000000000000000 ) ) ;
#4086 = DIRECTION ( 'NONE',  ( 0.7071067811865520100, -0.7071067811865430200, 0.0000000000000000000 ) ) ;
#4087 = VERTEX_POINT ( 'NONE', #2029 ) ;
#4088 = CARTESIAN_POINT ( 'NONE',  ( -0.5002464362293517200, 0.01595737074312052500, -0.008541741489868335400 ) ) ;
#4089 = VERTEX_POINT ( 'NONE', #8008 ) ;
#4090 = CARTESIAN_POINT ( 'NONE',  ( -0.1207464362293516600, -0.03604262925687949600, 0.3359582585101316100 ) ) ;
#4091 = EDGE_LOOP ( 'NONE', ( #5963 ) ) ;
#4092 = VERTEX_POINT ( 'NONE', #7449 ) ;
#4093 = MANIFOLD_SOLID_BREP ( '2485-1-1-solid1', #3682 ) ;
#4094 = FILL_AREA_STYLE_COLOUR ( '', #780 ) ;
#4095 = CARTESIAN_POINT ( 'NONE',  ( 0.6441885426806559500, -0.01971758506418321400, -0.2127647450464767400 ) ) ;
#4096 = MECHANICAL_DESIGN_GEOMETRIC_PRESENTATION_REPRESENTATION (  '', ( #2740 ), #4557 ) ;
#4097 = LINE ( 'NONE', #4749, #530 ) ;
#4098 = DIRECTION ( 'NONE',  ( 0.0000000000000000000, 9.571164508604904000E-017, 1.000000000000000000 ) ) ;
#4099 = LENGTH_MEASURE_WITH_UNIT ( LENGTH_MEASURE( 0.02539999999999999900 ), #340 );
#4100 =( LENGTH_UNIT ( ) NAMED_UNIT ( * ) SI_UNIT ( $, .METRE. ) );
#4101 = DIRECTION ( 'NONE',  ( -0.0000000000000000000, -1.000000000000000000, -0.0000000000000000000 ) ) ;
#4102 = MECHANICAL_DESIGN_GEOMETRIC_PRESENTATION_REPRESENTATION (  '', ( #3187 ), #4559 ) ;
#4103 = EDGE_LOOP ( 'NONE', ( #7845 ) ) ;
#4104 = FILL_AREA_STYLE_COLOUR ( '', #8405 ) ;
#4105 = ORIENTED_EDGE ( 'NONE', *, *, #4371, .F. ) ;
#4106 = CIRCLE ( 'NONE', #4619, 0.3400000000000000800 ) ;
#4107 =( NAMED_UNIT ( * ) SI_UNIT ( $, .STERADIAN. ) SOLID_ANGLE_UNIT ( ) );
#4108 = FILL_AREA_STYLE_COLOUR ( '', #3226 ) ;
#4109 =( CONVERSION_BASED_UNIT ( 'INCH', #745 ) LENGTH_UNIT ( ) NAMED_UNIT ( #4518 ) );
#4110 = DIMENSIONAL_EXPONENTS ( 1.000000000000000000, 0.0000000000000000000, 0.0000000000000000000, 0.0000000000000000000, 0.0000000000000000000, 0.0000000000000000000, 0.0000000000000000000 ) ;
#4111 = LINE ( 'NONE', #8411, #2322 ) ;
#4112 = CARTESIAN_POINT ( 'NONE',  ( 0.7557535637706485100, -0.2830426292568795100, -0.3180417414898682500 ) ) ;
#4113 = FILL_AREA_STYLE_COLOUR ( '', #482 ) ;
#4114 =( CONVERSION_BASED_UNIT ( 'INCH', #1730 ) LENGTH_UNIT ( ) NAMED_UNIT ( #7965 ) );
#4115 = LINE ( 'NONE', #3299, #4664 ) ;
#4116 =( GEOMETRIC_REPRESENTATION_CONTEXT ( 3 ) GLOBAL_UNCERTAINTY_ASSIGNED_CONTEXT ( ( #3836 ) ) GLOBAL_UNIT_ASSIGNED_CONTEXT ( ( #1819, #6478, #2484 ) ) REPRESENTATION_CONTEXT ( 'NONE', 'WORKASPACE' ) );
#4117 = STYLED_ITEM ( 'NONE', ( #1478 ), #1395 ) ;
#4118 = LINE ( 'NONE', #3684, #7611 ) ;
#4119 = EDGE_CURVE ( 'NONE', #5629, #5629, #1085, .T. ) ;
#4120 = UNCERTAINTY_MEASURE_WITH_UNIT (LENGTH_MEASURE( 1.000000000000000100E-005 ), #6851, 'distance_accuracy_value', 'NONE');
#4121 = ORIENTED_EDGE ( 'NONE', *, *, #4943, .T. ) ;
#4122 = DIRECTION ( 'NONE',  ( 0.0000000000000000000, -9.571164508604904000E-017, -1.000000000000000000 ) ) ;
#4123 = PRESENTATION_STYLE_ASSIGNMENT (( #7530 ) ) ;
#4124 =( LENGTH_UNIT ( ) NAMED_UNIT ( * ) SI_UNIT ( $, .METRE. ) );
#4125 = LINE ( 'NONE', #3015, #552 ) ;
#4126 = CIRCLE ( 'NONE', #4401, 0.1210000000000000200 ) ;
#4127 = COLOUR_RGB ( '',0.2941176470588235400, 0.2941176470588235400, 0.2941176470588235400 ) ;
#4128 = FACE_OUTER_BOUND ( 'NONE', #99, .T. ) ;
#4129 = SURFACE_STYLE_FILL_AREA ( #3896 ) ;
#4130 = UNCERTAINTY_MEASURE_WITH_UNIT (LENGTH_MEASURE( 1.000000000000000100E-005 ), #5527, 'distance_accuracy_value', 'NONE');
#4131 = CARTESIAN_POINT ( 'NONE',  ( 0.004753563770648469200, -0.2830426292568795100, -0.003541741489868321000 ) ) ;
#4132 = CARTESIAN_POINT ( 'NONE',  ( 0.3252307619333402200, -0.1037786081772929500, 0.07600816710135111000 ) ) ;
#4133 = VERTEX_POINT ( 'NONE', #7355 ) ;
#4134 = EDGE_CURVE ( 'NONE', #5034, #8194, #7016, .T. ) ;
#4135 = DIRECTION ( 'NONE',  ( -2.008711760047251800E-016, -1.000000000000000000, 0.0000000000000000000 ) ) ;
#4136 = CARTESIAN_POINT ( 'NONE',  ( 0.2442409858751985700, 0.1139278084485056400, 0.03193537325393804700 ) ) ;
#4137 = PRESENTATION_LAYER_ASSIGNMENT (  '', '', ( #3220 ) ) ;
#4138 = CARTESIAN_POINT ( 'NONE',  ( -0.06524643622935159800, -0.2830426292568795100, -0.008541741489868224400 ) ) ;
#4139 = LENGTH_MEASURE_WITH_UNIT ( LENGTH_MEASURE( 0.02539999999999999900 ), #3527 );
#4140 = CYLINDRICAL_SURFACE ( 'NONE', #3196, 0.02500000000000000500 ) ;
#4141 = CARTESIAN_POINT ( 'NONE',  ( 0.7357535637706483800, 0.01595737074312052500, -0.008541741489868335400 ) ) ;
#4142 = MECHANICAL_DESIGN_GEOMETRIC_PRESENTATION_REPRESENTATION (  '', ( #3222 ), #4587 ) ;
#4143 = PRESENTATION_STYLE_ASSIGNMENT (( #754 ) ) ;
#4144 = EDGE_CURVE ( 'NONE', #3230, #6236, #6186, .T. ) ;
#4145 = DIRECTION ( 'NONE',  ( 0.0000000000000000000, 0.0000000000000000000, -1.000000000000000000 ) ) ;
#4146 = DIRECTION ( 'NONE',  ( 0.0000000000000000000, 0.0000000000000000000, -1.000000000000000000 ) ) ;
#4147 = DIRECTION ( 'NONE',  ( 0.0000000000000000000, 0.0000000000000000000, 1.000000000000000000 ) ) ;
#4148 = FACE_OUTER_BOUND ( 'NONE', #1293, .T. ) ;
#4149 = SURFACE_STYLE_USAGE ( .BOTH. , #8094 ) ;
#4150 = PLANE ( 'NONE',  #5325 ) ;
#4151 =( GEOMETRIC_REPRESENTATION_CONTEXT ( 3 ) GLOBAL_UNCERTAINTY_ASSIGNED_CONTEXT ( ( #2462 ) ) GLOBAL_UNIT_ASSIGNED_CONTEXT ( ( #6169, #2188, #6832 ) ) REPRESENTATION_CONTEXT ( 'NONE', 'WORKASPACE' ) );
#4152 = UNCERTAINTY_MEASURE_WITH_UNIT (LENGTH_MEASURE( 1.000000000000000100E-005 ), #1460, 'distance_accuracy_value', 'NONE');
#4153 = CARTESIAN_POINT ( 'NONE',  ( 0.7357535637706483800, 0.01595737074312052500, -0.1585417414898683000 ) ) ;
#4154 = FILL_AREA_STYLE_COLOUR ( '', #5168 ) ;
#4155 = SURFACE_STYLE_FILL_AREA ( #1640 ) ;
#4156 = ORIENTED_EDGE ( 'NONE', *, *, #6168, .T. ) ;
#4157 = STYLED_ITEM ( 'NONE', ( #3587 ), #6388 ) ;
#4158 =( NAMED_UNIT ( * ) SI_UNIT ( $, .STERADIAN. ) SOLID_ANGLE_UNIT ( ) );
#4159 = FILL_AREA_STYLE_COLOUR ( '', #8406 ) ;
#4160 = CARTESIAN_POINT ( 'NONE',  ( 0.2575122882264018200, 0.1190084128332163500, 0.03403445754369337200 ) ) ;
#4161 = CARTESIAN_POINT ( 'NONE',  ( 0.5959385426806604900, 0.04206562265884537100, 0.1958118176492517900 ) ) ;
#4162 = SURFACE_SIDE_STYLE ('',( #6153 ) ) ;
#4163 = ORIENTED_EDGE ( 'NONE', *, *, #7954, .T. ) ;
#4164 = SURFACE_SIDE_STYLE ('',( #5492 ) ) ;
#4165 = DIRECTION ( 'NONE',  ( 1.000000000000000000, 0.0000000000000000000, 0.0000000000000000000 ) ) ;
#4166 = VERTEX_POINT ( 'NONE', #5402 ) ;
#4167 = CARTESIAN_POINT ( 'NONE',  ( -0.1207464362293516100, 0.2539573707431204100, 0.2164582585101315900 ) ) ;
#4168 = MECHANICAL_DESIGN_GEOMETRIC_PRESENTATION_REPRESENTATION (  '', ( #3259 ), #4617 ) ;
#4169 = DIRECTION ( 'NONE',  ( 0.0000000000000000000, 1.000000000000000000, 0.0000000000000000000 ) ) ;
#4170 = STYLED_ITEM ( 'NONE', ( #2112 ), #7798 ) ;
#4171 =( NAMED_UNIT ( * ) SI_UNIT ( $, .STERADIAN. ) SOLID_ANGLE_UNIT ( ) );
#4172 = VECTOR ( 'NONE', #97, 39.37007874015748100 ) ;
#4173 = VECTOR ( 'NONE', #5826, 39.37007874015748100 ) ;
#4174 = LENGTH_MEASURE_WITH_UNIT ( LENGTH_MEASURE( 0.02539999999999999900 ), #7252 );
#4175 = CARTESIAN_POINT ( 'NONE',  ( 0.7307535637706486000, -0.3230426292568794900, -0.3530417414898683300 ) ) ;
#4176 = SURFACE_STYLE_USAGE ( .BOTH. , #8127 ) ;
#4177 = CARTESIAN_POINT ( 'NONE',  ( 0.7357535637706483800, -0.06003605002473278600, 0.01645825851013166900 ) ) ;
#4178 = ORIENTED_EDGE ( 'NONE', *, *, #4119, .T. ) ;
#4179 = CARTESIAN_POINT ( 'NONE',  ( -0.5972464362293515800, -0.02121393203146711800, -0.03354174148986834000 ) ) ;
#4180 = ORIENTED_EDGE ( 'NONE', *, *, #6432, .T. ) ;
#4181 = COLOUR_RGB ( '',0.9882352941176471000, 1.000000000000000000, 0.9882352941176471000 ) ;
#4182 = STYLED_ITEM ( 'NONE', ( #403 ), #2249 ) ;
#4183 = CARTESIAN_POINT ( 'NONE',  ( -0.5372464362293516400, 0.01595737074312052500, -0.05754174148986834100 ) ) ;
#4184 = EDGE_CURVE ( 'NONE', #6951, #5481, #154, .T. ) ;
#4185 = UNCERTAINTY_MEASURE_WITH_UNIT (LENGTH_MEASURE( 1.000000000000000100E-005 ), #5057, 'distance_accuracy_value', 'NONE');
#4186 =( NAMED_UNIT ( * ) SI_UNIT ( $, .STERADIAN. ) SOLID_ANGLE_UNIT ( ) );
#4187 = ORIENTED_EDGE ( 'NONE', *, *, #300, .T. ) ;
#4188 = CARTESIAN_POINT ( 'NONE',  ( -0.06524643622935159800, -0.2800426292568794500, -0.008541741489868224400 ) ) ;
#4189 = CARTESIAN_POINT ( 'NONE',  ( 0.6301057619333754200, 0.2070692876071522600, -0.08789313966534123600 ) ) ;
#4190 = LINE ( 'NONE', #5037, #5934 ) ;
#4191 = VECTOR ( 'NONE', #3731, 39.37007874015748100 ) ;
#4192 =( NAMED_UNIT ( * ) SI_UNIT ( $, .STERADIAN. ) SOLID_ANGLE_UNIT ( ) );
#4193 = CARTESIAN_POINT ( 'NONE',  ( -0.9984602808033384800, -0.2800426292568794500, -0.08604174148986816500 ) ) ;
#4194 = CIRCLE ( 'NONE', #2913, 0.02500000000000000500 ) ;
#4195 = LENGTH_MEASURE_WITH_UNIT ( LENGTH_MEASURE( 0.02539999999999999900 ), #2826 );
#4196 = SURFACE_STYLE_USAGE ( .BOTH. , #8148 ) ;
#4197 =( GEOMETRIC_REPRESENTATION_CONTEXT ( 3 ) GLOBAL_UNCERTAINTY_ASSIGNED_CONTEXT ( ( #277 ) ) GLOBAL_UNIT_ASSIGNED_CONTEXT ( ( #3736, #8377, #4434 ) ) REPRESENTATION_CONTEXT ( 'NONE', 'WORKASPACE' ) );
#4198 = CARTESIAN_POINT ( 'NONE',  ( -0.5972464362293515800, 0.05312867351770816900, -0.03354174148986834000 ) ) ;
#4199 = DIRECTION ( 'NONE',  ( 1.000000000000000000, 1.246126186011258900E-016, 0.0000000000000000000 ) ) ;
#4200 =( NAMED_UNIT ( * ) PLANE_ANGLE_UNIT ( ) SI_UNIT ( $, .RADIAN. ) );
#4201 =( NAMED_UNIT ( * ) PLANE_ANGLE_UNIT ( ) SI_UNIT ( $, .RADIAN. ) );
#4202 = PLANE ( 'NONE',  #8428 ) ;
#4203 = ORIENTED_EDGE ( 'NONE', *, *, #6177, .T. ) ;
#4204 = SURFACE_SIDE_STYLE ('',( #370 ) ) ;
#4205 = VERTEX_POINT ( 'NONE', #4780 ) ;
#4206 = CARTESIAN_POINT ( 'NONE',  ( 0.6134599286000408400, 0.03977502794964157800, 0.1778847257537407000 ) ) ;
#4207 = LENGTH_MEASURE_WITH_UNIT ( LENGTH_MEASURE( 0.02539999999999999900 ), #7460 );
#4208 = LINE ( 'NONE', #1999, #2206 ) ;
#4209 = ORIENTED_EDGE ( 'NONE', *, *, #8339, .F. ) ;
#4210 = CARTESIAN_POINT ( 'NONE',  ( 0.2545015952667115100, 0.1190084128332163400, 0.03403445754369336500 ) ) ;
#4211 =( NAMED_UNIT ( * ) PLANE_ANGLE_UNIT ( ) SI_UNIT ( $, .RADIAN. ) );
#4212 = ORIENTED_EDGE ( 'NONE', *, *, #2032, .T. ) ;
#4213 = CARTESIAN_POINT ( 'NONE',  ( 0.7507535637706483900, 0.01595737074312052500, -0.008541741489868335400 ) ) ;
#4214 = CARTESIAN_POINT ( 'NONE',  ( 0.5295849286000634500, 0.1947839706490480400, -0.1080001466312633700 ) ) ;
#4215 = STYLED_ITEM ( 'NONE', ( #4143 ), #727 ) ;
#4216 = CARTESIAN_POINT ( 'NONE',  ( -0.5041755700876193700, -0.08112506845161748800, -0.008541741489868335400 ) ) ;
#4217 =( NAMED_UNIT ( * ) SI_UNIT ( $, .STERADIAN. ) SOLID_ANGLE_UNIT ( ) );
#4218 = ORIENTED_EDGE ( 'NONE', *, *, #6463, .T. ) ;
#4219 = DIRECTION ( 'NONE',  ( -1.000000000000000000, 0.0000000000000000000, 0.0000000000000000000 ) ) ;
#4220 = PRESENTATION_LAYER_ASSIGNMENT (  '', '', ( #3310 ) ) ;
#4221 = FILL_AREA_STYLE ('',( #179 ) ) ;
#4222 = VERTEX_POINT ( 'NONE', #775 ) ;
#4223 = LINE ( 'NONE', #5198, #1496 ) ;
#4224 = FILL_AREA_STYLE_COLOUR ( '', #6245 ) ;
#4225 = CARTESIAN_POINT ( 'NONE',  ( 0.2742535637706484100, -0.02053261085912316800, 0.02195825851013172300 ) ) ;
#4226 = CIRCLE ( 'NONE', #3874, 0.06199999999999997900 ) ;
#4227 =( NAMED_UNIT ( * ) SI_UNIT ( $, .STERADIAN. ) SOLID_ANGLE_UNIT ( ) );
#4228 = B_SPLINE_CURVE_WITH_KNOTS ( 'NONE', 3,
 ( #1252, #568, #2590, #7220, #3258, #7896, #3931, #8581 ),
 .UNSPECIFIED., .F., .F.,
 ( 4, 2, 2, 4 ),
 ( 0.01110629178428361500, 0.01136609360811311300, 0.01162589543194260900, 0.01214549907960160900 ),
 .UNSPECIFIED. ) ;
#4229 = CARTESIAN_POINT ( 'NONE',  ( -0.7138520978792032300, 0.2539573707431204100, 0.2064582585101316400 ) ) ;
#4230 = SURFACE_STYLE_USAGE ( .BOTH. , #8181 ) ;
#4231 = PLANE ( 'NONE',  #1628 ) ;
#4232 =( NAMED_UNIT ( * ) PLANE_ANGLE_UNIT ( ) SI_UNIT ( $, .RADIAN. ) );
#4233 = DIRECTION ( 'NONE',  ( 1.000000000000000000, 0.0000000000000000000, 0.0000000000000000000 ) ) ;
#4234 = PRESENTATION_LAYER_ASSIGNMENT (  '', '', ( #4676 ) ) ;
#4235 = FACE_OUTER_BOUND ( 'NONE', #2386, .T. ) ;
#4236 = EDGE_CURVE ( 'NONE', #1199, #2697, #7949, .T. ) ;
#4237 = CARTESIAN_POINT ( 'NONE',  ( -0.5962210084938113200, -0.02121393203146711800, -0.03354174148986834000 ) ) ;
#4238 = PRESENTATION_STYLE_ASSIGNMENT (( #2265 ) ) ;
#4239 = COLOUR_RGB ( '',0.2941176470588235400, 0.2941176470588235400, 0.2941176470588235400 ) ;
#4240 = VECTOR ( 'NONE', #170, 39.37007874015748100 ) ;
#4241 = CARTESIAN_POINT ( 'NONE',  ( 0.5330432619333596000, 0.2022476172367438400, -0.01989465864851013000 ) ) ;
#4242 = ADVANCED_FACE ( 'NONE', ( #879 ), #6912, .F. ) ;
#4243 =( GEOMETRIC_REPRESENTATION_CONTEXT ( 3 ) GLOBAL_UNCERTAINTY_ASSIGNED_CONTEXT ( ( #5444 ) ) GLOBAL_UNIT_ASSIGNED_CONTEXT ( ( #311, #4984, #999 ) ) REPRESENTATION_CONTEXT ( 'NONE', 'WORKASPACE' ) );
#4244 = UNCERTAINTY_MEASURE_WITH_UNIT (LENGTH_MEASURE( 1.000000000000000100E-005 ), #1184, 'distance_accuracy_value', 'NONE');
#4245 = CARTESIAN_POINT ( 'NONE',  ( -0.4933684417034159300, 0.01595737074312052500, -0.02870348460982968800 ) ) ;
#4246 = DIRECTION ( 'NONE',  ( -1.000000000000000000, 0.0000000000000000000, 0.0000000000000000000 ) ) ;
#4247 = PRESENTATION_STYLE_ASSIGNMENT (( #8073 ) ) ;
#4248 = CARTESIAN_POINT ( 'NONE',  ( 0.6502099286000364600, -0.01971758506418321400, -0.2127647450464767400 ) ) ;
#4249 = STYLED_ITEM ( 'NONE', ( #5335 ), #8600 ) ;
#4250 = EDGE_CURVE ( 'NONE', #5956, #2599, #5358, .T. ) ;
#4251 = DIRECTION ( 'NONE',  ( 1.000000000000000000, -0.0000000000000000000, -0.0000000000000000000 ) ) ;
#4252 = VERTEX_POINT ( 'NONE', #6792 ) ;
#4253 = MECHANICAL_DESIGN_GEOMETRIC_PRESENTATION_REPRESENTATION (  '', ( #3340 ), #4696 ) ;
#4254 = ORIENTED_EDGE ( 'NONE', *, *, #6902, .T. ) ;
#4255 = FILL_AREA_STYLE ('',( #876 ) ) ;
#4256 = AXIS2_PLACEMENT_3D ( 'NONE', #2799, #7435, #3479 ) ;
#4257 = SURFACE_SIDE_STYLE ('',( #7657 ) ) ;
#4258 = VECTOR ( 'NONE', #5225, 39.37007874015748100 ) ;
#4259 = EDGE_CURVE ( 'NONE', #3878, #3878, #55, .T. ) ;
#4260 = CARTESIAN_POINT ( 'NONE',  ( 0.2742535637706484100, -0.03604262925687949600, 0.3414582585101316200 ) ) ;
#4261 =( NAMED_UNIT ( * ) PLANE_ANGLE_UNIT ( ) SI_UNIT ( $, .RADIAN. ) );
#4262 = ORIENTED_EDGE ( 'NONE', *, *, #4994, .T. ) ;
#4263 = SURFACE_STYLE_USAGE ( .BOTH. , #8208 ) ;
#4264 = DIRECTION ( 'NONE',  ( -1.000000000000000000, -0.0000000000000000000, -0.0000000000000000000 ) ) ;
#4265 =( NAMED_UNIT ( * ) SI_UNIT ( $, .STERADIAN. ) SOLID_ANGLE_UNIT ( ) );
#4266 = DIRECTION ( 'NONE',  ( 0.0000000000000000000, -1.000000000000000000, 0.0000000000000000000 ) ) ;
#4267 = DIRECTION ( 'NONE',  ( 0.0000000000000000000, 0.0000000000000000000, -1.000000000000000000 ) ) ;
#4268 = DIRECTION ( 'NONE',  ( -1.000000000000000000, 0.0000000000000000000, 0.0000000000000000000 ) ) ;
#4269 = ORIENTED_EDGE ( 'NONE', *, *, #538, .F. ) ;
#4270 = VECTOR ( 'NONE', #6812, 39.37007874015748100 ) ;
#4271 = CARTESIAN_POINT ( 'NONE',  ( 0.4274286786000524000, 0.07200811998491699100, -0.1603824549732255400 ) ) ;
#4272 = EDGE_LOOP ( 'NONE', ( #731 ) ) ;
#4273 = DIRECTION ( 'NONE',  ( 1.000000000000000000, 0.0000000000000000000, 0.0000000000000000000 ) ) ;
#4274 = AXIS2_PLACEMENT_3D ( 'NONE', #2285, #1679, #6270 ) ;
#4275 = VERTEX_POINT ( 'NONE', #4175 ) ;
#4276 = MECHANICAL_DESIGN_GEOMETRIC_PRESENTATION_REPRESENTATION (  '', ( #3359 ), #4722 ) ;
#4277 = CARTESIAN_POINT ( 'NONE',  ( 0.4733245119333752100, -0.1384872822597288900, 0.1137782736758067400 ) ) ;
#4278 = PRESENTATION_STYLE_ASSIGNMENT (( #2161 ) ) ;
#4279 = ORIENTED_EDGE ( 'NONE', *, *, #2042, .T. ) ;
#4280 = CARTESIAN_POINT ( 'NONE',  ( -0.02524643622935148300, -0.2800426292568794500, 0.06895825851013162600 ) ) ;
#4281 = CARTESIAN_POINT ( 'NONE',  ( 0.7307535637706486000, -0.3230426292568794900, 0.3109582585101316500 ) ) ;
#4282 = ORIENTED_EDGE ( 'NONE', *, *, #7445, .T. ) ;
#4283 = FACE_OUTER_BOUND ( 'NONE', #2879, .T. ) ;
#4284 = VECTOR ( 'NONE', #5618, 39.37007874015748100 ) ;
#4285 = ADVANCED_FACE ( 'NONE', ( #1609, #3590, #5161, #3379, #8474 ), #2173, .F. ) ;
#4286 = FACE_OUTER_BOUND ( 'NONE', #3951, .T. ) ;
#4287 = DIMENSIONAL_EXPONENTS ( 1.000000000000000000, 0.0000000000000000000, 0.0000000000000000000, 0.0000000000000000000, 0.0000000000000000000, 0.0000000000000000000, 0.0000000000000000000 ) ;
#4288 = MECHANICAL_DESIGN_GEOMETRIC_PRESENTATION_REPRESENTATION (  '', ( #3368 ), #4732 ) ;
#4289 = FILL_AREA_STYLE ('',( #7500 ) ) ;
#4290 = ORIENTED_EDGE ( 'NONE', *, *, #4809, .F. ) ;
#4291 = STYLED_ITEM ( 'NONE', ( #3095 ), #1226 ) ;
#4292 = EDGE_CURVE ( 'NONE', #6883, #3632, #7623, .T. ) ;
#4293 = EDGE_LOOP ( 'NONE', ( #3011, #3869, #3941 ) ) ;
#4294 = FILL_AREA_STYLE ('',( #4888 ) ) ;
#4295 =( NAMED_UNIT ( * ) PLANE_ANGLE_UNIT ( ) SI_UNIT ( $, .RADIAN. ) );
#4296 = SURFACE_SIDE_STYLE ('',( #7796 ) ) ;
#4297 = CYLINDRICAL_SURFACE ( 'NONE', #4713, 0.3750000000000000600 ) ;
#4298 = CARTESIAN_POINT ( 'NONE',  ( -0.5866321300447819900, -0.009042629256879460400, -0.07927364861332568400 ) ) ;
#4299 = ORIENTED_EDGE ( 'NONE', *, *, #8267, .T. ) ;
#4300 = CARTESIAN_POINT ( 'NONE',  ( 0.3215745119333638900, -0.1053918477828095900, -0.02309645784584383700 ) ) ;
#4301 = LENGTH_MEASURE_WITH_UNIT ( LENGTH_MEASURE( 0.02539999999999999900 ), #6869 );
#4302 = APPLICATION_CONTEXT ( 'automotive_design' ) ;
#4303 = PRESENTATION_STYLE_ASSIGNMENT (( #271 ) ) ;
#4304 = EDGE_CURVE ( 'NONE', #7370, #4555, #772, .T. ) ;
#4305 = FACE_OUTER_BOUND ( 'NONE', #5470, .T. ) ;
#4306 = DIRECTION ( 'NONE',  ( 0.0000000000000000000, 0.0000000000000000000, -1.000000000000000000 ) ) ;
#4307 = AXIS2_PLACEMENT_3D ( 'NONE', #6861, #4251, #8228 ) ;
#4308 = FACE_OUTER_BOUND ( 'NONE', #4714, .T. ) ;
#4309 = PRESENTATION_LAYER_ASSIGNMENT (  '', '', ( #3390 ) ) ;
#4310 = ORIENTED_EDGE ( 'NONE', *, *, #4703, .T. ) ;
#4311 = PRESENTATION_STYLE_ASSIGNMENT (( #6257 ) ) ;
#4312 = COLOUR_RGB ( '',0.9882352941176471000, 1.000000000000000000, 0.9882352941176471000 ) ;
#4313 = PRESENTATION_STYLE_ASSIGNMENT (( #5193 ) ) ;
#4314 = DIRECTION ( 'NONE',  ( 0.0000000000000000000, 0.0000000000000000000, 1.000000000000000000 ) ) ;
#4315 = ORIENTED_EDGE ( 'NONE', *, *, #3101, .F. ) ;
#4316 = EDGE_CURVE ( 'NONE', #2099, #2099, #5871, .T. ) ;
#4317 = DIRECTION ( 'NONE',  ( 1.000000000000000000, 0.0000000000000000000, 0.0000000000000000000 ) ) ;
#4318 = ORIENTED_EDGE ( 'NONE', *, *, #577, .F. ) ;
#4319 = DIRECTION ( 'NONE',  ( 1.000000000000000000, -0.0000000000000000000, 0.0000000000000000000 ) ) ;
#4320 = VERTEX_POINT ( 'NONE', #1480 ) ;
#4321 = UNCERTAINTY_MEASURE_WITH_UNIT (LENGTH_MEASURE( 1.000000000000000100E-005 ), #5807, 'distance_accuracy_value', 'NONE');
#4322 = ORIENTED_EDGE ( 'NONE', *, *, #7371, .F. ) ;
#4323 =( GEOMETRIC_REPRESENTATION_CONTEXT ( 3 ) GLOBAL_UNCERTAINTY_ASSIGNED_CONTEXT ( ( #25 ) ) GLOBAL_UNIT_ASSIGNED_CONTEXT ( ( #6065, #2066, #6713 ) ) REPRESENTATION_CONTEXT ( 'NONE', 'WORKASPACE' ) );
#4324 = CARTESIAN_POINT ( 'NONE',  ( 0.7557535637706485100, -0.02053261085912316800, 0.3009582585101315800 ) ) ;
#4325 = EDGE_LOOP ( 'NONE', ( #1191 ) ) ;
#4326 = FILL_AREA_STYLE_COLOUR ( '', #6498 ) ;
#4327 = ADVANCED_FACE ( 'NONE', ( #4128, #7417 ), #4231, .T. ) ;
#4328 = DIRECTION ( 'NONE',  ( -0.0000000000000000000, -0.0000000000000000000, 1.000000000000000000 ) ) ;
#4329 = CARTESIAN_POINT ( 'NONE',  ( 0.7557535637706485100, -0.02053261085912316800, 0.3359582585101316100 ) ) ;
#4330 = CARTESIAN_POINT ( 'NONE',  ( 0.7307535637706486000, -0.3230426292568794900, 0.3109582585101316500 ) ) ;
#4331 = FACE_OUTER_BOUND ( 'NONE', #3958, .T. ) ;
#4332 = CARTESIAN_POINT ( 'NONE',  ( -0.5772464362293517900, -0.3230426292568794900, -0.3280417414898683100 ) ) ;
#4333 = CARTESIAN_POINT ( 'NONE',  ( 0.6978974286000443300, -0.05757186968925971600, 0.1805763434005108500 ) ) ;
#4334 = ADVANCED_FACE ( 'NONE', ( #3279, #4845 ), #5762, .F. ) ;
#4335 =( NAMED_UNIT ( * ) PLANE_ANGLE_UNIT ( ) SI_UNIT ( $, .RADIAN. ) );
#4336 = VERTEX_POINT ( 'NONE', #1617 ) ;
#4337 = STYLED_ITEM ( 'NONE', ( #2483 ), #1024 ) ;
#4338 =( LENGTH_UNIT ( ) NAMED_UNIT ( * ) SI_UNIT ( $, .METRE. ) );
#4339 = FACE_OUTER_BOUND ( 'NONE', #8329, .T. ) ;
#4340 = AXIS2_PLACEMENT_3D ( 'NONE', #6240, #2255, #952 ) ;
#4341 = ORIENTED_EDGE ( 'NONE', *, *, #5338, .T. ) ;
#4342 = CIRCLE ( 'NONE', #6360, 0.3400000000000000800 ) ;
#4343 =( LENGTH_UNIT ( ) NAMED_UNIT ( * ) SI_UNIT ( $, .METRE. ) );
#4344 = VECTOR ( 'NONE', #6061, 39.37007874015748100 ) ;
#4345 = VERTEX_POINT ( 'NONE', #2286 ) ;
#4346 =( NAMED_UNIT ( * ) SI_UNIT ( $, .STERADIAN. ) SOLID_ANGLE_UNIT ( ) );
#4347 = CARTESIAN_POINT ( 'NONE',  ( -0.03524643622935151600, -0.2800426292568794500, -0.008541741489868224400 ) ) ;
#4348 = ORIENTED_EDGE ( 'NONE', *, *, #6618, .F. ) ;
#4349 = VECTOR ( 'NONE', #4670, 39.37007874015748100 ) ;
#4350 = VECTOR ( 'NONE', #3380, 39.37007874015748100 ) ;
#4351 = DIRECTION ( 'NONE',  ( -1.000000000000000000, 0.0000000000000000000, 0.0000000000000000000 ) ) ;
#4352 = PLANE ( 'NONE',  #5379 ) ;
#4353 = DIRECTION ( 'NONE',  ( -0.0000000000000000000, 0.0000000000000000000, 1.000000000000000000 ) ) ;
#4354 = CARTESIAN_POINT ( 'NONE',  ( 0.2430015952667115300, 0.1139449429657964600, 0.03194245248966211300 ) ) ;
#4355 =( GEOMETRIC_REPRESENTATION_CONTEXT ( 3 ) GLOBAL_UNCERTAINTY_ASSIGNED_CONTEXT ( ( #3728 ) ) GLOBAL_UNIT_ASSIGNED_CONTEXT ( ( #7466, #3511, #8143 ) ) REPRESENTATION_CONTEXT ( 'NONE', 'WORKASPACE' ) );
#4356 = ORIENTED_EDGE ( 'NONE', *, *, #4745, .F. ) ;
#4357 = EDGE_CURVE ( 'NONE', #7370, #6221, #4226, .T. ) ;
#4358 = DIRECTION ( 'NONE',  ( 1.000000000000000000, 0.0000000000000000000, 0.0000000000000000000 ) ) ;
#4359 = CARTESIAN_POINT ( 'NONE',  ( 0.6174807619333888600, 0.09281670812793223200, 0.1767775556550740800 ) ) ;
#4360 = LINE ( 'NONE', #1564, #2566 ) ;
#4361 = DIRECTION ( 'NONE',  ( -1.000000000000000000, -0.0000000000000000000, -0.0000000000000000000 ) ) ;
#4362 = ADVANCED_FACE ( 'NONE', ( #2433, #4013 ), #3155, .F. ) ;
#4363 = DIRECTION ( 'NONE',  ( -0.0000000000000000000, -1.000000000000000000, -0.0000000000000000000 ) ) ;
#4364 = SURFACE_STYLE_USAGE ( .BOTH. , #8308 ) ;
#4365 = AXIS2_PLACEMENT_3D ( 'NONE', #1614, #6267, #2283 ) ;
#4366 = ADVANCED_FACE ( 'NONE', ( #8461, #1397 ), #2327, .F. ) ;
#4367 = ORIENTED_EDGE ( 'NONE', *, *, #1097, .T. ) ;
#4368 = DIRECTION ( 'NONE',  ( 0.0000000000000000000, 1.000000000000000000, 0.0000000000000000000 ) ) ;
#4369 = DIMENSIONAL_EXPONENTS ( 1.000000000000000000, 0.0000000000000000000, 0.0000000000000000000, 0.0000000000000000000, 0.0000000000000000000, 0.0000000000000000000, 0.0000000000000000000 ) ;
#4370 = UNCERTAINTY_MEASURE_WITH_UNIT (LENGTH_MEASURE( 1.000000000000000100E-005 ), #1429, 'distance_accuracy_value', 'NONE');
#4371 = EDGE_CURVE ( 'NONE', #7459, #6205, #4118, .T. ) ;
#4372 =( NAMED_UNIT ( * ) SI_UNIT ( $, .STERADIAN. ) SOLID_ANGLE_UNIT ( ) );
#4373 = CARTESIAN_POINT ( 'NONE',  ( 0.7507535637706483900, 0.05312867351770816900, 0.01645825851013166600 ) ) ;
#4374 = ORIENTED_EDGE ( 'NONE', *, *, #6131, .T. ) ;
#4375 = FACE_OUTER_BOUND ( 'NONE', #4074, .T. ) ;
#4376 =( NAMED_UNIT ( * ) PLANE_ANGLE_UNIT ( ) SI_UNIT ( $, .RADIAN. ) );
#4377 = EDGE_LOOP ( 'NONE', ( #1341, #6948, #1735, #6901, #4503, #2626, #2544 ) ) ;
#4378 = CARTESIAN_POINT ( 'NONE',  ( -0.01274643622935168500, -0.2830426292568795100, 0.01395825851013166400 ) ) ;
#4379 = CARTESIAN_POINT ( 'NONE',  ( 0.2742535637706484100, 0.2539573707431204100, -0.2235417414898683000 ) ) ;
#4380 =( LENGTH_UNIT ( ) NAMED_UNIT ( * ) SI_UNIT ( $, .METRE. ) );
#4381 = CARTESIAN_POINT ( 'NONE',  ( 0.5663349286000394200, -0.1677337528356577200, 0.02885871410598692100 ) ) ;
#4382 = CARTESIAN_POINT ( 'NONE',  ( -0.5822464362293516800, -0.06003605002473278600, -0.03354174148986834000 ) ) ;
#4383 = AXIS2_PLACEMENT_3D ( 'NONE', #4027, #26, #4702 ) ;
#4384 = LINE ( 'NONE', #7376, #4172 ) ;
#4385 = VECTOR ( 'NONE', #8438, 39.37007874015748100 ) ;
#4386 = SURFACE_STYLE_FILL_AREA ( #982 ) ;
#4387 =( GEOMETRIC_REPRESENTATION_CONTEXT ( 3 ) GLOBAL_UNCERTAINTY_ASSIGNED_CONTEXT ( ( #8326 ) ) GLOBAL_UNIT_ASSIGNED_CONTEXT ( ( #4574, #548, #5230 ) ) REPRESENTATION_CONTEXT ( 'NONE', 'WORKASPACE' ) );
#4388 = DIRECTION ( 'NONE',  ( -2.008711760047251800E-016, -1.000000000000000000, 0.0000000000000000000 ) ) ;
#4389 = DIRECTION ( 'NONE',  ( 0.0000000000000000000, 0.0000000000000000000, -1.000000000000000000 ) ) ;
#4390 = ORIENTED_EDGE ( 'NONE', *, *, #6463, .F. ) ;
#4391 = FACE_OUTER_BOUND ( 'NONE', #2366, .T. ) ;
#4392 = AXIS2_PLACEMENT_3D ( 'NONE', #3762, #8408, #4460 ) ;
#4393 = VERTEX_POINT ( 'NONE', #1037 ) ;
#4394 = LENGTH_MEASURE_WITH_UNIT ( LENGTH_MEASURE( 0.02539999999999999900 ), #8399 );
#4395 = CARTESIAN_POINT ( 'NONE',  ( -0.1207464362293516600, -0.03604262925687949600, 0.3414582585101316200 ) ) ;
#4396 = CARTESIAN_POINT ( 'NONE',  ( 0.7125229811860918100, 0.1795451236574467900, 0.05904558791765951400 ) ) ;
#4397 = CARTESIAN_POINT ( 'NONE',  ( 0.1547535637706485000, -0.2800426292568794500, -0.008541741489868224400 ) ) ;
#4398 = EDGE_LOOP ( 'NONE', ( #607 ) ) ;
#4399 = UNCERTAINTY_MEASURE_WITH_UNIT (LENGTH_MEASURE( 1.000000000000000100E-005 ), #7075, 'distance_accuracy_value', 'NONE');
#4400 =( LENGTH_UNIT ( ) NAMED_UNIT ( * ) SI_UNIT ( $, .METRE. ) );
#4401 = AXIS2_PLACEMENT_3D ( 'NONE', #3306, #7942, #3985 ) ;
#4402 = SURFACE_STYLE_USAGE ( .BOTH. , #8340 ) ;
#4403 = AXIS2_PLACEMENT_3D ( 'NONE', #6723, #1414, #5427 ) ;
#4404 = EDGE_CURVE ( 'NONE', #3413, #7779, #7405, .T. ) ;
#4405 = FILL_AREA_STYLE_COLOUR ( '', #926 ) ;
#4406 = FILL_AREA_STYLE ('',( #5116 ) ) ;
#4407 =( CONVERSION_BASED_UNIT ( 'INCH', #1071 ) LENGTH_UNIT ( ) NAMED_UNIT ( #2412 ) );
#4408 = AXIS2_PLACEMENT_3D ( 'NONE', #6172, #2190, #6834 ) ;
#4409 = CARTESIAN_POINT ( 'NONE',  ( 0.7557535637706485100, -0.02053261085912316800, 0.02195825851013172300 ) ) ;
#4410 =( CONVERSION_BASED_UNIT ( 'INCH', #141 ) LENGTH_UNIT ( ) NAMED_UNIT ( #6624 ) );
#4411 =( LENGTH_UNIT ( ) NAMED_UNIT ( * ) SI_UNIT ( $, .METRE. ) );
#4412 = TOROIDAL_SURFACE ( 'NONE', #2456, 0.04563479052312245000, 0.04922343162956301800 ) ;
#4413 = FILL_AREA_STYLE_COLOUR ( '', #670 ) ;
#4414 = CARTESIAN_POINT ( 'NONE',  ( 0.6748974286000443100, -0.05301862480065436900, 0.1688648350553924000 ) ) ;
#4415 = ADVANCED_FACE ( 'NONE', ( #543, #759 ), #3048, .T. ) ;
#4416 = PRESENTATION_STYLE_ASSIGNMENT (( #2356 ) ) ;
#4417 = PRESENTATION_STYLE_ASSIGNMENT (( #151 ) ) ;
#4418 = EDGE_CURVE ( 'NONE', #4089, #372, #4835, .T. ) ;
#4419 = CARTESIAN_POINT ( 'NONE',  ( 0.004753563770648469200, -0.2800426292568794500, -0.01354174148986833800 ) ) ;
#4420 = FACE_OUTER_BOUND ( 'NONE', #5008, .T. ) ;
#4422 = CARTESIAN_POINT ( 'NONE',  ( 0.7357535637706483800, 0.04095737074312051600, -0.08453516225772164700 ) ) ;
#4421 = STYLED_ITEM ( 'NONE', ( #2764 ), #6174 ) ;
#4423 = ORIENTED_EDGE ( 'NONE', *, *, #5023, .T. ) ;
#4424 = CARTESIAN_POINT ( 'NONE',  ( 0.3343656260140508400, -0.01879756761420254400, 0.1161451898718592300 ) ) ;
#4425 = UNCERTAINTY_MEASURE_WITH_UNIT (LENGTH_MEASURE( 1.000000000000000100E-005 ), #2773, 'distance_accuracy_value', 'NONE');
#4426 = ORIENTED_EDGE ( 'NONE', *, *, #6111, .T. ) ;
#4427 = CARTESIAN_POINT ( 'NONE',  ( 0.6361271478527529300, 0.1850698439972516500, -0.07875843365988434400 ) ) ;
#4428 = LENGTH_MEASURE_WITH_UNIT ( LENGTH_MEASURE( 0.02539999999999999900 ), #1958 );
#4429 = EDGE_CURVE ( 'NONE', #317, #317, #8342, .T. ) ;
#4430 = SURFACE_STYLE_USAGE ( .BOTH. , #8368 ) ;
#4431 = CARTESIAN_POINT ( 'NONE',  ( -0.5822464362293516800, 0.09195079151097383700, 0.01645825851013166900 ) ) ;
#4432 = CARTESIAN_POINT ( 'NONE',  ( -0.9984602808033384800, -0.2830426292568795100, 0.05395825851013166100 ) ) ;
#4433 = EDGE_LOOP ( 'NONE', ( #3584, #221, #3862, #3578 ) ) ;
#4434 =( NAMED_UNIT ( * ) SI_UNIT ( $, .STERADIAN. ) SOLID_ANGLE_UNIT ( ) );
#4435 = PLANE ( 'NONE',  #1366 ) ;
#4436 = CARTESIAN_POINT ( 'NONE',  ( -0.5901388490795380600, -0.04897288128330330000, 0.01645825851013166600 ) ) ;
#4437 = DIRECTION ( 'NONE',  ( 0.0000000000000000000, 0.0000000000000000000, 1.000000000000000000 ) ) ;
#4438 = CARTESIAN_POINT ( 'NONE',  ( 0.2742535637706484100, -0.04452574917998992200, 0.2005954166002582000 ) ) ;
#4439 = CARTESIAN_POINT ( 'NONE',  ( 0.7557535637706485100, -0.2830426292568795100, 0.3359582585101316100 ) ) ;
#4440 = CARTESIAN_POINT ( 'NONE',  ( 0.5824182619333820900, -0.05169316980767980900, 0.1667805939589871700 ) ) ;
#4441 = ORIENTED_EDGE ( 'NONE', *, *, #5012, .T. ) ;
#4442 = MECHANICAL_DESIGN_GEOMETRIC_PRESENTATION_REPRESENTATION (  '', ( #3070 ), #4871 ) ;
#4443 = CARTESIAN_POINT ( 'NONE',  ( -0.02524643622935148300, -0.2800426292568794500, -0.008541741489868224400 ) ) ;
#4444 =( NAMED_UNIT ( * ) SI_UNIT ( $, .STERADIAN. ) SOLID_ANGLE_UNIT ( ) );
#4445 = CARTESIAN_POINT ( 'NONE',  ( 0.7450724364181790000, -0.04602692535851084200, -0.03354174148986834000 ) ) ;
#4446 = TOROIDAL_SURFACE ( 'NONE', #961, 0.3500000000000000300, 0.02500000000000000100 ) ;
#4447 = VERTEX_POINT ( 'NONE', #7701 ) ;
#4448 = FACE_OUTER_BOUND ( 'NONE', #5197, .T. ) ;
#4449 = SURFACE_STYLE_FILL_AREA ( #3463 ) ;
#4450 =( CONVERSION_BASED_UNIT ( 'INCH', #4394 ) LENGTH_UNIT ( ) NAMED_UNIT ( #8594 ) );
#4451 = CARTESIAN_POINT ( 'NONE',  ( 0.5597313145194365800, -0.04275239210800733200, -0.1801861410559084400 ) ) ;
#4452 = CARTESIAN_POINT ( 'NONE',  ( 0.2430015952667115300, 0.1028147170677016800, 0.02734392826793245700 ) ) ;
#4453 = PLANE ( 'NONE',  #1658 ) ;
#4454 = DIMENSIONAL_EXPONENTS ( 1.000000000000000000, 0.0000000000000000000, 0.0000000000000000000, 0.0000000000000000000, 0.0000000000000000000, 0.0000000000000000000, 0.0000000000000000000 ) ;
#4455 = FILL_AREA_STYLE ('',( #3758 ) ) ;
#4456 = CYLINDRICAL_SURFACE ( 'NONE', #650, 0.04900000000000000200 ) ;
#4457 = DIRECTION ( 'NONE',  ( 0.0000000000000000000, 0.0000000000000000000, 1.000000000000000000 ) ) ;
#4458 = VECTOR ( 'NONE', #1193, 39.37007874015748100 ) ;
#4459 = VECTOR ( 'NONE', #4656, 39.37007874015748100 ) ;
#4460 = DIRECTION ( 'NONE',  ( -0.7071067811865520100, 0.7071067811865430200, 0.0000000000000000000 ) ) ;
#4461 = ORIENTED_EDGE ( 'NONE', *, *, #7172, .T. ) ;
#4462 = ORIENTED_EDGE ( 'NONE', *, *, #8446, .F. ) ;
#4463 = SURFACE_SIDE_STYLE ('',( #5400 ) ) ;
#4464 = DIRECTION ( 'NONE',  ( -0.0000000000000000000, -1.000000000000000000, -0.0000000000000000000 ) ) ;
#4465 = FILL_AREA_STYLE ('',( #3087 ) ) ;
#4466 = CARTESIAN_POINT ( 'NONE',  ( 0.6025224286000341300, 0.1729085240690910500, 0.1164583774218279800 ) ) ;
#4467 = CARTESIAN_POINT ( 'NONE',  ( 0.3932521478527688500, 0.1879825787773649900, -0.01847332552145113100 ) ) ;
#4468 = EDGE_CURVE ( 'NONE', #7186, #7186, #2558, .T. ) ;
#4469 = STYLED_ITEM ( 'NONE', ( #6162 ), #5634 ) ;
#4470 = ORIENTED_EDGE ( 'NONE', *, *, #5128, .T. ) ;
#4471 = CARTESIAN_POINT ( 'NONE',  ( -0.5856277124010992300, 0.2539573707431204700, 0.2147766367365507900 ) ) ;
#4472 = DIRECTION ( 'NONE',  ( 0.0000000000000000000, 0.0000000000000000000, 1.000000000000000000 ) ) ;
#4473 =( NAMED_UNIT ( * ) PLANE_ANGLE_UNIT ( ) SI_UNIT ( $, .RADIAN. ) );
#4474 = EDGE_CURVE ( 'NONE', #5705, #6134, #1490, .T. ) ;
#4475 = VERTEX_POINT ( 'NONE', #3064 ) ;
#4476 = CIRCLE ( 'NONE', #7607, 0.08000000000000000200 ) ;
#4477 = EDGE_LOOP ( 'NONE', ( #1495, #8601, #3007, #6210 ) ) ;
#4478 = DIRECTION ( 'NONE',  ( 0.0000000000000000000, 0.0000000000000000000, -1.000000000000000000 ) ) ;
#4479 = CARTESIAN_POINT ( 'NONE',  ( 0.4621271478527656500, -0.1502533761288361900, -0.03311977709128596800 ) ) ;
#4480 = CARTESIAN_POINT ( 'NONE',  ( 0.2481433829061946700, 0.1194034409347978900, -0.006865794969422312100 ) ) ;
#4481 = DIRECTION ( 'NONE',  ( -0.0000000000000000000, -1.000000000000000000, -0.0000000000000000000 ) ) ;
#4482 = PRESENTATION_LAYER_ASSIGNMENT (  '', '', ( #3565 ) ) ;
#4483 = FILL_AREA_STYLE_COLOUR ( '', #6050 ) ;
#4484 = DIRECTION ( 'NONE',  ( 0.0000000000000000000, -0.0000000000000000000, 1.000000000000000000 ) ) ;
#4485 = ORIENTED_EDGE ( 'NONE', *, *, #2872, .F. ) ;
#4486 = CARTESIAN_POINT ( 'NONE',  ( -0.9984602808033384800, -0.2830426292568795100, 0.01395825851013166400 ) ) ;
#4487 = CARTESIAN_POINT ( 'NONE',  ( 0.7557535637706485100, -0.2830426292568795100, 0.3009582585101315800 ) ) ;
#4488 =( NAMED_UNIT ( * ) SI_UNIT ( $, .STERADIAN. ) SOLID_ANGLE_UNIT ( ) );
#4489 = ORIENTED_EDGE ( 'NONE', *, *, #7150, .F. ) ;
#4490 = VECTOR ( 'NONE', #6437, 39.37007874015748100 ) ;
#4491 = DIRECTION ( 'NONE',  ( 0.0000000000000000000, 0.0000000000000000000, 1.000000000000000000 ) ) ;
#4492 = SURFACE_STYLE_FILL_AREA ( #1058 ) ;
#4493 = PLANE ( 'NONE',  #5434 ) ;
#4494 = CARTESIAN_POINT ( 'NONE',  ( 0.4216474286000525500, -0.05086534614208751400, -0.1746480923674696700 ) ) ;
#4495 = CARTESIAN_POINT ( 'NONE',  ( 0.2958875645194280500, -0.03081105428455783000, -0.1324219444148769000 ) ) ;
#4496 = ORIENTED_EDGE ( 'NONE', *, *, #3968, .F. ) ;
#4497 = DIMENSIONAL_EXPONENTS ( 1.000000000000000000, 0.0000000000000000000, 0.0000000000000000000, 0.0000000000000000000, 0.0000000000000000000, 0.0000000000000000000, 0.0000000000000000000 ) ;
#4498 = ORIENTED_EDGE ( 'NONE', *, *, #4897, .T. ) ;
#4499 =( GEOMETRIC_REPRESENTATION_CONTEXT ( 3 ) GLOBAL_UNCERTAINTY_ASSIGNED_CONTEXT ( ( #5614 ) ) GLOBAL_UNIT_ASSIGNED_CONTEXT ( ( #1848, #6511, #2518 ) ) REPRESENTATION_CONTEXT ( 'NONE', 'WORKASPACE' ) );
#4500 = DIRECTION ( 'NONE',  ( 1.000000000000000000, -1.077227126839222100E-016, 0.0000000000000000000 ) ) ;
#4501 = DIRECTION ( 'NONE',  ( 0.0000000000000000000, 0.0000000000000000000, -1.000000000000000000 ) ) ;
#4502 = MECHANICAL_DESIGN_GEOMETRIC_PRESENTATION_REPRESENTATION (  '', ( #3591 ), #4929 ) ;
#4503 = ORIENTED_EDGE ( 'NONE', *, *, #1825, .T. ) ;
#4504 = FILL_AREA_STYLE_COLOUR ( '', #6442 ) ;
#4505 = UNCERTAINTY_MEASURE_WITH_UNIT (LENGTH_MEASURE( 1.000000000000000100E-005 ), #6894, 'distance_accuracy_value', 'NONE');
#4506 = CARTESIAN_POINT ( 'NONE',  ( 0.3565125645193719100, 0.03669152866892128700, 0.1236389588502045400 ) ) ;
#4507 = CIRCLE ( 'NONE', #7749, 0.3750000000000000600 ) ;
#4508 = EDGE_LOOP ( 'NONE', ( #987 ) ) ;
#4509 = VECTOR ( 'NONE', #2919, 39.37007874015748100 ) ;
#4510 = CARTESIAN_POINT ( 'NONE',  ( 0.3591995119333841200, 0.1396452073133817600, 0.07373163790692810500 ) ) ;
#4511 =( NAMED_UNIT ( * ) PLANE_ANGLE_UNIT ( ) SI_UNIT ( $, .RADIAN. ) );
#4512 = LINE ( 'NONE', #1145, #7799 ) ;
#4513 = CARTESIAN_POINT ( 'NONE',  ( 0.4503870119333985800, -0.09292944218340400100, -0.1533187025874150600 ) ) ;
#4514 = FACE_OUTER_BOUND ( 'NONE', #8528, .T. ) ;
#4515 = AXIS2_PLACEMENT_3D ( 'NONE', #4576, #554, #5238 ) ;
#4516 = DIRECTION ( 'NONE',  ( 0.0000000000000000000, 0.0000000000000000000, -1.000000000000000000 ) ) ;
#4517 = FILL_AREA_STYLE_COLOUR ( '', #1247 ) ;
#4518 = DIMENSIONAL_EXPONENTS ( 1.000000000000000000, 0.0000000000000000000, 0.0000000000000000000, 0.0000000000000000000, 0.0000000000000000000, 0.0000000000000000000, 0.0000000000000000000 ) ;
#4519 = TOROIDAL_SURFACE ( 'NONE', #7599, 0.3500000000000000300, 0.02500000000000000100 ) ;
#4520 = ORIENTED_EDGE ( 'NONE', *, *, #5675, .F. ) ;
#4521 = EDGE_CURVE ( 'NONE', #4666, #1199, #6919, .T. ) ;
#4522 = CARTESIAN_POINT ( 'NONE',  ( -0.5772464362293516800, -0.3230426292568794900, 0.3109582585101316500 ) ) ;
#4523 = SURFACE_SIDE_STYLE ('',( #8338 ) ) ;
#4524 = VERTEX_POINT ( 'NONE', #5086 ) ;
#4525 = AXIS2_PLACEMENT_3D ( 'NONE', #1142, #5786, #1803 ) ;
#4526 = FACE_OUTER_BOUND ( 'NONE', #3875, .T. ) ;
#4527 = VERTEX_POINT ( 'NONE', #4153 ) ;
#4528 = CARTESIAN_POINT ( 'NONE',  ( 0.4733036786000477400, -0.05030876150877856800, 0.1738829200431648800 ) ) ;
#4529 = FACE_OUTER_BOUND ( 'NONE', #4642, .T. ) ;
#4530 = CARTESIAN_POINT ( 'NONE',  ( 0.6662932619333754600, -0.1855413717078557000, -0.06064970450763648000 ) ) ;
#4531 = EDGE_LOOP ( 'NONE', ( #1464 ) ) ;
#4532 = ADVANCED_FACE ( 'NONE', ( #2838 ), #2216, .T. ) ;
#4533 = ORIENTED_EDGE ( 'NONE', *, *, #7881, .T. ) ;
#4534 = MECHANICAL_DESIGN_GEOMETRIC_PRESENTATION_REPRESENTATION (  '', ( #3613 ), #4954 ) ;
#4535 = SURFACE_STYLE_FILL_AREA ( #1886 ) ;
#4536 = AXIS2_PLACEMENT_3D ( 'NONE', #5455, #1471, #6123 ) ;
#4537 = DIRECTION ( 'NONE',  ( 1.000000000000000000, -0.0000000000000000000, 0.0000000000000000000 ) ) ;
#4538 = CARTESIAN_POINT ( 'NONE',  ( 0.2605229811860919600, 0.09775124720028179100, 0.02525192321390080600 ) ) ;
#4539 = LENGTH_MEASURE_WITH_UNIT ( LENGTH_MEASURE( 0.02539999999999999900 ), #3946 );
#4540 = EDGE_CURVE ( 'NONE', #7339, #2220, #429, .T. ) ;
#4541 = CARTESIAN_POINT ( 'NONE',  ( 0.5838760426806540700, -0.09110299866106309800, 0.1386985223010150400 ) ) ;
#4542 = FILL_AREA_STYLE ('',( #3851 ) ) ;
#4543 = DIMENSIONAL_EXPONENTS ( 1.000000000000000000, 0.0000000000000000000, 0.0000000000000000000, 0.0000000000000000000, 0.0000000000000000000, 0.0000000000000000000, 0.0000000000000000000 ) ;
#4544 = DIRECTION ( 'NONE',  ( 0.0000000000000000000, 0.0000000000000000000, 1.000000000000000000 ) ) ;
#4545 = CARTESIAN_POINT ( 'NONE',  ( 0.3468349286000829700, -0.05398339326071251900, 0.1188178527896908300 ) ) ;
#4546 = ORIENTED_EDGE ( 'NONE', *, *, #8043, .F. ) ;
#4547 = FILL_AREA_STYLE_COLOUR ( '', #2432 ) ;
#4548 = ORIENTED_EDGE ( 'NONE', *, *, #1881, .T. ) ;
#4549 = CARTESIAN_POINT ( 'NONE',  ( -0.5041755700876193700, -0.08112506845161748800, -0.008541741489868335400 ) ) ;
#4550 = VECTOR ( 'NONE', #5999, 39.37007874015748100 ) ;
#4551 = CARTESIAN_POINT ( 'NONE',  ( -0.5963177356560384100, -0.009042629256879482900, 0.03547147126374342000 ) ) ;
#4552 = STYLED_ITEM ( 'NONE', ( #1093 ), #3935 ) ;
#4553 = CARTESIAN_POINT ( 'NONE',  ( -0.02274643622935171700, -0.2800426292568794500, -0.008541741489868224400 ) ) ;
#4554 = CARTESIAN_POINT ( 'NONE',  ( 0.4962620119333516200, 0.1709615228574662400, 0.1224956847579222700 ) ) ;
#4555 = VERTEX_POINT ( 'NONE', #1362 ) ;
#4556 = CARTESIAN_POINT ( 'NONE',  ( 0.5898974286000345800, -0.1050383653830353100, 0.1578644049802542500 ) ) ;
#4557 =( GEOMETRIC_REPRESENTATION_CONTEXT ( 3 ) GLOBAL_UNCERTAINTY_ASSIGNED_CONTEXT ( ( #3988 ) ) GLOBAL_UNIT_ASSIGNED_CONTEXT ( ( #4858, #851, #5503 ) ) REPRESENTATION_CONTEXT ( 'NONE', 'WORKASPACE' ) );
#4558 = SURFACE_STYLE_FILL_AREA ( #1330 ) ;
#4559 =( GEOMETRIC_REPRESENTATION_CONTEXT ( 3 ) GLOBAL_UNCERTAINTY_ASSIGNED_CONTEXT ( ( #8416 ) ) GLOBAL_UNIT_ASSIGNED_CONTEXT ( ( #3646, #8286, #4346 ) ) REPRESENTATION_CONTEXT ( 'NONE', 'WORKASPACE' ) );
#4560 = PLANE ( 'NONE',  #3647 ) ;
#4561 = VECTOR ( 'NONE', #2707, 39.37007874015748100 ) ;
#4562 = EDGE_LOOP ( 'NONE', ( #3932 ) ) ;
#4563 = DIMENSIONAL_EXPONENTS ( 1.000000000000000000, 0.0000000000000000000, 0.0000000000000000000, 0.0000000000000000000, 0.0000000000000000000, 0.0000000000000000000, 0.0000000000000000000 ) ;
#4564 = SURFACE_STYLE_FILL_AREA ( #7313 ) ;
#4565 = CIRCLE ( 'NONE', #238, 0.02500000000000000500 ) ;
#4566 =( NAMED_UNIT ( * ) PLANE_ANGLE_UNIT ( ) SI_UNIT ( $, .RADIAN. ) );
#4567 = ADVANCED_FACE ( 'NONE', ( #7297 ), #3345, .T. ) ;
#4568 = CARTESIAN_POINT ( 'NONE',  ( 0.3926885426806542300, 0.1483019873994073900, -0.08231202190555905700 ) ) ;
#4569 = PRESENTATION_LAYER_ASSIGNMENT (  '', '', ( #4117 ) ) ;
#4570 = EDGE_CURVE ( 'NONE', #3520, #1844, #6488, .T. ) ;
#4571 = CARTESIAN_POINT ( 'NONE',  ( -0.7138520978792032300, -0.04452574917998992200, 0.2005954166002582000 ) ) ;
#4572 = CARTESIAN_POINT ( 'NONE',  ( 0.7084721341284147000, 0.1764953049444973600, 0.1266330411130567600 ) ) ;
#4573 = AXIS2_PLACEMENT_3D ( 'NONE', #7999, #4040, #45 ) ;
#4574 =( CONVERSION_BASED_UNIT ( 'INCH', #3792 ) LENGTH_UNIT ( ) NAMED_UNIT ( #6074 ) );
#4575 =( LENGTH_UNIT ( ) NAMED_UNIT ( * ) SI_UNIT ( $, .METRE. ) );
#4576 = CARTESIAN_POINT ( 'NONE',  ( -0.5772464362293516800, -0.02053261085912316800, -0.3280417414898683100 ) ) ;
#4577 = PLANE ( 'NONE',  #7692 ) ;
#4578 = ORIENTED_EDGE ( 'NONE', *, *, #6902, .F. ) ;
#4579 = SURFACE_STYLE_USAGE ( .BOTH. , #8539 ) ;
#4580 = SURFACE_STYLE_USAGE ( .BOTH. , #8541 ) ;
#4581 = CARTESIAN_POINT ( 'NONE',  ( 0.3343656260140508400, -0.02503397557007129600, 0.1388390211302295600 ) ) ;
#4582 = CARTESIAN_POINT ( 'NONE',  ( 0.5077620119333515800, 0.1753573509162357200, 0.1262036439332533100 ) ) ;
#4583 = EDGE_CURVE ( 'NONE', #312, #8040, #8246, .T. ) ;
#4584 = MECHANICAL_DESIGN_GEOMETRIC_PRESENTATION_REPRESENTATION (  '', ( #3220 ), #5015 ) ;
#4585 = DIMENSIONAL_EXPONENTS ( 1.000000000000000000, 0.0000000000000000000, 0.0000000000000000000, 0.0000000000000000000, 0.0000000000000000000, 0.0000000000000000000, 0.0000000000000000000 ) ;
#4586 = SURFACE_STYLE_FILL_AREA ( #6083 ) ;
#4587 =( GEOMETRIC_REPRESENTATION_CONTEXT ( 3 ) GLOBAL_UNCERTAINTY_ASSIGNED_CONTEXT ( ( #2937 ) ) GLOBAL_UNIT_ASSIGNED_CONTEXT ( ( #5327, #1336, #5989 ) ) REPRESENTATION_CONTEXT ( 'NONE', 'WORKASPACE' ) );
#4588 = CARTESIAN_POINT ( 'NONE',  ( -0.9984602808033384800, -0.2800426292568794500, -0.003541741489868221700 ) ) ;
#4589 = ORIENTED_EDGE ( 'NONE', *, *, #7595, .T. ) ;
#4590 = CARTESIAN_POINT ( 'NONE',  ( 0.7357535637706483800, -0.009042629256879472500, 0.06745167927798498300 ) ) ;
#4591 = EDGE_CURVE ( 'NONE', #5429, #5429, #361, .T. ) ;
#4592 = UNCERTAINTY_MEASURE_WITH_UNIT (LENGTH_MEASURE( 1.000000000000000100E-005 ), #8587, 'distance_accuracy_value', 'NONE');
#4593 = VECTOR ( 'NONE', #459, 39.37007874015748100 ) ;
#4594 = VECTOR ( 'NONE', #1255, 39.37007874015748100 ) ;
#4595 = VECTOR ( 'NONE', #6882, 39.37007874015748100 ) ;
#4596 = CARTESIAN_POINT ( 'NONE',  ( 0.6080010426806536900, 0.1587536248050970300, 0.1051853351087192900 ) ) ;
#4597 = DIRECTION ( 'NONE',  ( 1.000000000000000000, 0.0000000000000000000, 0.0000000000000000000 ) ) ;
#4598 = AXIS2_PLACEMENT_3D ( 'NONE', #204, #4873, #872 ) ;
#4599 = ORIENTED_EDGE ( 'NONE', *, *, #1534, .F. ) ;
#4600 = DIRECTION ( 'NONE',  ( 0.0000000000000000000, 0.0000000000000000000, -1.000000000000000000 ) ) ;
#4601 = VECTOR ( 'NONE', #3798, 39.37007874015748100 ) ;
#4602 = ORIENTED_EDGE ( 'NONE', *, *, #6005, .T. ) ;
#4603 = CARTESIAN_POINT ( 'NONE',  ( 0.6321063145194333300, 0.2212077362374732200, -0.03224881185970652300 ) ) ;
#4604 = DIRECTION ( 'NONE',  ( 1.000000000000000000, 0.0000000000000000000, 0.0000000000000000000 ) ) ;
#4605 = CARTESIAN_POINT ( 'NONE',  ( -0.1207464362293516100, -0.02053261085912316800, 0.3359582585101316100 ) ) ;
#4606 = DIMENSIONAL_EXPONENTS ( 1.000000000000000000, 0.0000000000000000000, 0.0000000000000000000, 0.0000000000000000000, 0.0000000000000000000, 0.0000000000000000000, 0.0000000000000000000 ) ;
#4607 =( NAMED_UNIT ( * ) PLANE_ANGLE_UNIT ( ) SI_UNIT ( $, .RADIAN. ) );
#4608 = ORIENTED_EDGE ( 'NONE', *, *, #410, .F. ) ;
#4609 = CARTESIAN_POINT ( 'NONE',  ( -0.9984602808033384800, -0.2800426292568794500, 0.04395825851013146500 ) ) ;
#4610 = SURFACE_SIDE_STYLE ('',( #5926 ) ) ;
#4611 = FACE_OUTER_BOUND ( 'NONE', #5083, .T. ) ;
#4612 = DIRECTION ( 'NONE',  ( 0.0000000000000000000, 0.0000000000000000000, 1.000000000000000000 ) ) ;
#4613 = AXIS2_PLACEMENT_3D ( 'NONE', #255, #4246, #4306 ) ;
#4614 = ADVANCED_FACE ( 'NONE', ( #7229, #5474 ), #3075, .T. ) ;
#4615 = DIRECTION ( 'NONE',  ( -1.000000000000000000, 0.0000000000000000000, 0.0000000000000000000 ) ) ;
#4616 = DIRECTION ( 'NONE',  ( -1.000000000000000000, 0.0000000000000000000, 0.0000000000000000000 ) ) ;
#4617 =( GEOMETRIC_REPRESENTATION_CONTEXT ( 3 ) GLOBAL_UNCERTAINTY_ASSIGNED_CONTEXT ( ( #838 ) ) GLOBAL_UNIT_ASSIGNED_CONTEXT ( ( #2004, #6651, #2672 ) ) REPRESENTATION_CONTEXT ( 'NONE', 'WORKASPACE' ) );
#4618 = FACE_OUTER_BOUND ( 'NONE', #3797, .T. ) ;
#4619 = AXIS2_PLACEMENT_3D ( 'NONE', #2550, #7182, #3213 ) ;
#4620 = LINE ( 'NONE', #6979, #6358 ) ;
#4621 = VERTEX_POINT ( 'NONE', #4245 ) ;
#4622 = LINE ( 'NONE', #2070, #2819 ) ;
#4623 = CARTESIAN_POINT ( 'NONE',  ( 0.5637718760140032500, -0.1589363661641834700, -0.05817897363143782100 ) ) ;
#4624 =( NAMED_UNIT ( * ) PLANE_ANGLE_UNIT ( ) SI_UNIT ( $, .RADIAN. ) );
#4625 = ORIENTED_EDGE ( 'NONE', *, *, #7834, .T. ) ;
#4626 = DIRECTION ( 'NONE',  ( -1.000000000000000000, -0.0000000000000000000, -0.0000000000000000000 ) ) ;
#4627 = CARTESIAN_POINT ( 'NONE',  ( 0.5516896478527473200, 0.04288292368983772500, -0.2117786150859682900 ) ) ;
#4628 = LINE ( 'NONE', #2068, #2825 ) ;
#4629 = VERTEX_POINT ( 'NONE', #2118 ) ;
#4630 =( NAMED_UNIT ( * ) PLANE_ANGLE_UNIT ( ) SI_UNIT ( $, .RADIAN. ) );
#4631 =( NAMED_UNIT ( * ) PLANE_ANGLE_UNIT ( ) SI_UNIT ( $, .RADIAN. ) );
#4632 = AXIS2_PLACEMENT_3D ( 'NONE', #2363, #6985, #1722 ) ;
#4633 = CARTESIAN_POINT ( 'NONE',  ( 0.3040531260139834900, -0.09978473946203082800, -0.02244888090511986200 ) ) ;
#4634 = EDGE_CURVE ( 'NONE', #6461, #4205, #4669, .T. ) ;
#4635 = DIRECTION ( 'NONE',  ( 0.0000000000000000000, 0.9242245927363069700, 0.3818493186865828900 ) ) ;
#4636 = UNCERTAINTY_MEASURE_WITH_UNIT (LENGTH_MEASURE( 1.000000000000000100E-005 ), #6085, 'distance_accuracy_value', 'NONE');
#4637 = DIRECTION ( 'NONE',  ( 1.000000000000000000, 0.0000000000000000000, 0.0000000000000000000 ) ) ;
#4638 = ORIENTED_EDGE ( 'NONE', *, *, #3101, .T. ) ;
#4639 = CARTESIAN_POINT ( 'NONE',  ( -0.9984602808033384800, -0.2830426292568795100, -0.003541741489868214300 ) ) ;
#4640 = CARTESIAN_POINT ( 'NONE',  ( 0.5221057619333474600, 0.1624661505635746100, -0.1434777597502399400 ) ) ;
#4641 = COLOUR_RGB ( '',0.2941176470588235400, 0.2941176470588235400, 0.2941176470588235400 ) ;
#4642 = EDGE_LOOP ( 'NONE', ( #167 ) ) ;
#4643 =( CONVERSION_BASED_UNIT ( 'INCH', #8131 ) LENGTH_UNIT ( ) NAMED_UNIT ( #2476 ) );
#4644 = VERTEX_POINT ( 'NONE', #7425 ) ;
#4645 = DIMENSIONAL_EXPONENTS ( 1.000000000000000000, 0.0000000000000000000, 0.0000000000000000000, 0.0000000000000000000, 0.0000000000000000000, 0.0000000000000000000, 0.0000000000000000000 ) ;
#4646 = DIMENSIONAL_EXPONENTS ( 1.000000000000000000, 0.0000000000000000000, 0.0000000000000000000, 0.0000000000000000000, 0.0000000000000000000, 0.0000000000000000000, 0.0000000000000000000 ) ;
#4647 = CARTESIAN_POINT ( 'NONE',  ( -0.6022464362293515900, -0.3230426292568794900, -0.3280417414898683100 ) ) ;
#4648 = CARTESIAN_POINT ( 'NONE',  ( -0.02524643622935148300, -0.2800426292568794500, 0.06895825851013162600 ) ) ;
#4649 = SURFACE_STYLE_FILL_AREA ( #323 ) ;
#4650 = SURFACE_STYLE_FILL_AREA ( #3569 ) ;
#4651 = DIRECTION ( 'NONE',  ( 0.0000000000000000000, 0.0000000000000000000, 1.000000000000000000 ) ) ;
#4652 = ADVANCED_FACE ( 'NONE', ( #1314 ), #4150, .F. ) ;
#4653 = CARTESIAN_POINT ( 'NONE',  ( -0.5866321300447819900, 0.04095737074312053000, 0.06219016563358904100 ) ) ;
#4654 = SURFACE_STYLE_FILL_AREA ( #635 ) ;
#4655 = CARTESIAN_POINT ( 'NONE',  ( 0.4563875645194048200, -0.1570447915916761400, -0.08610900462011932000 ) ) ;
#4656 = DIRECTION ( 'NONE',  ( 0.0000000000000000000, 0.0000000000000000000, -1.000000000000000000 ) ) ;
#4657 = DIRECTION ( 'NONE',  ( -1.000000000000000000, 0.0000000000000000000, 0.0000000000000000000 ) ) ;
#4658 = DIRECTION ( 'NONE',  ( 0.0000000000000000000, -9.571164508604897800E-017, 1.000000000000000000 ) ) ;
#4659 =( CONVERSION_BASED_UNIT ( 'INCH', #5144 ) LENGTH_UNIT ( ) NAMED_UNIT ( #5642 ) );
#4660 = FILL_AREA_STYLE_COLOUR ( '', #3777 ) ;
#4661 = AXIS2_PLACEMENT_3D ( 'NONE', #5534, #1562, #6208 ) ;
#4662 = DIRECTION ( 'NONE',  ( -1.000000000000000000, 0.0000000000000000000, -6.097874985857700800E-017 ) ) ;
#4663 = CARTESIAN_POINT ( 'NONE',  ( 0.2985745119333639300, -0.1177170682105764300, -0.02451992393240351100 ) ) ;
#4664 = VECTOR ( 'NONE', #7936, 39.37007874015748100 ) ;
#4665 = AXIS2_PLACEMENT_3D ( 'NONE', #6711, #2736, #7367 ) ;
#4666 = VERTEX_POINT ( 'NONE', #4177 ) ;
#4667 = EDGE_LOOP ( 'NONE', ( #965 ) ) ;
#4668 = MECHANICAL_DESIGN_GEOMETRIC_PRESENTATION_REPRESENTATION (  '', ( #3310 ), #5100 ) ;
#4669 = LINE ( 'NONE', #6108, #2875 ) ;
#4670 = DIRECTION ( 'NONE',  ( -1.000000000000000000, 0.0000000000000000000, 0.0000000000000000000 ) ) ;
#4671 = CARTESIAN_POINT ( 'NONE',  ( -0.5772464362293516800, -0.3230426292568794900, 0.3109582585101316500 ) ) ;
#4672 = ORIENTED_EDGE ( 'NONE', *, *, #1421, .T. ) ;
#4673 = SURFACE_STYLE_USAGE ( .BOTH. , #6 ) ;
#4674 = STYLED_ITEM ( 'NONE', ( #4744 ), #5268 ) ;
#4675 = VERTEX_POINT ( 'NONE', #6794 ) ;
#4676 = STYLED_ITEM ( 'NONE', ( #3548 ), #1689 ) ;
#4677 = EDGE_CURVE ( 'NONE', #7208, #1938, #7328, .T. ) ;
#4678 = DIRECTION ( 'NONE',  ( -0.0000000000000000000, -1.000000000000000000, -0.0000000000000000000 ) ) ;
#4679 = ORIENTED_EDGE ( 'NONE', *, *, #5562, .F. ) ;
#4680 = VERTEX_POINT ( 'NONE', #161 ) ;
#4681 = ORIENTED_EDGE ( 'NONE', *, *, #4144, .F. ) ;
#4682 = DIRECTION ( 'NONE',  ( 0.0000000000000000000, -1.000000000000000000, 1.914232901720979600E-016 ) ) ;
#4683 = DIMENSIONAL_EXPONENTS ( 1.000000000000000000, 0.0000000000000000000, 0.0000000000000000000, 0.0000000000000000000, 0.0000000000000000000, 0.0000000000000000000, 0.0000000000000000000 ) ;
#4684 =( NAMED_UNIT ( * ) PLANE_ANGLE_UNIT ( ) SI_UNIT ( $, .RADIAN. ) );
#4685 = CARTESIAN_POINT ( 'NONE',  ( 0.7557535637706482800, 0.2539573707431203600, -0.1994135001767700900 ) ) ;
#4686 = PRESENTATION_STYLE_ASSIGNMENT (( #4673 ) ) ;
#4687 =( NAMED_UNIT ( * ) SI_UNIT ( $, .STERADIAN. ) SOLID_ANGLE_UNIT ( ) );
#4688 = VECTOR ( 'NONE', #1764, 39.37007874015748100 ) ;
#4689 = FACE_OUTER_BOUND ( 'NONE', #4293, .T. ) ;
#4690 = CARTESIAN_POINT ( 'NONE',  ( 0.6576826976289161800, -0.8200426292568794300, -0.008541741489868335400 ) ) ;
#4691 = LENGTH_MEASURE_WITH_UNIT ( LENGTH_MEASURE( 0.02539999999999999900 ), #6750 );
#4692 = EDGE_LOOP ( 'NONE', ( #1874 ) ) ;
#4693 = PRESENTATION_LAYER_ASSIGNMENT (  '', '', ( #4249 ) ) ;
#4694 = EDGE_CURVE ( 'NONE', #1662, #4089, #2039, .T. ) ;
#4695 = DIMENSIONAL_EXPONENTS ( 1.000000000000000000, 0.0000000000000000000, 0.0000000000000000000, 0.0000000000000000000, 0.0000000000000000000, 0.0000000000000000000, 0.0000000000000000000 ) ;
#4696 =( GEOMETRIC_REPRESENTATION_CONTEXT ( 3 ) GLOBAL_UNCERTAINTY_ASSIGNED_CONTEXT ( ( #1759 ) ) GLOBAL_UNIT_ASSIGNED_CONTEXT ( ( #3499, #8135, #4186 ) ) REPRESENTATION_CONTEXT ( 'NONE', 'WORKASPACE' ) );
#4697 = ORIENTED_EDGE ( 'NONE', *, *, #5658, .T. ) ;
#4698 = AXIS2_PLACEMENT_3D ( 'NONE', #131, #4801, #792 ) ;
#4699 = CIRCLE ( 'NONE', #5394, 0.03500000000000000300 ) ;
#4700 = FACE_OUTER_BOUND ( 'NONE', #142, .T. ) ;
#4701 = FACE_OUTER_BOUND ( 'NONE', #3429, .T. ) ;
#4702 = DIRECTION ( 'NONE',  ( 1.000000000000000000, 0.0000000000000000000, 1.219574997171554500E-016 ) ) ;
#4703 = EDGE_CURVE ( 'NONE', #747, #1696, #8172, .T. ) ;
#4704 = ORIENTED_EDGE ( 'NONE', *, *, #3549, .F. ) ;
#4705 = ORIENTED_EDGE ( 'NONE', *, *, #3492, .F. ) ;
#4706 = LINE ( 'NONE', #7013, #8207 ) ;
#4707 = VECTOR ( 'NONE', #7746, 39.37007874015748100 ) ;
#4708 = SURFACE_STYLE_USAGE ( .BOTH. , #34 ) ;
#4709 =( NAMED_UNIT ( * ) PLANE_ANGLE_UNIT ( ) SI_UNIT ( $, .RADIAN. ) );
#4710 = ORIENTED_EDGE ( 'NONE', *, *, #629, .T. ) ;
#4711 = PRESENTATION_STYLE_ASSIGNMENT (( #2221 ) ) ;
#4712 = SURFACE_STYLE_USAGE ( .BOTH. , #40 ) ;
#4713 = AXIS2_PLACEMENT_3D ( 'NONE', #3622, #4264, #1061 ) ;
#4714 = EDGE_LOOP ( 'NONE', ( #1587, #3391, #3094, #7308, #2200, #5406, #1278, #7492 ) ) ;
#4715 = LINE ( 'NONE', #3537, #6249 ) ;
#4716 = CARTESIAN_POINT ( 'NONE',  ( 0.6984599286000419100, 0.1240681277265114900, 0.1705058742427159900 ) ) ;
#4717 = UNCERTAINTY_MEASURE_WITH_UNIT (LENGTH_MEASURE( 1.000000000000000100E-005 ), #7469, 'distance_accuracy_value', 'NONE');
#4718 = SURFACE_SIDE_STYLE ('',( #4896 ) ) ;
#4719 = PLANE ( 'NONE',  #4899 ) ;
#4720 = FILL_AREA_STYLE ('',( #1987 ) ) ;
#4721 = CARTESIAN_POINT ( 'NONE',  ( 0.7483397336077248800, 0.2539573707431204100, 0.2061494122563394500 ) ) ;
#4722 =( GEOMETRIC_REPRESENTATION_CONTEXT ( 3 ) GLOBAL_UNCERTAINTY_ASSIGNED_CONTEXT ( ( #4717 ) ) GLOBAL_UNIT_ASSIGNED_CONTEXT ( ( #7469, #3514, #8147 ) ) REPRESENTATION_CONTEXT ( 'NONE', 'WORKASPACE' ) );
#4723 = VERTEX_POINT ( 'NONE', #188 ) ;
#4724 = DIRECTION ( 'NONE',  ( 0.0000000000000000000, 0.0000000000000000000, -1.000000000000000000 ) ) ;
#4725 = CARTESIAN_POINT ( 'NONE',  ( 0.3987099286000346800, 0.1688894161468728600, -0.09384499385250441600 ) ) ;
#4726 = ORIENTED_EDGE ( 'NONE', *, *, #8499, .F. ) ;
#4727 = SURFACE_SIDE_STYLE ('',( #419 ) ) ;
#4728 = PRESENTATION_STYLE_ASSIGNMENT (( #6225 ) ) ;
#4729 = SURFACE_STYLE_FILL_AREA ( #2751 ) ;
#4730 = COLOUR_RGB ( '',0.2941176470588235400, 0.2941176470588235400, 0.2941176470588235400 ) ;
#4731 = SURFACE_STYLE_USAGE ( .BOTH. , #58 ) ;
#4732 =( GEOMETRIC_REPRESENTATION_CONTEXT ( 3 ) GLOBAL_UNCERTAINTY_ASSIGNED_CONTEXT ( ( #6654 ) ) GLOBAL_UNIT_ASSIGNED_CONTEXT ( ( #352, #5038, #1038 ) ) REPRESENTATION_CONTEXT ( 'NONE', 'WORKASPACE' ) );
#4733 =( CONVERSION_BASED_UNIT ( 'INCH', #5101 ) LENGTH_UNIT ( ) NAMED_UNIT ( #4695 ) );
#4734 = AXIS2_PLACEMENT_3D ( 'NONE', #4213, #790, #3747 ) ;
#4735 = ADVANCED_FACE ( 'NONE', ( #5573, #7130 ), #4202, .T. ) ;
#4736 = EDGE_CURVE ( 'NONE', #3662, #3662, #6306, .T. ) ;
#4737 = ORIENTED_EDGE ( 'NONE', *, *, #5067, .F. ) ;
#4738 = CARTESIAN_POINT ( 'NONE',  ( 0.2147535637706484100, -0.2800426292568794500, -0.008541741489868224400 ) ) ;
#4739 = VECTOR ( 'NONE', #7287, 39.37007874015748100 ) ;
#4740 = FILL_AREA_STYLE ('',( #2734 ) ) ;
#4741 = LINE ( 'NONE', #1006, #3786 ) ;
#4742 = FILL_AREA_STYLE ('',( #3376 ) ) ;
#4743 = CARTESIAN_POINT ( 'NONE',  ( -0.04024643622935145800, -0.2800426292568794500, -0.01354174148986834000 ) ) ;
#4744 = PRESENTATION_STYLE_ASSIGNMENT (( #5735 ) ) ;
#4745 = EDGE_CURVE ( 'NONE', #2628, #7052, #2765, .T. ) ;
#4746 = DIRECTION ( 'NONE',  ( -1.000000000000000000, -0.0000000000000000000, -0.0000000000000000000 ) ) ;
#4747 = SURFACE_STYLE_FILL_AREA ( #1643 ) ;
#4748 = PRESENTATION_LAYER_ASSIGNMENT (  '', '', ( #3386 ) ) ;
#4749 = CARTESIAN_POINT ( 'NONE',  ( -0.5772464362293517900, -0.3480426292568794500, -0.3530417414898683300 ) ) ;
#4750 =( CONVERSION_BASED_UNIT ( 'INCH', #2997 ) LENGTH_UNIT ( ) NAMED_UNIT ( #1777 ) );
#4751 = MECHANICAL_DESIGN_GEOMETRIC_PRESENTATION_REPRESENTATION (  '', ( #3390 ), #5182 ) ;
#4752 = ORIENTED_EDGE ( 'NONE', *, *, #1711, .T. ) ;
#4753 = EDGE_CURVE ( 'NONE', #3457, #2628, #4565, .T. ) ;
#4754 = FILL_AREA_STYLE_COLOUR ( '', #116 ) ;
#4755 = CARTESIAN_POINT ( 'NONE',  ( 0.2949182619334247400, -0.06596019479430446900, -0.1147073747924447500 ) ) ;
#4756 = CARTESIAN_POINT ( 'NONE',  ( -0.1207464362293516100, -0.3480426292568792900, -0.3180417414898682500 ) ) ;
#4757 = COLOUR_RGB ( '',0.2941176470588235400, 0.2941176470588235400, 0.2941176470588235400 ) ;
#4758 = DIRECTION ( 'NONE',  ( 0.0000000000000000000, 0.0000000000000000000, -1.000000000000000000 ) ) ;
#4759 = FILL_AREA_STYLE ('',( #4082 ) ) ;
#4760 = DIMENSIONAL_EXPONENTS ( 1.000000000000000000, 0.0000000000000000000, 0.0000000000000000000, 0.0000000000000000000, 0.0000000000000000000, 0.0000000000000000000, 0.0000000000000000000 ) ;
#4761 = PLANE ( 'NONE',  #2612 ) ;
#4762 = DIRECTION ( 'NONE',  ( 0.0000000000000000000, 0.0000000000000000000, -1.000000000000000000 ) ) ;
#4763 = ORIENTED_EDGE ( 'NONE', *, *, #60, .F. ) ;
#4764 = CARTESIAN_POINT ( 'NONE',  ( 0.6532535637706481400, -0.09804262925687946800, 0.3009582585101315800 ) ) ;
#4765 = VECTOR ( 'NONE', #5310, 39.37007874015748100 ) ;
#4766 = UNCERTAINTY_MEASURE_WITH_UNIT (LENGTH_MEASURE( 1.000000000000000100E-005 ), #1867, 'distance_accuracy_value', 'NONE');
#4767 = SURFACE_SIDE_STYLE ('',( #995 ) ) ;
#4768 = CARTESIAN_POINT ( 'NONE',  ( 0.6361468760140061000, 0.09000812495147585100, -0.2021596555791619600 ) ) ;
#4769 =( NAMED_UNIT ( * ) PLANE_ANGLE_UNIT ( ) SI_UNIT ( $, .RADIAN. ) );
#4770 = SURFACE_SIDE_STYLE ('',( #7390 ) ) ;
#4771 = DIRECTION ( 'NONE',  ( 1.000000000000000000, 0.0000000000000000000, 0.0000000000000000000 ) ) ;
#4772 = AXIS2_PLACEMENT_3D ( 'NONE', #641, #5319, #1324 ) ;
#4773 = DIMENSIONAL_EXPONENTS ( 1.000000000000000000, 0.0000000000000000000, 0.0000000000000000000, 0.0000000000000000000, 0.0000000000000000000, 0.0000000000000000000, 0.0000000000000000000 ) ;
#4774 = PRESENTATION_LAYER_ASSIGNMENT (  '', '', ( #3418 ) ) ;
#4775 = DIRECTION ( 'NONE',  ( -1.000000000000000000, 0.0000000000000000000, 0.0000000000000000000 ) ) ;
#4776 = FILL_AREA_STYLE ('',( #137 ) ) ;
#4777 = STYLED_ITEM ( 'NONE', ( #6592 ), #7633 ) ;
#4778 =( NAMED_UNIT ( * ) SI_UNIT ( $, .STERADIAN. ) SOLID_ANGLE_UNIT ( ) );
#4779 = EDGE_LOOP ( 'NONE', ( #4533, #2968, #4218, #8240 ) ) ;
#4780 = CARTESIAN_POINT ( 'NONE',  ( 0.7357535637706483800, 0.05312867351770816900, 0.01645825851013166600 ) ) ;
#4781 = DIRECTION ( 'NONE',  ( 0.0000000000000000000, 0.0000000000000000000, -1.000000000000000000 ) ) ;
#4782 =( NAMED_UNIT ( * ) SI_UNIT ( $, .STERADIAN. ) SOLID_ANGLE_UNIT ( ) );
#4783 = LINE ( 'NONE', #6051, #6540 ) ;
#4784 = PRESENTATION_STYLE_ASSIGNMENT (( #7738 ) ) ;
#4785 = ORIENTED_EDGE ( 'NONE', *, *, #5728, .T. ) ;
#4786 = STYLED_ITEM ( 'NONE', ( #5516 ), #1966 ) ;
#4787 = CARTESIAN_POINT ( 'NONE',  ( 0.6736826976289161900, -0.02094527138411909600, -0.06205057257436211200 ) ) ;
#4788 = EDGE_CURVE ( 'NONE', #2584, #6951, #8066, .T. ) ;
#4789 =( NAMED_UNIT ( * ) PLANE_ANGLE_UNIT ( ) SI_UNIT ( $, .RADIAN. ) );
#4790 = LINE ( 'NONE', #7115, #1240 ) ;
#4791 = CARTESIAN_POINT ( 'NONE',  ( 0.4044495119333708100, 0.1454675098841115800, -0.1292913380958502500 ) ) ;
#4792 = CIRCLE ( 'NONE', #5723, 0.01599999999999998000 ) ;
#4793 = VECTOR ( 'NONE', #4098, 39.37007874015748100 ) ;
#4794 = SURFACE_SIDE_STYLE ('',( #1446 ) ) ;
#4795 = CARTESIAN_POINT ( 'NONE',  ( 0.2430015952667113900, 0.1055972735422253500, 0.02849355932336435100 ) ) ;
#4796 = VERTEX_POINT ( 'NONE', #6209 ) ;
#4797 = CARTESIAN_POINT ( 'NONE',  ( -0.5372464362293516400, -0.2830426292568795100, 0.3009582585101315800 ) ) ;
#4798 = DIRECTION ( 'NONE',  ( 0.0000000000000000000, 0.0000000000000000000, 1.000000000000000000 ) ) ;
#4799 = LINE ( 'NONE', #7748, #4601 ) ;
#4800 = ORIENTED_EDGE ( 'NONE', *, *, #935, .F. ) ;
#4801 = DIRECTION ( 'NONE',  ( -1.000000000000000000, 0.0000000000000000000, 0.0000000000000000000 ) ) ;
#4802 = CIRCLE ( 'NONE', #6222, 0.5186371580901264500 ) ;
#4803 = AXIS2_PLACEMENT_3D ( 'NONE', #7559, #3595, #8239 ) ;
#4804 = ORIENTED_EDGE ( 'NONE', *, *, #5586, .T. ) ;
#4805 = CARTESIAN_POINT ( 'NONE',  ( 0.2742535637706484100, -0.3480426292568794500, 0.3359582585101316100 ) ) ;
#4806 =( CONVERSION_BASED_UNIT ( 'INCH', #4022 ) LENGTH_UNIT ( ) NAMED_UNIT ( #589 ) );
#4807 = CARTESIAN_POINT ( 'NONE',  ( -0.9984602808033384800, -0.2830426292568795100, -0.03104174148986833500 ) ) ;
#4808 = SURFACE_STYLE_USAGE ( .BOTH. , #140 ) ;
#4809 = EDGE_CURVE ( 'NONE', #3905, #1662, #3950, .T. ) ;
#4810 = CARTESIAN_POINT ( 'NONE',  ( -0.5891244307552874200, 0.01595737074312052500, -0.02870348460982968100 ) ) ;
#4811 = FACE_OUTER_BOUND ( 'NONE', #1920, .T. ) ;
#4812 = STYLED_ITEM ( 'NONE', ( #1716 ), #4093 ) ;
#4813 = VERTEX_POINT ( 'NONE', #6856 ) ;
#4814 = CARTESIAN_POINT ( 'NONE',  ( 0.5657724286000495000, -0.1614831375382451700, -0.1117154756303301900 ) ) ;
#4815 = STYLED_ITEM ( 'NONE', ( #6493 ), #564 ) ;
#4816 = VECTOR ( 'NONE', #8082, 39.37007874015748100 ) ;
#4817 = DIRECTION ( 'NONE',  ( 0.0000000000000000000, -1.000000000000000000, 0.0000000000000000000 ) ) ;
#4818 = ORIENTED_EDGE ( 'NONE', *, *, #6931, .T. ) ;
#4819 =( LENGTH_UNIT ( ) NAMED_UNIT ( * ) SI_UNIT ( $, .METRE. ) );
#4820 =( LENGTH_UNIT ( ) NAMED_UNIT ( * ) SI_UNIT ( $, .METRE. ) );
#4821 = STYLED_ITEM ( 'NONE', ( #820 ), #7142 ) ;
#4822 = PLANE ( 'NONE',  #7770 ) ;
#4823 = CARTESIAN_POINT ( 'NONE',  ( 0.7498287686775042500, 0.06024683417055649900, 0.01645825851013166900 ) ) ;
#4824 = FACE_OUTER_BOUND ( 'NONE', #7470, .T. ) ;
#4825 = CARTESIAN_POINT ( 'NONE',  ( 0.7307535637706486000, -0.02053261085912316800, 0.3109582585101316500 ) ) ;
#4826 = CARTESIAN_POINT ( 'NONE',  ( -0.9984602808033384800, -0.2800426292568794500, -0.003541741489868276300 ) ) ;
#4827 = ORIENTED_EDGE ( 'NONE', *, *, #3557, .F. ) ;
#4828 = CARTESIAN_POINT ( 'NONE',  ( -0.02274643622935171700, -0.2800426292568794500, -0.003541741489868333600 ) ) ;
#4829 = FACE_OUTER_BOUND ( 'NONE', #3303, .T. ) ;
#4830 =( CONVERSION_BASED_UNIT ( 'INCH', #6357 ) LENGTH_UNIT ( ) NAMED_UNIT ( #3175 ) );
#4831 = CARTESIAN_POINT ( 'NONE',  ( -0.9984602808033384800, -0.2830426292568795100, -0.003541741489868276300 ) ) ;
#4832 = AXIS2_PLACEMENT_3D ( 'NONE', #5267, #3252, #3954 ) ;
#4833 = PRESENTATION_LAYER_ASSIGNMENT (  '', '', ( #3491 ) ) ;
#4834 = SURFACE_STYLE_FILL_AREA ( #3035 ) ;
#4835 = CIRCLE ( 'NONE', #2358, 0.04479626937547442200 ) ;
#4836 = EDGE_CURVE ( 'NONE', #2461, #5524, #4360, .T. ) ;
#4837 = DIRECTION ( 'NONE',  ( 0.0000000000000000000, -1.000000000000000000, 0.0000000000000000000 ) ) ;
#4838 = AXIS2_PLACEMENT_3D ( 'NONE', #2158, #6805, #2823 ) ;
#4839 = ORIENTED_EDGE ( 'NONE', *, *, #6005, .F. ) ;
#4840 = CARTESIAN_POINT ( 'NONE',  ( -0.2302464362293515600, -0.2830426292568795100, 0.1124582585101316800 ) ) ;
#4841 = CARTESIAN_POINT ( 'NONE',  ( -0.5372464362293516400, -0.2780426292568794500, -0.1310417414898683300 ) ) ;
#4842 = COLOUR_RGB ( '',0.2941176470588235400, 0.2941176470588235400, 0.2941176470588235400 ) ;
#4843 = LINE ( 'NONE', #7613, #8149 ) ;
#4844 = FACE_BOUND ( 'NONE', #3137, .T. ) ;
#4845 = FACE_OUTER_BOUND ( 'NONE', #1327, .T. ) ;
#4846 = DIRECTION ( 'NONE',  ( 0.0000000000000000000, -1.000000000000000000, 0.0000000000000000000 ) ) ;
#4847 = CARTESIAN_POINT ( 'NONE',  ( 0.5175224286000634800, 0.2178417575131068600, 0.02660879778915816200 ) ) ;
#4848 = EDGE_CURVE ( 'NONE', #6221, #7208, #7862, .T. ) ;
#4849 = FILL_AREA_STYLE ('',( #4159 ) ) ;
#4850 = DIRECTION ( 'NONE',  ( 0.0000000000000000000, 0.0000000000000000000, -1.000000000000000000 ) ) ;
#4851 = PRESENTATION_LAYER_ASSIGNMENT (  '', '', ( #4421 ) ) ;
#4852 = CARTESIAN_POINT ( 'NONE',  ( -0.02274643622935157800, -0.2800426292568794500, 0.01395825851013166400 ) ) ;
#4853 = AXIS2_PLACEMENT_3D ( 'NONE', #4893, #892, #5541 ) ;
#4854 = DIRECTION ( 'NONE',  ( 1.000000000000000000, 0.0000000000000000000, -1.422837496700137700E-016 ) ) ;
#4855 = PLANE ( 'NONE',  #7427 ) ;
#4856 = EDGE_CURVE ( 'NONE', #5071, #2628, #783, .T. ) ;
#4857 = DIRECTION ( 'NONE',  ( 0.0000000000000000000, 1.914232901720979600E-016, -1.000000000000000000 ) ) ;
#4858 =( CONVERSION_BASED_UNIT ( 'INCH', #6507 ) LENGTH_UNIT ( ) NAMED_UNIT ( #1399 ) );
#4859 = DIRECTION ( 'NONE',  ( 1.000000000000000000, 0.0000000000000000000, 0.0000000000000000000 ) ) ;
#4860 = VECTOR ( 'NONE', #2351, 39.37007874015748100 ) ;
#4861 = UNCERTAINTY_MEASURE_WITH_UNIT (LENGTH_MEASURE( 1.000000000000000100E-005 ), #6324, 'distance_accuracy_value', 'NONE');
#4862 = ORIENTED_EDGE ( 'NONE', *, *, #866, .T. ) ;
#4863 = ORIENTED_EDGE ( 'NONE', *, *, #4474, .T. ) ;
#4864 =( LENGTH_UNIT ( ) NAMED_UNIT ( * ) SI_UNIT ( $, .METRE. ) );
#4865 = CARTESIAN_POINT ( 'NONE',  ( 0.6013974286000345300, -0.09442241154547546800, 0.1432638472885680000 ) ) ;
#4866 = UNCERTAINTY_MEASURE_WITH_UNIT (LENGTH_MEASURE( 1.000000000000000100E-005 ), #37, 'distance_accuracy_value', 'NONE');
#4867 = CARTESIAN_POINT ( 'NONE',  ( 0.2545015952667115100, -0.06311989121852704100, -0.04121301948980164700 ) ) ;
#4868 = ORIENTED_EDGE ( 'NONE', *, *, #4134, .F. ) ;
#4869 = VECTOR ( 'NONE', #6317, 39.37007874015748100 ) ;
#4870 = ORIENTED_EDGE ( 'NONE', *, *, #8227, .T. ) ;
#4871 =( GEOMETRIC_REPRESENTATION_CONTEXT ( 3 ) GLOBAL_UNCERTAINTY_ASSIGNED_CONTEXT ( ( #1971 ) ) GLOBAL_UNIT_ASSIGNED_CONTEXT ( ( #2458, #7112, #3124 ) ) REPRESENTATION_CONTEXT ( 'NONE', 'WORKASPACE' ) );
#4872 = CARTESIAN_POINT ( 'NONE',  ( 0.6904182619333808500, 0.005204512701839403100, 0.2003171307612242900 ) ) ;
#4873 = DIRECTION ( 'NONE',  ( 0.0000000000000000000, -1.000000000000000000, 0.0000000000000000000 ) ) ;
#4874 = CARTESIAN_POINT ( 'NONE',  ( -0.4997464362293511700, -0.09804262925687946800, 0.3414582585101316200 ) ) ;
#4875 = DIRECTION ( 'NONE',  ( -0.0000000000000000000, -1.000000000000000000, -0.0000000000000000000 ) ) ;
#4876 = ORIENTED_EDGE ( 'NONE', *, *, #5437, .T. ) ;
#4877 = LENGTH_MEASURE_WITH_UNIT ( LENGTH_MEASURE( 0.02539999999999999900 ), #7440 );
#4878 = DIRECTION ( 'NONE',  ( -9.485583311334260800E-017, 0.0000000000000000000, 1.000000000000000000 ) ) ;
#4879 = ADVANCED_FACE ( 'NONE', ( #4148, #5890 ), #1513, .F. ) ;
#4880 = ORIENTED_EDGE ( 'NONE', *, *, #8576, .T. ) ;
#4881 = SURFACE_STYLE_USAGE ( .BOTH. , #208 ) ;
#4882 = AXIS2_PLACEMENT_3D ( 'NONE', #6156, #2174, #6818 ) ;
#4883 = DIRECTION ( 'NONE',  ( 0.0000000000000000000, 1.000000000000000000, -1.914232901720979100E-016 ) ) ;
#4884 = DIRECTION ( 'NONE',  ( 0.0000000000000000000, 0.0000000000000000000, -1.000000000000000000 ) ) ;
#4885 = DIRECTION ( 'NONE',  ( 0.0000000000000000000, 0.0000000000000000000, 1.000000000000000000 ) ) ;
#4886 = UNCERTAINTY_MEASURE_WITH_UNIT (LENGTH_MEASURE( 1.000000000000000100E-005 ), #3050, 'distance_accuracy_value', 'NONE');
#4887 = ORIENTED_EDGE ( 'NONE', *, *, #1585, .T. ) ;
#4888 = FILL_AREA_STYLE_COLOUR ( '', #7306 ) ;
#4889 = FACE_OUTER_BOUND ( 'NONE', #8407, .T. ) ;
#4890 = ORIENTED_EDGE ( 'NONE', *, *, #5235, .T. ) ;
#4891 =( CONVERSION_BASED_UNIT ( 'INCH', #8211 ) LENGTH_UNIT ( ) NAMED_UNIT ( #685 ) );
#4892 = FILL_AREA_STYLE ('',( #1588 ) ) ;
#4893 = CARTESIAN_POINT ( 'NONE',  ( 0.7357535637706483800, 0.01595737074312052500, -0.008541741489868335400 ) ) ;
#4894 = CARTESIAN_POINT ( 'NONE',  ( 0.5192620119333516400, 0.1612988684752974000, 0.1143450638748114000 ) ) ;
#4895 = COLOUR_RGB ( '',0.2941176470588235400, 0.2941176470588235400, 0.2941176470588235400 ) ;
#4896 = SURFACE_STYLE_FILL_AREA ( #43 ) ;
#4897 = EDGE_CURVE ( 'NONE', #5496, #8580, #5068, .T. ) ;
#4898 = FILL_AREA_STYLE ('',( #7518 ) ) ;
#4899 = AXIS2_PLACEMENT_3D ( 'NONE', #1433, #6095, #2106 ) ;
#4900 = VERTEX_POINT ( 'NONE', #1011 ) ;
#4901 = CARTESIAN_POINT ( 'NONE',  ( 0.3353349286000829600, -0.05667288742156566300, 0.1237556382457885700 ) ) ;
#4902 = LINE ( 'NONE', #3059, #1356 ) ;
#4903 = EDGE_CURVE ( 'NONE', #5071, #5203, #3290, .T. ) ;
#4904 = SURFACE_STYLE_USAGE ( .BOTH. , #234 ) ;
#4905 = ORIENTED_EDGE ( 'NONE', *, *, #1211, .F. ) ;
#4906 =( LENGTH_UNIT ( ) NAMED_UNIT ( * ) SI_UNIT ( $, .METRE. ) );
#4907 = DIRECTION ( 'NONE',  ( 1.000000000000000000, 0.0000000000000000000, 0.0000000000000000000 ) ) ;
#4908 = VECTOR ( 'NONE', #5502, 39.37007874015748100 ) ;
#4909 = PRESENTATION_STYLE_ASSIGNMENT (( #4708 ) ) ;
#4910 = LENGTH_MEASURE_WITH_UNIT ( LENGTH_MEASURE( 0.02539999999999999900 ), #3544 );
#4911 = ORIENTED_EDGE ( 'NONE', *, *, #514, .F. ) ;
#4912 = DIRECTION ( 'NONE',  ( 0.0000000000000000000, 0.0000000000000000000, -1.000000000000000000 ) ) ;
#4913 = MECHANICAL_DESIGN_GEOMETRIC_PRESENTATION_REPRESENTATION (  '', ( #3565 ), #5352 ) ;
#4914 = SURFACE_SIDE_STYLE ('',( #3403 ) ) ;
#4915 =( CONVERSION_BASED_UNIT ( 'INCH', #869 ) LENGTH_UNIT ( ) NAMED_UNIT ( #8039 ) );
#4916 = CARTESIAN_POINT ( 'NONE',  ( 0.7357535637706483800, 0.09595737074312052400, -0.008541741489868335400 ) ) ;
#4917 = PLANE ( 'NONE',  #2702 ) ;
#4918 = CARTESIAN_POINT ( 'NONE',  ( 0.7307535637706486000, -0.3230426292568794900, 0.3109582585101316500 ) ) ;
#4919 = ORIENTED_EDGE ( 'NONE', *, *, #1106, .T. ) ;
#4920 = ORIENTED_EDGE ( 'NONE', *, *, #777, .T. ) ;
#4921 = CARTESIAN_POINT ( 'NONE',  ( 0.4102099286000346300, 0.1532059255306947900, -0.08505918288382555100 ) ) ;
#4922 = ADVANCED_FACE ( 'NONE', ( #3069 ), #6326, .T. ) ;
#4923 = SURFACE_SIDE_STYLE ('',( #3984 ) ) ;
#4924 = CARTESIAN_POINT ( 'NONE',  ( 0.7557535637706485100, -0.3480426292568794500, -0.3280417414898683100 ) ) ;
#4925 = VERTEX_POINT ( 'NONE', #6996 ) ;
#4926 = CARTESIAN_POINT ( 'NONE',  ( 0.4503661786000243100, -0.1570447915916761400, -0.08610900462011932000 ) ) ;
#4927 = CIRCLE ( 'NONE', #1470, 0.06200000000000004800 ) ;
#4928 = DIRECTION ( 'NONE',  ( 1.000000000000000000, 0.0000000000000000000, 0.0000000000000000000 ) ) ;
#4929 =( GEOMETRIC_REPRESENTATION_CONTEXT ( 3 ) GLOBAL_UNCERTAINTY_ASSIGNED_CONTEXT ( ( #6231 ) ) GLOBAL_UNIT_ASSIGNED_CONTEXT ( ( #4915, #913, #5566 ) ) REPRESENTATION_CONTEXT ( 'NONE', 'WORKASPACE' ) );
#4930 = FILL_AREA_STYLE_COLOUR ( '', #6046 ) ;
#4931 = UNCERTAINTY_MEASURE_WITH_UNIT (LENGTH_MEASURE( 1.000000000000000100E-005 ), #3485, 'distance_accuracy_value', 'NONE');
#4932 = VECTOR ( 'NONE', #7878, 39.37007874015748100 ) ;
#4933 = SURFACE_STYLE_USAGE ( .BOTH. , #265 ) ;
#4934 = CARTESIAN_POINT ( 'NONE',  ( -0.2302464362293515600, -0.3480426292568794500, -0.008541741489868335400 ) ) ;
#4935 = VECTOR ( 'NONE', #7561, 39.37007874015748100 ) ;
#4936 = SURFACE_STYLE_FILL_AREA ( #5591 ) ;
#4937 = SURFACE_STYLE_USAGE ( .BOTH. , #268 ) ;
#4938 = EDGE_LOOP ( 'NONE', ( #273, #1565, #6621, #582, #84, #1134, #426, #5780, #391, #4105, #4423, #2491 ) ) ;
#4939 =( LENGTH_UNIT ( ) NAMED_UNIT ( * ) SI_UNIT ( $, .METRE. ) );
#4940 = CARTESIAN_POINT ( 'NONE',  ( -0.5822464362293516800, -0.009042629256879463800, -0.08453516225772164700 ) ) ;
#4941 = AXIS2_PLACEMENT_3D ( 'NONE', #3949, #8595, #4635 ) ;
#4942 = STYLED_ITEM ( 'NONE', ( #7682 ), #1883 ) ;
#4943 = EDGE_CURVE ( 'NONE', #1892, #1892, #2444, .T. ) ;
#4944 = CARTESIAN_POINT ( 'NONE',  ( 0.6907535637706484500, -0.02053261085912316800, 0.02195825851013172300 ) ) ;
#4945 = FACE_OUTER_BOUND ( 'NONE', #4398, .T. ) ;
#4946 = SURFACE_STYLE_FILL_AREA ( #6816 ) ;
#4947 = FACE_OUTER_BOUND ( 'NONE', #7265, .T. ) ;
#4948 = CARTESIAN_POINT ( 'NONE',  ( 0.3064182619334247500, -0.05481347848361549400, -0.1003895298490373700 ) ) ;
#4949 = AXIS2_PLACEMENT_3D ( 'NONE', #8402, #7091, #3108 ) ;
#4950 = VERTEX_POINT ( 'NONE', #3716 ) ;
#4951 = SURFACE_STYLE_FILL_AREA ( #5713 ) ;
#4952 = LENGTH_MEASURE_WITH_UNIT ( LENGTH_MEASURE( 0.02539999999999999900 ), #691 );
#4953 = ADVANCED_FACE ( 'NONE', ( #2241, #452, #5777 ), #3038, .T. ) ;
#4954 =( GEOMETRIC_REPRESENTATION_CONTEXT ( 3 ) GLOBAL_UNCERTAINTY_ASSIGNED_CONTEXT ( ( #2151 ) ) GLOBAL_UNIT_ASSIGNED_CONTEXT ( ( #4733, #4052, #3398 ) ) REPRESENTATION_CONTEXT ( 'NONE', 'WORKASPACE' ) );
#4955 = CARTESIAN_POINT ( 'NONE',  ( -0.5953067711179979000, 0.06759761468497503500, -0.03354174148986832600 ) ) ;
#4956 = ORIENTED_EDGE ( 'NONE', *, *, #3093, .T. ) ;
#4957 = AXIS2_PLACEMENT_3D ( 'NONE', #2248, #6899, #2918 ) ;
#4958 = ADVANCED_FACE ( 'NONE', ( #8480 ), #4140, .T. ) ;
#4959 = LINE ( 'NONE', #8613, #4765 ) ;
#4960 = CARTESIAN_POINT ( 'NONE',  ( -0.5372464362293516400, -0.2830426292568795100, -0.1310417414898683300 ) ) ;
#4961 = DIMENSIONAL_EXPONENTS ( 1.000000000000000000, 0.0000000000000000000, 0.0000000000000000000, 0.0000000000000000000, 0.0000000000000000000, 0.0000000000000000000, 0.0000000000000000000 ) ;
#4962 = UNCERTAINTY_MEASURE_WITH_UNIT (LENGTH_MEASURE( 1.000000000000000100E-005 ), #549, 'distance_accuracy_value', 'NONE');
#4963 = EDGE_CURVE ( 'NONE', #312, #3991, #2557, .T. ) ;
#4964 = FILL_AREA_STYLE ('',( #6291 ) ) ;
#4965 = CARTESIAN_POINT ( 'NONE',  ( 0.7497281360351080200, 0.01595737074312052500, -0.008541741489868335400 ) ) ;
#4966 = FILL_AREA_STYLE_COLOUR ( '', #3045 ) ;
#4967 = FILL_AREA_STYLE ('',( #3623 ) ) ;
#4968 = DIRECTION ( 'NONE',  ( 0.0000000000000000000, 0.0000000000000000000, -1.000000000000000000 ) ) ;
#4969 = DIRECTION ( 'NONE',  ( 0.0000000000000000000, 0.0000000000000000000, -1.000000000000000000 ) ) ;
#4970 = DIRECTION ( 'NONE',  ( 0.0000000000000000000, 0.0000000000000000000, 1.000000000000000000 ) ) ;
#4971 = VERTEX_POINT ( 'NONE', #1785 ) ;
#4972 = FACE_OUTER_BOUND ( 'NONE', #1545, .T. ) ;
#4973 = CARTESIAN_POINT ( 'NONE',  ( 0.6858349286000459100, -0.1767567826772440400, 0.05346212646611601900 ) ) ;
#4974 = EDGE_LOOP ( 'NONE', ( #2459 ) ) ;
#4975 = AXIS2_PLACEMENT_3D ( 'NONE', #3160, #7806, #3841 ) ;
#4976 = ORIENTED_EDGE ( 'NONE', *, *, #1041, .F. ) ;
#4977 = STYLED_ITEM ( 'NONE', ( #4123 ), #400 ) ;
#4978 = ORIENTED_EDGE ( 'NONE', *, *, #658, .T. ) ;
#4979 = STYLED_ITEM ( 'NONE', ( #1973 ), #6993 ) ;
#4980 = COLOUR_RGB ( '',0.2941176470588235400, 0.2941176470588235400, 0.2941176470588235400 ) ;
#4981 = CYLINDRICAL_SURFACE ( 'NONE', #7790, 0.01599999999999998000 ) ;
#4982 = VERTEX_POINT ( 'NONE', #5120 ) ;
#4983 =( NAMED_UNIT ( * ) PLANE_ANGLE_UNIT ( ) SI_UNIT ( $, .RADIAN. ) );
#4984 =( NAMED_UNIT ( * ) PLANE_ANGLE_UNIT ( ) SI_UNIT ( $, .RADIAN. ) );
#4985 = SURFACE_STYLE_FILL_AREA ( #247 ) ;
#4986 = CARTESIAN_POINT ( 'NONE',  ( 0.7441050052029849500, 0.08001697331184108600, -0.03354174148986834700 ) ) ;
#4987 = PRESENTATION_STYLE_ASSIGNMENT (( #4075 ) ) ;
#4988 = LENGTH_MEASURE_WITH_UNIT ( LENGTH_MEASURE( 0.02539999999999999900 ), #5115 );
#4989 = UNCERTAINTY_MEASURE_WITH_UNIT (LENGTH_MEASURE( 1.000000000000000100E-005 ), #1267, 'distance_accuracy_value', 'NONE');
#4990 = LINE ( 'NONE', #92, #4793 ) ;
#4991 = STYLED_ITEM ( 'NONE', ( #3285 ), #5010 ) ;
#4992 = DIRECTION ( 'NONE',  ( 1.000000000000000000, 0.0000000000000000000, 0.0000000000000000000 ) ) ;
#4993 = MECHANICAL_DESIGN_GEOMETRIC_PRESENTATION_REPRESENTATION (  '', ( #4117 ), #5435 ) ;
#4994 = EDGE_CURVE ( 'NONE', #2508, #8194, #565, .T. ) ;
#4995 = ORIENTED_EDGE ( 'NONE', *, *, #8576, .F. ) ;
#4996 = DIRECTION ( 'NONE',  ( 0.0000000000000000000, 0.0000000000000000000, -1.000000000000000000 ) ) ;
#4997 = FILL_AREA_STYLE_COLOUR ( '', #8355 ) ;
#4998 = EDGE_LOOP ( 'NONE', ( #7575, #7395, #7457, #2217, #6503, #6470, #4599, #5289, #2936, #1455, #4911, #5908, #1539, #5602, #3669, #5308 ) ) ;
#4999 = CARTESIAN_POINT ( 'NONE',  ( 0.2247535637706484500, -0.2830426292568795100, -0.008541741489868224400 ) ) ;
#5000 = ADVANCED_FACE ( 'NONE', ( #5880 ), #4493, .F. ) ;
#5001 = AXIS2_PLACEMENT_3D ( 'NONE', #669, #5341, #1350 ) ;
#5002 = DIRECTION ( 'NONE',  ( -1.000000000000000000, 0.0000000000000000000, 1.219574997171554500E-016 ) ) ;
#5003 = SURFACE_SIDE_STYLE ('',( #6758 ) ) ;
#5004 = PRESENTATION_STYLE_ASSIGNMENT (( #6104 ) ) ;
#5005 = FILL_AREA_STYLE_COLOUR ( '', #8369 ) ;
#5006 = CARTESIAN_POINT ( 'NONE',  ( 0.5356260426806950200, 0.09053504554621529000, -0.1993047511427988900 ) ) ;
#5007 = CARTESIAN_POINT ( 'NONE',  ( 0.7357535637706483800, -0.009042629256879463800, -0.04571304426445600000 ) ) ;
#5008 = EDGE_LOOP ( 'NONE', ( #5469 ) ) ;
#5009 = CARTESIAN_POINT ( 'NONE',  ( 0.6054182619333821100, -0.05616477738842035700, 0.1783696278034997100 ) ) ;
#5010 = ADVANCED_FACE ( 'NONE', ( #5058 ), #6409, .F. ) ;
#5011 = PRESENTATION_STYLE_ASSIGNMENT (( #1010 ) ) ;
#5012 = EDGE_CURVE ( 'NONE', #372, #1144, #2438, .T. ) ;
#5013 = VECTOR ( 'NONE', #5027, 39.37007874015748100 ) ;
#5014 = DIRECTION ( 'NONE',  ( 0.0000000000000000000, 0.0000000000000000000, 1.000000000000000000 ) ) ;
#5016 = SURFACE_SIDE_STYLE ('',( #3097 ) ) ;
#5015 =( GEOMETRIC_REPRESENTATION_CONTEXT ( 3 ) GLOBAL_UNCERTAINTY_ASSIGNED_CONTEXT ( ( #744 ) ) GLOBAL_UNIT_ASSIGNED_CONTEXT ( ( #8463, #4511, #479 ) ) REPRESENTATION_CONTEXT ( 'NONE', 'WORKASPACE' ) );
#5017 = ORIENTED_EDGE ( 'NONE', *, *, #1319, .T. ) ;
#5018 = COLOUR_RGB ( '',0.2941176470588235400, 0.2941176470588235400, 0.2941176470588235400 ) ;
#5019 = PRESENTATION_STYLE_ASSIGNMENT (( #2748 ) ) ;
#5020 = LINE ( 'NONE', #3915, #3243 ) ;
#5021 = CARTESIAN_POINT ( 'NONE',  ( -0.5772464362293517900, -0.02053261085912316800, 0.3109582585101316500 ) ) ;
#5022 = SURFACE_STYLE_FILL_AREA ( #3488 ) ;
#5023 = EDGE_CURVE ( 'NONE', #7459, #8107, #7728, .T. ) ;
#5024 =( CONVERSION_BASED_UNIT ( 'INCH', #4099 ) LENGTH_UNIT ( ) NAMED_UNIT ( #2502 ) );
#5025 = ORIENTED_EDGE ( 'NONE', *, *, #4084, .T. ) ;
#5026 = UNCERTAINTY_MEASURE_WITH_UNIT (LENGTH_MEASURE( 1.000000000000000100E-005 ), #5783, 'distance_accuracy_value', 'NONE');
#5027 = DIRECTION ( 'NONE',  ( 1.000000000000000000, 0.0000000000000000000, 0.0000000000000000000 ) ) ;
#5028 = VERTEX_POINT ( 'NONE', #865 ) ;
#5029 = CARTESIAN_POINT ( 'NONE',  ( -0.5041755700876193700, -0.8200426292568794300, -0.008541741489868335400 ) ) ;
#5030 = PRESENTATION_STYLE_ASSIGNMENT (( #4430 ) ) ;
#5031 = VERTEX_POINT ( 'NONE', #6538 ) ;
#5032 = CARTESIAN_POINT ( 'NONE',  ( 0.7065015952667114100, 0.02093943528330556200, -0.006483369568937349600 ) ) ;
#5033 = DIRECTION ( 'NONE',  ( 0.0000000000000000000, -1.000000000000000000, 0.0000000000000000000 ) ) ;
#5034 = VERTEX_POINT ( 'NONE', #7187 ) ;
#5035 = UNCERTAINTY_MEASURE_WITH_UNIT (LENGTH_MEASURE( 1.000000000000000100E-005 ), #6035, 'distance_accuracy_value', 'NONE');
#5036 = CARTESIAN_POINT ( 'NONE',  ( 0.6907535637706484500, -0.2830426292568795100, 0.3359582585101316100 ) ) ;
#5037 = CARTESIAN_POINT ( 'NONE',  ( -0.07524643622935149600, -0.2800426292568794500, -0.008541741489868224400 ) ) ;
#5038 =( NAMED_UNIT ( * ) PLANE_ANGLE_UNIT ( ) SI_UNIT ( $, .RADIAN. ) );
#5039 = CARTESIAN_POINT ( 'NONE',  ( 0.4790432619333769300, 0.007744525116048912200, 0.1879588862935022400 ) ) ;
#5040 = SURFACE_STYLE_FILL_AREA ( #3286 ) ;
#5041 = ORIENTED_EDGE ( 'NONE', *, *, #8162, .F. ) ;
#5042 = MECHANICAL_DESIGN_GEOMETRIC_PRESENTATION_REPRESENTATION (  '', ( #4157 ), #5464 ) ;
#5043 = DIRECTION ( 'NONE',  ( -0.0000000000000000000, -1.000000000000000000, -0.0000000000000000000 ) ) ;
#5044 = DIRECTION ( 'NONE',  ( 1.000000000000000000, -1.077227126839222100E-016, 0.0000000000000000000 ) ) ;
#5045 = ORIENTED_EDGE ( 'NONE', *, *, #3673, .F. ) ;
#5046 = DIRECTION ( 'NONE',  ( -2.083719980598119200E-016, -1.000000000000000000, 0.0000000000000000000 ) ) ;
#5047 = CARTESIAN_POINT ( 'NONE',  ( 0.7044813145194215300, 0.1116337394124356400, 0.1499133427310569100 ) ) ;
#5048 = SURFACE_STYLE_FILL_AREA ( #6903 ) ;
#5049 = STYLED_ITEM ( 'NONE', ( #232 ), #4567 ) ;
#5050 = FACE_OUTER_BOUND ( 'NONE', #4692, .T. ) ;
#5051 = DIRECTION ( 'NONE',  ( -0.0000000000000000000, -0.0000000000000000000, -1.000000000000000000 ) ) ;
#5052 = FACE_BOUND ( 'NONE', #8132, .T. ) ;
#5053 = AXIS2_PLACEMENT_3D ( 'NONE', #8441, #460, #491 ) ;
#5054 = ADVANCED_FACE ( 'NONE', ( #5767 ), #527, .T. ) ;
#5055 =( NAMED_UNIT ( * ) PLANE_ANGLE_UNIT ( ) SI_UNIT ( $, .RADIAN. ) );
#5056 = DIMENSIONAL_EXPONENTS ( 1.000000000000000000, 0.0000000000000000000, 0.0000000000000000000, 0.0000000000000000000, 0.0000000000000000000, 0.0000000000000000000, 0.0000000000000000000 ) ;
#5057 =( CONVERSION_BASED_UNIT ( 'INCH', #7782 ) LENGTH_UNIT ( ) NAMED_UNIT ( #28 ) );
#5058 = FACE_OUTER_BOUND ( 'NONE', #3193, .T. ) ;
#5059 = FILL_AREA_STYLE ('',( #1032 ) ) ;
#5060 = VECTOR ( 'NONE', #5465, 39.37007874015748100 ) ;
#5061 =( NAMED_UNIT ( * ) SI_UNIT ( $, .STERADIAN. ) SOLID_ANGLE_UNIT ( ) );
#5062 =( NAMED_UNIT ( * ) SI_UNIT ( $, .STERADIAN. ) SOLID_ANGLE_UNIT ( ) );
#5063 =( NAMED_UNIT ( * ) PLANE_ANGLE_UNIT ( ) SI_UNIT ( $, .RADIAN. ) );
#5064 = DIRECTION ( 'NONE',  ( 1.000000000000000000, 0.0000000000000000000, 0.0000000000000000000 ) ) ;
#5065 = CARTESIAN_POINT ( 'NONE',  ( 0.3812093760140080100, 0.1879825787773649900, -0.01847332552145113100 ) ) ;
#5066 = MECHANICAL_DESIGN_GEOMETRIC_PRESENTATION_REPRESENTATION (  '', ( #4182 ), #5488 ) ;
#5067 = EDGE_CURVE ( 'NONE', #2515, #5804, #6694, .T. ) ;
#5068 = LINE ( 'NONE', #329, #6814 ) ;
#5069 = FILL_AREA_STYLE_COLOUR ( '', #4842 ) ;
#5070 = DIMENSIONAL_EXPONENTS ( 1.000000000000000000, 0.0000000000000000000, 0.0000000000000000000, 0.0000000000000000000, 0.0000000000000000000, 0.0000000000000000000, 0.0000000000000000000 ) ;
#5071 = VERTEX_POINT ( 'NONE', #7887 ) ;
#5072 = ORIENTED_EDGE ( 'NONE', *, *, #1825, .F. ) ;
#5073 = SURFACE_STYLE_FILL_AREA ( #515 ) ;
#5074 = CARTESIAN_POINT ( 'NONE',  ( 0.6240646478527504000, 0.1843033264496579100, 0.06272433259633784800 ) ) ;
#5075 = UNCERTAINTY_MEASURE_WITH_UNIT (LENGTH_MEASURE( 1.000000000000000100E-005 ), #6848, 'distance_accuracy_value', 'NONE');
#5076 =( CONVERSION_BASED_UNIT ( 'INCH', #3030 ) LENGTH_UNIT ( ) NAMED_UNIT ( #7818 ) );
#5077 = STYLED_ITEM ( 'NONE', ( #6955 ), #3320 ) ;
#5078 = LINE ( 'NONE', #3004, #4869 ) ;
#5079 = EDGE_LOOP ( 'NONE', ( #7658 ) ) ;
#5080 = FILL_AREA_STYLE_COLOUR ( '', #2187 ) ;
#5081 = PLANE ( 'NONE',  #4392 ) ;
#5082 = FILL_AREA_STYLE ('',( #2365 ) ) ;
#5083 = EDGE_LOOP ( 'NONE', ( #176, #4681, #4496, #3256, #3318, #1405, #7409, #2302, #3635, #3197, #524, #6138, #3240, #6836, #6216, #5212 ) ) ;
#5084 = CARTESIAN_POINT ( 'NONE',  ( -0.5845683339780665100, -0.05752939168130005700, 0.01645825851013166600 ) ) ;
#5085 = ORIENTED_EDGE ( 'NONE', *, *, #693, .F. ) ;
#5086 = CARTESIAN_POINT ( 'NONE',  ( -0.4972464362293515500, -0.3480426292568794500, -0.1310417414898683300 ) ) ;
#5087 = DIRECTION ( 'NONE',  ( 0.0000000000000000000, 0.0000000000000000000, -1.000000000000000000 ) ) ;
#5088 = DIRECTION ( 'NONE',  ( 0.0000000000000000000, -0.0000000000000000000, 1.000000000000000000 ) ) ;
#5089 = CARTESIAN_POINT ( 'NONE',  ( 0.3288870119334312300, -0.02354845937705113100, 0.1334333366313129600 ) ) ;
#5090 = ADVANCED_FACE ( 'NONE', ( #4945, #8472 ), #2334, .T. ) ;
#5091 = AXIS2_PLACEMENT_3D ( 'NONE', #856, #5509, #1529 ) ;
#5092 = DIMENSIONAL_EXPONENTS ( 1.000000000000000000, 0.0000000000000000000, 0.0000000000000000000, 0.0000000000000000000, 0.0000000000000000000, 0.0000000000000000000, 0.0000000000000000000 ) ;
#5093 = ORIENTED_EDGE ( 'NONE', *, *, #2218, .F. ) ;
#5094 = VECTOR ( 'NONE', #3414, 39.37007874015748100 ) ;
#5095 = VERTEX_POINT ( 'NONE', #611 ) ;
#5096 = AXIS2_PLACEMENT_3D ( 'NONE', #2013, #7992, #6684 ) ;
#5097 = CARTESIAN_POINT ( 'NONE',  ( -0.5822464362293516800, 0.01595737074312052500, -0.008541741489868335400 ) ) ;
#5098 = CARTESIAN_POINT ( 'NONE',  ( 0.7401392575860786800, -0.05477453638033694100, -0.03354174148986832600 ) ) ;
#5099 = VECTOR ( 'NONE', #2540, 39.37007874015748100 ) ;
#5100 =( GEOMETRIC_REPRESENTATION_CONTEXT ( 3 ) GLOBAL_UNCERTAINTY_ASSIGNED_CONTEXT ( ( #6610 ) ) GLOBAL_UNIT_ASSIGNED_CONTEXT ( ( #1983, #6638, #2650 ) ) REPRESENTATION_CONTEXT ( 'NONE', 'WORKASPACE' ) );
#5101 = LENGTH_MEASURE_WITH_UNIT ( LENGTH_MEASURE( 0.02539999999999999900 ), #3092 );
#5102 = SURFACE_STYLE_FILL_AREA ( #6615 ) ;
#5103 =( NAMED_UNIT ( * ) SI_UNIT ( $, .STERADIAN. ) SOLID_ANGLE_UNIT ( ) );
#5104 = CARTESIAN_POINT ( 'NONE',  ( 0.5476688145194558200, 0.08194048832242099800, -0.1773199021474831400 ) ) ;
#5105 = CARTESIAN_POINT ( 'NONE',  ( 0.6843968760140029000, 0.006440992964439751600, 0.1762934448707915400 ) ) ;
#5106 = SURFACE_STYLE_USAGE ( .BOTH. , #422 ) ;
#5107 = ORIENTED_EDGE ( 'NONE', *, *, #2487, .F. ) ;
#5108 = SURFACE_STYLE_USAGE ( .BOTH. , #424 ) ;
#5109 = CARTESIAN_POINT ( 'NONE',  ( 0.7307535637706486000, 0.2539573707431204100, -0.2335417414898683400 ) ) ;
#5110 = SURFACE_STYLE_FILL_AREA ( #5739 ) ;
#5111 = AXIS2_PLACEMENT_3D ( 'NONE', #7698, #3737, #8378 ) ;
#5112 = DIMENSIONAL_EXPONENTS ( 1.000000000000000000, 0.0000000000000000000, 0.0000000000000000000, 0.0000000000000000000, 0.0000000000000000000, 0.0000000000000000000, 0.0000000000000000000 ) ;
#5113 = AXIS2_PLACEMENT_3D ( 'NONE', #6155, #7443, #857 ) ;
#5114 = EDGE_CURVE ( 'NONE', #4133, #547, #5869, .T. ) ;
#5115 =( LENGTH_UNIT ( ) NAMED_UNIT ( * ) SI_UNIT ( $, .METRE. ) );
#5116 = FILL_AREA_STYLE_COLOUR ( '', #7402 ) ;
#5117 = SURFACE_STYLE_USAGE ( .BOTH. , #432 ) ;
#5118 = DIRECTION ( 'NONE',  ( -1.000000000000000000, 0.0000000000000000000, 0.0000000000000000000 ) ) ;
#5119 = STYLED_ITEM ( 'NONE', ( #963 ), #8262 ) ;
#5120 = CARTESIAN_POINT ( 'NONE',  ( -0.5372464362293517500, -0.02053261085912316800, -0.3530417414898683300 ) ) ;
#5121 = CARTESIAN_POINT ( 'NONE',  ( 0.4790432619333769300, 0.008243164351330930400, 0.1753965921518287100 ) ) ;
#5122 = TOROIDAL_SURFACE ( 'NONE', #202, 0.3500000000000000300, 0.02500000000000000100 ) ;
#5123 = CARTESIAN_POINT ( 'NONE',  ( 0.3767208978527645200, 0.1545319476196132500, 0.08358551019896504100 ) ) ;
#5124 = CARTESIAN_POINT ( 'NONE',  ( 0.1997535637706484300, -0.2830426292568795100, -0.01354174148986833600 ) ) ;
#5125 = CARTESIAN_POINT ( 'NONE',  ( -0.5772464362293517900, 0.2539573707431204100, 0.2164582585101316200 ) ) ;
#5126 = MECHANICAL_DESIGN_GEOMETRIC_PRESENTATION_REPRESENTATION (  '', ( #4249 ), #5550 ) ;
#5127 = PRESENTATION_STYLE_ASSIGNMENT (( #4904 ) ) ;
#5128 = EDGE_CURVE ( 'NONE', #121, #121, #4126, .T. ) ;
#5129 = PRESENTATION_STYLE_ASSIGNMENT (( #7118 ) ) ;
#5130 = ORIENTED_EDGE ( 'NONE', *, *, #5349, .F. ) ;
#5131 = ORIENTED_EDGE ( 'NONE', *, *, #6575, .T. ) ;
#5132 = STYLED_ITEM ( 'NONE', ( #4278 ), #2950 ) ;
#5133 = UNCERTAINTY_MEASURE_WITH_UNIT (LENGTH_MEASURE( 1.000000000000000100E-005 ), #4109, 'distance_accuracy_value', 'NONE');
#5134 = LENGTH_MEASURE_WITH_UNIT ( LENGTH_MEASURE( 0.02539999999999999900 ), #7489 );
#5135 = SURFACE_STYLE_USAGE ( .BOTH. , #449 ) ;
#5136 = UNCERTAINTY_MEASURE_WITH_UNIT (LENGTH_MEASURE( 1.000000000000000100E-005 ), #8163, 'distance_accuracy_value', 'NONE');
#5137 = CARTESIAN_POINT ( 'NONE',  ( 0.4449083978527790800, -0.08202517720639676500, -0.1388798895667763000 ) ) ;
#5138 = EDGE_CURVE ( 'NONE', #3828, #7243, #7415, .T. ) ;
#5139 = CARTESIAN_POINT ( 'NONE',  ( 0.6683135426806685600, -0.1593907503165971400, 0.04787450319044608100 ) ) ;
#5140 = FILL_AREA_STYLE_COLOUR ( '', #6879 ) ;
#5141 = FILL_AREA_STYLE ('',( #3111 ) ) ;
#5142 = ORIENTED_EDGE ( 'NONE', *, *, #3054, .F. ) ;
#5143 = CARTESIAN_POINT ( 'NONE',  ( 0.5410849286000635200, 0.1898741274587381900, -0.1052693552606467200 ) ) ;
#5144 = LENGTH_MEASURE_WITH_UNIT ( LENGTH_MEASURE( 0.02539999999999999900 ), #8623 );
#5145 = PRESENTATION_STYLE_ASSIGNMENT (( #5837 ) ) ;
#5146 = CARTESIAN_POINT ( 'NONE',  ( 0.2742535637706484100, -0.03604262925687949600, -0.3530417414898683300 ) ) ;
#5147 = VERTEX_POINT ( 'NONE', #8626 ) ;
#5148 = FILL_AREA_STYLE_COLOUR ( '', #6589 ) ;
#5149 = STYLED_ITEM ( 'NONE', ( #4057 ), #3729 ) ;
#5150 = CARTESIAN_POINT ( 'NONE',  ( 0.2147535637706484100, -0.2800426292568794500, -0.008541741489868224400 ) ) ;
#5151 = SURFACE_SIDE_STYLE ('',( #779 ) ) ;
#5152 = CARTESIAN_POINT ( 'NONE',  ( 0.6668557619333784800, -0.1490425485026091500, 0.1095223235492066300 ) ) ;
#5153 = CARTESIAN_POINT ( 'NONE',  ( 0.2807313145193932600, 0.08237065823555472800, -0.1165730059103081000 ) ) ;
#5154 = STYLED_ITEM ( 'NONE', ( #4076 ), #275 ) ;
#5155 = SURFACE_STYLE_FILL_AREA ( #7231 ) ;
#5156 = DIRECTION ( 'NONE',  ( -1.422837496700137700E-016, 0.0000000000000000000, 1.000000000000000000 ) ) ;
#5157 = ORIENTED_EDGE ( 'NONE', *, *, #2280, .F. ) ;
#5158 = SURFACE_STYLE_USAGE ( .BOTH. , #471 ) ;
#5159 = PRESENTATION_STYLE_ASSIGNMENT (( #4196 ) ) ;
#5160 = CYLINDRICAL_SURFACE ( 'NONE', #4613, 0.02016174311996134900 ) ;
#5161 = FACE_BOUND ( 'NONE', #519, .T. ) ;
#5162 = CARTESIAN_POINT ( 'NONE',  ( 0.3413563145194633600, -0.04538200896409367400, 0.1030261136216737800 ) ) ;
#5163 = ADVANCED_FACE ( 'NONE', ( #770 ), #7269, .F. ) ;
#5164 = CARTESIAN_POINT ( 'NONE',  ( 0.4101682619333706400, 0.03268607635898157500, -0.1715329657684684900 ) ) ;
#5165 = MECHANICAL_DESIGN_GEOMETRIC_PRESENTATION_REPRESENTATION (  '', ( #4291 ), #5585 ) ;
#5166 = DIRECTION ( 'NONE',  ( 0.0000000000000000000, 0.0000000000000000000, -1.000000000000000000 ) ) ;
#5167 = EDGE_CURVE ( 'NONE', #1844, #5532, #6599, .T. ) ;
#5168 = COLOUR_RGB ( '',0.2941176470588235400, 0.2941176470588235400, 0.2941176470588235400 ) ;
#5169 = CARTESIAN_POINT ( 'NONE',  ( 0.4331682619333706600, 0.03392665012128887700, -0.1838758846576614700 ) ) ;
#5170 = SURFACE_STYLE_USAGE ( .BOTH. , #485 ) ;
#5171 = SURFACE_SIDE_STYLE ('',( #2600 ) ) ;
#5172 = ORIENTED_EDGE ( 'NONE', *, *, #7765, .F. ) ;
#5173 = DIRECTION ( 'NONE',  ( 1.000000000000000000, 0.0000000000000000000, 0.0000000000000000000 ) ) ;
#5174 =( LENGTH_UNIT ( ) NAMED_UNIT ( * ) SI_UNIT ( $, .METRE. ) );
#5175 = LINE ( 'NONE', #1259, #6925 ) ;
#5176 = SURFACE_SIDE_STYLE ('',( #8261 ) ) ;
#5177 = FILL_AREA_STYLE ('',( #3119 ) ) ;
#5178 = CARTESIAN_POINT ( 'NONE',  ( 0.5301474286000754700, 0.08398771711472209600, -0.1825567066373108800 ) ) ;
#5179 = CARTESIAN_POINT ( 'NONE',  ( 0.6542307619333657100, -0.07734190535712046100, -0.1940988952772970700 ) ) ;
#5180 = EDGE_CURVE ( 'NONE', #3031, #6420, #3276, .T. ) ;
#5181 = MECHANICAL_DESIGN_GEOMETRIC_PRESENTATION_REPRESENTATION (  '', ( #3386 ), #5603 ) ;
#5182 =( GEOMETRIC_REPRESENTATION_CONTEXT ( 3 ) GLOBAL_UNCERTAINTY_ASSIGNED_CONTEXT ( ( #3191 ) ) GLOBAL_UNIT_ASSIGNED_CONTEXT ( ( #3165, #7810, #3844 ) ) REPRESENTATION_CONTEXT ( 'NONE', 'WORKASPACE' ) );
#5183 = FILL_AREA_STYLE ('',( #1791 ) ) ;
#5184 = EDGE_CURVE ( 'NONE', #7382, #1111, #4843, .T. ) ;
#5185 = VERTEX_POINT ( 'NONE', #3650 ) ;
#5186 = LINE ( 'NONE', #6204, #6938 ) ;
#5187 = ORIENTED_EDGE ( 'NONE', *, *, #5235, .F. ) ;
#5188 = ORIENTED_EDGE ( 'NONE', *, *, #3513, .F. ) ;
#5189 = CARTESIAN_POINT ( 'NONE',  ( -0.1207464362293516100, 0.2539573707431204100, -0.2335417414898683400 ) ) ;
#5190 = CARTESIAN_POINT ( 'NONE',  ( 0.7139507707265878600, 0.1624303430114087100, 0.1147901441425210800 ) ) ;
#5191 = EDGE_LOOP ( 'NONE', ( #2589, #2274, #8030, #6522 ) ) ;
#5192 = CARTESIAN_POINT ( 'NONE',  ( 0.6361468760140061000, 0.08148551491105084100, -0.1798749931842017200 ) ) ;
#5193 = SURFACE_STYLE_USAGE ( .BOTH. , #513 ) ;
#5194 = AXIS2_PLACEMENT_3D ( 'NONE', #3446, #8080, #4135 ) ;
#5195 = SURFACE_SIDE_STYLE ('',( #5073 ) ) ;
#5196 = CARTESIAN_POINT ( 'NONE',  ( 0.3316786786000588400, -0.1137396073919322600, 0.04132538216475156000 ) ) ;
#5197 = EDGE_LOOP ( 'NONE', ( #7194 ) ) ;
#5198 = CARTESIAN_POINT ( 'NONE',  ( -0.5372464362293516400, -0.06054262925687946300, 0.3414582585101316200 ) ) ;
#5199 = FILL_AREA_STYLE_COLOUR ( '', #3325 ) ;
#5200 = DIMENSIONAL_EXPONENTS ( 1.000000000000000000, 0.0000000000000000000, 0.0000000000000000000, 0.0000000000000000000, 0.0000000000000000000, 0.0000000000000000000, 0.0000000000000000000 ) ;
#5201 = DIRECTION ( 'NONE',  ( -1.000000000000000000, 0.0000000000000000000, 0.0000000000000000000 ) ) ;
#5202 = CARTESIAN_POINT ( 'NONE',  ( -0.5822464362293516800, 0.04095737074312051600, -0.08453516225772164700 ) ) ;
#5203 = VERTEX_POINT ( 'NONE', #6004 ) ;
#5204 = CIRCLE ( 'NONE', #1125, 0.1499999999999999700 ) ;
#5205 = FILL_AREA_STYLE ('',( #1875 ) ) ;
#5206 = CARTESIAN_POINT ( 'NONE',  ( 0.2742535637706484100, -0.02053261085912309900, -0.3180417414898682500 ) ) ;
#5207 = COLOUR_RGB ( '',0.2941176470588235400, 0.2941176470588235400, 0.2941176470588235400 ) ;
#5208 = CARTESIAN_POINT ( 'NONE',  ( 0.5100432619333595800, 0.2022476172367438400, -0.01989465864851013000 ) ) ;
#5209 = B_SPLINE_CURVE_WITH_KNOTS ( 'NONE', 3,
 ( #1887, #5866, #7197, #3228, #7867, #3906, #8553, #4590 ),
 .UNSPECIFIED., .F., .F.,
 ( 4, 2, 2, 4 ),
 ( 0.01135251925626190600, 0.01186907746044350100, 0.01212735656253430100, 0.01238563566462509900 ),
 .UNSPECIFIED. ) ;
#5210 = CARTESIAN_POINT ( 'NONE',  ( 0.5778349286000393800, -0.1854038496541256800, 0.03245667829482188500 ) ) ;
#5211 = ADVANCED_FACE ( 'NONE', ( #1298 ), #8314, .F. ) ;
#5212 = ORIENTED_EDGE ( 'NONE', *, *, #6290, .T. ) ;
#5213 = VERTEX_POINT ( 'NONE', #3679 ) ;
#5214 = ORIENTED_EDGE ( 'NONE', *, *, #35, .T. ) ;
#5215 = FILL_AREA_STYLE_COLOUR ( '', #7825 ) ;
#5216 = PRESENTATION_LAYER_ASSIGNMENT (  '', '', ( #4337 ) ) ;
#5217 = DIRECTION ( 'NONE',  ( 1.000000000000000000, 0.0000000000000000000, 0.0000000000000000000 ) ) ;
#5218 = MECHANICAL_DESIGN_GEOMETRIC_PRESENTATION_REPRESENTATION (  '', ( #3418 ), #5638 ) ;
#5219 = AXIS2_PLACEMENT_3D ( 'NONE', #1035, #5679, #1704 ) ;
#5220 = EDGE_LOOP ( 'NONE', ( #7581, #6176, #3083, #6120 ) ) ;
#5221 = LINE ( 'NONE', #7588, #8545 ) ;
#5222 = CIRCLE ( 'NONE', #1040, 0.01600000000000004900 ) ;
#5223 = CARTESIAN_POINT ( 'NONE',  ( 0.6602718760139935100, -0.1623569512203322500, -0.05465451339963792200 ) ) ;
#5224 = DIMENSIONAL_EXPONENTS ( 1.000000000000000000, 0.0000000000000000000, 0.0000000000000000000, 0.0000000000000000000, 0.0000000000000000000, 0.0000000000000000000, 0.0000000000000000000 ) ;
#5225 = DIRECTION ( 'NONE',  ( -0.0000000000000000000, -1.000000000000000000, -0.0000000000000000000 ) ) ;
#5226 = CARTESIAN_POINT ( 'NONE',  ( 0.6964396478527621300, 0.005204512701839432600, 0.2003171307612242900 ) ) ;
#5227 = ORIENTED_EDGE ( 'NONE', *, *, #531, .T. ) ;
#5228 = FACE_OUTER_BOUND ( 'NONE', #7858, .T. ) ;
#5229 = CIRCLE ( 'NONE', #7972, 0.02500000000000000500 ) ;
#5230 =( NAMED_UNIT ( * ) SI_UNIT ( $, .STERADIAN. ) SOLID_ANGLE_UNIT ( ) );
#5231 =( NAMED_UNIT ( * ) PLANE_ANGLE_UNIT ( ) SI_UNIT ( $, .RADIAN. ) );
#5232 = PRESENTATION_LAYER_ASSIGNMENT (  '', '', ( #4786 ) ) ;
#5233 = LINE ( 'NONE', #5877, #8321 ) ;
#5234 = LINE ( 'NONE', #4807, #6770 ) ;
#5235 = EDGE_CURVE ( 'NONE', #6986, #6986, #440, .T. ) ;
#5236 = PRESENTATION_STYLE_ASSIGNMENT (( #6408 ) ) ;
#5237 = DIRECTION ( 'NONE',  ( -1.000000000000000000, -0.0000000000000000000, -0.0000000000000000000 ) ) ;
#5238 = DIRECTION ( 'NONE',  ( 0.0000000000000000000, 0.0000000000000000000, -1.000000000000000000 ) ) ;
#5239 = EDGE_LOOP ( 'NONE', ( #1253 ) ) ;
#5240 = SURFACE_STYLE_USAGE ( .BOTH. , #558 ) ;
#5241 =( CONVERSION_BASED_UNIT ( 'INCH', #8104 ) LENGTH_UNIT ( ) NAMED_UNIT ( #3751 ) );
#5242 = VERTEX_POINT ( 'NONE', #3525 ) ;
#5243 =( CONVERSION_BASED_UNIT ( 'INCH', #2024 ) LENGTH_UNIT ( ) NAMED_UNIT ( #6264 ) );
#5244 = CARTESIAN_POINT ( 'NONE',  ( 0.4905224286000463600, 0.1186139582922535500, 0.1624331063694923200 ) ) ;
#5245 = SURFACE_STYLE_FILL_AREA ( #4759 ) ;
#5246 = CARTESIAN_POINT ( 'NONE',  ( 0.4905432619333768800, 0.007517679339016164300, 0.1936738464780083400 ) ) ;
#5247 = VECTOR ( 'NONE', #1720, 39.37007874015748100 ) ;
#5248 = ORIENTED_EDGE ( 'NONE', *, *, #6559, .F. ) ;
#5249 = DIRECTION ( 'NONE',  ( 1.000000000000000000, 0.0000000000000000000, -9.485583311334260800E-017 ) ) ;
#5250 = CIRCLE ( 'NONE', #3199, 0.08000000000000000200 ) ;
#5251 = DIMENSIONAL_EXPONENTS ( 1.000000000000000000, 0.0000000000000000000, 0.0000000000000000000, 0.0000000000000000000, 0.0000000000000000000, 0.0000000000000000000, 0.0000000000000000000 ) ;
#5252 = AXIS2_PLACEMENT_3D ( 'NONE', #7584, #3619, #8268 ) ;
#5253 = CARTESIAN_POINT ( 'NONE',  ( 0.1997535637706484300, -0.2830426292568795100, -0.003541741489868335700 ) ) ;
#5254 = EDGE_CURVE ( 'NONE', #903, #4666, #4741, .T. ) ;
#5255 = ADVANCED_FACE ( 'NONE', ( #7302, #2223 ), #371, .T. ) ;
#5256 = CARTESIAN_POINT ( 'NONE',  ( 0.5476885426806756800, -0.04275239210800733200, -0.1801861410559084400 ) ) ;
#5257 = FILL_AREA_STYLE_COLOUR ( '', #6569 ) ;
#5258 = DIRECTION ( 'NONE',  ( -1.000000000000000000, 0.0000000000000000000, -1.219574997171554500E-016 ) ) ;
#5259 = CARTESIAN_POINT ( 'NONE',  ( 0.6200438145194144800, 0.1773344998893928400, 0.1199832497482616600 ) ) ;
#5260 = ORIENTED_EDGE ( 'NONE', *, *, #7215, .F. ) ;
#5261 = DIRECTION ( 'NONE',  ( -1.000000000000000000, 0.0000000000000000000, 0.0000000000000000000 ) ) ;
#5262 = DIRECTION ( 'NONE',  ( -1.000000000000000000, 0.0000000000000000000, 0.0000000000000000000 ) ) ;
#5263 = CARTESIAN_POINT ( 'NONE',  ( 0.7441050052029851700, 0.04095737074312053000, 0.05551786107885219000 ) ) ;
#5264 = CARTESIAN_POINT ( 'NONE',  ( 0.7557535637706485100, -0.2830426292568795100, 0.1139582585101316500 ) ) ;
#5265 = PRESENTATION_LAYER_ASSIGNMENT (  '', '', ( #4812 ) ) ;
#5266 =( LENGTH_UNIT ( ) NAMED_UNIT ( * ) SI_UNIT ( $, .METRE. ) );
#5267 = CARTESIAN_POINT ( 'NONE',  ( 0.6576826976289161800, -0.08112506845161748800, -0.008541741489868335400 ) ) ;
#5268 = MANIFOLD_SOLID_BREP ( '2466-2-1-solid1', #1725 ) ;
#5269 = VERTEX_POINT ( 'NONE', #3767 ) ;
#5270 = AXIS2_PLACEMENT_3D ( 'NONE', #3918, #8567, #4604 ) ;
#5271 = FACE_OUTER_BOUND ( 'NONE', #5625, .T. ) ;
#5272 = COLOUR_RGB ( '',0.7921568627450980000, 0.8196078431372548800, 0.9333333333333333500 ) ;
#5273 = PRESENTATION_LAYER_ASSIGNMENT (  '', '', ( #4821 ) ) ;
#5274 = FILL_AREA_STYLE_COLOUR ( '', #3257 ) ;
#5275 = FILL_AREA_STYLE ('',( #6570 ) ) ;
#5276 = CARTESIAN_POINT ( 'NONE',  ( 0.7065015952667114100, 0.2008022892903817700, 0.06782812224745124500 ) ) ;
#5277 = COLOUR_RGB ( '',0.2941176470588235400, 0.2941176470588235400, 0.2941176470588235400 ) ;
#5278 = DIMENSIONAL_EXPONENTS ( 1.000000000000000000, 0.0000000000000000000, 0.0000000000000000000, 0.0000000000000000000, 0.0000000000000000000, 0.0000000000000000000, 0.0000000000000000000 ) ;
#5279 = CARTESIAN_POINT ( 'NONE',  ( 0.2742535637706484100, -0.04452574917998992200, -0.2176788995799948700 ) ) ;
#5280 = STYLED_ITEM ( 'NONE', ( #3907 ), #5163 ) ;
#5281 = CARTESIAN_POINT ( 'NONE',  ( 0.4787822926806673000, -0.04412533504113291800, 0.1567527417621602200 ) ) ;
#5282 = MECHANICAL_DESIGN_GEOMETRIC_PRESENTATION_REPRESENTATION (  '', ( #3491 ), #5704 ) ;
#5283 = ORIENTED_EDGE ( 'NONE', *, *, #3438, .F. ) ;
#5284 = ORIENTED_EDGE ( 'NONE', *, *, #346, .T. ) ;
#5285 = EDGE_CURVE ( 'NONE', #6205, #547, #4111, .T. ) ;
#5286 = CARTESIAN_POINT ( 'NONE',  ( -0.5962210084938113200, 0.01595737074312052500, -0.008541741489868335400 ) ) ;
#5287 = CARTESIAN_POINT ( 'NONE',  ( 0.5396271478527279200, 0.1666019770061869500, -0.1472869862651922900 ) ) ;
#5288 = AXIS2_PLACEMENT_3D ( 'NONE', #3534, #8169, #4219 ) ;
#5289 = ORIENTED_EDGE ( 'NONE', *, *, #5167, .F. ) ;
#5290 = DIRECTION ( 'NONE',  ( -1.000000000000000000, 0.0000000000000000000, 1.970082687738651500E-016 ) ) ;
#5291 = UNCERTAINTY_MEASURE_WITH_UNIT (LENGTH_MEASURE( 1.000000000000000100E-005 ), #8182, 'distance_accuracy_value', 'NONE');
#5292 = FILL_AREA_STYLE ('',( #7909 ) ) ;
#5293 = ORIENTED_EDGE ( 'NONE', *, *, #2892, .F. ) ;
#5294 = FILL_AREA_STYLE_COLOUR ( '', #5661 ) ;
#5295 = CARTESIAN_POINT ( 'NONE',  ( 0.6266474286000446300, 0.1378918478336640100, -0.1686804445846888100 ) ) ;
#5296 = EDGE_CURVE ( 'NONE', #5242, #5242, #6492, .T. ) ;
#5297 = ADVANCED_FACE ( 'NONE', ( #540 ), #4435, .F. ) ;
#5298 = MECHANICAL_DESIGN_GEOMETRIC_PRESENTATION_REPRESENTATION (  '', ( #4421 ), #5722 ) ;
#5299 = EDGE_LOOP ( 'NONE', ( #2987, #7563, #2554, #3051 ) ) ;
#5300 = AXIS2_PLACEMENT_3D ( 'NONE', #2201, #6852, #2873 ) ;
#5301 =( NAMED_UNIT ( * ) SI_UNIT ( $, .STERADIAN. ) SOLID_ANGLE_UNIT ( ) );
#5302 = FACE_OUTER_BOUND ( 'NONE', #2832, .T. ) ;
#5303 = ORIENTED_EDGE ( 'NONE', *, *, #2390, .F. ) ;
#5304 = FILL_AREA_STYLE_COLOUR ( '', #4641 ) ;
#5305 = EDGE_CURVE ( 'NONE', #4629, #312, #1488, .T. ) ;
#5306 = SURFACE_STYLE_FILL_AREA ( #4000 ) ;
#5307 = SURFACE_STYLE_FILL_AREA ( #764 ) ;
#5308 = ORIENTED_EDGE ( 'NONE', *, *, #6605, .T. ) ;
#5309 = CARTESIAN_POINT ( 'NONE',  ( -0.5822464362293516800, 0.04095737074312052300, 0.06745167927798498300 ) ) ;
#5310 = DIRECTION ( 'NONE',  ( 0.0000000000000000000, -9.571164508604904000E-017, -1.000000000000000000 ) ) ;
#5311 = LINE ( 'NONE', #1208, #5099 ) ;
#5312 = CARTESIAN_POINT ( 'NONE',  ( 0.4391688145194329600, -0.05298167900095584300, -0.1798796956978590500 ) ) ;
#5313 = PLANE ( 'NONE',  #2401 ) ;
#5314 = SURFACE_SIDE_STYLE ('',( #4654 ) ) ;
#5315 = CARTESIAN_POINT ( 'NONE',  ( -0.5822464362293516800, 0.01595737074312052500, -0.008541741489868335400 ) ) ;
#5316 =( NAMED_UNIT ( * ) SI_UNIT ( $, .STERADIAN. ) SOLID_ANGLE_UNIT ( ) );
#5317 = VERTEX_POINT ( 'NONE', #3145 ) ;
#5318 = DIMENSIONAL_EXPONENTS ( 1.000000000000000000, 0.0000000000000000000, 0.0000000000000000000, 0.0000000000000000000, 0.0000000000000000000, 0.0000000000000000000, 0.0000000000000000000 ) ;
#5319 = DIRECTION ( 'NONE',  ( 1.970082687738651500E-016, -0.0000000000000000000, 1.000000000000000000 ) ) ;
#5320 = DIRECTION ( 'NONE',  ( 1.000000000000000000, -2.083719980598119200E-016, -0.0000000000000000000 ) ) ;
#5321 = CARTESIAN_POINT ( 'NONE',  ( 0.5582932619333836900, -0.1643606425070864600, -0.05971837796726531300 ) ) ;
#5322 = PRESENTATION_LAYER_ASSIGNMENT (  '', '', ( #5745 ) ) ;
#5323 = SURFACE_SIDE_STYLE ('',( #8142 ) ) ;
#5324 = COLOUR_RGB ( '',0.2941176470588235400, 0.2941176470588235400, 0.2941176470588235400 ) ;
#5325 = AXIS2_PLACEMENT_3D ( 'NONE', #2808, #7444, #3489 ) ;
#5326 = VECTOR ( 'NONE', #4363, 39.37007874015748100 ) ;
#5327 =( CONVERSION_BASED_UNIT ( 'INCH', #2684 ) LENGTH_UNIT ( ) NAMED_UNIT ( #5970 ) );
#5328 = VECTOR ( 'NONE', #174, 39.37007874015748100 ) ;
#5329 = ADVANCED_FACE ( 'NONE', ( #4829 ), #8473, .F. ) ;
#5330 = DIRECTION ( 'NONE',  ( 0.0000000000000000000, 0.0000000000000000000, -1.000000000000000000 ) ) ;
#5331 = TOROIDAL_SURFACE ( 'NONE', #4949, 0.06500000000000007200, 0.01600000000000000000 ) ;
#5332 = VERTEX_POINT ( 'NONE', #2514 ) ;
#5333 = CARTESIAN_POINT ( 'NONE',  ( 0.2247535637706484500, -0.2800426292568794500, -0.09604174148986832600 ) ) ;
#5334 = ORIENTED_EDGE ( 'NONE', *, *, #5719, .T. ) ;
#5335 = PRESENTATION_STYLE_ASSIGNMENT (( #5410 ) ) ;
#5336 = DIRECTION ( 'NONE',  ( -1.000000000000000000, 0.0000000000000000000, -9.485583311334260800E-017 ) ) ;
#5337 = DIRECTION ( 'NONE',  ( -1.000000000000000000, 0.0000000000000000000, 0.0000000000000000000 ) ) ;
#5338 = EDGE_CURVE ( 'NONE', #2067, #5481, #5643, .T. ) ;
#5339 = CARTESIAN_POINT ( 'NONE',  ( 0.7536253121011364800, 0.2539573707431203600, -0.2117031102410167300 ) ) ;
#5340 = PRESENTATION_LAYER_ASSIGNMENT (  '', '', ( #4469 ) ) ;
#5341 = DIRECTION ( 'NONE',  ( 1.077227126839222100E-016, 1.000000000000000000, 0.0000000000000000000 ) ) ;
#5342 = CARTESIAN_POINT ( 'NONE',  ( 0.7507535637706483900, 0.04095737074312053000, 0.02862956128471930800 ) ) ;
#5343 = DIRECTION ( 'NONE',  ( 1.000000000000000000, 0.0000000000000000000, 0.0000000000000000000 ) ) ;
#5344 = CARTESIAN_POINT ( 'NONE',  ( 0.4500843760140046900, -0.1738264844561338600, -0.03655195330342449900 ) ) ;
#5345 = ORIENTED_EDGE ( 'NONE', *, *, #3819, .T. ) ;
#5346 = CIRCLE ( 'NONE', #6496, 0.04479626937547442200 ) ;
#5347 = LENGTH_MEASURE_WITH_UNIT ( LENGTH_MEASURE( 0.02539999999999999900 ), #1118 );
#5348 = ORIENTED_EDGE ( 'NONE', *, *, #6332, .F. ) ;
#5349 = EDGE_CURVE ( 'NONE', #3483, #1662, #646, .T. ) ;
#5350 = VERTEX_POINT ( 'NONE', #8501 ) ;
#5351 = FILL_AREA_STYLE ('',( #6014 ) ) ;
#5352 =( GEOMETRIC_REPRESENTATION_CONTEXT ( 3 ) GLOBAL_UNCERTAINTY_ASSIGNED_CONTEXT ( ( #928 ) ) GLOBAL_UNIT_ASSIGNED_CONTEXT ( ( #2629, #7264, #3301 ) ) REPRESENTATION_CONTEXT ( 'NONE', 'WORKASPACE' ) );
#5353 = DIMENSIONAL_EXPONENTS ( 1.000000000000000000, 0.0000000000000000000, 0.0000000000000000000, 0.0000000000000000000, 0.0000000000000000000, 0.0000000000000000000, 0.0000000000000000000 ) ;
#5354 = CARTESIAN_POINT ( 'NONE',  ( 0.6907535637706484500, -0.2830426292568795100, -0.1310417414898683300 ) ) ;
#5355 = ORIENTED_EDGE ( 'NONE', *, *, #4259, .F. ) ;
#5356 =( CONVERSION_BASED_UNIT ( 'INCH', #6740 ) LENGTH_UNIT ( ) NAMED_UNIT ( #4585 ) );
#5357 = COLOUR_RGB ( '',0.9882352941176471000, 1.000000000000000000, 0.9882352941176471000 ) ;
#5358 = LINE ( 'NONE', #3487, #1816 ) ;
#5359 =( CONVERSION_BASED_UNIT ( 'INCH', #4952 ) LENGTH_UNIT ( ) NAMED_UNIT ( #4773 ) );
#5360 = SURFACE_SIDE_STYLE ('',( #7114 ) ) ;
#5361 = DIMENSIONAL_EXPONENTS ( 1.000000000000000000, 0.0000000000000000000, 0.0000000000000000000, 0.0000000000000000000, 0.0000000000000000000, 0.0000000000000000000, 0.0000000000000000000 ) ;
#5362 =( LENGTH_UNIT ( ) NAMED_UNIT ( * ) SI_UNIT ( $, .METRE. ) );
#5363 = SURFACE_SIDE_STYLE ('',( #230 ) ) ;
#5364 = SURFACE_STYLE_USAGE ( .BOTH. , #698 ) ;
#5365 = CARTESIAN_POINT ( 'NONE',  ( 0.7535974544000759700, 0.2539573707431204100, 0.1947262543234265500 ) ) ;
#5366 = LINE ( 'NONE', #2563, #256 ) ;
#5367 = SURFACE_STYLE_FILL_AREA ( #4035 ) ;
#5368 = STYLED_ITEM ( 'NONE', ( #341 ), #976 ) ;
#5369 = EDGE_LOOP ( 'NONE', ( #1469, #1762, #3451, #4269 ) ) ;
#5370 = CARTESIAN_POINT ( 'NONE',  ( -0.4997464362293511700, -0.09804262925687946800, -0.3530417414898683300 ) ) ;
#5371 = CARTESIAN_POINT ( 'NONE',  ( 0.3814911786000380600, 0.1842715151212520300, 0.02137827264569186800 ) ) ;
#5372 =( LENGTH_UNIT ( ) NAMED_UNIT ( * ) SI_UNIT ( $, .METRE. ) );
#5373 = COLOUR_RGB ( '',0.2941176470588235400, 0.2941176470588235400, 0.2941176470588235400 ) ;
#5374 =( CONVERSION_BASED_UNIT ( 'INCH', #8364 ) LENGTH_UNIT ( ) NAMED_UNIT ( #3930 ) );
#5375 = DIRECTION ( 'NONE',  ( 0.0000000000000000000, -0.0000000000000000000, 1.000000000000000000 ) ) ;
#5376 = UNCERTAINTY_MEASURE_WITH_UNIT (LENGTH_MEASURE( 1.000000000000000100E-005 ), #7732, 'distance_accuracy_value', 'NONE');
#5377 = DIRECTION ( 'NONE',  ( 0.0000000000000000000, 0.0000000000000000000, 1.000000000000000000 ) ) ;
#5378 = STYLED_ITEM ( 'NONE', ( #7095 ), #5513 ) ;
#5379 = AXIS2_PLACEMENT_3D ( 'NONE', #3009, #7645, #3685 ) ;
#5380 = DIRECTION ( 'NONE',  ( 1.000000000000000000, 0.0000000000000000000, 0.0000000000000000000 ) ) ;
#5381 = EDGE_CURVE ( 'NONE', #7044, #817, #7506, .T. ) ;
#5382 = SURFACE_STYLE_USAGE ( .BOTH. , #720 ) ;
#5383 = ORIENTED_EDGE ( 'NONE', *, *, #5184, .F. ) ;
#5384 = ORIENTED_EDGE ( 'NONE', *, *, #6789, .T. ) ;
#5385 = STYLED_ITEM ( 'NONE', ( #5129 ), #8334 ) ;
#5386 = UNCERTAINTY_MEASURE_WITH_UNIT (LENGTH_MEASURE( 1.000000000000000100E-005 ), #3020, 'distance_accuracy_value', 'NONE');
#5387 = CARTESIAN_POINT ( 'NONE',  ( 0.7507535637706483900, 0.04095737074312051600, -0.04571304426445600000 ) ) ;
#5388 = SURFACE_STYLE_USAGE ( .BOTH. , #725 ) ;
#5389 = CARTESIAN_POINT ( 'NONE',  ( -0.03524643622935151600, -0.2800426292568794500, 0.07895825851013170400 ) ) ;
#5390 = CARTESIAN_POINT ( 'NONE',  ( 0.5878968760140016500, -0.05819904429828859400, 0.1836418230132998400 ) ) ;
#5391 = CARTESIAN_POINT ( 'NONE',  ( -0.03524643622935151600, -0.2830426292568795100, -0.008541741489868224400 ) ) ;
#5392 =( NAMED_UNIT ( * ) SI_UNIT ( $, .STERADIAN. ) SOLID_ANGLE_UNIT ( ) );
#5393 = ORIENTED_EDGE ( 'NONE', *, *, #2882, .F. ) ;
#5394 = AXIS2_PLACEMENT_3D ( 'NONE', #5710, #5118, #7022 ) ;
#5395 = DIRECTION ( 'NONE',  ( 1.000000000000000000, 0.0000000000000000000, 0.0000000000000000000 ) ) ;
#5396 = CARTESIAN_POINT ( 'NONE',  ( 0.2797620119333752400, 0.04355823338941208100, -0.1336749258603152900 ) ) ;
#5397 = ORIENTED_EDGE ( 'NONE', *, *, #4250, .T. ) ;
#5398 = STYLED_ITEM ( 'NONE', ( #6837 ), #3022 ) ;
#5399 = CARTESIAN_POINT ( 'NONE',  ( 0.2742535637706484100, 0.2539573707431204100, -0.2335417414898683400 ) ) ;
#5400 = SURFACE_STYLE_FILL_AREA ( #8410 ) ;
#5401 = DIMENSIONAL_EXPONENTS ( 1.000000000000000000, 0.0000000000000000000, 0.0000000000000000000, 0.0000000000000000000, 0.0000000000000000000, 0.0000000000000000000, 0.0000000000000000000 ) ;
#5402 = CARTESIAN_POINT ( 'NONE',  ( -0.5962210084938113200, 0.04095737074312051600, -0.04571304426445600000 ) ) ;
#5403 = SURFACE_STYLE_USAGE ( .BOTH. , #746 ) ;
#5404 = CARTESIAN_POINT ( 'NONE',  ( -0.5041755700876193700, -0.08112506845161748800, -0.04854174148986833300 ) ) ;
#5405 = EDGE_CURVE ( 'NONE', #3483, #4166, #3579, .T. ) ;
#5406 = ORIENTED_EDGE ( 'NONE', *, *, #4583, .F. ) ;
#5407 = PRESENTATION_STYLE_ASSIGNMENT (( #5732 ) ) ;
#5408 = FILL_AREA_STYLE_COLOUR ( '', #2781 ) ;
#5409 = VERTEX_POINT ( 'NONE', #7859 ) ;
#5410 = SURFACE_STYLE_USAGE ( .BOTH. , #752 ) ;
#5411 = FILL_AREA_STYLE_COLOUR ( '', #2656 ) ;
#5412 = ORIENTED_EDGE ( 'NONE', *, *, #91, .T. ) ;
#5413 = PRESENTATION_LAYER_ASSIGNMENT (  '', '', ( #4552 ) ) ;
#5414 = LINE ( 'NONE', #5563, #3641 ) ;
#5415 =( LENGTH_UNIT ( ) NAMED_UNIT ( * ) SI_UNIT ( $, .METRE. ) );
#5416 = CARTESIAN_POINT ( 'NONE',  ( 0.5416474286000754200, 0.09053504554621529000, -0.1993047511427988900 ) ) ;
#5417 = CARTESIAN_POINT ( 'NONE',  ( -0.9984602808033384800, -0.2800426292568794500, -0.07104174148986812400 ) ) ;
#5418 = AXIS2_PLACEMENT_3D ( 'NONE', #4225, #211, #4884 ) ;
#5419 = DIRECTION ( 'NONE',  ( -1.000000000000000000, 0.0000000000000000000, -6.097874985857700800E-017 ) ) ;
#5420 =( LENGTH_UNIT ( ) NAMED_UNIT ( * ) SI_UNIT ( $, .METRE. ) );
#5421 = DIRECTION ( 'NONE',  ( 0.0000000000000000000, -1.000000000000000000, 0.0000000000000000000 ) ) ;
#5422 = AXIS2_PLACEMENT_3D ( 'NONE', #3593, #4992, #1003 ) ;
#5423 = ORIENTED_EDGE ( 'NONE', *, *, #4994, .F. ) ;
#5424 = CARTESIAN_POINT ( 'NONE',  ( -0.02274643622935171700, -0.2800426292568794500, -0.008541741489868224400 ) ) ;
#5425 = FILL_AREA_STYLE ('',( #4108 ) ) ;
#5426 = EDGE_LOOP ( 'NONE', ( #1328 ) ) ;
#5427 = DIRECTION ( 'NONE',  ( 0.0000000000000000000, 0.0000000000000000000, -1.000000000000000000 ) ) ;
#5428 = CYLINDRICAL_SURFACE ( 'NONE', #4307, 0.5186371580901264500 ) ;
#5429 = VERTEX_POINT ( 'NONE', #6164 ) ;
#5430 = CIRCLE ( 'NONE', #3937, 0.04479626937547442200 ) ;
#5431 = PRESENTATION_STYLE_ASSIGNMENT (( #760 ) ) ;
#5432 = FILL_AREA_STYLE ('',( #4113 ) ) ;
#5433 = DIRECTION ( 'NONE',  ( -1.000000000000000000, 0.0000000000000000000, 0.0000000000000000000 ) ) ;
#5434 = AXIS2_PLACEMENT_3D ( 'NONE', #3149, #7792, #3830 ) ;
#5435 =( GEOMETRIC_REPRESENTATION_CONTEXT ( 3 ) GLOBAL_UNCERTAINTY_ASSIGNED_CONTEXT ( ( #2027 ) ) GLOBAL_UNIT_ASSIGNED_CONTEXT ( ( #4643, #617, #5301 ) ) REPRESENTATION_CONTEXT ( 'NONE', 'WORKASPACE' ) );
#5436 = LINE ( 'NONE', #4397, #3666 ) ;
#5437 = EDGE_CURVE ( 'NONE', #228, #5677, #1122, .T. ) ;
#5438 = ORIENTED_EDGE ( 'NONE', *, *, #6881, .F. ) ;
#5439 = STYLED_ITEM ( 'NONE', ( #6482 ), #7928 ) ;
#5440 = FACE_OUTER_BOUND ( 'NONE', #7712, .T. ) ;
#5441 = CARTESIAN_POINT ( 'NONE',  ( -0.5822464362293516800, 0.09195079151097383700, 0.01645825851013166900 ) ) ;
#5442 = CARTESIAN_POINT ( 'NONE',  ( -0.5772464362293517900, -0.02053261085912316800, -0.03904174148986839400 ) ) ;
#5443 = CARTESIAN_POINT ( 'NONE',  ( 0.2797620119333752400, 0.04355823338941208100, -0.1336749258603152900 ) ) ;
#5444 = UNCERTAINTY_MEASURE_WITH_UNIT (LENGTH_MEASURE( 1.000000000000000100E-005 ), #311, 'distance_accuracy_value', 'NONE');
#5445 = EDGE_CURVE ( 'NONE', #3460, #3460, #4001, .T. ) ;
#5446 =( LENGTH_UNIT ( ) NAMED_UNIT ( * ) SI_UNIT ( $, .METRE. ) );
#5447 = CARTESIAN_POINT ( 'NONE',  ( 0.2484987486909336600, 0.09889672248065202500, 0.02572518367333766600 ) ) ;
#5448 = CARTESIAN_POINT ( 'NONE',  ( 0.2247535637706484500, -0.2800426292568794500, -0.008541741489868224400 ) ) ;
#5449 = STYLED_ITEM ( 'NONE', ( #279 ), #2583 ) ;
#5450 = VERTEX_POINT ( 'NONE', #3277 ) ;
#5451 = ORIENTED_EDGE ( 'NONE', *, *, #6131, .F. ) ;
#5452 = EDGE_CURVE ( 'NONE', #2415, #4629, #427, .T. ) ;
#5453 = CARTESIAN_POINT ( 'NONE',  ( -0.4997464362293511700, -0.09804262925687946800, 0.3009582585101315800 ) ) ;
#5454 = CARTESIAN_POINT ( 'NONE',  ( 0.7557535637706485100, -0.02053261085912316800, -0.03904174148986839400 ) ) ;
#5455 = CARTESIAN_POINT ( 'NONE',  ( 0.7307535637706486000, -0.3230426292568794900, -0.3280417414898683100 ) ) ;
#5456 = ORIENTED_EDGE ( 'NONE', *, *, #2717, .F. ) ;
#5457 =( NAMED_UNIT ( * ) SI_UNIT ( $, .STERADIAN. ) SOLID_ANGLE_UNIT ( ) );
#5458 = FILL_AREA_STYLE_COLOUR ( '', #6980 ) ;
#5459 =( CONVERSION_BASED_UNIT ( 'INCH', #5997 ) LENGTH_UNIT ( ) NAMED_UNIT ( #7303 ) );
#5460 = LINE ( 'NONE', #2878, #1715 ) ;
#5461 = CARTESIAN_POINT ( 'NONE',  ( 0.6736826976289161900, -0.8200426292568794300, -0.008541741489868335400 ) ) ;
#5462 = CARTESIAN_POINT ( 'NONE',  ( 0.7357535637706483800, 0.01595737074312052500, -0.008541741489868335400 ) ) ;
#5463 = VECTOR ( 'NONE', #4678, 39.37007874015748100 ) ;
#5464 =( GEOMETRIC_REPRESENTATION_CONTEXT ( 3 ) GLOBAL_UNCERTAINTY_ASSIGNED_CONTEXT ( ( #8478 ) ) GLOBAL_UNIT_ASSIGNED_CONTEXT ( ( #8277, #4335, #306 ) ) REPRESENTATION_CONTEXT ( 'NONE', 'WORKASPACE' ) );
#5465 = DIRECTION ( 'NONE',  ( 0.0000000000000000000, 0.0000000000000000000, -1.000000000000000000 ) ) ;
#5466 = CARTESIAN_POINT ( 'NONE',  ( 0.2545015952667115100, 0.1190084128332163100, 0.03403445754369374700 ) ) ;
#5467 = SURFACE_STYLE_USAGE ( .BOTH. , #814 ) ;
#5468 = DIRECTION ( 'NONE',  ( 2.083719980598119200E-016, 1.000000000000000000, 0.0000000000000000000 ) ) ;
#5469 = ORIENTED_EDGE ( 'NONE', *, *, #4736, .T. ) ;
#5470 = EDGE_LOOP ( 'NONE', ( #5107, #5227, #688, #3617, #3708, #2777, #5172 ) ) ;
#5471 =( NAMED_UNIT ( * ) PLANE_ANGLE_UNIT ( ) SI_UNIT ( $, .RADIAN. ) );
#5472 =( NAMED_UNIT ( * ) PLANE_ANGLE_UNIT ( ) SI_UNIT ( $, .RADIAN. ) );
#5473 = FILL_AREA_STYLE ('',( #845 ) ) ;
#5474 = FACE_OUTER_BOUND ( 'NONE', #8395, .T. ) ;
#5475 = DIRECTION ( 'NONE',  ( -1.000000000000000000, 0.0000000000000000000, 0.0000000000000000000 ) ) ;
#5476 = AXIS2_PLACEMENT_3D ( 'NONE', #4671, #7978, #4028 ) ;
#5477 = DIRECTION ( 'NONE',  ( 0.0000000000000000000, 0.0000000000000000000, -1.000000000000000000 ) ) ;
#5478 = DIRECTION ( 'NONE',  ( 0.0000000000000000000, 1.000000000000000000, 0.0000000000000000000 ) ) ;
#5479 = PRESENTATION_LAYER_ASSIGNMENT (  '', '', ( #4170 ) ) ;
#5480 = DIRECTION ( 'NONE',  ( 1.000000000000000000, 0.0000000000000000000, -6.097874985857700800E-017 ) ) ;
#5481 = VERTEX_POINT ( 'NONE', #1299 ) ;
#5482 = UNCERTAINTY_MEASURE_WITH_UNIT (LENGTH_MEASURE( 1.000000000000000100E-005 ), #3335, 'distance_accuracy_value', 'NONE');
#5483 = CARTESIAN_POINT ( 'NONE',  ( -0.2302464362293515600, -0.2830426292568795100, -0.008541741489868335400 ) ) ;
#5484 =( NAMED_UNIT ( * ) SI_UNIT ( $, .STERADIAN. ) SOLID_ANGLE_UNIT ( ) );
#5485 = VECTOR ( 'NONE', #2175, 39.37007874015748100 ) ;
#5486 = ORIENTED_EDGE ( 'NONE', *, *, #577, .T. ) ;
#5487 = ORIENTED_EDGE ( 'NONE', *, *, #5349, .T. ) ;
#5488 =( GEOMETRIC_REPRESENTATION_CONTEXT ( 3 ) GLOBAL_UNCERTAINTY_ASSIGNED_CONTEXT ( ( #2183 ) ) GLOBAL_UNIT_ASSIGNED_CONTEXT ( ( #7070, #3084, #7722 ) ) REPRESENTATION_CONTEXT ( 'NONE', 'WORKASPACE' ) );
#5489 = CARTESIAN_POINT ( 'NONE',  ( 0.3837535637706484500, -0.2830426292568795100, -0.1295417414898683600 ) ) ;
#5490 = EDGE_CURVE ( 'NONE', #5450, #5213, #2213, .T. ) ;
#5491 = DIRECTION ( 'NONE',  ( -1.000000000000000000, 0.0000000000000000000, -0.0000000000000000000 ) ) ;
#5492 = SURFACE_STYLE_FILL_AREA ( #6119 ) ;
#5493 = VECTOR ( 'NONE', #1905, 39.37007874015748100 ) ;
#5494 = CARTESIAN_POINT ( 'NONE',  ( 0.6907535637706484500, -0.3480426292568794500, 0.3009582585101315800 ) ) ;
#5495 = FACE_OUTER_BOUND ( 'NONE', #233, .T. ) ;
#5496 = VERTEX_POINT ( 'NONE', #1873 ) ;
#5497 = SURFACE_STYLE_USAGE ( .BOTH. , #841 ) ;
#5498 = CIRCLE ( 'NONE', #5838, 0.04479626937547442200 ) ;
#5499 = CARTESIAN_POINT ( 'NONE',  ( 0.7488138986592946000, 0.06759761468497510500, 0.01645825851013166600 ) ) ;
#5500 = FACE_OUTER_BOUND ( 'NONE', #3433, .T. ) ;
#5501 = PRESENTATION_STYLE_ASSIGNMENT (( #7966 ) ) ;
#5502 = DIRECTION ( 'NONE',  ( 0.0000000000000000000, 0.0000000000000000000, -1.000000000000000000 ) ) ;
#5503 =( NAMED_UNIT ( * ) SI_UNIT ( $, .STERADIAN. ) SOLID_ANGLE_UNIT ( ) );
#5504 = AXIS2_PLACEMENT_3D ( 'NONE', #1083, #5734, #1751 ) ;
#5505 = CLOSED_SHELL ( 'NONE', ( #986, #4614, #3729, #7343, #6993 ) ) ;
#5506 = SURFACE_STYLE_FILL_AREA ( #4964 ) ;
#5507 = UNCERTAINTY_MEASURE_WITH_UNIT (LENGTH_MEASURE( 1.000000000000000100E-005 ), #5822, 'distance_accuracy_value', 'NONE');
#5508 = FILL_AREA_STYLE ('',( #3517 ) ) ;
#5509 = DIRECTION ( 'NONE',  ( -0.0000000000000000000, 1.000000000000000000, 0.0000000000000000000 ) ) ;
#5510 = FILL_AREA_STYLE ('',( #858 ) ) ;
#5511 =( NAMED_UNIT ( * ) PLANE_ANGLE_UNIT ( ) SI_UNIT ( $, .RADIAN. ) );
#5512 = CARTESIAN_POINT ( 'NONE',  ( 0.5893349286000394400, -0.1677337528356577200, 0.02885871410598692100 ) ) ;
#5513 = ADVANCED_FACE ( 'NONE', ( #7294 ), #606, .F. ) ;
#5514 = PRESENTATION_STYLE_ASSIGNMENT (( #6810 ) ) ;
#5515 = CARTESIAN_POINT ( 'NONE',  ( 0.6537535637706484200, 0.01595737074312052500, -0.08854174148986833400 ) ) ;
#5516 = PRESENTATION_STYLE_ASSIGNMENT (( #4881 ) ) ;
#5517 = CARTESIAN_POINT ( 'NONE',  ( 0.7557535637706485100, -0.3230426292568794900, -0.3530417414898683300 ) ) ;
#5518 = STYLED_ITEM ( 'NONE', ( #3908 ), #4327 ) ;
#5519 = CARTESIAN_POINT ( 'NONE',  ( 0.6140224286000340900, 0.1773344998893928400, 0.1199832497482616600 ) ) ;
#5520 = PRESENTATION_LAYER_ASSIGNMENT (  '', '', ( #4215 ) ) ;
#5521 = FILL_AREA_STYLE ('',( #8165 ) ) ;
#5522 = DIRECTION ( 'NONE',  ( -0.7071067811865520100, 0.7071067811865430200, 0.0000000000000000000 ) ) ;
#5523 = ORIENTED_EDGE ( 'NONE', *, *, #2487, .T. ) ;
#5524 = VERTEX_POINT ( 'NONE', #5973 ) ;
#5525 = STYLED_ITEM ( 'NONE', ( #54 ), #7343 ) ;
#5526 = COLOUR_RGB ( '',0.2941176470588235400, 0.2941176470588235400, 0.2941176470588235400 ) ;
#5527 =( CONVERSION_BASED_UNIT ( 'INCH', #12 ) LENGTH_UNIT ( ) NAMED_UNIT ( #2575 ) );
#5528 = LINE ( 'NONE', #8019, #3772 ) ;
#5529 = CIRCLE ( 'NONE', #5876, 0.06200000000000000000 ) ;
#5530 = VECTOR ( 'NONE', #1322, 39.37007874015748100 ) ;
#5531 = PLANE ( 'NONE',  #72 ) ;
#5532 = VERTEX_POINT ( 'NONE', #7967 ) ;
#5533 = VECTOR ( 'NONE', #5290, 39.37007874015748100 ) ;
#5534 = CARTESIAN_POINT ( 'NONE',  ( 0.7357535637706483800, 0.01595737074312052500, -0.008541741489868335400 ) ) ;
#5535 = DIRECTION ( 'NONE',  ( -6.097874985857700800E-017, 0.0000000000000000000, 1.000000000000000000 ) ) ;
#5536 = PRESENTATION_LAYER_ASSIGNMENT (  '', '', ( #4674 ) ) ;
#5537 = MECHANICAL_DESIGN_GEOMETRIC_PRESENTATION_REPRESENTATION (  '', ( #4676 ), #5991 ) ;
#5538 = VECTOR ( 'NONE', #656, 39.37007874015748100 ) ;
#5539 = EDGE_CURVE ( 'NONE', #5269, #2253, #6661, .T. ) ;
#5540 = ORIENTED_EDGE ( 'NONE', *, *, #4316, .T. ) ;
#5541 = DIRECTION ( 'NONE',  ( 0.0000000000000000000, 0.0000000000000000000, 1.000000000000000000 ) ) ;
#5542 = CARTESIAN_POINT ( 'NONE',  ( 0.5020432619333768900, 0.008243164351330930400, 0.1753965921518287100 ) ) ;
#5543 = AXIS2_PLACEMENT_3D ( 'NONE', #1666, #6311, #2335 ) ;
#5544 = ORIENTED_EDGE ( 'NONE', *, *, #1055, .T. ) ;
#5545 = SURFACE_STYLE_FILL_AREA ( #5059 ) ;
#5546 = SURFACE_STYLE_USAGE ( .BOTH. , #897 ) ;
#5547 = COLOUR_RGB ( '',0.2941176470588235400, 0.2941176470588235400, 0.2941176470588235400 ) ;
#5548 = FACE_OUTER_BOUND ( 'NONE', #3189, .T. ) ;
#5549 = CARTESIAN_POINT ( 'NONE',  ( 0.6964293622896536900, 0.1764953049444973600, 0.1266330411130567600 ) ) ;
#5550 =( GEOMETRIC_REPRESENTATION_CONTEXT ( 3 ) GLOBAL_UNCERTAINTY_ASSIGNED_CONTEXT ( ( #4636 ) ) GLOBAL_UNIT_ASSIGNED_CONTEXT ( ( #6085, #2092, #6738 ) ) REPRESENTATION_CONTEXT ( 'NONE', 'WORKASPACE' ) );
#5551 = ORIENTED_EDGE ( 'NONE', *, *, #5878, .T. ) ;
#5552 = EDGE_CURVE ( 'NONE', #3410, #7298, #2947, .T. ) ;
#5553 = FILL_AREA_STYLE ('',( #231 ) ) ;
#5554 = STYLED_ITEM ( 'NONE', ( #991 ), #6304 ) ;
#5555 =( CONVERSION_BASED_UNIT ( 'INCH', #6468 ) LENGTH_UNIT ( ) NAMED_UNIT ( #1161 ) );
#5556 = CARTESIAN_POINT ( 'NONE',  ( -0.07524643622935149600, -0.2800426292568794500, -0.008541741489868224400 ) ) ;
#5557 = CIRCLE ( 'NONE', #5984, 0.3400000000000000800 ) ;
#5558 = PRESENTATION_LAYER_ASSIGNMENT (  '', '', ( #5132 ) ) ;
#5559 =( NAMED_UNIT ( * ) PLANE_ANGLE_UNIT ( ) SI_UNIT ( $, .RADIAN. ) );
#5560 = ADVANCED_FACE ( 'NONE', ( #8031 ), #4039, .F. ) ;
#5561 = UNCERTAINTY_MEASURE_WITH_UNIT (LENGTH_MEASURE( 1.000000000000000100E-005 ), #7494, 'distance_accuracy_value', 'NONE');
#5562 = EDGE_CURVE ( 'NONE', #4629, #2023, #2111, .T. ) ;
#5563 = CARTESIAN_POINT ( 'NONE',  ( 0.7557535637706485100, -0.2830426292568795100, -0.1310417414898683300 ) ) ;
#5564 = DIRECTION ( 'NONE',  ( -1.000000000000000000, 0.0000000000000000000, 0.0000000000000000000 ) ) ;
#5565 =( LENGTH_UNIT ( ) NAMED_UNIT ( * ) SI_UNIT ( $, .METRE. ) );
#5566 =( NAMED_UNIT ( * ) SI_UNIT ( $, .STERADIAN. ) SOLID_ANGLE_UNIT ( ) );
#5567 = DIRECTION ( 'NONE',  ( 0.0000000000000000000, 0.0000000000000000000, 1.000000000000000000 ) ) ;
#5568 = CARTESIAN_POINT ( 'NONE',  ( -0.5772464362293517900, -0.02053261085912316800, 0.02195825851013172300 ) ) ;
#5569 = DIRECTION ( 'NONE',  ( 0.0000000000000000000, 0.0000000000000000000, -1.000000000000000000 ) ) ;
#5570 = ORIENTED_EDGE ( 'NONE', *, *, #8499, .T. ) ;
#5571 = DIRECTION ( 'NONE',  ( 0.0000000000000000000, 0.0000000000000000000, -1.000000000000000000 ) ) ;
#5572 = CARTESIAN_POINT ( 'NONE',  ( 0.3929911786000380700, 0.1665930101638512200, 0.01828156193068980100 ) ) ;
#5573 = FACE_OUTER_BOUND ( 'NONE', #3086, .T. ) ;
#5574 = PRESENTATION_LAYER_ASSIGNMENT (  '', '', ( #5149 ) ) ;
#5575 =( LENGTH_UNIT ( ) NAMED_UNIT ( * ) SI_UNIT ( $, .METRE. ) );
#5576 = PRESENTATION_LAYER_ASSIGNMENT (  '', '', ( #5154 ) ) ;
#5577 = STYLED_ITEM ( 'NONE', ( #4711 ), #6914 ) ;
#5578 = FILL_AREA_STYLE ('',( #6898 ) ) ;
#5579 = ORIENTED_EDGE ( 'NONE', *, *, #6666, .T. ) ;
#5580 = ORIENTED_EDGE ( 'NONE', *, *, #8098, .F. ) ;
#5581 = FILL_AREA_STYLE ('',( #4930 ) ) ;
#5582 = AXIS2_PLACEMENT_3D ( 'NONE', #380, #5064, #1063 ) ;
#5583 = UNCERTAINTY_MEASURE_WITH_UNIT (LENGTH_MEASURE( 1.000000000000000100E-005 ), #3750, 'distance_accuracy_value', 'NONE');
#5584 =( CONVERSION_BASED_UNIT ( 'INCH', #8540 ) LENGTH_UNIT ( ) NAMED_UNIT ( #7289 ) );
#5585 =( GEOMETRIC_REPRESENTATION_CONTEXT ( 3 ) GLOBAL_UNCERTAINTY_ASSIGNED_CONTEXT ( ( #373 ) ) GLOBAL_UNIT_ASSIGNED_CONTEXT ( ( #7762, #3808, #8450 ) ) REPRESENTATION_CONTEXT ( 'NONE', 'WORKASPACE' ) );
#5586 = EDGE_CURVE ( 'NONE', #7739, #8194, #7397, .T. ) ;
#5587 = SURFACE_STYLE_FILL_AREA ( #2035 ) ;
#5588 =( CONVERSION_BASED_UNIT ( 'INCH', #3582 ) LENGTH_UNIT ( ) NAMED_UNIT ( #4760 ) );
#5589 = ORIENTED_EDGE ( 'NONE', *, *, #2837, .F. ) ;
#5590 = DIRECTION ( 'NONE',  ( 1.000000000000000000, 0.0000000000000000000, -0.0000000000000000000 ) ) ;
#5591 = FILL_AREA_STYLE ('',( #3655 ) ) ;
#5592 =( NAMED_UNIT ( * ) PLANE_ANGLE_UNIT ( ) SI_UNIT ( $, .RADIAN. ) );
#5593 = DIRECTION ( 'NONE',  ( 0.0000000000000000000, 0.0000000000000000000, 1.000000000000000000 ) ) ;
#5594 = ORIENTED_EDGE ( 'NONE', *, *, #8339, .T. ) ;
#5595 = CARTESIAN_POINT ( 'NONE',  ( 0.2912620119333752500, 0.03970952247483387800, -0.1158054587587707100 ) ) ;
#5596 = ADVANCED_FACE ( 'NONE', ( #3887, #5440, #326 ), #4719, .T. ) ;
#5597 = LENGTH_MEASURE_WITH_UNIT ( LENGTH_MEASURE( 0.02539999999999999900 ), #7970 );
#5598 = FACE_OUTER_BOUND ( 'NONE', #5191, .T. ) ;
#5599 = COLOUR_RGB ( '',0.2941176470588235400, 0.2941176470588235400, 0.2941176470588235400 ) ;
#5600 = EDGE_CURVE ( 'NONE', #1691, #1691, #6396, .T. ) ;
#5601 = CARTESIAN_POINT ( 'NONE',  ( -0.1207464362293516100, 0.2539573707431204100, -0.2335417414898683400 ) ) ;
#5602 = ORIENTED_EDGE ( 'NONE', *, *, #2259, .F. ) ;
#5603 =( GEOMETRIC_REPRESENTATION_CONTEXT ( 3 ) GLOBAL_UNCERTAINTY_ASSIGNED_CONTEXT ( ( #1389 ) ) GLOBAL_UNIT_ASSIGNED_CONTEXT ( ( #310, #4983, #996 ) ) REPRESENTATION_CONTEXT ( 'NONE', 'WORKASPACE' ) );
#5604 = ORIENTED_EDGE ( 'NONE', *, *, #8236, .F. ) ;
#5605 = LINE ( 'NONE', #2391, #292 ) ;
#5606 = STYLED_ITEM ( 'NONE', ( #288 ), #2413 ) ;
#5607 = PRESENTATION_STYLE_ASSIGNMENT (( #5818 ) ) ;
#5608 = CARTESIAN_POINT ( 'NONE',  ( -0.5901388490795379500, 0.08088762276954433700, -0.03354174148986832600 ) ) ;
#5609 = EDGE_CURVE ( 'NONE', #293, #7897, #4628, .T. ) ;
#5610 = CARTESIAN_POINT ( 'NONE',  ( -0.6022464362293515900, -0.3230426292568794900, 0.02195825851013172300 ) ) ;
#5611 = ORIENTED_EDGE ( 'NONE', *, *, #3323, .F. ) ;
#5612 = CARTESIAN_POINT ( 'NONE',  ( 0.07675356377064841700, 0.07949064950654230500, -0.3029961188812527200 ) ) ;
#5613 = VECTOR ( 'NONE', #883, 39.37007874015748100 ) ;
#5614 = UNCERTAINTY_MEASURE_WITH_UNIT (LENGTH_MEASURE( 1.000000000000000100E-005 ), #1848, 'distance_accuracy_value', 'NONE');
#5615 = DIRECTION ( 'NONE',  ( -1.000000000000000000, -0.0000000000000000000, -0.0000000000000000000 ) ) ;
#5616 = AXIS2_PLACEMENT_3D ( 'NONE', #7372, #3409, #8052 ) ;
#5617 = DIRECTION ( 'NONE',  ( 0.0000000000000000000, 0.0000000000000000000, 1.000000000000000000 ) ) ;
#5618 = DIRECTION ( 'NONE',  ( 0.0000000000000000000, -1.000000000000000000, 0.0000000000000000000 ) ) ;
#5619 = SURFACE_STYLE_USAGE ( .BOTH. , #978 ) ;
#5620 = CARTESIAN_POINT ( 'NONE',  ( 0.2742535637706484100, -0.02053261085912316800, 0.3359582585101316100 ) ) ;
#5621 = SURFACE_SIDE_STYLE ('',( #2354 ) ) ;
#5622 = CARTESIAN_POINT ( 'NONE',  ( 0.6628349286000427800, -0.1648207882059360700, 0.04962164988853830900 ) ) ;
#5623 = LENGTH_MEASURE_WITH_UNIT ( LENGTH_MEASURE( 0.02539999999999999900 ), #1202 );
#5624 = LENGTH_MEASURE_WITH_UNIT ( LENGTH_MEASURE( 0.02539999999999999900 ), #2117 );
#5625 = EDGE_LOOP ( 'NONE', ( #2644, #6577, #1349, #146 ) ) ;
#5626 = SURFACE_SIDE_STYLE ('',( #4386 ) ) ;
#5627 = EDGE_LOOP ( 'NONE', ( #690 ) ) ;
#5628 = CARTESIAN_POINT ( 'NONE',  ( 0.6737724286000571500, -0.1558365493735530100, -0.1148371533139222100 ) ) ;
#5629 = VERTEX_POINT ( 'NONE', #166 ) ;
#5630 = CYLINDRICAL_SURFACE ( 'NONE', #8102, 0.3750000000000000600 ) ;
#5631 = DIRECTION ( 'NONE',  ( -1.000000000000000000, 0.0000000000000000000, 0.0000000000000000000 ) ) ;
#5632 = UNCERTAINTY_MEASURE_WITH_UNIT (LENGTH_MEASURE( 1.000000000000000100E-005 ), #4114, 'distance_accuracy_value', 'NONE');
#5633 = ORIENTED_EDGE ( 'NONE', *, *, #2568, .T. ) ;
#5634 = ADVANCED_FACE ( 'NONE', ( #6365, #1060 ), #7085, .F. ) ;
#5635 = VECTOR ( 'NONE', #1408, 39.37007874015748100 ) ;
#5636 = MECHANICAL_DESIGN_GEOMETRIC_PRESENTATION_REPRESENTATION (  '', ( #4337 ), #6203 ) ;
#5637 = COLOUR_RGB ( '',0.2941176470588235400, 0.2941176470588235400, 0.2941176470588235400 ) ;
#5638 =( GEOMETRIC_REPRESENTATION_CONTEXT ( 3 ) GLOBAL_UNCERTAINTY_ASSIGNED_CONTEXT ( ( #1641 ) ) GLOBAL_UNIT_ASSIGNED_CONTEXT ( ( #6298, #2316, #6965 ) ) REPRESENTATION_CONTEXT ( 'NONE', 'WORKASPACE' ) );
#5639 = PRESENTATION_LAYER_ASSIGNMENT (  '', '', ( #4777 ) ) ;
#5640 = ADVANCED_FACE ( 'NONE', ( #3771 ), #1518, .T. ) ;
#5641 = CARTESIAN_POINT ( 'NONE',  ( 0.7489079559531707200, 0.06684417078582231800, -0.03354174148986834000 ) ) ;
#5642 = DIMENSIONAL_EXPONENTS ( 1.000000000000000000, 0.0000000000000000000, 0.0000000000000000000, 0.0000000000000000000, 0.0000000000000000000, 0.0000000000000000000, 0.0000000000000000000 ) ;
#5643 = LINE ( 'NONE', #3861, #5748 ) ;
#5644 = DIRECTION ( 'NONE',  ( 0.0000000000000000000, 0.0000000000000000000, 1.000000000000000000 ) ) ;
#5645 = FACE_OUTER_BOUND ( 'NONE', #7105, .T. ) ;
#5646 = VECTOR ( 'NONE', #6354, 39.37007874015748100 ) ;
#5647 = CARTESIAN_POINT ( 'NONE',  ( 0.6907535637706484500, -0.3480426292568794500, 0.3359582585101316100 ) ) ;
#5648 = SURFACE_SIDE_STYLE ('',( #4649 ) ) ;
#5649 = CARTESIAN_POINT ( 'NONE',  ( 0.3293135426807025600, -0.04538200896409367400, 0.1030261136216737800 ) ) ;
#5650 = B_SPLINE_CURVE_WITH_KNOTS ( 'NONE', 3,
 ( #7045, #2394, #3739, #8379, #4436, #404, #5084, #1086 ),
 .UNSPECIFIED., .F., .F.,
 ( 4, 2, 2, 4 ),
 ( 0.01135251925626189900, 0.01186907746044349500, 0.01212735656253429200, 0.01238563566462509000 ),
 .UNSPECIFIED. ) ;
#5651 = EDGE_LOOP ( 'NONE', ( #5456, #7709, #4461, #4180 ) ) ;
#5652 = SURFACE_STYLE_USAGE ( .BOTH. , #1009 ) ;
#5653 =( LENGTH_UNIT ( ) NAMED_UNIT ( * ) SI_UNIT ( $, .METRE. ) );
#5654 = CARTESIAN_POINT ( 'NONE',  ( 0.7557535637706485100, -0.3480426292568794500, 0.3109582585101316500 ) ) ;
#5655 = CARTESIAN_POINT ( 'NONE',  ( 0.6306682619333865400, 0.08351560584022126000, -0.1851832134093552900 ) ) ;
#5656 = MECHANICAL_DESIGN_GEOMETRIC_PRESENTATION_REPRESENTATION (  '', ( #4786 ), #6109 ) ;
#5657 = CARTESIAN_POINT ( 'NONE',  ( -0.5921206029487751100, -0.04467792598672085100, -0.03354174148986834700 ) ) ;
#5658 = EDGE_CURVE ( 'NONE', #2515, #7044, #2939, .T. ) ;
#5659 = ORIENTED_EDGE ( 'NONE', *, *, #2943, .F. ) ;
#5660 = PRESENTATION_STYLE_ASSIGNMENT (( #6362 ) ) ;
#5661 = COLOUR_RGB ( '',0.9882352941176471000, 1.000000000000000000, 0.9882352941176471000 ) ;
#5662 = PRESENTATION_STYLE_ASSIGNMENT (( #6181 ) ) ;
#5663 = COLOUR_RGB ( '',0.9882352941176471000, 1.000000000000000000, 0.9882352941176471000 ) ;
#5664 = VECTOR ( 'NONE', #1216, 39.37007874015748100 ) ;
#5665 = CARTESIAN_POINT ( 'NONE',  ( 0.5933557619333884600, -0.1636799584479607900, 0.07956334629043751400 ) ) ;
#5666 = ORIENTED_EDGE ( 'NONE', *, *, #2042, .F. ) ;
#5667 = FILL_AREA_STYLE_COLOUR ( '', #7413 ) ;
#5668 =( LENGTH_UNIT ( ) NAMED_UNIT ( * ) SI_UNIT ( $, .METRE. ) );
#5669 = COLOUR_RGB ( '',0.2941176470588235400, 0.2941176470588235400, 0.2941176470588235400 ) ;
#5670 = UNCERTAINTY_MEASURE_WITH_UNIT (LENGTH_MEASURE( 1.000000000000000100E-005 ), #7396, 'distance_accuracy_value', 'NONE');
#5671 = DIRECTION ( 'NONE',  ( 0.0000000000000000000, 0.0000000000000000000, -1.000000000000000000 ) ) ;
#5672 =( NAMED_UNIT ( * ) SI_UNIT ( $, .STERADIAN. ) SOLID_ANGLE_UNIT ( ) );
#5673 = AXIS2_PLACEMENT_3D ( 'NONE', #4965, #974, #5617 ) ;
#5674 = CARTESIAN_POINT ( 'NONE',  ( -0.5372464362293516400, -0.2830426292568795100, 0.1139582585101316500 ) ) ;
#5675 = EDGE_CURVE ( 'NONE', #281, #7379, #6476, .T. ) ;
#5676 = DIRECTION ( 'NONE',  ( -1.000000000000000000, 0.0000000000000000000, 0.0000000000000000000 ) ) ;
#5677 = VERTEX_POINT ( 'NONE', #1548 ) ;
#5678 = SURFACE_SIDE_STYLE ('',( #1321 ) ) ;
#5679 = DIRECTION ( 'NONE',  ( -1.000000000000000000, 2.083719980598119200E-016, 0.0000000000000000000 ) ) ;
#5680 = VECTOR ( 'NONE', #2057, 39.37007874015748100 ) ;
#5681 = DIRECTION ( 'NONE',  ( 1.000000000000000000, 0.0000000000000000000, 0.0000000000000000000 ) ) ;
#5682 = CARTESIAN_POINT ( 'NONE',  ( 0.7557535637706485100, -0.09804262925687946800, 0.3009582585101315800 ) ) ;
#5683 = CARTESIAN_POINT ( 'NONE',  ( 0.5221057619333474600, 0.1533750166599620600, -0.1351045388723585700 ) ) ;
#5684 = CARTESIAN_POINT ( 'NONE',  ( -0.5869258989996067900, -0.05437926476848800600, -0.03354174148986834000 ) ) ;
#5685 = ADVANCED_FACE ( 'NONE', ( #4526 ), #5428, .F. ) ;
#5686 = ORIENTED_EDGE ( 'NONE', *, *, #7775, .T. ) ;
#5687 = MECHANICAL_DESIGN_GEOMETRIC_PRESENTATION_REPRESENTATION (  '', ( #4812 ), #6139 ) ;
#5688 = AXIS2_PLACEMENT_3D ( 'NONE', #520, #7177, #5884 ) ;
#5689 = FILL_AREA_STYLE ('',( #5667 ) ) ;
#5690 = CARTESIAN_POINT ( 'NONE',  ( 0.7557535637706485100, -0.09804262925687960700, 0.3009582585101315800 ) ) ;
#5691 = EDGE_LOOP ( 'NONE', ( #1426, #8005, #2844, #5293 ) ) ;
#5692 = ORIENTED_EDGE ( 'NONE', *, *, #3503, .T. ) ;
#5693 = MECHANICAL_DESIGN_GEOMETRIC_PRESENTATION_REPRESENTATION (  '', ( #4821 ), #6145 ) ;
#5694 = SURFACE_STYLE_FILL_AREA ( #3126 ) ;
#5695 = ORIENTED_EDGE ( 'NONE', *, *, #1930, .F. ) ;
#5696 = CARTESIAN_POINT ( 'NONE',  ( -0.6022464362293515900, 0.2539573707431204100, 0.1781108546263189300 ) ) ;
#5697 = CARTESIAN_POINT ( 'NONE',  ( 0.6924188145194246600, -0.05094721865818154600, 0.1635369225628103600 ) ) ;
#5698 = COLOUR_RGB ( '',0.9882352941176471000, 1.000000000000000000, 0.9882352941176471000 ) ;
#5699 = VECTOR ( 'NONE', #5855, 39.37007874015748100 ) ;
#5700 = PRESENTATION_STYLE_ASSIGNMENT (( #5467 ) ) ;
#5701 = ORIENTED_EDGE ( 'NONE', *, *, #7488, .F. ) ;
#5702 = PRESENTATION_LAYER_ASSIGNMENT (  '', '', ( #5280 ) ) ;
#5703 =( NAMED_UNIT ( * ) SI_UNIT ( $, .STERADIAN. ) SOLID_ANGLE_UNIT ( ) );
#5704 =( GEOMETRIC_REPRESENTATION_CONTEXT ( 3 ) GLOBAL_UNCERTAINTY_ASSIGNED_CONTEXT ( ( #1013 ) ) GLOBAL_UNIT_ASSIGNED_CONTEXT ( ( #6080, #2086, #6729 ) ) REPRESENTATION_CONTEXT ( 'NONE', 'WORKASPACE' ) );
#5705 = VERTEX_POINT ( 'NONE', #4280 ) ;
#5706 = EDGE_CURVE ( 'NONE', #2253, #2508, #2098, .T. ) ;
#5707 = SURFACE_STYLE_USAGE ( .BOTH. , #1059 ) ;
#5708 = VERTEX_POINT ( 'NONE', #901 ) ;
#5709 = CARTESIAN_POINT ( 'NONE',  ( 0.7557535637706485100, 0.2539573707431204100, -0.2335417414898683400 ) ) ;
#5710 = CARTESIAN_POINT ( 'NONE',  ( -0.5002464362293517200, 0.01595737074312052500, -0.008541741489868335400 ) ) ;
#5711 = AXIS2_PLACEMENT_3D ( 'NONE', #7524, #3558, #8197 ) ;
#5712 = DIRECTION ( 'NONE',  ( 0.0000000000000000000, 0.0000000000000000000, -1.000000000000000000 ) ) ;
#5713 = FILL_AREA_STYLE ('',( #1089 ) ) ;
#5714 = CARTESIAN_POINT ( 'NONE',  ( 0.6869599286000427400, 0.1145956183211910000, 0.1548184963438959100 ) ) ;
#5715 = TOROIDAL_SURFACE ( 'NONE', #700, 0.08703032773804995900, 0.01150000000000000000 ) ;
#5716 = FACE_OUTER_BOUND ( 'NONE', #7756, .T. ) ;
#5717 = EDGE_LOOP ( 'NONE', ( #4470 ) ) ;
#5718 = FACE_OUTER_BOUND ( 'NONE', #8324, .T. ) ;
#5719 = EDGE_CURVE ( 'NONE', #8556, #8556, #3877, .T. ) ;
#5720 = VECTOR ( 'NONE', #6372, 39.37007874015748100 ) ;
#5721 = CARTESIAN_POINT ( 'NONE',  ( 0.2247535637706484500, -0.2800426292568794500, -0.09604174148986832600 ) ) ;
#5722 =( GEOMETRIC_REPRESENTATION_CONTEXT ( 3 ) GLOBAL_UNCERTAINTY_ASSIGNED_CONTEXT ( ( #4866 ) ) GLOBAL_UNIT_ASSIGNED_CONTEXT ( ( #37, #4709, #687 ) ) REPRESENTATION_CONTEXT ( 'NONE', 'WORKASPACE' ) );
#5723 = AXIS2_PLACEMENT_3D ( 'NONE', #3575, #8216, #4268 ) ;
#5724 = VECTOR ( 'NONE', #136, 39.37007874015748100 ) ;
#5725 = FILL_AREA_STYLE_COLOUR ( '', #1251 ) ;
#5726 = SURFACE_STYLE_FILL_AREA ( #6633 ) ;
#5727 = CARTESIAN_POINT ( 'NONE',  ( 0.6120021478527691800, 0.08588417951181932800, 0.1600628105682333200 ) ) ;
#5728 = EDGE_CURVE ( 'NONE', #921, #4393, #3845, .T. ) ;
#5729 =( NAMED_UNIT ( * ) SI_UNIT ( $, .STERADIAN. ) SOLID_ANGLE_UNIT ( ) );
#5730 = ADVANCED_FACE ( 'NONE', ( #7184 ), #1051, .T. ) ;
#5731 = FILL_AREA_STYLE ('',( #5080 ) ) ;
#5732 = SURFACE_STYLE_USAGE ( .BOTH. , #1080 ) ;
#5733 = ORIENTED_EDGE ( 'NONE', *, *, #3158, .F. ) ;
#5734 = DIRECTION ( 'NONE',  ( -0.7071067811865443500, 0.7071067811865507900, 0.0000000000000000000 ) ) ;
#5735 = SURFACE_STYLE_USAGE ( .BOTH. , #1084 ) ;
#5736 = ORIENTED_EDGE ( 'NONE', *, *, #5896, .T. ) ;
#5737 = CARTESIAN_POINT ( 'NONE',  ( -0.5372464362293516400, -0.3480426292568796200, -0.3530417414898683300 ) ) ;
#5738 = DIRECTION ( 'NONE',  ( 0.0000000000000000000, 1.000000000000000000, -0.0000000000000000000 ) ) ;
#5739 = FILL_AREA_STYLE ('',( #7702 ) ) ;
#5740 = CARTESIAN_POINT ( 'NONE',  ( -0.5772464362293517900, -0.3480426292568794500, -0.3280417414898683100 ) ) ;
#5741 = CARTESIAN_POINT ( 'NONE',  ( 0.5462307619333737200, -0.09259143978414916000, -0.1760481283836759200 ) ) ;
#5742 = CIRCLE ( 'NONE', #6315, 0.03099999999999998900 ) ;
#5743 = FILL_AREA_STYLE_COLOUR ( '', #1968 ) ;
#5744 = TOROIDAL_SURFACE ( 'NONE', #2314, 0.04563479052312245000, 0.04922343162956301800 ) ;
#5745 = STYLED_ITEM ( 'NONE', ( #734 ), #6632 ) ;
#5746 = EDGE_LOOP ( 'NONE', ( #75, #8217, #4441 ) ) ;
#5747 = CARTESIAN_POINT ( 'NONE',  ( -0.6022464362293517000, 0.2539573707431203600, 0.1823300171970334300 ) ) ;
#5748 = VECTOR ( 'NONE', #7787, 39.37007874015748100 ) ;
#5749 = DIRECTION ( 'NONE',  ( 0.0000000000000000000, 0.0000000000000000000, -1.000000000000000000 ) ) ;
#5750 = LINE ( 'NONE', #5737, #4003 ) ;
#5751 = CARTESIAN_POINT ( 'NONE',  ( 0.7357535637706483800, -0.06003605002473280000, -0.03354174148986833300 ) ) ;
#5752 = ORIENTED_EDGE ( 'NONE', *, *, #6763, .F. ) ;
#5753 = EDGE_LOOP ( 'NONE', ( #6725, #6224, #3486, #5260 ) ) ;
#5754 = DIRECTION ( 'NONE',  ( -1.000000000000000000, 0.0000000000000000000, 0.0000000000000000000 ) ) ;
#5755 = UNCERTAINTY_MEASURE_WITH_UNIT (LENGTH_MEASURE( 1.000000000000000100E-005 ), #6405, 'distance_accuracy_value', 'NONE');
#5756 = CARTESIAN_POINT ( 'NONE',  ( 0.5356063145194438500, 0.1741717516251637100, -0.09653589662203747300 ) ) ;
#5757 = PRESENTATION_STYLE_ASSIGNMENT (( #3888 ) ) ;
#5758 = STYLED_ITEM ( 'NONE', ( #1831 ), #4735 ) ;
#5759 = FACE_OUTER_BOUND ( 'NONE', #8505, .T. ) ;
#5760 = CARTESIAN_POINT ( 'NONE',  ( 0.3288870119334312300, -0.02028308380721945800, 0.1215508743707772600 ) ) ;
#5761 =( CONVERSION_BASED_UNIT ( 'INCH', #3990 ) LENGTH_UNIT ( ) NAMED_UNIT ( #4543 ) );
#5762 = CYLINDRICAL_SURFACE ( 'NONE', #4340, 0.1210000000000000200 ) ;
#5763 =( CONVERSION_BASED_UNIT ( 'INCH', #6670 ) LENGTH_UNIT ( ) NAMED_UNIT ( #5056 ) );
#5764 = EDGE_LOOP ( 'NONE', ( #1687, #399, #5017 ) ) ;
#5765 = CARTESIAN_POINT ( 'NONE',  ( -0.6022464362293515900, -0.02053261085912316800, -0.3280417414898683100 ) ) ;
#5766 =( NAMED_UNIT ( * ) PLANE_ANGLE_UNIT ( ) SI_UNIT ( $, .RADIAN. ) );
#5767 = FACE_OUTER_BOUND ( 'NONE', #4938, .T. ) ;
#5768 = DIRECTION ( 'NONE',  ( 0.0000000000000000000, 0.0000000000000000000, -1.000000000000000000 ) ) ;
#5769 = VECTOR ( 'NONE', #4846, 39.37007874015748100 ) ;
#5770 =( CONVERSION_BASED_UNIT ( 'INCH', #5347 ) LENGTH_UNIT ( ) NAMED_UNIT ( #7719 ) );
#5771 = FILL_AREA_STYLE ('',( #1120 ) ) ;
#5772 = CARTESIAN_POINT ( 'NONE',  ( 0.5115010426806829700, 0.2178417575131068600, 0.02660879778915816200 ) ) ;
#5773 = CARTESIAN_POINT ( 'NONE',  ( 0.3615646478527756400, 0.07406995658092199700, 0.1399215458162463300 ) ) ;
#5774 = EDGE_CURVE ( 'NONE', #5677, #1899, #4620, .T. ) ;
#5775 = MECHANICAL_DESIGN_GEOMETRIC_PRESENTATION_REPRESENTATION (  '', ( #4469 ), #6220 ) ;
#5776 = DIMENSIONAL_EXPONENTS ( 1.000000000000000000, 0.0000000000000000000, 0.0000000000000000000, 0.0000000000000000000, 0.0000000000000000000, 0.0000000000000000000, 0.0000000000000000000 ) ;
#5777 = FACE_BOUND ( 'NONE', #7160, .T. ) ;
#5778 = PLANE ( 'NONE',  #6930 ) ;
#5779 = SURFACE_SIDE_STYLE ('',( #4011 ) ) ;
#5780 = ORIENTED_EDGE ( 'NONE', *, *, #5995, .T. ) ;
#5781 = DIRECTION ( 'NONE',  ( 1.077227126839222100E-016, 1.000000000000000000, 0.0000000000000000000 ) ) ;
#5782 = EDGE_CURVE ( 'NONE', #3605, #2685, #8123, .T. ) ;
#5783 =( CONVERSION_BASED_UNIT ( 'INCH', #1760 ) LENGTH_UNIT ( ) NAMED_UNIT ( #7921 ) );
#5784 = CARTESIAN_POINT ( 'NONE',  ( 0.4276896478527511000, 0.03212170256088243300, -0.1659178058926686300 ) ) ;
#5785 = CARTESIAN_POINT ( 'NONE',  ( 0.6964293932871205000, 0.1580324917209272000, 0.1110870820460867100 ) ) ;
#5786 = DIRECTION ( 'NONE',  ( 1.000000000000000000, 0.0000000000000000000, 0.0000000000000000000 ) ) ;
#5787 = EDGE_LOOP ( 'NONE', ( #1210, #2423, #6905, #1779 ) ) ;
#5788 = SURFACE_STYLE_USAGE ( .BOTH. , #1146 ) ;
#5789 = CARTESIAN_POINT ( 'NONE',  ( 0.5290224286000635400, 0.2123105748722948200, 0.02564884044986640000 ) ) ;
#5790 = DIRECTION ( 'NONE',  ( 1.000000000000000000, 0.0000000000000000000, 0.0000000000000000000 ) ) ;
#5791 = DIMENSIONAL_EXPONENTS ( 1.000000000000000000, 0.0000000000000000000, 0.0000000000000000000, 0.0000000000000000000, 0.0000000000000000000, 0.0000000000000000000, 0.0000000000000000000 ) ;
#5792 = CARTESIAN_POINT ( 'NONE',  ( 0.5795035637706488200, -0.1717926292568781900, 0.3009582585101315800 ) ) ;
#5793 = DIRECTION ( 'NONE',  ( 2.134256245050203000E-016, -0.0000000000000000000, 1.000000000000000000 ) ) ;
#5794 = ORIENTED_EDGE ( 'NONE', *, *, #6731, .F. ) ;
#5795 = DIRECTION ( 'NONE',  ( -0.0000000000000000000, -0.0000000000000000000, 1.000000000000000000 ) ) ;
#5796 = ORIENTED_EDGE ( 'NONE', *, *, #7057, .T. ) ;
#5797 =( LENGTH_UNIT ( ) NAMED_UNIT ( * ) SI_UNIT ( $, .METRE. ) );
#5798 = CARTESIAN_POINT ( 'NONE',  ( 0.3699911786000381100, 0.1787437728165314200, 0.02040998834416059300 ) ) ;
#5799 = CARTESIAN_POINT ( 'NONE',  ( 0.2656664774223875800, 0.1383054171329791400, -0.006728388886052151000 ) ) ;
#5800 = ADVANCED_FACE ( 'NONE', ( #6151 ), #338, .T. ) ;
#5801 = DIRECTION ( 'NONE',  ( 0.0000000000000000000, 0.0000000000000000000, -1.000000000000000000 ) ) ;
#5802 = VECTOR ( 'NONE', #4165, 39.37007874015748100 ) ;
#5803 = COLOUR_RGB ( '',0.9882352941176471000, 1.000000000000000000, 0.9882352941176471000 ) ;
#5804 = VERTEX_POINT ( 'NONE', #5696 ) ;
#5805 = AXIS2_PLACEMENT_3D ( 'NONE', #3182, #7829, #3864 ) ;
#5806 = CARTESIAN_POINT ( 'NONE',  ( 0.7307535637706486000, -0.3480426292568794500, -0.3530417414898683300 ) ) ;
#5807 =( CONVERSION_BASED_UNIT ( 'INCH', #7046 ) LENGTH_UNIT ( ) NAMED_UNIT ( #8552 ) );
#5808 = COLOUR_RGB ( '',0.2941176470588235400, 0.2941176470588235400, 0.2941176470588235400 ) ;
#5809 = STYLED_ITEM ( 'NONE', ( #2224 ), #7586 ) ;
#5810 = PRESENTATION_STYLE_ASSIGNMENT (( #2959 ) ) ;
#5811 = CARTESIAN_POINT ( 'NONE',  ( 0.7065015952667114100, 0.07735085901350852200, 0.01682337198156023300 ) ) ;
#5812 = CARTESIAN_POINT ( 'NONE',  ( 0.3262000645194392300, -0.09691571056527656400, 0.03478213141541623700 ) ) ;
#5813 = CARTESIAN_POINT ( 'NONE',  ( 0.4216474286000525500, -0.04621334595022830200, -0.1631482852389107300 ) ) ;
#5814 = ORIENTED_EDGE ( 'NONE', *, *, #693, .T. ) ;
#5815 = DIMENSIONAL_EXPONENTS ( 1.000000000000000000, 0.0000000000000000000, 0.0000000000000000000, 0.0000000000000000000, 0.0000000000000000000, 0.0000000000000000000, 0.0000000000000000000 ) ;
#5816 = VERTEX_POINT ( 'NONE', #7631 ) ;
#5817 = DIRECTION ( 'NONE',  ( 0.0000000000000000000, 1.000000000000000000, -0.0000000000000000000 ) ) ;
#5818 = SURFACE_STYLE_USAGE ( .BOTH. , #1177 ) ;
#5819 = CARTESIAN_POINT ( 'NONE',  ( 0.4159495119333708200, 0.1413558601221937800, -0.1254433544025520800 ) ) ;
#5820 = SURFACE_STYLE_FILL_AREA ( #2315 ) ;
#5821 = PRESENTATION_LAYER_ASSIGNMENT (  '', '', ( #5378 ) ) ;
#5822 =( CONVERSION_BASED_UNIT ( 'INCH', #6385 ) LENGTH_UNIT ( ) NAMED_UNIT ( #735 ) );
#5823 =( LENGTH_UNIT ( ) NAMED_UNIT ( * ) SI_UNIT ( $, .METRE. ) );
#5824 = PRESENTATION_LAYER_ASSIGNMENT (  '', '', ( #4942 ) ) ;
#5825 = EDGE_CURVE ( 'NONE', #7459, #4133, #1989, .T. ) ;
#5826 = DIRECTION ( 'NONE',  ( 0.0000000000000000000, 1.000000000000000000, -0.0000000000000000000 ) ) ;
#5827 =( NAMED_UNIT ( * ) PLANE_ANGLE_UNIT ( ) SI_UNIT ( $, .RADIAN. ) );
#5828 = EDGE_LOOP ( 'NONE', ( #6403 ) ) ;
#5829 = CARTESIAN_POINT ( 'NONE',  ( 0.6907535637706484500, -0.06054262925687946300, -0.3180417414898682500 ) ) ;
#5830 = PRESENTATION_LAYER_ASSIGNMENT (  '', '', ( #5385 ) ) ;
#5831 =( LENGTH_UNIT ( ) NAMED_UNIT ( * ) SI_UNIT ( $, .METRE. ) );
#5832 = SURFACE_STYLE_USAGE ( .BOTH. , #1186 ) ;
#5833 = CARTESIAN_POINT ( 'NONE',  ( 0.6507724286000571300, -0.1558365493735530100, -0.1148371533139222100 ) ) ;
#5834 = UNCERTAINTY_MEASURE_WITH_UNIT (LENGTH_MEASURE( 1.000000000000000100E-005 ), #1694, 'distance_accuracy_value', 'NONE');
#5835 = CARTESIAN_POINT ( 'NONE',  ( 0.6421682619333865000, 0.09000812495147585100, -0.2021596555791619600 ) ) ;
#5836 = ORIENTED_EDGE ( 'NONE', *, *, #2094, .T. ) ;
#5837 = SURFACE_STYLE_USAGE ( .BOTH. , #1190 ) ;
#5838 = AXIS2_PLACEMENT_3D ( 'NONE', #8012, #6378, #2551 ) ;
#5839 = DIMENSIONAL_EXPONENTS ( 1.000000000000000000, 0.0000000000000000000, 0.0000000000000000000, 0.0000000000000000000, 0.0000000000000000000, 0.0000000000000000000, 0.0000000000000000000 ) ;
#5840 = FILL_AREA_STYLE_COLOUR ( '', #2660 ) ;
#5841 = VERTEX_POINT ( 'NONE', #2021 ) ;
#5842 = EDGE_LOOP ( 'NONE', ( #981, #6937, #6457, #4006 ) ) ;
#5843 = PRESENTATION_LAYER_ASSIGNMENT (  '', '', ( #5398 ) ) ;
#5844 = VERTEX_POINT ( 'NONE', #2810 ) ;
#5845 = CARTESIAN_POINT ( 'NONE',  ( 0.7019182619333816900, 0.006146462608914641000, 0.1820159015572169500 ) ) ;
#5846 = EDGE_CURVE ( 'NONE', #5841, #5524, #3759, .T. ) ;
#5847 = ADVANCED_FACE ( 'NONE', ( #3551 ), #8403, .F. ) ;
#5848 = CARTESIAN_POINT ( 'NONE',  ( 0.4960010426806659200, 0.1091657123936257600, 0.1467705713524269100 ) ) ;
#5849 =( CONVERSION_BASED_UNIT ( 'INCH', #5623 ) LENGTH_UNIT ( ) NAMED_UNIT ( #3201 ) );
#5850 =( LENGTH_UNIT ( ) NAMED_UNIT ( * ) SI_UNIT ( $, .METRE. ) );
#5851 = ORIENTED_EDGE ( 'NONE', *, *, #6826, .T. ) ;
#5852 = CARTESIAN_POINT ( 'NONE',  ( 0.3165224285999978500, -0.1069192866318817300, -0.05871919857023132100 ) ) ;
#5853 = CARTESIAN_POINT ( 'NONE',  ( 0.2147535637706484100, -0.2830426292568795100, 0.06895825851013164000 ) ) ;
#5854 = SURFACE_STYLE_FILL_AREA ( #5205 ) ;
#5855 = DIRECTION ( 'NONE',  ( -0.0000000000000000000, -1.000000000000000000, -0.0000000000000000000 ) ) ;
#5856 = DIRECTION ( 'NONE',  ( -1.000000000000000000, 0.0000000000000000000, -2.134256245050203000E-016 ) ) ;
#5857 = MECHANICAL_DESIGN_GEOMETRIC_PRESENTATION_REPRESENTATION (  '', ( #4552 ), #6307 ) ;
#5858 = CARTESIAN_POINT ( 'NONE',  ( 0.5795035637706488200, -0.1717926292568781900, -0.3180417414898682500 ) ) ;
#5859 = DIRECTION ( 'NONE',  ( 0.0000000000000000000, -1.000000000000000000, 0.0000000000000000000 ) ) ;
#5860 = CARTESIAN_POINT ( 'NONE',  ( 0.3754697926806576700, 0.1842715151212520300, 0.02137827264569186800 ) ) ;
#5861 = CARTESIAN_POINT ( 'NONE',  ( 0.5657724286000495000, -0.1614831375382451700, -0.1117154756303301900 ) ) ;
#5862 = AXIS2_PLACEMENT_3D ( 'NONE', #5454, #6811, #6179 ) ;
#5863 = SURFACE_STYLE_FILL_AREA ( #3037 ) ;
#5864 = PRESENTATION_LAYER_ASSIGNMENT (  '', '', ( #4979 ) ) ;
#5865 = ORIENTED_EDGE ( 'NONE', *, *, #3339, .F. ) ;
#5866 = CARTESIAN_POINT ( 'NONE',  ( 0.7498287686775039200, -0.009042629256879479400, 0.03574772193756758900 ) ) ;
#5867 = COLOUR_RGB ( '',0.2941176470588235400, 0.2941176470588235400, 0.2941176470588235400 ) ;
#5868 = SURFACE_STYLE_FILL_AREA ( #5689 ) ;
#5869 = LINE ( 'NONE', #4639, #553 ) ;
#5870 = LINE ( 'NONE', #830, #2336 ) ;
#5871 = CIRCLE ( 'NONE', #4661, 0.04900000000000000200 ) ;
#5872 = DIRECTION ( 'NONE',  ( -1.000000000000000000, 0.0000000000000000000, 0.0000000000000000000 ) ) ;
#5873 = ORIENTED_EDGE ( 'NONE', *, *, #1167, .T. ) ;
#5874 = PRESENTATION_LAYER_ASSIGNMENT (  '', '', ( #4991 ) ) ;
#5875 = CARTESIAN_POINT ( 'NONE',  ( 0.6562510426806766900, -0.1403530088010297200, -0.1052571999416955200 ) ) ;
#5876 = AXIS2_PLACEMENT_3D ( 'NONE', #6010, #2026, #6677 ) ;
#5877 = CARTESIAN_POINT ( 'NONE',  ( 0.7557535637706485100, -0.09804262925687946800, 0.3359582585101316100 ) ) ;
#5878 = EDGE_CURVE ( 'NONE', #2523, #6883, #6251, .T. ) ;
#5879 = DIRECTION ( 'NONE',  ( 1.000000000000000000, -0.0000000000000000000, -0.0000000000000000000 ) ) ;
#5880 = FACE_OUTER_BOUND ( 'NONE', #3003, .T. ) ;
#5881 = FACE_OUTER_BOUND ( 'NONE', #6093, .T. ) ;
#5882 = CARTESIAN_POINT ( 'NONE',  ( 0.6843771478527590500, -0.1536913763400441500, 0.1128488494689778700 ) ) ;
#5883 = PRESENTATION_LAYER_ASSIGNMENT (  '', '', ( #5439 ) ) ;
#5884 = DIRECTION ( 'NONE',  ( 0.0000000000000000000, 0.0000000000000000000, 1.000000000000000000 ) ) ;
#5885 = DIMENSIONAL_EXPONENTS ( 1.000000000000000000, 0.0000000000000000000, 0.0000000000000000000, 0.0000000000000000000, 0.0000000000000000000, 0.0000000000000000000, 0.0000000000000000000 ) ;
#5886 = FILL_AREA_STYLE_COLOUR ( '', #3733 ) ;
#5887 = CARTESIAN_POINT ( 'NONE',  ( -0.5869258989996067900, 0.04095737074312051600, -0.07887837700147684600 ) ) ;
#5888 =( CONVERSION_BASED_UNIT ( 'INCH', #134 ) LENGTH_UNIT ( ) NAMED_UNIT ( #1109 ) );
#5889 = LENGTH_MEASURE_WITH_UNIT ( LENGTH_MEASURE( 0.02539999999999999900 ), #4034 );
#5890 = FACE_OUTER_BOUND ( 'NONE', #4325, .T. ) ;
#5891 =( NAMED_UNIT ( * ) SI_UNIT ( $, .STERADIAN. ) SOLID_ANGLE_UNIT ( ) );
#5892 =( NAMED_UNIT ( * ) SI_UNIT ( $, .STERADIAN. ) SOLID_ANGLE_UNIT ( ) );
#5893 = CARTESIAN_POINT ( 'NONE',  ( 0.5180849286000635000, 0.1898741274587381900, -0.1052693552606467200 ) ) ;
#5894 = UNCERTAINTY_MEASURE_WITH_UNIT (LENGTH_MEASURE( 1.000000000000000100E-005 ), #2649, 'distance_accuracy_value', 'NONE');
#5895 = CARTESIAN_POINT ( 'NONE',  ( 0.4733245119333752100, -0.1384872822597288900, 0.1137782736758067400 ) ) ;
#5896 = EDGE_CURVE ( 'NONE', #4723, #7339, #4512, .T. ) ;
#5897 = ADVANCED_FACE ( 'NONE', ( #4308, #2713 ), #2469, .T. ) ;
#5898 = AXIS2_PLACEMENT_3D ( 'NONE', #3854, #8491, #4544 ) ;
#5899 = AXIS2_PLACEMENT_3D ( 'NONE', #6655, #2675, #7307 ) ;
#5900 = CARTESIAN_POINT ( 'NONE',  ( 0.7357535637706483800, 0.05312867351770816900, -0.03354174148986834000 ) ) ;
#5901 = CARTESIAN_POINT ( 'NONE',  ( 0.7507535637706483900, 0.01595737074312052500, -0.008541741489868335400 ) ) ;
#5902 = EDGE_CURVE ( 'NONE', #7008, #1740, #8603, .T. ) ;
#5903 = CIRCLE ( 'NONE', #5673, 0.04479626937547442200 ) ;
#5904 = ORIENTED_EDGE ( 'NONE', *, *, #7931, .F. ) ;
#5905 = CARTESIAN_POINT ( 'NONE',  ( 0.5718135426806589800, -0.1622086396008315900, 0.02773369709208023700 ) ) ;
#5906 = CARTESIAN_POINT ( 'NONE',  ( -0.5963216411362074500, 0.04095737074312053000, 0.03574772193756758200 ) ) ;
#5907 = DIMENSIONAL_EXPONENTS ( 1.000000000000000000, 0.0000000000000000000, 0.0000000000000000000, 0.0000000000000000000, 0.0000000000000000000, 0.0000000000000000000, 0.0000000000000000000 ) ;
#5908 = ORIENTED_EDGE ( 'NONE', *, *, #5846, .F. ) ;
#5909 = PRESENTATION_STYLE_ASSIGNMENT (( #235 ) ) ;
#5910 = CARTESIAN_POINT ( 'NONE',  ( 0.6079813145194212800, 0.04206562265884537100, 0.1958118176492517900 ) ) ;
#5911 = ORIENTED_EDGE ( 'NONE', *, *, #7383, .T. ) ;
#5912 = CARTESIAN_POINT ( 'NONE',  ( -0.04024643622935145800, -0.2830426292568795100, -0.003541741489868291900 ) ) ;
#5913 = CARTESIAN_POINT ( 'NONE',  ( 0.2742535637706484100, 0.2539573707431204100, 0.2164582585101315900 ) ) ;
#5914 = CARTESIAN_POINT ( 'NONE',  ( 0.7507535637706483900, -0.02121393203146711800, -0.03354174148986834000 ) ) ;
#5915 = CARTESIAN_POINT ( 'NONE',  ( 0.7489079559531708300, 0.04095737074312053000, 0.04234505855283347100 ) ) ;
#5916 = UNCERTAINTY_MEASURE_WITH_UNIT (LENGTH_MEASURE( 1.000000000000000100E-005 ), #6466, 'distance_accuracy_value', 'NONE');
#5917 =( NAMED_UNIT ( * ) PLANE_ANGLE_UNIT ( ) SI_UNIT ( $, .RADIAN. ) );
#5918 = CYLINDRICAL_SURFACE ( 'NONE', #1584, 0.1210000000000000200 ) ;
#5919 = LINE ( 'NONE', #8500, #2169 ) ;
#5920 = SURFACE_SIDE_STYLE ('',( #3378 ) ) ;
#5921 = CARTESIAN_POINT ( 'NONE',  ( 0.6869599286000427400, 0.1211062488177437100, 0.1656007206298717400 ) ) ;
#5922 = PRESENTATION_STYLE_ASSIGNMENT (( #1653 ) ) ;
#5923 = ORIENTED_EDGE ( 'NONE', *, *, #2210, .T. ) ;
#5924 = ORIENTED_EDGE ( 'NONE', *, *, #4836, .F. ) ;
#5925 = CARTESIAN_POINT ( 'NONE',  ( 0.1547535637706485000, -0.2800426292568794500, -0.003541741489868331400 ) ) ;
#5926 = SURFACE_STYLE_FILL_AREA ( #3214 ) ;
#5927 = DIMENSIONAL_EXPONENTS ( 1.000000000000000000, 0.0000000000000000000, 0.0000000000000000000, 0.0000000000000000000, 0.0000000000000000000, 0.0000000000000000000, 0.0000000000000000000 ) ;
#5928 = SURFACE_STYLE_USAGE ( .BOTH. , #1280 ) ;
#5929 = CARTESIAN_POINT ( 'NONE',  ( 0.7004802093473309100, 0.2008022892903817700, 0.06782812224745124500 ) ) ;
#5930 = PRESENTATION_LAYER_ASSIGNMENT (  '', '', ( #5049 ) ) ;
#5931 = MECHANICAL_DESIGN_GEOMETRIC_PRESENTATION_REPRESENTATION (  '', ( #4170 ), #6370 ) ;
#5932 = EDGE_LOOP ( 'NONE', ( #6171, #1807, #1996, #3430 ) ) ;
#5933 = DIRECTION ( 'NONE',  ( 0.0000000000000000000, 0.0000000000000000000, 1.000000000000000000 ) ) ;
#5934 = VECTOR ( 'NONE', #351, 39.37007874015748100 ) ;
#5935 = LINE ( 'NONE', #2387, #5720 ) ;
#5936 = ADVANCED_FACE ( 'NONE', ( #1729, #6823 ), #2669, .T. ) ;
#5937 = CARTESIAN_POINT ( 'NONE',  ( 0.4845218760139964300, 0.008470010128347091700, 0.1696816319673291600 ) ) ;
#5938 = DIRECTION ( 'NONE',  ( 0.0000000000000000000, 1.000000000000000000, 0.0000000000000000000 ) ) ;
#5939 = DIRECTION ( 'NONE',  ( 0.0000000000000000000, 0.0000000000000000000, 1.000000000000000000 ) ) ;
#5940 = CARTESIAN_POINT ( 'NONE',  ( 0.5275646478527400400, 0.2201820215608134300, -0.02098784128603300600 ) ) ;
#5941 = VECTOR ( 'NONE', #73, 39.37007874015748100 ) ;
#5942 = DIRECTION ( 'NONE',  ( -1.000000000000000000, 0.0000000000000000000, 0.0000000000000000000 ) ) ;
#5943 = DIRECTION ( 'NONE',  ( 1.000000000000000000, 0.0000000000000000000, 0.0000000000000000000 ) ) ;
#5944 = UNCERTAINTY_MEASURE_WITH_UNIT (LENGTH_MEASURE( 1.000000000000000100E-005 ), #6143, 'distance_accuracy_value', 'NONE');
#5945 = PRESENTATION_LAYER_ASSIGNMENT (  '', '', ( #6384 ) ) ;
#5946 = PRESENTATION_STYLE_ASSIGNMENT (( #7472 ) ) ;
#5947 = EDGE_CURVE ( 'NONE', #8107, #5185, #5996, .T. ) ;
#5948 = SURFACE_SIDE_STYLE ('',( #8192 ) ) ;
#5949 = SURFACE_STYLE_USAGE ( .BOTH. , #1301 ) ;
#5950 = ORIENTED_EDGE ( 'NONE', *, *, #2948, .F. ) ;
#5951 = FILL_AREA_STYLE ('',( #5976 ) ) ;
#5952 = DIRECTION ( 'NONE',  ( -1.000000000000000000, 0.0000000000000000000, 1.219574997171554500E-016 ) ) ;
#5953 = CARTESIAN_POINT ( 'NONE',  ( 0.3440432619333952400, 0.07201672048885753000, 0.1347191817251930100 ) ) ;
#5954 = FACE_OUTER_BOUND ( 'NONE', #977, .T. ) ;
#5955 = ORIENTED_EDGE ( 'NONE', *, *, #4963, .T. ) ;
#5956 = VERTEX_POINT ( 'NONE', #2503 ) ;
#5957 = DIRECTION ( 'NONE',  ( 0.0000000000000000000, 0.0000000000000000000, 1.000000000000000000 ) ) ;
#5958 = LINE ( 'NONE', #2636, #7705 ) ;
#5959 = ORIENTED_EDGE ( 'NONE', *, *, #6516, .F. ) ;
#5960 = FILL_AREA_STYLE_COLOUR ( '', #2559 ) ;
#5961 = PRESENTATION_LAYER_ASSIGNMENT (  '', '', ( #5077 ) ) ;
#5962 = DIMENSIONAL_EXPONENTS ( 1.000000000000000000, 0.0000000000000000000, 0.0000000000000000000, 0.0000000000000000000, 0.0000000000000000000, 0.0000000000000000000, 0.0000000000000000000 ) ;
#5963 = ORIENTED_EDGE ( 'NONE', *, *, #7067, .T. ) ;
#5964 = ORIENTED_EDGE ( 'NONE', *, *, #3959, .T. ) ;
#5965 = CARTESIAN_POINT ( 'NONE',  ( -0.02524643622935148300, -0.2830426292568795100, 0.06895825851013165400 ) ) ;
#5966 = CARTESIAN_POINT ( 'NONE',  ( 0.4219500645194328400, 0.07821026794350900700, -0.1772908502231935200 ) ) ;
#5967 = ORIENTED_EDGE ( 'NONE', *, *, #8281, .T. ) ;
#5968 = SURFACE_SIDE_STYLE ('',( #7959 ) ) ;
#5969 =( LENGTH_UNIT ( ) NAMED_UNIT ( * ) SI_UNIT ( $, .METRE. ) );
#5970 = DIMENSIONAL_EXPONENTS ( 1.000000000000000000, 0.0000000000000000000, 0.0000000000000000000, 0.0000000000000000000, 0.0000000000000000000, 0.0000000000000000000, 0.0000000000000000000 ) ;
#5971 = SURFACE_STYLE_FILL_AREA ( #3209 ) ;
#5972 = DIRECTION ( 'NONE',  ( -1.000000000000000000, -0.0000000000000000000, -0.0000000000000000000 ) ) ;
#5973 = CARTESIAN_POINT ( 'NONE',  ( 0.3362535637706484700, -0.09804262925687951000, -0.3530417414898683300 ) ) ;
#5974 = DIRECTION ( 'NONE',  ( -1.000000000000000000, -0.0000000000000000000, -0.0000000000000000000 ) ) ;
#5975 = PRESENTATION_LAYER_ASSIGNMENT (  '', '', ( #5518 ) ) ;
#5976 = FILL_AREA_STYLE_COLOUR ( '', #7572 ) ;
#5977 = MECHANICAL_DESIGN_GEOMETRIC_PRESENTATION_REPRESENTATION (  '', ( #4215 ), #6415 ) ;
#5978 = ADVANCED_FACE ( 'NONE', ( #7741 ), #1623, .F. ) ;
#5979 = LINE ( 'NONE', #2167, #3375 ) ;
#5980 = ORIENTED_EDGE ( 'NONE', *, *, #8376, .F. ) ;
#5981 = SURFACE_STYLE_FILL_AREA ( #1598 ) ;
#5982 = VECTOR ( 'NONE', #5859, 39.37007874015748100 ) ;
#5983 = PRESENTATION_STYLE_ASSIGNMENT (( #4149 ) ) ;
#5984 = AXIS2_PLACEMENT_3D ( 'NONE', #7993, #4036, #41 ) ;
#5985 = FACE_OUTER_BOUND ( 'NONE', #7098, .T. ) ;
#5986 = SURFACE_SIDE_STYLE ('',( #4558 ) ) ;
#5987 =( LENGTH_UNIT ( ) NAMED_UNIT ( * ) SI_UNIT ( $, .METRE. ) );
#5988 = CIRCLE ( 'NONE', #2436, 0.08000000000000000200 ) ;
#5989 =( NAMED_UNIT ( * ) SI_UNIT ( $, .STERADIAN. ) SOLID_ANGLE_UNIT ( ) );
#5990 = MECHANICAL_DESIGN_GEOMETRIC_PRESENTATION_REPRESENTATION (  '', ( #4674 ), #6431 ) ;
#5991 =( GEOMETRIC_REPRESENTATION_CONTEXT ( 3 ) GLOBAL_UNCERTAINTY_ASSIGNED_CONTEXT ( ( #5291 ) ) GLOBAL_UNIT_ASSIGNED_CONTEXT ( ( #8182, #4232, #217 ) ) REPRESENTATION_CONTEXT ( 'NONE', 'WORKASPACE' ) );
#5992 = FILL_AREA_STYLE_COLOUR ( '', #1567 ) ;
#5993 = ORIENTED_EDGE ( 'NONE', *, *, #1995, .T. ) ;
#5994 = ORIENTED_EDGE ( 'NONE', *, *, #6432, .F. ) ;
#5995 = EDGE_CURVE ( 'NONE', #6897, #4680, #5175, .T. ) ;
#5996 = LINE ( 'NONE', #545, #4258 ) ;
#5997 = LENGTH_MEASURE_WITH_UNIT ( LENGTH_MEASURE( 0.02539999999999999900 ), #800 );
#5998 = PRESENTATION_LAYER_ASSIGNMENT (  '', '', ( #5119 ) ) ;
#5999 = DIRECTION ( 'NONE',  ( -0.0000000000000000000, -1.000000000000000000, -0.0000000000000000000 ) ) ;
#6000 = DIRECTION ( 'NONE',  ( 1.000000000000000000, 0.0000000000000000000, 0.0000000000000000000 ) ) ;
#6001 = CARTESIAN_POINT ( 'NONE',  ( 0.7483656797974821400, 0.2539573707431204700, -0.2231958728815344200 ) ) ;
#6002 = ORIENTED_EDGE ( 'NONE', *, *, #1382, .F. ) ;
#6003 = DIRECTION ( 'NONE',  ( 0.0000000000000000000, 9.571164508604897800E-017, 1.000000000000000000 ) ) ;
#6004 = CARTESIAN_POINT ( 'NONE',  ( -0.5772464362293517900, -0.3480426292568794500, 0.3109582585101316500 ) ) ;
#6005 = EDGE_CURVE ( 'NONE', #6774, #6774, #65, .T. ) ;
#6006 = AXIS2_PLACEMENT_3D ( 'NONE', #4841, #836, #5491 ) ;
#6007 = ORIENTED_EDGE ( 'NONE', *, *, #6386, .F. ) ;
#6008 = ORIENTED_EDGE ( 'NONE', *, *, #2774, .T. ) ;
#6009 = MECHANICAL_DESIGN_GEOMETRIC_PRESENTATION_REPRESENTATION (  '', ( #5132 ), #6456 ) ;
#6010 = CARTESIAN_POINT ( 'NONE',  ( -0.1827464362293516600, -0.03604262925687949600, -0.3530417414898683300 ) ) ;
#6011 = FACE_OUTER_BOUND ( 'NONE', #7386, .T. ) ;
#6012 = ORIENTED_EDGE ( 'NONE', *, *, #5774, .T. ) ;
#6013 = DIMENSIONAL_EXPONENTS ( 1.000000000000000000, 0.0000000000000000000, 0.0000000000000000000, 0.0000000000000000000, 0.0000000000000000000, 0.0000000000000000000, 0.0000000000000000000 ) ;
#6014 = FILL_AREA_STYLE_COLOUR ( '', #1288 ) ;
#6015 = EDGE_CURVE ( 'NONE', #4166, #921, #8486, .T. ) ;
#6016 = LINE ( 'NONE', #1463, #5802 ) ;
#6017 = ORIENTED_EDGE ( 'NONE', *, *, #2983, .F. ) ;
#6018 = DIMENSIONAL_EXPONENTS ( 1.000000000000000000, 0.0000000000000000000, 0.0000000000000000000, 0.0000000000000000000, 0.0000000000000000000, 0.0000000000000000000, 0.0000000000000000000 ) ;
#6019 =( NAMED_UNIT ( * ) SI_UNIT ( $, .STERADIAN. ) SOLID_ANGLE_UNIT ( ) );
#6020 = CARTESIAN_POINT ( 'NONE',  ( 0.004753563770648469200, -0.2800426292568794500, -0.003541741489868337000 ) ) ;
#6021 = ORIENTED_EDGE ( 'NONE', *, *, #4583, .T. ) ;
#6022 = VECTOR ( 'NONE', #1928, 39.37007874015748100 ) ;
#6023 = CIRCLE ( 'NONE', #7165, 0.01600000000000004900 ) ;
#6024 = UNCERTAINTY_MEASURE_WITH_UNIT (LENGTH_MEASURE( 1.000000000000000100E-005 ), #953, 'distance_accuracy_value', 'NONE');
#6025 = MECHANICAL_DESIGN_GEOMETRIC_PRESENTATION_REPRESENTATION (  '', ( #5149 ), #6475 ) ;
#6026 = PRESENTATION_STYLE_ASSIGNMENT (( #3063 ) ) ;
#6027 = UNCERTAINTY_MEASURE_WITH_UNIT (LENGTH_MEASURE( 1.000000000000000100E-005 ), #2944, 'distance_accuracy_value', 'NONE');
#6028 =( NAMED_UNIT ( * ) SI_UNIT ( $, .STERADIAN. ) SOLID_ANGLE_UNIT ( ) );
#6029 =( LENGTH_UNIT ( ) NAMED_UNIT ( * ) SI_UNIT ( $, .METRE. ) );
#6030 = MECHANICAL_DESIGN_GEOMETRIC_PRESENTATION_REPRESENTATION (  '', ( #5154 ), #6481 ) ;
#6031 =( NAMED_UNIT ( * ) PLANE_ANGLE_UNIT ( ) SI_UNIT ( $, .RADIAN. ) );
#6032 = ORIENTED_EDGE ( 'NONE', *, *, #4677, .F. ) ;
#6033 =( LENGTH_UNIT ( ) NAMED_UNIT ( * ) SI_UNIT ( $, .METRE. ) );
#6034 = ORIENTED_EDGE ( 'NONE', *, *, #7263, .T. ) ;
#6035 =( CONVERSION_BASED_UNIT ( 'INCH', #2727 ) LENGTH_UNIT ( ) NAMED_UNIT ( #2454 ) );
#6036 = CARTESIAN_POINT ( 'NONE',  ( 0.7557535637706482800, 0.2539573707431204100, 0.1823300277970794900 ) ) ;
#6037 = AXIS2_PLACEMENT_3D ( 'NONE', #180, #4857, #850 ) ;
#6038 = LINE ( 'NONE', #6353, #718 ) ;
#6039 = CARTESIAN_POINT ( 'NONE',  ( -0.01274643622935168500, -0.2800426292568794500, 0.01395825851013166400 ) ) ;
#6040 = CARTESIAN_POINT ( 'NONE',  ( 0.3656474286000279700, 0.1309385115738112600, 0.1081174946021910300 ) ) ;
#6041 =( NAMED_UNIT ( * ) PLANE_ANGLE_UNIT ( ) SI_UNIT ( $, .RADIAN. ) );
#6042 = VERTEX_POINT ( 'NONE', #600 ) ;
#6043 =( NAMED_UNIT ( * ) SI_UNIT ( $, .STERADIAN. ) SOLID_ANGLE_UNIT ( ) );
#6044 = COLOUR_RGB ( '',0.2941176470588235400, 0.2941176470588235400, 0.2941176470588235400 ) ;
#6045 = AXIS2_PLACEMENT_3D ( 'NONE', #1708, #6355, #2371 ) ;
#6046 = COLOUR_RGB ( '',0.2941176470588235400, 0.2941176470588235400, 0.2941176470588235400 ) ;
#6047 = CARTESIAN_POINT ( 'NONE',  ( 0.3141572926806784300, -0.09691571056527656400, 0.03478213141541623700 ) ) ;
#6048 = EDGE_CURVE ( 'NONE', #5677, #6461, #3396, .T. ) ;
#6049 = DIMENSIONAL_EXPONENTS ( 1.000000000000000000, 0.0000000000000000000, 0.0000000000000000000, 0.0000000000000000000, 0.0000000000000000000, 0.0000000000000000000, 0.0000000000000000000 ) ;
#6050 = COLOUR_RGB ( '',0.2941176470588235400, 0.2941176470588235400, 0.2941176470588235400 ) ;
#6051 = CARTESIAN_POINT ( 'NONE',  ( -0.5372464362293516400, -0.2830426292568795100, 0.3359582585101316100 ) ) ;
#6052 = EDGE_LOOP ( 'NONE', ( #3354 ) ) ;
#6053 = FACE_OUTER_BOUND ( 'NONE', #3404, .T. ) ;
#6054 = VECTOR ( 'NONE', #4500, 39.37007874015748100 ) ;
#6055 = CARTESIAN_POINT ( 'NONE',  ( -0.5372464362293516400, 0.2539573707431204100, 0.2164582585101316200 ) ) ;
#6056 = VECTOR ( 'NONE', #4481, 39.37007874015748100 ) ;
#6057 = ORIENTED_EDGE ( 'NONE', *, *, #4540, .F. ) ;
#6058 =( CONVERSION_BASED_UNIT ( 'INCH', #1512 ) LENGTH_UNIT ( ) NAMED_UNIT ( #8388 ) );
#6059 = ORIENTED_EDGE ( 'NONE', *, *, #8215, .F. ) ;
#6060 = VERTEX_POINT ( 'NONE', #5461 ) ;
#6061 = DIRECTION ( 'NONE',  ( 1.000000000000000000, 0.0000000000000000000, 0.0000000000000000000 ) ) ;
#6062 = DIMENSIONAL_EXPONENTS ( 1.000000000000000000, 0.0000000000000000000, 0.0000000000000000000, 0.0000000000000000000, 0.0000000000000000000, 0.0000000000000000000, 0.0000000000000000000 ) ;
#6063 = ORIENTED_EDGE ( 'NONE', *, *, #4848, .T. ) ;
#6064 = EDGE_CURVE ( 'NONE', #950, #1329, #6709, .T. ) ;
#6065 =( CONVERSION_BASED_UNIT ( 'INCH', #3629 ) LENGTH_UNIT ( ) NAMED_UNIT ( #2528 ) );
#6066 = COLOUR_RGB ( '',0.2941176470588235400, 0.2941176470588235400, 0.2941176470588235400 ) ;
#6067 = STYLED_ITEM ( 'NONE', ( #4416 ), #5800 ) ;
#6068 = DIRECTION ( 'NONE',  ( 0.0000000000000000000, 0.0000000000000000000, 1.000000000000000000 ) ) ;
#6069 = AXIS2_PLACEMENT_3D ( 'NONE', #5811, #4537, #508 ) ;
#6070 = VERTEX_POINT ( 'NONE', #1949 ) ;
#6071 = CARTESIAN_POINT ( 'NONE',  ( -0.9984602808033384800, -0.2800426292568794500, -0.08604174148986816500 ) ) ;
#6072 = LENGTH_MEASURE_WITH_UNIT ( LENGTH_MEASURE( 0.02539999999999999900 ), #6033 );
#6073 = CYLINDRICAL_SURFACE ( 'NONE', #1420, 0.3750000000000000600 ) ;
#6074 = DIMENSIONAL_EXPONENTS ( 1.000000000000000000, 0.0000000000000000000, 0.0000000000000000000, 0.0000000000000000000, 0.0000000000000000000, 0.0000000000000000000, 0.0000000000000000000 ) ;
#6075 = EDGE_CURVE ( 'NONE', #1740, #3483, #4959, .T. ) ;
#6076 = CARTESIAN_POINT ( 'NONE',  ( -0.5470047194862560600, 0.01595737074312052500, -0.008541741489868335400 ) ) ;
#6077 = CARTESIAN_POINT ( 'NONE',  ( 0.2646057619334105100, 0.1302367087199625700, -0.05290245758684336600 ) ) ;
#6078 = DIRECTION ( 'NONE',  ( -0.0000000000000000000, -1.000000000000000000, -0.0000000000000000000 ) ) ;
#6079 = DIRECTION ( 'NONE',  ( -1.000000000000000000, -0.0000000000000000000, -0.0000000000000000000 ) ) ;
#6080 =( CONVERSION_BASED_UNIT ( 'INCH', #1473 ) LENGTH_UNIT ( ) NAMED_UNIT ( #1183 ) );
#6081 = CARTESIAN_POINT ( 'NONE',  ( -0.6022464362293515900, -0.2480426292568794500, -0.2585417414898683600 ) ) ;
#6082 = STYLED_ITEM ( 'NONE', ( #8093 ), #3681 ) ;
#6083 = FILL_AREA_STYLE ('',( #5408 ) ) ;
#6084 = ORIENTED_EDGE ( 'NONE', *, *, #7765, .T. ) ;
#6085 =( CONVERSION_BASED_UNIT ( 'INCH', #3355 ) LENGTH_UNIT ( ) NAMED_UNIT ( #1245 ) );
#6086 = LINE ( 'NONE', #8175, #7619 ) ;
#6087 = ORIENTED_EDGE ( 'NONE', *, *, #7488, .T. ) ;
#6088 = DIRECTION ( 'NONE',  ( 0.0000000000000000000, 0.0000000000000000000, -1.000000000000000000 ) ) ;
#6089 = LINE ( 'NONE', #2324, #2546 ) ;
#6090 = LINE ( 'NONE', #3408, #4344 ) ;
#6091 =( NAMED_UNIT ( * ) PLANE_ANGLE_UNIT ( ) SI_UNIT ( $, .RADIAN. ) );
#6092 = CARTESIAN_POINT ( 'NONE',  ( 0.3656474286000279700, 0.1309385115738112600, 0.1081174946021910300 ) ) ;
#6093 = EDGE_LOOP ( 'NONE', ( #2843, #1099, #7669 ) ) ;
#6094 = CARTESIAN_POINT ( 'NONE',  ( -0.5822464362293516800, 0.05312867351770816900, -0.03354174148986834000 ) ) ;
#6095 = DIRECTION ( 'NONE',  ( 1.000000000000000000, 0.0000000000000000000, 0.0000000000000000000 ) ) ;
#6096 =( NAMED_UNIT ( * ) PLANE_ANGLE_UNIT ( ) SI_UNIT ( $, .RADIAN. ) );
#6097 = COLOUR_RGB ( '',0.2941176470588235400, 0.2941176470588235400, 0.2941176470588235400 ) ;
#6098 = CARTESIAN_POINT ( 'NONE',  ( -0.02524643622935148300, -0.2830426292568795100, 0.04395825851013165200 ) ) ;
#6099 = LINE ( 'NONE', #3996, #4349 ) ;
#6100 = CIRCLE ( 'NONE', #4665, 0.02016174311996134600 ) ;
#6101 = SURFACE_SIDE_STYLE ('',( #5307 ) ) ;
#6102 = ORIENTED_EDGE ( 'NONE', *, *, #1282, .F. ) ;
#6103 = PRESENTATION_LAYER_ASSIGNMENT (  '', '', ( #6546 ) ) ;
#6104 = SURFACE_STYLE_USAGE ( .BOTH. , #1443 ) ;
#6105 = MECHANICAL_DESIGN_GEOMETRIC_PRESENTATION_REPRESENTATION (  '', ( #4777 ), #6547 ) ;
#6106 = VECTOR ( 'NONE', #4267, 39.37007874015748100 ) ;
#6107 = SURFACE_STYLE_USAGE ( .BOTH. , #1447 ) ;
#6108 = CARTESIAN_POINT ( 'NONE',  ( 0.7507535637706483900, 0.05312867351770816900, 0.01645825851013166600 ) ) ;
#6109 =( GEOMETRIC_REPRESENTATION_CONTEXT ( 3 ) GLOBAL_UNCERTAINTY_ASSIGNED_CONTEXT ( ( #4130 ) ) GLOBAL_UNIT_ASSIGNED_CONTEXT ( ( #5527, #1554, #6198 ) ) REPRESENTATION_CONTEXT ( 'NONE', 'WORKASPACE' ) );
#6110 = CARTESIAN_POINT ( 'NONE',  ( -0.5869258989996066800, 0.08629400625472903600, 0.01645825851013166900 ) ) ;
#6111 = EDGE_CURVE ( 'NONE', #5028, #5028, #3180, .T. ) ;
#6112 = CARTESIAN_POINT ( 'NONE',  ( -0.01274643622935155000, -0.2800426292568794500, -0.008541741489868224400 ) ) ;
#6113 = ORIENTED_EDGE ( 'NONE', *, *, #5338, .F. ) ;
#6114 = DIRECTION ( 'NONE',  ( 0.0000000000000000000, 0.0000000000000000000, -1.000000000000000000 ) ) ;
#6115 = CARTESIAN_POINT ( 'NONE',  ( 0.5215432619333595400, 0.2201820215608134300, -0.02098784128603300600 ) ) ;
#6116 =( NAMED_UNIT ( * ) PLANE_ANGLE_UNIT ( ) SI_UNIT ( $, .RADIAN. ) );
#6117 = CARTESIAN_POINT ( 'NONE',  ( 0.2575122882264017100, 0.09775124720028183200, 0.02525192321390021600 ) ) ;
#6118 = DIRECTION ( 'NONE',  ( 0.0000000000000000000, 0.0000000000000000000, -1.000000000000000000 ) ) ;
#6119 = FILL_AREA_STYLE ('',( #2134 ) ) ;
#6120 = ORIENTED_EDGE ( 'NONE', *, *, #3465, .T. ) ;
#6121 = SURFACE_STYLE_USAGE ( .BOTH. , #1468 ) ;
#6122 = STYLED_ITEM ( 'NONE', ( #580 ), #3186 ) ;
#6123 = DIRECTION ( 'NONE',  ( -1.000000000000000000, 0.0000000000000000000, 0.0000000000000000000 ) ) ;
#6124 = LINE ( 'NONE', #3860, #5699 ) ;
#6125 = PRESENTATION_STYLE_ASSIGNMENT (( #2621 ) ) ;
#6126 = VECTOR ( 'NONE', #1592, 39.37007874015748100 ) ;
#6127 = LENGTH_MEASURE_WITH_UNIT ( LENGTH_MEASURE( 0.02539999999999999900 ), #5446 );
#6128 = DIRECTION ( 'NONE',  ( -1.000000000000000000, 0.0000000000000000000, 0.0000000000000000000 ) ) ;
#6129 = CARTESIAN_POINT ( 'NONE',  ( -0.5822464362293516800, -0.009042629256879463800, -0.08453516225772164700 ) ) ;
#6130 =( NAMED_UNIT ( * ) SI_UNIT ( $, .STERADIAN. ) SOLID_ANGLE_UNIT ( ) );
#6131 = EDGE_CURVE ( 'NONE', #4046, #4447, #8275, .T. ) ;
#6132 = ORIENTED_EDGE ( 'NONE', *, *, #7639, .T. ) ;
#6133 = FACE_OUTER_BOUND ( 'NONE', #4508, .T. ) ;
#6134 = VERTEX_POINT ( 'NONE', #5965 ) ;
#6135 = CARTESIAN_POINT ( 'NONE',  ( 0.7557535637706485100, 0.01595737074312052500, -0.1585417414898683000 ) ) ;
#6136 = LENGTH_MEASURE_WITH_UNIT ( LENGTH_MEASURE( 0.02539999999999999900 ), #6611 );
#6137 = DIRECTION ( 'NONE',  ( 0.0000000000000000000, 0.0000000000000000000, -1.000000000000000000 ) ) ;
#6138 = ORIENTED_EDGE ( 'NONE', *, *, #8563, .T. ) ;
#6139 =( GEOMETRIC_REPRESENTATION_CONTEXT ( 3 ) GLOBAL_UNCERTAINTY_ASSIGNED_CONTEXT ( ( #7821 ) ) GLOBAL_UNIT_ASSIGNED_CONTEXT ( ( #5374, #1391, #6043 ) ) REPRESENTATION_CONTEXT ( 'NONE', 'WORKASPACE' ) );
#6140 = CARTESIAN_POINT ( 'NONE',  ( -0.5948326060664281800, 0.2539573707431204100, -0.2232328952360761700 ) ) ;
#6141 = CARTESIAN_POINT ( 'NONE',  ( 0.6120218760139895000, 0.2062071999020629600, 0.07199654772539648700 ) ) ;
#6142 = PRESENTATION_LAYER_ASSIGNMENT (  '', '', ( #4815 ) ) ;
#6143 =( CONVERSION_BASED_UNIT ( 'INCH', #7054 ) LENGTH_UNIT ( ) NAMED_UNIT ( #4563 ) );
#6144 = CARTESIAN_POINT ( 'NONE',  ( 0.7501473332001223900, 0.01595737074312052500, -0.008541741489868335400 ) ) ;
#6145 =( GEOMETRIC_REPRESENTATION_CONTEXT ( 3 ) GLOBAL_UNCERTAINTY_ASSIGNED_CONTEXT ( ( #6868 ) ) GLOBAL_UNIT_ASSIGNED_CONTEXT ( ( #1842, #6505, #2511 ) ) REPRESENTATION_CONTEXT ( 'NONE', 'WORKASPACE' ) );
#6146 = SURFACE_SIDE_STYLE ('',( #7560 ) ) ;
#6147 = PRESENTATION_STYLE_ASSIGNMENT (( #6808 ) ) ;
#6148 = FILL_AREA_STYLE ('',( #793 ) ) ;
#6149 = DIRECTION ( 'NONE',  ( -1.000000000000000000, 0.0000000000000000000, 9.485583311334260800E-017 ) ) ;
#6150 = UNCERTAINTY_MEASURE_WITH_UNIT (LENGTH_MEASURE( 1.000000000000000100E-005 ), #5356, 'distance_accuracy_value', 'NONE');
#6151 = FACE_OUTER_BOUND ( 'NONE', #200, .T. ) ;
#6152 = CARTESIAN_POINT ( 'NONE',  ( -0.5962210084938113200, 0.01595737074312052500, -0.008541741489868335400 ) ) ;
#6153 = SURFACE_STYLE_FILL_AREA ( #8116 ) ;
#6154 = DIRECTION ( 'NONE',  ( 0.0000000000000000000, 0.0000000000000000000, 1.000000000000000000 ) ) ;
#6155 = CARTESIAN_POINT ( 'NONE',  ( 0.3362535637706484700, -0.03604262925687949600, 0.3414582585101316200 ) ) ;
#6156 = CARTESIAN_POINT ( 'NONE',  ( -0.1207464362293516100, -0.02053261085912316800, -0.03904174148986839400 ) ) ;
#6157 = MECHANICAL_DESIGN_GEOMETRIC_PRESENTATION_REPRESENTATION (  '', ( #5280 ), #6603 ) ;
#6158 = ORIENTED_EDGE ( 'NONE', *, *, #7429, .F. ) ;
#6159 = EDGE_CURVE ( 'NONE', #8040, #4336, #1213, .T. ) ;
#6160 = CARTESIAN_POINT ( 'NONE',  ( 0.6536682619333865600, 0.08351560584022126000, -0.1851832134093552900 ) ) ;
#6161 = STYLED_ITEM ( 'NONE', ( #5127 ), #8171 ) ;
#6162 = PRESENTATION_STYLE_ASSIGNMENT (( #2820 ) ) ;
#6163 = VERTEX_POINT ( 'NONE', #4005 ) ;
#6164 = CARTESIAN_POINT ( 'NONE',  ( -0.6022464362293515900, -0.2480426292568794500, -0.2895417414898683300 ) ) ;
#6165 = CARTESIAN_POINT ( 'NONE',  ( 0.7557535637706485100, -0.02053261085912316800, -0.03904174148986839400 ) ) ;
#6166 = CARTESIAN_POINT ( 'NONE',  ( 0.5577307619333736800, -0.09565478992706603900, -0.1807751914822599000 ) ) ;
#6167 = STYLED_ITEM ( 'NONE', ( #7484 ), #8512 ) ;
#6168 = EDGE_CURVE ( 'NONE', #6555, #22, #6525, .T. ) ;
#6169 =( CONVERSION_BASED_UNIT ( 'INCH', #7985 ) LENGTH_UNIT ( ) NAMED_UNIT ( #1220 ) );
#6170 = PRESENTATION_LAYER_ASSIGNMENT (  '', '', ( #6620 ) ) ;
#6171 = ORIENTED_EDGE ( 'NONE', *, *, #3618, .T. ) ;
#6172 = CARTESIAN_POINT ( 'NONE',  ( -0.5822464362293516800, 0.01595737074312052500, -0.008541741489868335400 ) ) ;
#6173 = AXIS2_PLACEMENT_3D ( 'NONE', #4944, #957, #5593 ) ;
#6174 = ADVANCED_FACE ( 'NONE', ( #8065 ), #158, .F. ) ;
#6175 = CARTESIAN_POINT ( 'NONE',  ( 0.7436459766208346500, 0.08088762276954439300, 0.01645825851013166600 ) ) ;
#6176 = ORIENTED_EDGE ( 'NONE', *, *, #7361, .F. ) ;
#6177 = EDGE_CURVE ( 'NONE', #5956, #747, #1934, .T. ) ;
#6178 = CARTESIAN_POINT ( 'NONE',  ( -0.01274643622935182200, -0.2830426292568795100, -0.03104174148986830000 ) ) ;
#6179 = DIRECTION ( 'NONE',  ( 0.0000000000000000000, 0.0000000000000000000, 1.000000000000000000 ) ) ;
#6180 = DIRECTION ( 'NONE',  ( -1.000000000000000000, -0.0000000000000000000, 0.0000000000000000000 ) ) ;
#6181 = SURFACE_STYLE_USAGE ( .BOTH. , #1528 ) ;
#6182 = CARTESIAN_POINT ( 'NONE',  ( -0.01274643622935155000, -0.2830426292568795100, -0.008541741489868224400 ) ) ;
#6183 = CARTESIAN_POINT ( 'NONE',  ( -0.01274643622935155000, -0.2830426292568795100, -0.003541741489868342200 ) ) ;
#6184 = SURFACE_STYLE_USAGE ( .BOTH. , #1531 ) ;
#6185 = FACE_OUTER_BOUND ( 'NONE', #1195, .T. ) ;
#6186 = CIRCLE ( 'NONE', #7451, 0.04479626937547442200 ) ;
#6187 = CARTESIAN_POINT ( 'NONE',  ( 0.5772724286000493500, -0.1459095796930050000, -0.1026603927895584900 ) ) ;
#6188 = CARTESIAN_POINT ( 'NONE',  ( 0.7357535637706483800, 0.01595737074312052500, -0.04354174148986833500 ) ) ;
#6189 = CARTESIAN_POINT ( 'NONE',  ( -0.4997464362293511700, -0.09804262925687946800, 0.3359582585101316100 ) ) ;
#6190 = LINE ( 'NONE', #3401, #1091 ) ;
#6191 = SURFACE_STYLE_FILL_AREA ( #6523 ) ;
#6192 = AXIS2_PLACEMENT_3D ( 'NONE', #3809, #1132, #8451 ) ;
#6193 = LINE ( 'NONE', #7258, #4459 ) ;
#6194 = CARTESIAN_POINT ( 'NONE',  ( 0.6662932619333754600, -0.1855413717078557000, -0.06064970450763648000 ) ) ;
#6195 = ORIENTED_EDGE ( 'NONE', *, *, #3765, .F. ) ;
#6196 = VERTEX_POINT ( 'NONE', #7335 ) ;
#6197 = CARTESIAN_POINT ( 'NONE',  ( 0.6907535637706484500, 0.2539573707431204100, 0.2164582585101316200 ) ) ;
#6198 =( NAMED_UNIT ( * ) SI_UNIT ( $, .STERADIAN. ) SOLID_ANGLE_UNIT ( ) );
#6199 = UNCERTAINTY_MEASURE_WITH_UNIT (LENGTH_MEASURE( 1.000000000000000100E-005 ), #1377, 'distance_accuracy_value', 'NONE');
#6200 = PRESENTATION_LAYER_ASSIGNMENT (  '', '', ( #5758 ) ) ;
#6201 = SURFACE_SIDE_STYLE ('',( #6458 ) ) ;
#6202 = PLANE ( 'NONE',  #8544 ) ;
#6203 =( GEOMETRIC_REPRESENTATION_CONTEXT ( 3 ) GLOBAL_UNCERTAINTY_ASSIGNED_CONTEXT ( ( #870 ) ) GLOBAL_UNIT_ASSIGNED_CONTEXT ( ( #4016, #16, #4687 ) ) REPRESENTATION_CONTEXT ( 'NONE', 'WORKASPACE' ) );
#6204 = CARTESIAN_POINT ( 'NONE',  ( 0.07675356377064841700, 0.07949064950654230500, 0.2859126359015160500 ) ) ;
#6205 = VERTEX_POINT ( 'NONE', #8021 ) ;
#6206 = DIRECTION ( 'NONE',  ( 0.0000000000000000000, 0.0000000000000000000, 1.000000000000000000 ) ) ;
#6207 =( NAMED_UNIT ( * ) SI_UNIT ( $, .STERADIAN. ) SOLID_ANGLE_UNIT ( ) );
#6208 = DIRECTION ( 'NONE',  ( 0.0000000000000000000, 0.0000000000000000000, -1.000000000000000000 ) ) ;
#6209 = CARTESIAN_POINT ( 'NONE',  ( 0.7557535637706485100, 0.2539573707431204100, 0.1781108546263189300 ) ) ;
#6210 = ORIENTED_EDGE ( 'NONE', *, *, #4903, .F. ) ;
#6211 = CARTESIAN_POINT ( 'NONE',  ( 0.7497281360351139000, -0.009042629256879481200, 0.02862956128471931200 ) ) ;
#6212 = ORIENTED_EDGE ( 'NONE', *, *, #935, .T. ) ;
#6213 = SURFACE_STYLE_FILL_AREA ( #2195 ) ;
#6214 = CARTESIAN_POINT ( 'NONE',  ( 0.4848245119333752200, -0.1242330639214655500, 0.1024427088094896600 ) ) ;
#6215 = ADVANCED_FACE ( 'NONE', ( #7023, #7222 ), #4456, .F. ) ;
#6216 = ORIENTED_EDGE ( 'NONE', *, *, #4521, .F. ) ;
#6217 =( LENGTH_UNIT ( ) NAMED_UNIT ( * ) SI_UNIT ( $, .METRE. ) );
#6218 = EDGE_CURVE ( 'NONE', #5450, #430, #6190, .T. ) ;
#6219 =( CONVERSION_BASED_UNIT ( 'INCH', #6606 ) LENGTH_UNIT ( ) NAMED_UNIT ( #581 ) );
#6220 =( GEOMETRIC_REPRESENTATION_CONTEXT ( 3 ) GLOBAL_UNCERTAINTY_ASSIGNED_CONTEXT ( ( #8200 ) ) GLOBAL_UNIT_ASSIGNED_CONTEXT ( ( #3505, #8141, #4192 ) ) REPRESENTATION_CONTEXT ( 'NONE', 'WORKASPACE' ) );
#6221 = VERTEX_POINT ( 'NONE', #4090 ) ;
#6222 = AXIS2_PLACEMENT_3D ( 'NONE', #6395, #2407, #7065 ) ;
#6223 = CARTESIAN_POINT ( 'NONE',  ( 0.6683135426806685600, -0.1821868205665852500, 0.05520927316421411100 ) ) ;
#6224 = ORIENTED_EDGE ( 'NONE', *, *, #7371, .T. ) ;
#6225 = SURFACE_STYLE_USAGE ( .BOTH. , #1575 ) ;
#6226 = EDGE_CURVE ( 'NONE', #5203, #4080, #7955, .T. ) ;
#6227 = DIRECTION ( 'NONE',  ( 0.0000000000000000000, 0.0000000000000000000, -1.000000000000000000 ) ) ;
#6228 = ORIENTED_EDGE ( 'NONE', *, *, #7263, .F. ) ;
#6229 = LINE ( 'NONE', #3827, #4490 ) ;
#6230 = CIRCLE ( 'NONE', #1943, 0.04900000000000000200 ) ;
#6231 = UNCERTAINTY_MEASURE_WITH_UNIT (LENGTH_MEASURE( 1.000000000000000100E-005 ), #4915, 'distance_accuracy_value', 'NONE');
#6232 = CARTESIAN_POINT ( 'NONE',  ( -0.4972464362293516600, -0.3480426292568794500, 0.1139582585101316500 ) ) ;
#6233 = CARTESIAN_POINT ( 'NONE',  ( 0.6507535637706483000, -0.2830426292568795100, 0.1139582585101316500 ) ) ;
#6234 = ORIENTED_EDGE ( 'NONE', *, *, #7107, .T. ) ;
#6235 = STYLED_ITEM ( 'NONE', ( #5501 ), #3608 ) ;
#6236 = VERTEX_POINT ( 'NONE', #6739 ) ;
#6237 =( NAMED_UNIT ( * ) PLANE_ANGLE_UNIT ( ) SI_UNIT ( $, .RADIAN. ) );
#6238 = CARTESIAN_POINT ( 'NONE',  ( 0.7557535637706485100, -0.2830426292568795100, 0.3359582585101316100 ) ) ;
#6239 =( CONVERSION_BASED_UNIT ( 'INCH', #3843 ) LENGTH_UNIT ( ) NAMED_UNIT ( #4031 ) );
#6240 = CARTESIAN_POINT ( 'NONE',  ( -0.2302464362293515600, -0.3290426292568794900, -0.008541741489868335400 ) ) ;
#6241 = DIRECTION ( 'NONE',  ( 0.0000000000000000000, 0.0000000000000000000, -1.000000000000000000 ) ) ;
#6242 = CARTESIAN_POINT ( 'NONE',  ( 0.6532535637706481400, -0.09804262925687946800, 0.3414582585101316200 ) ) ;
#6243 = ORIENTED_EDGE ( 'NONE', *, *, #826, .T. ) ;
#6244 = CARTESIAN_POINT ( 'NONE',  ( 0.3771474286000279800, 0.1183477400188093900, 0.09541270737256650500 ) ) ;
#6245 = COLOUR_RGB ( '',0.2941176470588235400, 0.2941176470588235400, 0.2941176470588235400 ) ;
#6246 =( NAMED_UNIT ( * ) PLANE_ANGLE_UNIT ( ) SI_UNIT ( $, .RADIAN. ) );
#6247 = CIRCLE ( 'NONE', #6878, 0.02500000000000000500 ) ;
#6248 = ORIENTED_EDGE ( 'NONE', *, *, #1441, .F. ) ;
#6249 = VECTOR ( 'NONE', #1581, 39.37007874015748100 ) ;
#6250 = SURFACE_SIDE_STYLE ('',( #5981 ) ) ;
#6251 = LINE ( 'NONE', #3082, #8015 ) ;
#6252 = EDGE_LOOP ( 'NONE', ( #6059 ) ) ;
#6253 = PRESENTATION_LAYER_ASSIGNMENT (  '', '', ( #5368 ) ) ;
#6254 = CYLINDRICAL_SURFACE ( 'NONE', #6192, 0.02500000000000000500 ) ;
#6255 = CARTESIAN_POINT ( 'NONE',  ( 0.7507535637706483900, 0.01595737074312052500, -0.008541741489868335400 ) ) ;
#6256 = ORIENTED_EDGE ( 'NONE', *, *, #2154, .F. ) ;
#6257 = SURFACE_STYLE_USAGE ( .BOTH. , #1608 ) ;
#6258 = VERTEX_POINT ( 'NONE', #4764 ) ;
#6259 = AXIS2_PLACEMENT_3D ( 'NONE', #6238, #2254, #6904 ) ;
#6260 = ADVANCED_FACE ( 'NONE', ( #2862 ), #1425, .T. ) ;
#6261 = COLOUR_RGB ( '',0.2941176470588235400, 0.2941176470588235400, 0.2941176470588235400 ) ;
#6262 = SURFACE_STYLE_USAGE ( .BOTH. , #1611 ) ;
#6263 = VERTEX_POINT ( 'NONE', #4787 ) ;
#6264 = DIMENSIONAL_EXPONENTS ( 1.000000000000000000, 0.0000000000000000000, 0.0000000000000000000, 0.0000000000000000000, 0.0000000000000000000, 0.0000000000000000000, 0.0000000000000000000 ) ;
#6265 = VECTOR ( 'NONE', #6078, 39.37007874015748100 ) ;
#6266 =( NAMED_UNIT ( * ) SI_UNIT ( $, .STERADIAN. ) SOLID_ANGLE_UNIT ( ) );
#6267 = DIRECTION ( 'NONE',  ( -1.000000000000000000, -0.0000000000000000000, -0.0000000000000000000 ) ) ;
#6268 = ORIENTED_EDGE ( 'NONE', *, *, #8583, .T. ) ;
#6269 =( NAMED_UNIT ( * ) SI_UNIT ( $, .STERADIAN. ) SOLID_ANGLE_UNIT ( ) );
#6270 = DIRECTION ( 'NONE',  ( 0.0000000000000000000, 0.0000000000000000000, 1.000000000000000000 ) ) ;
#6271 = DIRECTION ( 'NONE',  ( 2.083719980598119200E-016, 1.000000000000000000, 0.0000000000000000000 ) ) ;
#6272 = MECHANICAL_DESIGN_GEOMETRIC_PRESENTATION_REPRESENTATION (  '', ( #5378 ), #6703 ) ;
#6273 = MECHANICAL_DESIGN_GEOMETRIC_PRESENTATION_REPRESENTATION (  '', ( #4942 ), #6704 ) ;
#6274 = LENGTH_MEASURE_WITH_UNIT ( LENGTH_MEASURE( 0.02539999999999999900 ), #3146 );
#6275 = EDGE_CURVE ( 'NONE', #5269, #4796, #1822, .T. ) ;
#6276 = CARTESIAN_POINT ( 'NONE',  ( -0.5822464362293516800, 0.05312867351770816900, 0.01645825851013166600 ) ) ;
#6277 = CARTESIAN_POINT ( 'NONE',  ( 0.2761057619334105200, 0.1130420846083218400, -0.04611288894989382800 ) ) ;
#6278 = MECHANICAL_DESIGN_GEOMETRIC_PRESENTATION_REPRESENTATION (  '', ( #5385 ), #6710 ) ;
#6279 = FILL_AREA_STYLE_COLOUR ( '', #3377 ) ;
#6280 = ORIENTED_EDGE ( 'NONE', *, *, #7981, .F. ) ;
#6281 = AXIS2_PLACEMENT_3D ( 'NONE', #2431, #1788, #4085 ) ;
#6282 = CARTESIAN_POINT ( 'NONE',  ( -0.5845683339780664000, 0.08944413316754105900, -0.03354174148986832600 ) ) ;
#6283 = ORIENTED_EDGE ( 'NONE', *, *, #1272, .T. ) ;
#6284 = CIRCLE ( 'NONE', #904, 0.3750000000000000600 ) ;
#6285 = MECHANICAL_DESIGN_GEOMETRIC_PRESENTATION_REPRESENTATION (  '', ( #5398 ), #6722 ) ;
#6286 = UNCERTAINTY_MEASURE_WITH_UNIT (LENGTH_MEASURE( 1.000000000000000100E-005 ), #3291, 'distance_accuracy_value', 'NONE');
#6287 = DIRECTION ( 'NONE',  ( 0.0000000000000000000, 1.000000000000000000, -0.0000000000000000000 ) ) ;
#6288 = UNCERTAINTY_MEASURE_WITH_UNIT (LENGTH_MEASURE( 1.000000000000000100E-005 ), #6058, 'distance_accuracy_value', 'NONE');
#6289 = ORIENTED_EDGE ( 'NONE', *, *, #998, .F. ) ;
#6290 = EDGE_CURVE ( 'NONE', #4666, #5409, #5988, .T. ) ;
#6291 = FILL_AREA_STYLE_COLOUR ( '', #3746 ) ;
#6292 = SURFACE_SIDE_STYLE ('',( #4155 ) ) ;
#6293 = CARTESIAN_POINT ( 'NONE',  ( -0.1207464362293516100, -0.3480426292568792900, -0.3530417414898683300 ) ) ;
#6294 = VECTOR ( 'NONE', #3966, 39.37007874015748100 ) ;
#6295 = LINE ( 'NONE', #8024, #4350 ) ;
#6296 = SURFACE_SIDE_STYLE ('',( #4747 ) ) ;
#6297 = ADVANCED_FACE ( 'NONE', ( #6918 ), #1454, .F. ) ;
#6298 =( CONVERSION_BASED_UNIT ( 'INCH', #243 ) LENGTH_UNIT ( ) NAMED_UNIT ( #4646 ) );
#6299 =( LENGTH_UNIT ( ) NAMED_UNIT ( * ) SI_UNIT ( $, .METRE. ) );
#6300 = CARTESIAN_POINT ( 'NONE',  ( 0.4962620119333516200, 0.1612988684752974000, 0.1143450638748114000 ) ) ;
#6301 = ORIENTED_EDGE ( 'NONE', *, *, #210, .T. ) ;
#6302 =( LENGTH_UNIT ( ) NAMED_UNIT ( * ) SI_UNIT ( $, .METRE. ) );
#6303 = CARTESIAN_POINT ( 'NONE',  ( 0.6617099286000365200, -0.01873954699867853500, -0.2071663602201487000 ) ) ;
#6304 = ADVANCED_FACE ( 'NONE', ( #2757 ), #7015, .T. ) ;
#6305 = VECTOR ( 'NONE', #663, 39.37007874015748100 ) ;
#6306 = CIRCLE ( 'NONE', #7979, 0.01600000000000004900 ) ;
#6307 =( GEOMETRIC_REPRESENTATION_CONTEXT ( 3 ) GLOBAL_UNCERTAINTY_ASSIGNED_CONTEXT ( ( #4037 ) ) GLOBAL_UNIT_ASSIGNED_CONTEXT ( ( #7839, #3872, #8519 ) ) REPRESENTATION_CONTEXT ( 'NONE', 'WORKASPACE' ) );
#6308 = SHAPE_REPRESENTATION ( '2485', ( #7320 ), #6450 ) ;
#6309 = PRESENTATION_LAYER_ASSIGNMENT (  '', '', ( #4977 ) ) ;
#6310 = MECHANICAL_DESIGN_GEOMETRIC_PRESENTATION_REPRESENTATION (  '', ( #4979 ), #6748 ) ;
#6311 = DIRECTION ( 'NONE',  ( 1.000000000000000000, 0.0000000000000000000, 0.0000000000000000000 ) ) ;
#6312 = ORIENTED_EDGE ( 'NONE', *, *, #261, .F. ) ;
#6313 = CARTESIAN_POINT ( 'NONE',  ( 0.7497281360351080200, 0.05312867351770816900, -0.03354174148986834000 ) ) ;
#6314 = MECHANICAL_DESIGN_GEOMETRIC_PRESENTATION_REPRESENTATION (  '', ( #4991 ), #6759 ) ;
#6315 = AXIS2_PLACEMENT_3D ( 'NONE', #2667, #7300, #3342 ) ;
#6316 = EDGE_CURVE ( 'NONE', #3457, #6849, #152, .T. ) ;
#6317 = DIRECTION ( 'NONE',  ( 1.000000000000000000, 0.0000000000000000000, 0.0000000000000000000 ) ) ;
#6318 = VECTOR ( 'NONE', #4086, 39.37007874015748100 ) ;
#6319 =( LENGTH_UNIT ( ) NAMED_UNIT ( * ) SI_UNIT ( $, .METRE. ) );
#6320 = PLANE ( 'NONE',  #5219 ) ;
#6321 = VERTEX_POINT ( 'NONE', #6189 ) ;
#6322 = MECHANICAL_DESIGN_GEOMETRIC_PRESENTATION_REPRESENTATION (  '', ( #5439 ), #6764 ) ;
#6323 = DIRECTION ( 'NONE',  ( 0.0000000000000000000, -0.0000000000000000000, 1.000000000000000000 ) ) ;
#6324 =( CONVERSION_BASED_UNIT ( 'INCH', #8038 ) LENGTH_UNIT ( ) NAMED_UNIT ( #1306 ) );
#6325 =( NAMED_UNIT ( * ) PLANE_ANGLE_UNIT ( ) SI_UNIT ( $, .RADIAN. ) );
#6326 = PLANE ( 'NONE',  #6045 ) ;
#6327 = CARTESIAN_POINT ( 'NONE',  ( 0.6748974286000443100, -0.05757186968925971600, 0.1805763434005108500 ) ) ;
#6328 = CARTESIAN_POINT ( 'NONE',  ( 0.5812932619333837100, -0.1762839722811523600, -0.06310220732833304900 ) ) ;
#6329 = CIRCLE ( 'NONE', #7718, 0.3750000000000000600 ) ;
#6330 = COLOUR_RGB ( '',0.2941176470588235400, 0.2941176470588235400, 0.2941176470588235400 ) ;
#6331 = LINE ( 'NONE', #6242, #1028 ) ;
#6332 = EDGE_CURVE ( 'NONE', #4524, #6941, #5460, .T. ) ;
#6334 =( NAMED_UNIT ( * ) PLANE_ANGLE_UNIT ( ) SI_UNIT ( $, .RADIAN. ) );
#6333 = AXIS2_PLACEMENT_3D ( 'NONE', #1176, #5817, #1838 ) ;
#6335 = ORIENTED_EDGE ( 'NONE', *, *, #7750, .F. ) ;
#6336 = LINE ( 'NONE', #4486, #2797 ) ;
#6337 = PRESENTATION_LAYER_ASSIGNMENT (  '', '', ( #5449 ) ) ;
#6338 = EDGE_LOOP ( 'NONE', ( #3346, #2159, #3088, #7996, #3467, #8629 ) ) ;
#6339 = ADVANCED_FACE ( 'NONE', ( #5271 ), #7948, .T. ) ;
#6340 = PRESENTATION_STYLE_ASSIGNMENT (( #3754 ) ) ;
#6341 = SURFACE_SIDE_STYLE ('',( #2814 ) ) ;
#6342 = CARTESIAN_POINT ( 'NONE',  ( 0.2888968760140442900, -0.05132810596723236900, -0.09591260392137203300 ) ) ;
#6343 = EDGE_CURVE ( 'NONE', #4080, #1178, #2646, .T. ) ;
#6344 = CARTESIAN_POINT ( 'NONE',  ( -0.04024643622935145800, -0.2800426292568794500, -0.008541741489868224400 ) ) ;
#6345 = ORIENTED_EDGE ( 'NONE', *, *, #753, .T. ) ;
#6346 = ADVANCED_FACE ( 'NONE', ( #6185, #4448 ), #5160, .F. ) ;
#6347 = DIRECTION ( 'NONE',  ( 0.0000000000000000000, 0.0000000000000000000, -1.000000000000000000 ) ) ;
#6348 = CIRCLE ( 'NONE', #2299, 0.02500000000000000500 ) ;
#6349 = DIMENSIONAL_EXPONENTS ( 1.000000000000000000, 0.0000000000000000000, 0.0000000000000000000, 0.0000000000000000000, 0.0000000000000000000, 0.0000000000000000000, 0.0000000000000000000 ) ;
#6350 = LENGTH_MEASURE_WITH_UNIT ( LENGTH_MEASURE( 0.02539999999999999900 ), #4400 );
#6351 = CARTESIAN_POINT ( 'NONE',  ( -0.5772464362293517900, -0.3480426292568794500, 0.3109582585101316500 ) ) ;
#6352 =( LENGTH_UNIT ( ) NAMED_UNIT ( * ) SI_UNIT ( $, .METRE. ) );
#6353 = CARTESIAN_POINT ( 'NONE',  ( 0.7507535637706483900, -0.02121393203146711800, -0.03354174148986834000 ) ) ;
#6354 = DIRECTION ( 'NONE',  ( 0.0000000000000000000, 0.0000000000000000000, -1.000000000000000000 ) ) ;
#6355 = DIRECTION ( 'NONE',  ( -0.0000000000000000000, 0.3818493186866477300, -0.9242245927362802100 ) ) ;
#6356 = CARTESIAN_POINT ( 'NONE',  ( 0.5100432619333595800, 0.2145742642458721100, -0.02064602324616585100 ) ) ;
#6357 = LENGTH_MEASURE_WITH_UNIT ( LENGTH_MEASURE( 0.02539999999999999900 ), #160 );
#6358 = VECTOR ( 'NONE', #2331, 39.37007874015748100 ) ;
#6359 = VERTEX_POINT ( 'NONE', #8188 ) ;
#6360 = AXIS2_PLACEMENT_3D ( 'NONE', #3695, #8327, #4388 ) ;
#6361 = LINE ( 'NONE', #5448, #8125 ) ;
#6362 = SURFACE_STYLE_USAGE ( .BOTH. , #1712 ) ;
#6363 = CARTESIAN_POINT ( 'NONE',  ( 0.7498287686775039200, 0.04095737074312051600, -0.05283120491730367700 ) ) ;
#6364 = ORIENTED_EDGE ( 'NONE', *, *, #1097, .F. ) ;
#6365 = FACE_OUTER_BOUND ( 'NONE', #3873, .T. ) ;
#6366 = CARTESIAN_POINT ( 'NONE',  ( 0.7557535637706485100, -0.09804262925687946800, -0.3530417414898683300 ) ) ;
#6367 = CARTESIAN_POINT ( 'NONE',  ( 0.6803563145194262400, -0.1593907503165971400, 0.04787450319044608100 ) ) ;
#6368 = PRESENTATION_STYLE_ASSIGNMENT (( #5949 ) ) ;
#6369 = MECHANICAL_DESIGN_GEOMETRIC_PRESENTATION_REPRESENTATION (  '', ( #5049 ), #6809 ) ;
#6370 =( GEOMETRIC_REPRESENTATION_CONTEXT ( 3 ) GLOBAL_UNCERTAINTY_ASSIGNED_CONTEXT ( ( #3857 ) ) GLOBAL_UNIT_ASSIGNED_CONTEXT ( ( #5888, #1907, #6563 ) ) REPRESENTATION_CONTEXT ( 'NONE', 'WORKASPACE' ) );
#6371 = ORIENTED_EDGE ( 'NONE', *, *, #4570, .F. ) ;
#6372 = DIRECTION ( 'NONE',  ( 1.000000000000000000, 0.0000000000000000000, 0.0000000000000000000 ) ) ;
#6373 = DIRECTION ( 'NONE',  ( 0.0000000000000000000, 0.0000000000000000000, -1.000000000000000000 ) ) ;
#6374 = PRESENTATION_STYLE_ASSIGNMENT (( #1331 ) ) ;
#6375 = DIRECTION ( 'NONE',  ( -1.000000000000000000, 0.0000000000000000000, 0.0000000000000000000 ) ) ;
#6376 =( CONVERSION_BASED_UNIT ( 'INCH', #1801 ) LENGTH_UNIT ( ) NAMED_UNIT ( #1637 ) );
#6377 = DIRECTION ( 'NONE',  ( 0.0000000000000000000, -0.0000000000000000000, -1.000000000000000000 ) ) ;
#6378 = DIRECTION ( 'NONE',  ( 1.000000000000000000, 0.0000000000000000000, 0.0000000000000000000 ) ) ;
#6379 = ORIENTED_EDGE ( 'NONE', *, *, #1143, .F. ) ;
#6380 = DIRECTION ( 'NONE',  ( 0.0000000000000000000, 0.0000000000000000000, -1.000000000000000000 ) ) ;
#6381 = SURFACE_SIDE_STYLE ('',( #4030 ) ) ;
#6382 = CARTESIAN_POINT ( 'NONE',  ( 0.4618245119333752000, -0.1340302511974852100, 0.1102338517006289000 ) ) ;
#6383 = ORIENTED_EDGE ( 'NONE', *, *, #1055, .F. ) ;
#6384 = STYLED_ITEM ( 'NONE', ( #1149 ), #2284 ) ;
#6385 = LENGTH_MEASURE_WITH_UNIT ( LENGTH_MEASURE( 0.02539999999999999900 ), #1181 );
#6386 = EDGE_CURVE ( 'NONE', #1938, #3828, #52, .T. ) ;
#6387 = COLOUR_RGB ( '',0.2941176470588235400, 0.2941176470588235400, 0.2941176470588235400 ) ;
#6388 = ADVANCED_FACE ( 'NONE', ( #1606 ), #8224, .T. ) ;
#6389 = UNCERTAINTY_MEASURE_WITH_UNIT (LENGTH_MEASURE( 1.000000000000000100E-005 ), #5761, 'distance_accuracy_value', 'NONE');
#6390 = UNCERTAINTY_MEASURE_WITH_UNIT (LENGTH_MEASURE( 1.000000000000000100E-005 ), #5243, 'distance_accuracy_value', 'NONE');
#6391 = DIMENSIONAL_EXPONENTS ( 1.000000000000000000, 0.0000000000000000000, 0.0000000000000000000, 0.0000000000000000000, 0.0000000000000000000, 0.0000000000000000000, 0.0000000000000000000 ) ;
#6392 = CARTESIAN_POINT ( 'NONE',  ( 0.7488138986592944900, -0.03568287319873401200, -0.03354174148986832600 ) ) ;
#6393 = LENGTH_MEASURE_WITH_UNIT ( LENGTH_MEASURE( 0.02539999999999999900 ), #1849 );
#6394 = COLOUR_RGB ( '',0.2941176470588235400, 0.2941176470588235400, 0.2941176470588235400 ) ;
#6395 = CARTESIAN_POINT ( 'NONE',  ( -0.1207464362293516600, -0.04452574917998992200, 0.2005954166002582000 ) ) ;
#6396 = B_SPLINE_CURVE_WITH_KNOTS ( 'NONE', 3,
 ( #7403, #6746, #8081, #4136, #127, #4795, #789, #5447, #1461, #6117, #2132, #6779, #2793, #7433, #3476, #8114, #4160, #150 ),
 .UNSPECIFIED., .T., .F.,
 ( 4, 2, 2, 2, 2, 2, 2, 2, 4 ),
 ( 0.0000000000000000000, 0.1250000000000000000, 0.2500000000000000000, 0.3750000000000000000, 0.5000000000000000000, 0.6250000000000000000, 0.7500000000000000000, 0.8750000000000000000, 1.000000000000000000 ),
 .UNSPECIFIED. ) ;
#6397 = CARTESIAN_POINT ( 'NONE',  ( 0.5999396478527624400, -0.04965890289781161500, 0.1615083987491870400 ) ) ;
#6398 = CARTESIAN_POINT ( 'NONE',  ( 0.7557535637706485100, -0.02053261085912316800, 0.02195825851013172300 ) ) ;
#6399 = MECHANICAL_DESIGN_GEOMETRIC_PRESENTATION_REPRESENTATION (  '', ( #5077 ), #6844 ) ;
#6400 = SURFACE_STYLE_USAGE ( .BOTH. , #1746 ) ;
#6401 =( CONVERSION_BASED_UNIT ( 'INCH', #3431 ) LENGTH_UNIT ( ) NAMED_UNIT ( #5353 ) );
#6402 = VERTEX_POINT ( 'NONE', #1624 ) ;
#6403 = ORIENTED_EDGE ( 'NONE', *, *, #3273, .T. ) ;
#6404 = FILL_AREA_STYLE_COLOUR ( '', #3628 ) ;
#6405 =( CONVERSION_BASED_UNIT ( 'INCH', #2739 ) LENGTH_UNIT ( ) NAMED_UNIT ( #6956 ) );
#6406 = FILL_AREA_STYLE_COLOUR ( '', #6683 ) ;
#6407 = SURFACE_STYLE_FILL_AREA ( #3464 ) ;
#6408 = SURFACE_STYLE_USAGE ( .BOTH. , #1756 ) ;
#6409 = PLANE ( 'NONE',  #8096 ) ;
#6410 = CARTESIAN_POINT ( 'NONE',  ( 0.2990010426806174500, -0.1121812135367444300, -0.06084118178061425500 ) ) ;
#6411 = CLOSED_SHELL ( 'NONE', ( #7847, #3692, #6632, #4327, #6952, #5634, #2249, #5211, #1024, #3989, #7586, #1553, #1189, #2986, #596, #5730, #3523, #3133 ) ) ;
#6412 = MECHANICAL_DESIGN_GEOMETRIC_PRESENTATION_REPRESENTATION (  '', ( #5518 ), #6858 ) ;
#6413 = UNCERTAINTY_MEASURE_WITH_UNIT (LENGTH_MEASURE( 1.000000000000000100E-005 ), #5241, 'distance_accuracy_value', 'NONE');
#6414 = CARTESIAN_POINT ( 'NONE',  ( 0.7557535637706485100, -0.02053261085912316800, 0.02195825851013172300 ) ) ;
#6415 =( GEOMETRIC_REPRESENTATION_CONTEXT ( 3 ) GLOBAL_UNCERTAINTY_ASSIGNED_CONTEXT ( ( #4370 ) ) GLOBAL_UNIT_ASSIGNED_CONTEXT ( ( #1429, #6091, #2100 ) ) REPRESENTATION_CONTEXT ( 'NONE', 'WORKASPACE' ) );
#6416 = CARTESIAN_POINT ( 'NONE',  ( -0.06524643622935147300, -0.2800426292568794500, -0.06104174148986833000 ) ) ;
#6417 = CLOSED_SHELL ( 'NONE', ( #275, #3234, #2663, #2375, #4922, #2329 ) ) ;
#6418 = EDGE_LOOP ( 'NONE', ( #6446, #5692, #4804, #4868 ) ) ;
#6419 = AXIS2_PLACEMENT_3D ( 'NONE', #6609, #4657, #3329 ) ;
#6420 = VERTEX_POINT ( 'NONE', #6974 ) ;
#6421 = FILL_AREA_STYLE ('',( #8465 ) ) ;
#6422 = CARTESIAN_POINT ( 'NONE',  ( 0.5235438145194439800, 0.1946210672314866700, 0.02257876054273522500 ) ) ;
#6423 = CARTESIAN_POINT ( 'NONE',  ( 0.2632099286000128500, 0.07277746448461874800, -0.1007703486209596100 ) ) ;
#6424 =( NAMED_UNIT ( * ) SI_UNIT ( $, .STERADIAN. ) SOLID_ANGLE_UNIT ( ) );
#6425 = DIMENSIONAL_EXPONENTS ( 1.000000000000000000, 0.0000000000000000000, 0.0000000000000000000, 0.0000000000000000000, 0.0000000000000000000, 0.0000000000000000000, 0.0000000000000000000 ) ;
#6426 =( NAMED_UNIT ( * ) SI_UNIT ( $, .STERADIAN. ) SOLID_ANGLE_UNIT ( ) );
#6427 = DIRECTION ( 'NONE',  ( 0.0000000000000000000, -1.000000000000000000, 0.0000000000000000000 ) ) ;
#6428 = CYLINDRICAL_SURFACE ( 'NONE', #4734, 0.04479626937547442200 ) ;
#6429 = LINE ( 'NONE', #1264, #2895 ) ;
#6430 = ORIENTED_EDGE ( 'NONE', *, *, #1482, .T. ) ;
#6431 =( GEOMETRIC_REPRESENTATION_CONTEXT ( 3 ) GLOBAL_UNCERTAINTY_ASSIGNED_CONTEXT ( ( #5755 ) ) GLOBAL_UNIT_ASSIGNED_CONTEXT ( ( #6405, #2424, #7073 ) ) REPRESENTATION_CONTEXT ( 'NONE', 'WORKASPACE' ) );
#6432 = EDGE_CURVE ( 'NONE', #828, #1073, #6089, .T. ) ;
#6433 = DIRECTION ( 'NONE',  ( 0.0000000000000000000, 0.3818493186865630200, -0.9242245927363153000 ) ) ;
#6434 = ORIENTED_EDGE ( 'NONE', *, *, #1421, .F. ) ;
#6435 = LINE ( 'NONE', #8492, #7771 ) ;
#6436 =( NAMED_UNIT ( * ) SI_UNIT ( $, .STERADIAN. ) SOLID_ANGLE_UNIT ( ) );
#6437 = DIRECTION ( 'NONE',  ( -0.0000000000000000000, -1.000000000000000000, -0.0000000000000000000 ) ) ;
#6438 = MECHANICAL_DESIGN_GEOMETRIC_PRESENTATION_REPRESENTATION (  '', ( #5119 ), #6885 ) ;
#6439 = SURFACE_STYLE_USAGE ( .BOTH. , #1784 ) ;
#6440 = CARTESIAN_POINT ( 'NONE',  ( -0.03524643622935164800, -0.2800426292568794500, 0.05395825851013166100 ) ) ;
#6441 = CARTESIAN_POINT ( 'NONE',  ( 0.6266474286000446300, 0.1303361416678432100, -0.1587571249340800100 ) ) ;
#6442 = COLOUR_RGB ( '',0.9882352941176471000, 1.000000000000000000, 0.9882352941176471000 ) ;
#6443 = CYLINDRICAL_SURFACE ( 'NONE', #714, 0.1499999999999999900 ) ;
#6444 = CARTESIAN_POINT ( 'NONE',  ( 0.3464083978528116300, -0.02503397557007129600, 0.1388390211302295600 ) ) ;
#6445 = CARTESIAN_POINT ( 'NONE',  ( 0.2990010426806174500, -0.09009089707509303200, -0.05193279489285448200 ) ) ;
#6446 = ORIENTED_EDGE ( 'NONE', *, *, #1761, .F. ) ;
#6447 = VERTEX_POINT ( 'NONE', #8303 ) ;
#6448 = SURFACE_STYLE_FILL_AREA ( #3706 ) ;
#6449 = FILL_AREA_STYLE ('',( #1130 ) ) ;
#6450 =( GEOMETRIC_REPRESENTATION_CONTEXT ( 3 ) GLOBAL_UNCERTAINTY_ASSIGNED_CONTEXT ( ( #1511 ) ) GLOBAL_UNIT_ASSIGNED_CONTEXT ( ( #2238, #6887, #2908 ) ) REPRESENTATION_CONTEXT ( 'NONE', 'WORKASPACE' ) );
#6451 = EDGE_CURVE ( 'NONE', #1576, #1847, #7842, .T. ) ;
#6452 = FACE_OUTER_BOUND ( 'NONE', #6732, .T. ) ;
#6453 =( LENGTH_UNIT ( ) NAMED_UNIT ( * ) SI_UNIT ( $, .METRE. ) );
#6455 = FILL_AREA_STYLE_COLOUR ( '', #587 ) ;
#6454 = PRESENTATION_LAYER_ASSIGNMENT (  '', '', ( #5554 ) ) ;
#6456 =( GEOMETRIC_REPRESENTATION_CONTEXT ( 3 ) GLOBAL_UNCERTAINTY_ASSIGNED_CONTEXT ( ( #654 ) ) GLOBAL_UNIT_ASSIGNED_CONTEXT ( ( #2824, #7465, #3509 ) ) REPRESENTATION_CONTEXT ( 'NONE', 'WORKASPACE' ) );
#6457 = ORIENTED_EDGE ( 'NONE', *, *, #1865, .F. ) ;
#6458 = SURFACE_STYLE_FILL_AREA ( #1557 ) ;
#6459 =( NAMED_UNIT ( * ) SI_UNIT ( $, .STERADIAN. ) SOLID_ANGLE_UNIT ( ) );
#6460 = CARTESIAN_POINT ( 'NONE',  ( 0.4104708978527512000, 0.1282062202345108900, -0.1131369560490008700 ) ) ;
#6461 = VERTEX_POINT ( 'NONE', #2989 ) ;
#6462 = LINE ( 'NONE', #3562, #1364 ) ;
#6463 = EDGE_CURVE ( 'NONE', #6941, #281, #983, .T. ) ;
#6464 = CARTESIAN_POINT ( 'NONE',  ( 0.2783661786000476400, -0.02427291588154630400, -0.1153519948365751400 ) ) ;
#6465 = FILL_AREA_STYLE ('',( #5140 ) ) ;
#6466 =( CONVERSION_BASED_UNIT ( 'INCH', #7785 ) LENGTH_UNIT ( ) NAMED_UNIT ( #6581 ) );
#6467 = CARTESIAN_POINT ( 'NONE',  ( 0.5135224286000463800, 0.1186139582922535500, 0.1624331063694923200 ) ) ;
#6468 = LENGTH_MEASURE_WITH_UNIT ( LENGTH_MEASURE( 0.02539999999999999900 ), #902 );
#6469 = CARTESIAN_POINT ( 'NONE',  ( -0.7138520978792032300, 0.2539573707431204100, -0.2235417414898683000 ) ) ;
#6470 = ORIENTED_EDGE ( 'NONE', *, *, #3606, .F. ) ;
#6471 = DIRECTION ( 'NONE',  ( 1.000000000000000000, -0.0000000000000000000, 0.0000000000000000000 ) ) ;
#6472 = CARTESIAN_POINT ( 'NONE',  ( -0.03524643622935151600, -0.2800426292568794500, -0.008541741489868224400 ) ) ;
#6473 = ORIENTED_EDGE ( 'NONE', *, *, #753, .F. ) ;
#6474 = FILL_AREA_STYLE ('',( #6406 ) ) ;
#6475 =( GEOMETRIC_REPRESENTATION_CONTEXT ( 3 ) GLOBAL_UNCERTAINTY_ASSIGNED_CONTEXT ( ( #5834 ) ) GLOBAL_UNIT_ASSIGNED_CONTEXT ( ( #1694, #6334, #2355 ) ) REPRESENTATION_CONTEXT ( 'NONE', 'WORKASPACE' ) );
#6476 = LINE ( 'NONE', #2214, #8023 ) ;
#6477 = CARTESIAN_POINT ( 'NONE',  ( -0.5962210084938172100, 0.05312867351770816900, -0.03354174148986834000 ) ) ;
#6478 =( NAMED_UNIT ( * ) PLANE_ANGLE_UNIT ( ) SI_UNIT ( $, .RADIAN. ) );
#6479 = VECTOR ( 'NONE', #742, 39.37007874015748100 ) ;
#6480 = CARTESIAN_POINT ( 'NONE',  ( 0.7065015952667114100, 0.2008022892903817700, 0.06782812224745124500 ) ) ;
#6481 =( GEOMETRIC_REPRESENTATION_CONTEXT ( 3 ) GLOBAL_UNCERTAINTY_ASSIGNED_CONTEXT ( ( #4886 ) ) GLOBAL_UNIT_ASSIGNED_CONTEXT ( ( #3050, #8397, #2381 ) ) REPRESENTATION_CONTEXT ( 'NONE', 'WORKASPACE' ) );
#6482 = PRESENTATION_STYLE_ASSIGNMENT (( #5364 ) ) ;
#6483 = DIMENSIONAL_EXPONENTS ( 1.000000000000000000, 0.0000000000000000000, 0.0000000000000000000, 0.0000000000000000000, 0.0000000000000000000, 0.0000000000000000000, 0.0000000000000000000 ) ;
#6484 = PRESENTATION_LAYER_ASSIGNMENT (  '', '', ( #5577 ) ) ;
#6485 = ORIENTED_EDGE ( 'NONE', *, *, #2756, .F. ) ;
#6486 = PRESENTATION_STYLE_ASSIGNMENT (( #1378 ) ) ;
#6487 =( NAMED_UNIT ( * ) SI_UNIT ( $, .STERADIAN. ) SOLID_ANGLE_UNIT ( ) );
#6488 = CIRCLE ( 'NONE', #7690, 0.3750000000000000600 ) ;
#6489 = SURFACE_SIDE_STYLE ('',( #8201 ) ) ;
#6490 = CARTESIAN_POINT ( 'NONE',  ( 0.3444697926806110600, 0.03669152866892128700, 0.1236389588502045400 ) ) ;
#6491 = CARTESIAN_POINT ( 'NONE',  ( 0.3110438145193782900, -0.09009089707509303200, -0.05193279489285448200 ) ) ;
#6492 = CIRCLE ( 'NONE', #6877, 0.01150000000000007400 ) ;
#6493 = PRESENTATION_STYLE_ASSIGNMENT (( #7904 ) ) ;
#6494 = STYLED_ITEM ( 'NONE', ( #7533 ), #4953 ) ;
#6495 = CARTESIAN_POINT ( 'NONE',  ( 0.4044286786000704800, 0.07200811998491699100, -0.1603824549732255400 ) ) ;
#6496 = AXIS2_PLACEMENT_3D ( 'NONE', #3156, #7800, #3838 ) ;
#6497 = CARTESIAN_POINT ( 'NONE',  ( 0.7557535637706485100, -0.02053261085912316800, -0.3280417414898683100 ) ) ;
#6498 = COLOUR_RGB ( '',0.9882352941176471000, 1.000000000000000000, 0.9882352941176471000 ) ;
#6499 = EDGE_CURVE ( 'NONE', #6402, #1329, #4342, .T. ) ;
#6500 = CARTESIAN_POINT ( 'NONE',  ( 0.6576826976289161800, -0.08112506845161748800, 0.03145825851013166200 ) ) ;
#6501 =( CONVERSION_BASED_UNIT ( 'INCH', #101 ) LENGTH_UNIT ( ) NAMED_UNIT ( #3270 ) );
#6502 = CARTESIAN_POINT ( 'NONE',  ( 0.3987307619333884700, 0.1823715497072595200, -0.01813887754800058400 ) ) ;
#6503 = ORIENTED_EDGE ( 'NONE', *, *, #1506, .F. ) ;
#6504 =( NAMED_UNIT ( * ) SI_UNIT ( $, .STERADIAN. ) SOLID_ANGLE_UNIT ( ) );
#6505 =( NAMED_UNIT ( * ) PLANE_ANGLE_UNIT ( ) SI_UNIT ( $, .RADIAN. ) );
#6506 = DIMENSIONAL_EXPONENTS ( 1.000000000000000000, 0.0000000000000000000, 0.0000000000000000000, 0.0000000000000000000, 0.0000000000000000000, 0.0000000000000000000, 0.0000000000000000000 ) ;
#6507 = LENGTH_MEASURE_WITH_UNIT ( LENGTH_MEASURE( 0.02539999999999999900 ), #181 );
#6508 = CARTESIAN_POINT ( 'NONE',  ( 0.6907535637706484500, -0.3480426292568794500, 0.1139582585101316500 ) ) ;
#6509 = VECTOR ( 'NONE', #3829, 39.37007874015748100 ) ;
#6510 = CARTESIAN_POINT ( 'NONE',  ( -0.5372464362293516400, -0.06054262925687946300, -0.3530417414898683300 ) ) ;
#6511 =( NAMED_UNIT ( * ) PLANE_ANGLE_UNIT ( ) SI_UNIT ( $, .RADIAN. ) );
#6512 =( CONVERSION_BASED_UNIT ( 'INCH', #6393 ) LENGTH_UNIT ( ) NAMED_UNIT ( #942 ) );
#6513 = CARTESIAN_POINT ( 'NONE',  ( 0.3646781260140036800, 0.1545319476196132500, 0.08358551019896504100 ) ) ;
#6514 = ORIENTED_EDGE ( 'NONE', *, *, #973, .T. ) ;
#6515 = CARTESIAN_POINT ( 'NONE',  ( 0.6301057619333754200, 0.2070692876071522600, -0.08789313966534123600 ) ) ;
#6516 = EDGE_CURVE ( 'NONE', #2415, #2625, #4125, .T. ) ;
#6517 = UNCERTAINTY_MEASURE_WITH_UNIT (LENGTH_MEASURE( 1.000000000000000100E-005 ), #5588, 'distance_accuracy_value', 'NONE');
#6518 = ADVANCED_FACE ( 'NONE', ( #2333 ), #6598, .T. ) ;
#6519 = AXIS2_PLACEMENT_3D ( 'NONE', #5021, #1021, #5671 ) ;
#6520 = PRESENTATION_LAYER_ASSIGNMENT (  '', '', ( #5606 ) ) ;
#6521 =( CONVERSION_BASED_UNIT ( 'INCH', #3139 ) LENGTH_UNIT ( ) NAMED_UNIT ( #455 ) );
#6522 = ORIENTED_EDGE ( 'NONE', *, *, #5490, .F. ) ;
#6523 = FILL_AREA_STYLE ('',( #5840 ) ) ;
#6524 = EDGE_CURVE ( 'NONE', #3031, #3512, #8354, .T. ) ;
#6525 = LINE ( 'NONE', #5333, #1000 ) ;
#6526 = PLANE ( 'NONE',  #98 ) ;
#6527 = CARTESIAN_POINT ( 'NONE',  ( 0.6898557619333785000, -0.1388237646751507800, 0.1022101471341741600 ) ) ;
#6528 = CARTESIAN_POINT ( 'NONE',  ( 0.4273870119333985600, -0.08543473966435277700, -0.1433946399801517600 ) ) ;
#6529 =( NAMED_UNIT ( * ) SI_UNIT ( $, .STERADIAN. ) SOLID_ANGLE_UNIT ( ) );
#6530 = PRESENTATION_LAYER_ASSIGNMENT (  '', '', ( #6082 ) ) ;
#6531 =( NAMED_UNIT ( * ) PLANE_ANGLE_UNIT ( ) SI_UNIT ( $, .RADIAN. ) );
#6532 = CARTESIAN_POINT ( 'NONE',  ( 0.3013661786000476100, -0.02876669904459381800, -0.1270844861484204400 ) ) ;
#6533 = DIRECTION ( 'NONE',  ( -0.0000000000000000000, -1.000000000000000000, -0.0000000000000000000 ) ) ;
#6534 = CARTESIAN_POINT ( 'NONE',  ( -0.5822464362293516800, 0.04095737074312051600, -0.08453516225772164700 ) ) ;
#6535 = CARTESIAN_POINT ( 'NONE',  ( -0.9984602808033384800, -0.2830426292568795100, 0.04395825851013146500 ) ) ;
#6536 = ORIENTED_EDGE ( 'NONE', *, *, #5445, .F. ) ;
#6537 = CARTESIAN_POINT ( 'NONE',  ( 0.7357535637706483800, -0.009042629256879481200, 0.02862956128471931200 ) ) ;
#6538 = CARTESIAN_POINT ( 'NONE',  ( -0.5772464362293517900, 0.2539573707431204100, -0.2335417414898683400 ) ) ;
#6539 = CARTESIAN_POINT ( 'NONE',  ( 0.5537099286000560800, -0.05039876056799570000, -0.2025401755466770000 ) ) ;
#6540 = VECTOR ( 'NONE', #2732, 39.37007874015748100 ) ;
#6541 = SURFACE_SIDE_STYLE ('',( #4535 ) ) ;
#6542 = VECTOR ( 'NONE', #5044, 39.37007874015748100 ) ;
#6543 = EDGE_LOOP ( 'NONE', ( #7205, #2093, #5214, #389 ) ) ;
#6544 = DIMENSIONAL_EXPONENTS ( 1.000000000000000000, 0.0000000000000000000, 0.0000000000000000000, 0.0000000000000000000, 0.0000000000000000000, 0.0000000000000000000, 0.0000000000000000000 ) ;
#6545 = DIRECTION ( 'NONE',  ( -1.000000000000000000, 0.0000000000000000000, 2.134256245050203000E-016 ) ) ;
#6546 = STYLED_ITEM ( 'NONE', ( #6688 ), #4366 ) ;
#6547 =( GEOMETRIC_REPRESENTATION_CONTEXT ( 3 ) GLOBAL_UNCERTAINTY_ASSIGNED_CONTEXT ( ( #6933 ) ) GLOBAL_UNIT_ASSIGNED_CONTEXT ( ( #4407, #374, #5061 ) ) REPRESENTATION_CONTEXT ( 'NONE', 'WORKASPACE' ) );
#6548 = LINE ( 'NONE', #2567, #8300 ) ;
#6549 = CIRCLE ( 'NONE', #4853, 0.04479626937547442200 ) ;
#6550 = CIRCLE ( 'NONE', #5194, 0.3400000000000000800 ) ;
#6551 = ADVANCED_FACE ( 'NONE', ( #1497, #5050 ), #1737, .T. ) ;
#6552 = CARTESIAN_POINT ( 'NONE',  ( 0.4673031260139947100, -0.1197760328592101400, 0.09889828683429095800 ) ) ;
#6553 = ORIENTED_EDGE ( 'NONE', *, *, #2568, .F. ) ;
#6554 = SURFACE_SIDE_STYLE ('',( #895 ) ) ;
#6555 = VERTEX_POINT ( 'NONE', #5721 ) ;
#6556 = CARTESIAN_POINT ( 'NONE',  ( 0.6723146478527575200, -0.1855413717078557000, -0.06064970450763648000 ) ) ;
#6557 = FACE_OUTER_BOUND ( 'NONE', #2122, .T. ) ;
#6558 = DIRECTION ( 'NONE',  ( 1.000000000000000000, 0.0000000000000000000, 0.0000000000000000000 ) ) ;
#6559 = EDGE_CURVE ( 'NONE', #4133, #5185, #7519, .T. ) ;
#6560 = FILL_AREA_STYLE ('',( #5886 ) ) ;
#6561 = CARTESIAN_POINT ( 'NONE',  ( -0.5921206029487751100, 0.04095737074312051600, -0.06917703821970971900 ) ) ;
#6562 = ORIENTED_EDGE ( 'NONE', *, *, #1106, .F. ) ;
#6563 =( NAMED_UNIT ( * ) SI_UNIT ( $, .STERADIAN. ) SOLID_ANGLE_UNIT ( ) );
#6564 = CARTESIAN_POINT ( 'NONE',  ( -0.9984602808033384800, -0.2800426292568794500, -0.09604174148986817400 ) ) ;
#6565 = CARTESIAN_POINT ( 'NONE',  ( -0.9984602808033384800, -0.2800426292568794500, -0.008541741489868224400 ) ) ;
#6566 = CARTESIAN_POINT ( 'NONE',  ( 0.4273870119333985600, -0.09292944218340400100, -0.1533187025874150600 ) ) ;
#6567 = CARTESIAN_POINT ( 'NONE',  ( 0.4561057619333852000, -0.1738264844561338600, -0.03655195330342449900 ) ) ;
#6568 = VERTEX_POINT ( 'NONE', #3099 ) ;
#6569 = COLOUR_RGB ( '',0.2941176470588235400, 0.2941176470588235400, 0.2941176470588235400 ) ;
#6570 = FILL_AREA_STYLE_COLOUR ( '', #2034 ) ;
#6571 = ORIENTED_EDGE ( 'NONE', *, *, #7841, .T. ) ;
#6572 = PRESENTATION_LAYER_ASSIGNMENT (  '', '', ( #6122 ) ) ;
#6573 = VERTEX_POINT ( 'NONE', #2208 ) ;
#6574 = CARTESIAN_POINT ( 'NONE',  ( 0.7557535637706485100, -0.02053261085912316800, -0.03904174148986839400 ) ) ;
#6575 = EDGE_CURVE ( 'NONE', #2599, #6659, #659, .T. ) ;
#6576 = CARTESIAN_POINT ( 'NONE',  ( 0.5758343760140080000, -0.1474724885337345400, 0.07161396392952187900 ) ) ;
#6577 = ORIENTED_EDGE ( 'NONE', *, *, #1711, .F. ) ;
#6578 = EDGE_LOOP ( 'NONE', ( #6857 ) ) ;
#6579 = CARTESIAN_POINT ( 'NONE',  ( 0.5959188145194149700, -0.1050383653830353100, 0.1578644049802542500 ) ) ;
#6580 = PLANE ( 'NONE',  #3753 ) ;
#6581 = DIMENSIONAL_EXPONENTS ( 1.000000000000000000, 0.0000000000000000000, 0.0000000000000000000, 0.0000000000000000000, 0.0000000000000000000, 0.0000000000000000000, 0.0000000000000000000 ) ;
#6582 = CIRCLE ( 'NONE', #7248, 0.3750000000000000600 ) ;
#6583 = DIRECTION ( 'NONE',  ( 0.0000000000000000000, 1.000000000000000000, -1.914232901720979600E-016 ) ) ;
#6584 = CARTESIAN_POINT ( 'NONE',  ( 0.7497281360351080200, 0.04095737074312053000, 0.02862956128471930800 ) ) ;
#6585 = AXIS2_PLACEMENT_3D ( 'NONE', #8036, #4081, #79 ) ;
#6586 = VERTEX_POINT ( 'NONE', #6416 ) ;
#6587 =( LENGTH_UNIT ( ) NAMED_UNIT ( * ) SI_UNIT ( $, .METRE. ) );
#6588 = CARTESIAN_POINT ( 'NONE',  ( 0.6387099286000365000, -0.01658968042673223200, -0.1948603152721055400 ) ) ;
#6589 = COLOUR_RGB ( '',0.2941176470588235400, 0.2941176470588235400, 0.2941176470588235400 ) ;
#6590 = MECHANICAL_DESIGN_GEOMETRIC_PRESENTATION_REPRESENTATION (  '', ( #4815 ), #7026 ) ;
#6591 = ADVANCED_FACE ( 'NONE', ( #5759 ), #6254, .T. ) ;
#6592 = PRESENTATION_STYLE_ASSIGNMENT (( #3711 ) ) ;
#6593 = VECTOR ( 'NONE', #621, 39.37007874015748100 ) ;
#6594 = PRESENTATION_LAYER_ASSIGNMENT (  '', '', ( #7031 ) ) ;
#6595 = EDGE_LOOP ( 'NONE', ( #1678, #6345, #4318, #8187 ) ) ;
#6596 =( CONVERSION_BASED_UNIT ( 'INCH', #8481 ) LENGTH_UNIT ( ) NAMED_UNIT ( #1913 ) );
#6597 = CARTESIAN_POINT ( 'NONE',  ( 0.6950015952667113500, 0.1846085935248668000, 0.06113759297169089900 ) ) ;
#6598 = CYLINDRICAL_SURFACE ( 'NONE', #1304, 0.04479626937547442200 ) ;
#6599 = LINE ( 'NONE', #6293, #1499 ) ;
#6600 = CYLINDRICAL_SURFACE ( 'NONE', #4047, 0.03099999999999998900 ) ;
#6601 = COLOUR_RGB ( '',0.2941176470588235400, 0.2941176470588235400, 0.2941176470588235400 ) ;
#6602 = SURFACE_SIDE_STYLE ('',( #7889 ) ) ;
#6603 =( GEOMETRIC_REPRESENTATION_CONTEXT ( 3 ) GLOBAL_UNCERTAINTY_ASSIGNED_CONTEXT ( ( #5482 ) ) GLOBAL_UNIT_ASSIGNED_CONTEXT ( ( #3335, #7971, #4017 ) ) REPRESENTATION_CONTEXT ( 'NONE', 'WORKASPACE' ) );
#6604 = STYLED_ITEM ( 'NONE', ( #7593 ), #1633 ) ;
#6605 = EDGE_CURVE ( 'NONE', #8617, #4275, #2933, .T. ) ;
#6606 = LENGTH_MEASURE_WITH_UNIT ( LENGTH_MEASURE( 0.02539999999999999900 ), #1569 );
#6607 = CARTESIAN_POINT ( 'NONE',  ( 0.5137833978527320800, 0.1753573509162357200, 0.1262036439332533100 ) ) ;
#6608 = PRESENTATION_LAYER_ASSIGNMENT (  '', '', ( #6161 ) ) ;
#6609 = CARTESIAN_POINT ( 'NONE',  ( 0.7557535637706485100, -0.3230426292568794900, 0.3109582585101316500 ) ) ;
#6610 = UNCERTAINTY_MEASURE_WITH_UNIT (LENGTH_MEASURE( 1.000000000000000100E-005 ), #1983, 'distance_accuracy_value', 'NONE');
#6611 =( LENGTH_UNIT ( ) NAMED_UNIT ( * ) SI_UNIT ( $, .METRE. ) );
#6612 = DIRECTION ( 'NONE',  ( -0.0000000000000000000, -1.000000000000000000, -0.0000000000000000000 ) ) ;
#6613 =( CONVERSION_BASED_UNIT ( 'INCH', #4428 ) LENGTH_UNIT ( ) NAMED_UNIT ( #6425 ) );
#6614 = PRESENTATION_STYLE_ASSIGNMENT (( #8318 ) ) ;
#6615 = FILL_AREA_STYLE ('',( #610 ) ) ;
#6616 = CARTESIAN_POINT ( 'NONE',  ( 0.5180849286000635000, 0.1790815948154732600, -0.09926668799265424300 ) ) ;
#6617 = AXIS2_PLACEMENT_3D ( 'NONE', #1287, #5938, #1948 ) ;
#6618 = EDGE_CURVE ( 'NONE', #7336, #2461, #8018, .T. ) ;
#6619 = EDGE_LOOP ( 'NONE', ( #1866 ) ) ;
#6620 = STYLED_ITEM ( 'NONE', ( #3500 ), #6215 ) ;
#6621 = ORIENTED_EDGE ( 'NONE', *, *, #7321, .T. ) ;
#6622 = AXIS2_PLACEMENT_3D ( 'NONE', #2288, #6936, #2962 ) ;
#6623 = DIRECTION ( 'NONE',  ( -0.0000000000000000000, -1.000000000000000000, -0.0000000000000000000 ) ) ;
#6624 = DIMENSIONAL_EXPONENTS ( 1.000000000000000000, 0.0000000000000000000, 0.0000000000000000000, 0.0000000000000000000, 0.0000000000000000000, 0.0000000000000000000, 0.0000000000000000000 ) ;
#6625 = CARTESIAN_POINT ( 'NONE',  ( -0.5772464362293517900, -0.3230426292568794900, -0.3280417414898683100 ) ) ;
#6626 = CARTESIAN_POINT ( 'NONE',  ( 0.7404330265409035900, -0.05437926476848795700, 0.01645825851013167300 ) ) ;
#6627 = ORIENTED_EDGE ( 'NONE', *, *, #4292, .T. ) ;
#6628 = EDGE_CURVE ( 'NONE', #6321, #7370, #7803, .T. ) ;
#6629 = FACE_OUTER_BOUND ( 'NONE', #2898, .T. ) ;
#6630 = ORIENTED_EDGE ( 'NONE', *, *, #682, .T. ) ;
#6631 = CARTESIAN_POINT ( 'NONE',  ( -0.01274643622935168500, -0.2800426292568794500, -0.03104174148986833500 ) ) ;
#6632 = ADVANCED_FACE ( 'NONE', ( #954, #4514 ), #1683, .T. ) ;
#6633 = FILL_AREA_STYLE ('',( #3293 ) ) ;
#6634 = VERTEX_POINT ( 'NONE', #5370 ) ;
#6635 = CARTESIAN_POINT ( 'NONE',  ( 0.4047313145194150800, 0.1688894161468728600, -0.09384499385250441600 ) ) ;
#6636 = EDGE_LOOP ( 'NONE', ( #5604, #5959, #844, #2705 ) ) ;
#6637 =( LENGTH_UNIT ( ) NAMED_UNIT ( * ) SI_UNIT ( $, .METRE. ) );
#6638 =( NAMED_UNIT ( * ) PLANE_ANGLE_UNIT ( ) SI_UNIT ( $, .RADIAN. ) );
#6639 = DIRECTION ( 'NONE',  ( 0.0000000000000000000, -1.000000000000000000, -9.571164508604897800E-017 ) ) ;
#6640 = FILL_AREA_STYLE ('',( #4660 ) ) ;
#6641 = PLANE ( 'NONE',  #7531 ) ;
#6642 = SURFACE_SIDE_STYLE ('',( #7621 ) ) ;
#6643 = CARTESIAN_POINT ( 'NONE',  ( 0.4388661786000243000, -0.1518779996686773800, -0.08380415134195001700 ) ) ;
#6644 = MECHANICAL_DESIGN_GEOMETRIC_PRESENTATION_REPRESENTATION (  '', ( #5745 ), #7079 ) ;
#6645 = PRESENTATION_STYLE_ASSIGNMENT (( #2110 ) ) ;
#6646 = SURFACE_STYLE_FILL_AREA ( #4849 ) ;
#6647 = EDGE_LOOP ( 'NONE', ( #2056, #1939, #1223, #4058 ) ) ;
#6648 = VECTOR ( 'NONE', #1302, 39.37007874015748100 ) ;
#6649 = LENGTH_MEASURE_WITH_UNIT ( LENGTH_MEASURE( 0.02539999999999999900 ), #6352 );
#6650 =( LENGTH_UNIT ( ) NAMED_UNIT ( * ) SI_UNIT ( $, .METRE. ) );
#6651 =( NAMED_UNIT ( * ) PLANE_ANGLE_UNIT ( ) SI_UNIT ( $, .RADIAN. ) );
#6652 = MECHANICAL_DESIGN_GEOMETRIC_PRESENTATION_REPRESENTATION (  '', ( #5758 ), #7088 ) ;
#6653 = ORIENTED_EDGE ( 'NONE', *, *, #300, .F. ) ;
#6654 = UNCERTAINTY_MEASURE_WITH_UNIT (LENGTH_MEASURE( 1.000000000000000100E-005 ), #352, 'distance_accuracy_value', 'NONE');
#6655 = CARTESIAN_POINT ( 'NONE',  ( 0.1547535637706485000, -0.2800426292568794500, -0.008541741489868224400 ) ) ;
#6656 = LINE ( 'NONE', #1774, #7476 ) ;
#6657 = PLANE ( 'NONE',  #3337 ) ;
#6658 = FILL_AREA_STYLE_COLOUR ( '', #7861 ) ;
#6659 = VERTEX_POINT ( 'NONE', #6039 ) ;
#6660 = UNCERTAINTY_MEASURE_WITH_UNIT (LENGTH_MEASURE( 1.000000000000000100E-005 ), #1682, 'distance_accuracy_value', 'NONE');
#6661 = B_SPLINE_CURVE_WITH_KNOTS ( 'NONE', 3,
 ( #4012, #4685, #668, #5339, #1348, #6001, #2017, #6667, #2683, #7318 ),
 .UNSPECIFIED., .F., .F.,
 ( 4, 2, 2, 2, 4 ),
 ( 0.0000000000000000000, 0.0003168022121436363500, 0.0006336044242872727000, 0.0009504066364309090500, 0.001267208848574545400 ),
 .UNSPECIFIED. ) ;
#6662 = CARTESIAN_POINT ( 'NONE',  ( 0.7357535637706483800, 0.05312867351770816900, -0.03354174148986834000 ) ) ;
#6663 = CARTESIAN_POINT ( 'NONE',  ( 0.6532535637706481400, -0.09804262925687946800, -0.3180417414898682500 ) ) ;
#6664 = DIMENSIONAL_EXPONENTS ( 1.000000000000000000, 0.0000000000000000000, 0.0000000000000000000, 0.0000000000000000000, 0.0000000000000000000, 0.0000000000000000000, 0.0000000000000000000 ) ;
#6665 = FACE_OUTER_BOUND ( 'NONE', #3945, .T. ) ;
#6666 = EDGE_CURVE ( 'NONE', #7153, #3992, #5229, .T. ) ;
#6667 = CARTESIAN_POINT ( 'NONE',  ( 0.7391348399423957000, 0.2539573707431204700, -0.2318601197162874800 ) ) ;
#6668 = PRESENTATION_LAYER_ASSIGNMENT (  '', '', ( #7108 ) ) ;
#6669 = CARTESIAN_POINT ( 'NONE',  ( -0.1207464362293515400, -0.02053261085912316800, 0.3009582585101315800 ) ) ;
#6670 = LENGTH_MEASURE_WITH_UNIT ( LENGTH_MEASURE( 0.02539999999999999900 ), #1110 );
#6671 = DIRECTION ( 'NONE',  ( -0.0000000000000000000, 1.000000000000000000, -0.0000000000000000000 ) ) ;
#6672 = AXIS2_PLACEMENT_3D ( 'NONE', #8382, #3052, #7687 ) ;
#6673 = EDGE_LOOP ( 'NONE', ( #415, #3633, #848, #5736 ) ) ;
#6674 = EDGE_CURVE ( 'NONE', #3251, #3251, #6977, .T. ) ;
#6675 = SURFACE_SIDE_STYLE ('',( #2510 ) ) ;
#6676 = ORIENTED_EDGE ( 'NONE', *, *, #4848, .F. ) ;
#6677 = DIRECTION ( 'NONE',  ( 1.000000000000000000, 0.0000000000000000000, 0.0000000000000000000 ) ) ;
#6678 = SURFACE_SIDE_STYLE ('',( #2009 ) ) ;
#6679 = AXIS2_PLACEMENT_3D ( 'NONE', #3980, #8622, #4658 ) ;
#6680 = VERTEX_POINT ( 'NONE', #1385 ) ;
#6681 = SURFACE_SIDE_STYLE ('',( #5587 ) ) ;
#6682 = CARTESIAN_POINT ( 'NONE',  ( 0.7557535637706485100, 0.2539573707431204100, -0.2335417414898683400 ) ) ;
#6683 = COLOUR_RGB ( '',0.9882352941176471000, 1.000000000000000000, 0.9882352941176471000 ) ;
#6684 = DIRECTION ( 'NONE',  ( 0.0000000000000000000, 0.0000000000000000000, 1.000000000000000000 ) ) ;
#6685 =( NAMED_UNIT ( * ) PLANE_ANGLE_UNIT ( ) SI_UNIT ( $, .RADIAN. ) );
#6686 = CYLINDRICAL_SURFACE ( 'NONE', #5688, 0.04479626937547442200 ) ;
#6687 =( NAMED_UNIT ( * ) PLANE_ANGLE_UNIT ( ) SI_UNIT ( $, .RADIAN. ) );
#6688 = PRESENTATION_STYLE_ASSIGNMENT (( #5652 ) ) ;
#6689 =( NAMED_UNIT ( * ) SI_UNIT ( $, .STERADIAN. ) SOLID_ANGLE_UNIT ( ) );
#6690 = CARTESIAN_POINT ( 'NONE',  ( 0.3837535637706484500, -0.3290426292568794900, -0.008541741489868335400 ) ) ;
#6691 = ORIENTED_EDGE ( 'NONE', *, *, #2005, .T. ) ;
#6692 = MECHANICAL_DESIGN_GEOMETRIC_PRESENTATION_REPRESENTATION (  '', ( #5368 ), #7135 ) ;
#6693 = CARTESIAN_POINT ( 'NONE',  ( 0.3504911785999914600, 0.04042081942420715900, 0.1468767546405528300 ) ) ;
#6694 = LINE ( 'NONE', #8574, #1607 ) ;
#6695 = LENGTH_MEASURE_WITH_UNIT ( LENGTH_MEASURE( 0.02539999999999999900 ), #6029 );
#6696 = COLOUR_RGB ( '',0.2941176470588235400, 0.2941176470588235400, 0.2941176470588235400 ) ;
#6697 = PRESENTATION_LAYER_ASSIGNMENT (  '', '', ( #5809 ) ) ;
#6698 = LINE ( 'NONE', #5150, #1403 ) ;
#6699 = DIRECTION ( 'NONE',  ( -1.000000000000000000, 0.0000000000000000000, 0.0000000000000000000 ) ) ;
#6700 = ADVANCED_FACE ( 'NONE', ( #3453, #8550 ), #4412, .T. ) ;
#6701 = PRESENTATION_STYLE_ASSIGNMENT (( #7076 ) ) ;
#6702 = CARTESIAN_POINT ( 'NONE',  ( -0.01274643622935155000, -0.2800426292568794500, -0.003541741489868335700 ) ) ;
#6703 =( GEOMETRIC_REPRESENTATION_CONTEXT ( 3 ) GLOBAL_UNCERTAINTY_ASSIGNED_CONTEXT ( ( #7555 ) ) GLOBAL_UNIT_ASSIGNED_CONTEXT ( ( #4659, #639, #5316 ) ) REPRESENTATION_CONTEXT ( 'NONE', 'WORKASPACE' ) );
#6704 =( GEOMETRIC_REPRESENTATION_CONTEXT ( 3 ) GLOBAL_UNCERTAINTY_ASSIGNED_CONTEXT ( ( #7441 ) ) GLOBAL_UNIT_ASSIGNED_CONTEXT ( ( #379, #5063, #1062 ) ) REPRESENTATION_CONTEXT ( 'NONE', 'WORKASPACE' ) );
#6705 = PLANE ( 'NONE',  #6891 ) ;
#6706 = ORIENTED_EDGE ( 'NONE', *, *, #6777, .T. ) ;
#6707 = EDGE_CURVE ( 'NONE', #4723, #6897, #834, .T. ) ;
#6708 =( NAMED_UNIT ( * ) SI_UNIT ( $, .STERADIAN. ) SOLID_ANGLE_UNIT ( ) );
#6709 = LINE ( 'NONE', #3265, #1415 ) ;
#6710 =( GEOMETRIC_REPRESENTATION_CONTEXT ( 3 ) GLOBAL_UNCERTAINTY_ASSIGNED_CONTEXT ( ( #837 ) ) GLOBAL_UNIT_ASSIGNED_CONTEXT ( ( #7778, #3818, #8460 ) ) REPRESENTATION_CONTEXT ( 'NONE', 'WORKASPACE' ) );
#6711 = CARTESIAN_POINT ( 'NONE',  ( -0.5891244307552874200, 0.01595737074312052500, -0.008541741489868335400 ) ) ;
#6712 = CARTESIAN_POINT ( 'NONE',  ( -0.1827464362293516600, -0.09804262925687946800, 0.3359582585101316100 ) ) ;
#6713 =( NAMED_UNIT ( * ) SI_UNIT ( $, .STERADIAN. ) SOLID_ANGLE_UNIT ( ) );
#6714 = PRODUCT ( '2485', '2485', '', ( #8250 ) ) ;
#6715 = CARTESIAN_POINT ( 'NONE',  ( 0.3837535637706484500, -0.3290426292568794900, -0.008541741489868335400 ) ) ;
#6716 = CARTESIAN_POINT ( 'NONE',  ( -0.02524643622935148300, -0.2830426292568795100, -0.06104174148986832300 ) ) ;
#6717 = CARTESIAN_POINT ( 'NONE',  ( -0.5041755700876193700, -0.02094527138411909600, 0.04496708959462544100 ) ) ;
#6718 = AXIS2_PLACEMENT_3D ( 'NONE', #2348, #5681, #7019 ) ;
#6719 = SURFACE_SIDE_STYLE ('',( #6767 ) ) ;
#6720 = CARTESIAN_POINT ( 'NONE',  ( 0.2545015952667115100, 0.1190084128332163100, 0.03403445754369374700 ) ) ;
#6721 = ORIENTED_EDGE ( 'NONE', *, *, #2390, .T. ) ;
#6722 =( GEOMETRIC_REPRESENTATION_CONTEXT ( 3 ) GLOBAL_UNCERTAINTY_ASSIGNED_CONTEXT ( ( #4931 ) ) GLOBAL_UNIT_ASSIGNED_CONTEXT ( ( #3485, #8122, #4171 ) ) REPRESENTATION_CONTEXT ( 'NONE', 'WORKASPACE' ) );
#6723 = CARTESIAN_POINT ( 'NONE',  ( 0.6857535637706484400, 0.01595737074312052500, -0.008541741489868335400 ) ) ;
#6724 = VECTOR ( 'NONE', #6871, 39.37007874015748100 ) ;
#6725 = ORIENTED_EDGE ( 'NONE', *, *, #3168, .T. ) ;
#6726 = ORIENTED_EDGE ( 'NONE', *, *, #7221, .F. ) ;
#6727 = UNCERTAINTY_MEASURE_WITH_UNIT (LENGTH_MEASURE( 1.000000000000000100E-005 ), #906, 'distance_accuracy_value', 'NONE');
#6728 = FILL_AREA_STYLE_COLOUR ( '', #7729 ) ;
#6729 =( NAMED_UNIT ( * ) SI_UNIT ( $, .STERADIAN. ) SOLID_ANGLE_UNIT ( ) );
#6730 = DIRECTION ( 'NONE',  ( 0.0000000000000000000, 0.0000000000000000000, -1.000000000000000000 ) ) ;
#6731 = EDGE_CURVE ( 'NONE', #1953, #7745, #2614, .T. ) ;
#6732 = EDGE_LOOP ( 'NONE', ( #5025, #7069, #7587, #7753 ) ) ;
#6733 = ORIENTED_EDGE ( 'NONE', *, *, #2442, .T. ) ;
#6734 = SURFACE_STYLE_USAGE ( .BOTH. , #2088 ) ;
#6735 = SURFACE_STYLE_FILL_AREA ( #5473 ) ;
#6736 = LINE ( 'NONE', #5690, #6542 ) ;
#6737 = ORIENTED_EDGE ( 'NONE', *, *, #191, .F. ) ;
#6738 =( NAMED_UNIT ( * ) SI_UNIT ( $, .STERADIAN. ) SOLID_ANGLE_UNIT ( ) );
#6739 = CARTESIAN_POINT ( 'NONE',  ( 0.7497281360351139000, -0.02121393203146711800, -0.03354174148986834000 ) ) ;
#6740 = LENGTH_MEASURE_WITH_UNIT ( LENGTH_MEASURE( 0.02539999999999999900 ), #686 );
#6741 = CIRCLE ( 'NONE', #4274, 0.04479626937547442200 ) ;
#6742 = FACE_OUTER_BOUND ( 'NONE', #2964, .T. ) ;
#6743 = CARTESIAN_POINT ( 'NONE',  ( 0.5456682619333669300, 0.04288292368983772500, -0.2117786150859682900 ) ) ;
#6744 = MECHANICAL_DESIGN_GEOMETRIC_PRESENTATION_REPRESENTATION (  '', ( #4977 ), #7191 ) ;
#6745 = FILL_AREA_STYLE ('',( #8113 ) ) ;
#6746 = CARTESIAN_POINT ( 'NONE',  ( 0.2514909023070212600, 0.1190084128332162700, 0.03403445754369335800 ) ) ;
#6747 = VERTEX_POINT ( 'NONE', #8088 ) ;
#6748 =( GEOMETRIC_REPRESENTATION_CONTEXT ( 3 ) GLOBAL_UNCERTAINTY_ASSIGNED_CONTEXT ( ( #2618 ) ) GLOBAL_UNIT_ASSIGNED_CONTEXT ( ( #3676, #8313, #4372 ) ) REPRESENTATION_CONTEXT ( 'NONE', 'WORKASPACE' ) );
#6749 = EDGE_LOOP ( 'NONE', ( #6880 ) ) ;
#6750 =( LENGTH_UNIT ( ) NAMED_UNIT ( * ) SI_UNIT ( $, .METRE. ) );
#6751 = SURFACE_STYLE_FILL_AREA ( #5425 ) ;
#6752 =( CONVERSION_BASED_UNIT ( 'INCH', #3062 ) LENGTH_UNIT ( ) NAMED_UNIT ( #2701 ) );
#6753 = CARTESIAN_POINT ( 'NONE',  ( 0.1997535637706484300, -0.2800426292568794500, -0.003541741489868335700 ) ) ;
#6754 = ORIENTED_EDGE ( 'NONE', *, *, #8323, .F. ) ;
#6755 = CARTESIAN_POINT ( 'NONE',  ( 0.7497281360351080200, 0.01595737074312052500, -0.008541741489868335400 ) ) ;
#6756 =( CONVERSION_BASED_UNIT ( 'INCH', #5624 ) LENGTH_UNIT ( ) NAMED_UNIT ( #6506 ) );
#6757 = FILL_AREA_STYLE_COLOUR ( '', #1104 ) ;
#6758 = SURFACE_STYLE_FILL_AREA ( #328 ) ;
#6759 =( GEOMETRIC_REPRESENTATION_CONTEXT ( 3 ) GLOBAL_UNCERTAINTY_ASSIGNED_CONTEXT ( ( #8464 ) ) GLOBAL_UNIT_ASSIGNED_CONTEXT ( ( #6512, #2520, #7157 ) ) REPRESENTATION_CONTEXT ( 'NONE', 'WORKASPACE' ) );
#6760 = LINE ( 'NONE', #2996, #1459 ) ;
#6761 = UNCERTAINTY_MEASURE_WITH_UNIT (LENGTH_MEASURE( 1.000000000000000100E-005 ), #2975, 'distance_accuracy_value', 'NONE');
#6762 = AXIS2_PLACEMENT_3D ( 'NONE', #1911, #7244, #5957 ) ;
#6763 = EDGE_CURVE ( 'NONE', #7877, #547, #7482, .T. ) ;
#6764 =( GEOMETRIC_REPRESENTATION_CONTEXT ( 3 ) GLOBAL_UNCERTAINTY_ASSIGNED_CONTEXT ( ( #5035 ) ) GLOBAL_UNIT_ASSIGNED_CONTEXT ( ( #6035, #2047, #6689 ) ) REPRESENTATION_CONTEXT ( 'NONE', 'WORKASPACE' ) );
#6765 = EDGE_LOOP ( 'NONE', ( #7894, #875, #1476, #1559 ) ) ;
#6766 = VECTOR ( 'NONE', #7548, 39.37007874015748100 ) ;
#6767 = SURFACE_STYLE_FILL_AREA ( #2079 ) ;
#6768 = CARTESIAN_POINT ( 'NONE',  ( -0.5921206029487750000, 0.07659266747296188100, 0.01645825851013166900 ) ) ;
#6769 = CIRCLE ( 'NONE', #2097, 0.3500000000000000300 ) ;
#6770 = VECTOR ( 'NONE', #1474, 39.37007874015748100 ) ;
#6771 = DIRECTION ( 'NONE',  ( 0.0000000000000000000, 0.0000000000000000000, -1.000000000000000000 ) ) ;
#6772 = ORIENTED_EDGE ( 'NONE', *, *, #4677, .T. ) ;
#6773 = LENGTH_MEASURE_WITH_UNIT ( LENGTH_MEASURE( 0.02539999999999999900 ), #4338 );
#6774 = VERTEX_POINT ( 'NONE', #4867 ) ;
#6775 = SURFACE_SIDE_STYLE ('',( #8590 ) ) ;
#6776 = CARTESIAN_POINT ( 'NONE',  ( 0.2747099286000128600, 0.08237065823555472800, -0.1165730059103081000 ) ) ;
#6777 = EDGE_CURVE ( 'NONE', #5317, #8204, #618, .T. ) ;
#6778 = SURFACE_STYLE_FILL_AREA ( #3726 ) ;
#6779 = CARTESIAN_POINT ( 'NONE',  ( 0.2647622046582243100, 0.1028318515849925300, 0.02735100750365551700 ) ) ;
#6780 = STYLED_ITEM ( 'NONE', ( #3297 ), #5936 ) ;
#6781 = ORIENTED_EDGE ( 'NONE', *, *, #468, .F. ) ;
#6782 = CARTESIAN_POINT ( 'NONE',  ( -0.07524643622935149600, -0.2800426292568794500, 0.05395825851013166100 ) ) ;
#6783 = CARTESIAN_POINT ( 'NONE',  ( 0.7357535637706483800, 0.04095737074312051600, -0.04571304426445600000 ) ) ;
#6784 = MECHANICAL_DESIGN_GEOMETRIC_PRESENTATION_REPRESENTATION (  '', ( #5449 ), #7217 ) ;
#6785 = VERTEX_POINT ( 'NONE', #5453 ) ;
#6786 = DIRECTION ( 'NONE',  ( -1.000000000000000000, 0.0000000000000000000, 1.422837496700137700E-016 ) ) ;
#6787 = LENGTH_MEASURE_WITH_UNIT ( LENGTH_MEASURE( 0.02539999999999999900 ), #4100 );
#6788 = VECTOR ( 'NONE', #1277, 39.37007874015748100 ) ;
#6789 = EDGE_CURVE ( 'NONE', #1472, #1472, #3975, .T. ) ;
#6790 =( CONVERSION_BASED_UNIT ( 'INCH', #2232 ) LENGTH_UNIT ( ) NAMED_UNIT ( #2051 ) );
#6791 = SURFACE_SIDE_STYLE ('',( #8615 ) ) ;
#6792 = CARTESIAN_POINT ( 'NONE',  ( -0.07524643622935149600, -0.2830426292568795100, -0.07104174148986834600 ) ) ;
#6793 = FILL_AREA_STYLE ('',( #1530 ) ) ;
#6794 = CARTESIAN_POINT ( 'NONE',  ( -0.07524643622935149600, -0.2800426292568794500, -0.07104174148986833200 ) ) ;
#6795 = EDGE_LOOP ( 'NONE', ( #5348, #7837, #4520, #4390 ) ) ;
#6796 = CARTESIAN_POINT ( 'NONE',  ( -0.5201755700876192800, -0.8200426292568794300, -0.008541741489868335400 ) ) ;
#6797 = LINE ( 'NONE', #2925, #1710 ) ;
#6798 = ORIENTED_EDGE ( 'NONE', *, *, #145, .F. ) ;
#6799 = SURFACE_SIDE_STYLE ('',( #61 ) ) ;
#6800 = AXIS2_PLACEMENT_3D ( 'NONE', #989, #5631, #1660 ) ;
#6801 = CARTESIAN_POINT ( 'NONE',  ( -0.6000903268587791700, 0.2539573707431204100, -0.2118097373031633000 ) ) ;
#6802 = CARTESIAN_POINT ( 'NONE',  ( 0.6743349286000475100, -0.1821868205665852500, 0.05520927316421411100 ) ) ;
#6803 =( NAMED_UNIT ( * ) SI_UNIT ( $, .STERADIAN. ) SOLID_ANGLE_UNIT ( ) );
#6804 = SURFACE_SIDE_STYLE ('',( #7919 ) ) ;
#6805 = DIRECTION ( 'NONE',  ( 1.000000000000000000, 0.0000000000000000000, -0.0000000000000000000 ) ) ;
#6806 = COLOUR_RGB ( '',0.7921568627450980000, 0.8196078431372548800, 0.9333333333333333500 ) ;
#6807 =( LENGTH_UNIT ( ) NAMED_UNIT ( * ) SI_UNIT ( $, .METRE. ) );
#6808 = SURFACE_STYLE_USAGE ( .BOTH. , #2164 ) ;
#6809 =( GEOMETRIC_REPRESENTATION_CONTEXT ( 3 ) GLOBAL_UNCERTAINTY_ASSIGNED_CONTEXT ( ( #2019 ) ) GLOBAL_UNIT_ASSIGNED_CONTEXT ( ( #3366, #8009, #4051 ) ) REPRESENTATION_CONTEXT ( 'NONE', 'WORKASPACE' ) );
#6810 = SURFACE_STYLE_USAGE ( .BOTH. , #2166 ) ;
#6811 = DIRECTION ( 'NONE',  ( -1.000000000000000000, -0.0000000000000000000, -0.0000000000000000000 ) ) ;
#6812 = DIRECTION ( 'NONE',  ( 1.000000000000000000, 0.0000000000000000000, 0.0000000000000000000 ) ) ;
#6813 = UNCERTAINTY_MEASURE_WITH_UNIT (LENGTH_MEASURE( 1.000000000000000100E-005 ), #8525, 'distance_accuracy_value', 'NONE');
#6814 = VECTOR ( 'NONE', #4353, 39.37007874015748100 ) ;
#6815 = DIRECTION ( 'NONE',  ( 0.0000000000000000000, 0.0000000000000000000, 1.000000000000000000 ) ) ;
#6816 = FILL_AREA_STYLE ('',( #2140 ) ) ;
#6817 = FILL_AREA_STYLE ('',( #5458 ) ) ;
#6818 = DIRECTION ( 'NONE',  ( -2.276539994720218900E-016, -1.000000000000000000, 0.0000000000000000000 ) ) ;
#6819 = ORIENTED_EDGE ( 'NONE', *, *, #3383, .T. ) ;
#6820 = ORIENTED_EDGE ( 'NONE', *, *, #6949, .T. ) ;
#6821 = CARTESIAN_POINT ( 'NONE',  ( -0.5822464362293516800, 0.04095737074312052300, 0.06745167927798498300 ) ) ;
#6822 = CARTESIAN_POINT ( 'NONE',  ( 0.6416057619333723800, 0.1903101249332079200, -0.08093432622265073200 ) ) ;
#6823 = FACE_OUTER_BOUND ( 'NONE', #1166, .T. ) ;
#6824 = AXIS2_PLACEMENT_3D ( 'NONE', #8404, #401, #4457 ) ;
#6825 = CARTESIAN_POINT ( 'NONE',  ( 0.6907535637706484500, 0.01595737074312052500, -0.05754174148986834100 ) ) ;
#6826 = EDGE_CURVE ( 'NONE', #7935, #7052, #4194, .T. ) ;
#6827 = DIRECTION ( 'NONE',  ( 0.0000000000000000000, 0.0000000000000000000, -1.000000000000000000 ) ) ;
#6828 = LINE ( 'NONE', #5647, #8609 ) ;
#6829 = ORIENTED_EDGE ( 'NONE', *, *, #5878, .F. ) ;
#6830 = CARTESIAN_POINT ( 'NONE',  ( 0.2530035637706566900, -0.8507926292568777100, 0.3359582585101316100 ) ) ;
#6831 = CARTESIAN_POINT ( 'NONE',  ( 0.2949182619334247400, -0.06596019479430446900, -0.1147073747924447500 ) ) ;
#6832 =( NAMED_UNIT ( * ) SI_UNIT ( $, .STERADIAN. ) SOLID_ANGLE_UNIT ( ) );
#6833 = SURFACE_SIDE_STYLE ('',( #223 ) ) ;
#6834 = DIRECTION ( 'NONE',  ( 0.0000000000000000000, 0.0000000000000000000, -1.000000000000000000 ) ) ;
#6835 = LENGTH_MEASURE_WITH_UNIT ( LENGTH_MEASURE( 0.02539999999999999900 ), #4864 );
#6836 = ORIENTED_EDGE ( 'NONE', *, *, #4236, .F. ) ;
#6837 = PRESENTATION_STYLE_ASSIGNMENT (( #2805 ) ) ;
#6838 = SURFACE_STYLE_USAGE ( .BOTH. , #2191 ) ;
#6839 = ORIENTED_EDGE ( 'NONE', *, *, #5539, .F. ) ;
#6840 = CARTESIAN_POINT ( 'NONE',  ( 0.7380754615193635400, 0.08944413316754117000, 0.01645825851013166900 ) ) ;
#6841 = UNCERTAINTY_MEASURE_WITH_UNIT (LENGTH_MEASURE( 1.000000000000000100E-005 ), #8570, 'distance_accuracy_value', 'NONE');
#6842 = CARTESIAN_POINT ( 'NONE',  ( 0.1997535637706484300, -0.2800426292568794500, -0.008541741489868224400 ) ) ;
#6843 = DIRECTION ( 'NONE',  ( -0.0000000000000000000, -1.000000000000000000, -0.0000000000000000000 ) ) ;
#6844 =( GEOMETRIC_REPRESENTATION_CONTEXT ( 3 ) GLOBAL_UNCERTAINTY_ASSIGNED_CONTEXT ( ( #2738 ) ) GLOBAL_UNIT_ASSIGNED_CONTEXT ( ( #1114, #5766, #1780 ) ) REPRESENTATION_CONTEXT ( 'NONE', 'WORKASPACE' ) );
#6845 = SURFACE_SIDE_STYLE ('',( #6213 ) ) ;
#6846 = EDGE_LOOP ( 'NONE', ( #6371, #6553, #8437, #997 ) ) ;
#6847 = LINE ( 'NONE', #8057, #1544 ) ;
#6848 =( CONVERSION_BASED_UNIT ( 'INCH', #3690 ) LENGTH_UNIT ( ) NAMED_UNIT ( #2730 ) );
#6849 = VERTEX_POINT ( 'NONE', #155 ) ;
#6850 = PLANE ( 'NONE',  #7310 ) ;
#6851 =( CONVERSION_BASED_UNIT ( 'INCH', #8487 ) LENGTH_UNIT ( ) NAMED_UNIT ( #4026 ) );
#6852 = DIRECTION ( 'NONE',  ( 0.0000000000000000000, 0.3818493186865700200, -0.9242245927363123000 ) ) ;
#6853 = FACE_OUTER_BOUND ( 'NONE', #2890, .T. ) ;
#6854 = CARTESIAN_POINT ( 'NONE',  ( 0.5652099286000561400, -0.04457376175628609300, -0.1855108857567741900 ) ) ;
#6855 = LINE ( 'NONE', #3281, #3327 ) ;
#6856 = CARTESIAN_POINT ( 'NONE',  ( -0.5822464362293516800, 0.01595737074312052500, -0.1585417414898683000 ) ) ;
#6857 = ORIENTED_EDGE ( 'NONE', *, *, #6674, .F. ) ;
#6858 =( GEOMETRIC_REPRESENTATION_CONTEXT ( 3 ) GLOBAL_UNCERTAINTY_ASSIGNED_CONTEXT ( ( #2657 ) ) GLOBAL_UNIT_ASSIGNED_CONTEXT ( ( #3570, #8209, #4265 ) ) REPRESENTATION_CONTEXT ( 'NONE', 'WORKASPACE' ) );
#6859 = CARTESIAN_POINT ( 'NONE',  ( 0.6843968760139996800, 0.005204512701839372800, 0.2003171307612242900 ) ) ;
#6860 = AXIS2_PLACEMENT_3D ( 'NONE', #5442, #1456, #6114 ) ;
#6861 = CARTESIAN_POINT ( 'NONE',  ( -0.7138520978792032300, -0.04452574917998992200, -0.2176788995799948700 ) ) ;
#6862 = PRESENTATION_LAYER_ASSIGNMENT (  '', '', ( #5525 ) ) ;
#6863 = CARTESIAN_POINT ( 'NONE',  ( 0.004753563770648469200, -0.2800426292568794500, -0.01354174148986833800 ) ) ;
#6864 = ADVANCED_FACE ( 'NONE', ( #406 ), #2137, .F. ) ;
#6865 = CARTESIAN_POINT ( 'NONE',  ( 0.7557535637706485100, 0.2539573707431204100, -0.2335417414898683400 ) ) ;
#6866 = CYLINDRICAL_SURFACE ( 'NONE', #5113, 0.06200000000000004800 ) ;
#6867 = ORIENTED_EDGE ( 'NONE', *, *, #1605, .F. ) ;
#6868 = UNCERTAINTY_MEASURE_WITH_UNIT (LENGTH_MEASURE( 1.000000000000000100E-005 ), #1842, 'distance_accuracy_value', 'NONE');
#6869 =( LENGTH_UNIT ( ) NAMED_UNIT ( * ) SI_UNIT ( $, .METRE. ) );
#6870 = FILL_AREA_STYLE ('',( #3541 ) ) ;
#6871 = DIRECTION ( 'NONE',  ( -1.000000000000000000, -0.0000000000000000000, -0.0000000000000000000 ) ) ;
#6872 = PLANE ( 'NONE',  #6259 ) ;
#6873 = CARTESIAN_POINT ( 'NONE',  ( 0.7065015952667114100, 0.2008022892903817700, 0.06782812224745124500 ) ) ;
#6874 = VECTOR ( 'NONE', #4875, 39.37007874015748100 ) ;
#6875 = SURFACE_SIDE_STYLE ('',( #556 ) ) ;
#6876 = DIRECTION ( 'NONE',  ( 0.0000000000000000000, 0.3809523809523804300, 0.9245946589975049300 ) ) ;
#6877 = AXIS2_PLACEMENT_3D ( 'NONE', #1781, #6433, #2448 ) ;
#6878 = AXIS2_PLACEMENT_3D ( 'NONE', #8210, #4266, #248 ) ;
#6879 = COLOUR_RGB ( '',0.2941176470588235400, 0.2941176470588235400, 0.2941176470588235400 ) ;
#6880 = ORIENTED_EDGE ( 'NONE', *, *, #2468, .T. ) ;
#6881 = EDGE_CURVE ( 'NONE', #7298, #5213, #3118, .T. ) ;
#6882 = DIRECTION ( 'NONE',  ( -1.000000000000000000, -0.0000000000000000000, 0.0000000000000000000 ) ) ;
#6883 = VERTEX_POINT ( 'NONE', #6178 ) ;
#6884 = CARTESIAN_POINT ( 'NONE',  ( 0.4676057619333852100, -0.1558685049638588200, -0.03393732356620016200 ) ) ;
#6885 =( GEOMETRIC_REPRESENTATION_CONTEXT ( 3 ) GLOBAL_UNCERTAINTY_ASSIGNED_CONTEXT ( ( #3912 ) ) GLOBAL_UNIT_ASSIGNED_CONTEXT ( ( #5024, #1023, #5672 ) ) REPRESENTATION_CONTEXT ( 'NONE', 'WORKASPACE' ) );
#6886 = LENGTH_MEASURE_WITH_UNIT ( LENGTH_MEASURE( 0.02539999999999999900 ), #5372 );
#6887 =( NAMED_UNIT ( * ) PLANE_ANGLE_UNIT ( ) SI_UNIT ( $, .RADIAN. ) );
#6888 =( NAMED_UNIT ( * ) SI_UNIT ( $, .STERADIAN. ) SOLID_ANGLE_UNIT ( ) );
#6889 = EDGE_LOOP ( 'NONE', ( #4763 ) ) ;
#6890 = CARTESIAN_POINT ( 'NONE',  ( 0.5077620119333515800, 0.1753573509162357200, 0.1262036439332533100 ) ) ;
#6891 = AXIS2_PLACEMENT_3D ( 'NONE', #3437, #8072, #4122 ) ;
#6892 = EDGE_CURVE ( 'NONE', #4046, #4222, #1361, .T. ) ;
#6893 = COLOUR_RGB ( '',0.2941176470588235400, 0.2941176470588235400, 0.2941176470588235400 ) ;
#6894 =( CONVERSION_BASED_UNIT ( 'INCH', #2517 ) LENGTH_UNIT ( ) NAMED_UNIT ( #6349 ) );
#6895 = MECHANICAL_DESIGN_GEOMETRIC_PRESENTATION_REPRESENTATION (  '', ( #5554 ), #7323 ) ;
#6896 = LENGTH_MEASURE_WITH_UNIT ( LENGTH_MEASURE( 0.02539999999999999900 ), #7330 );
#6897 = VERTEX_POINT ( 'NONE', #2860 ) ;
#6898 = FILL_AREA_STYLE_COLOUR ( '', #733 ) ;
#6899 = DIRECTION ( 'NONE',  ( 0.0000000000000000000, 1.000000000000000000, -9.571164508604897800E-017 ) ) ;
#6900 = CARTESIAN_POINT ( 'NONE',  ( -0.03524643622935137700, -0.2830426292568795100, 0.07895825851013170400 ) ) ;
#6901 = ORIENTED_EDGE ( 'NONE', *, *, #2052, .F. ) ;
#6902 = EDGE_CURVE ( 'NONE', #5409, #6042, #8221, .T. ) ;
#6903 = FILL_AREA_STYLE ('',( #3594 ) ) ;
#6904 = DIRECTION ( 'NONE',  ( 0.0000000000000000000, -0.0000000000000000000, 1.000000000000000000 ) ) ;
#6905 = ORIENTED_EDGE ( 'NONE', *, *, #7312, .T. ) ;
#6906 = DIRECTION ( 'NONE',  ( -1.000000000000000000, 0.0000000000000000000, 0.0000000000000000000 ) ) ;
#6907 = CARTESIAN_POINT ( 'NONE',  ( 0.7357535637706483800, 0.01595737074312052500, -0.008541741489868335400 ) ) ;
#6908 = FILL_AREA_STYLE_COLOUR ( '', #6044 ) ;
#6909 = CARTESIAN_POINT ( 'NONE',  ( -0.5962210084938054400, -0.009042629256879463800, -0.04571304426445600000 ) ) ;
#6910 = VECTOR ( 'NONE', #6149, 39.37007874015748100 ) ;
#6911 = SURFACE_STYLE_FILL_AREA ( #6943 ) ;
#6912 = CYLINDRICAL_SURFACE ( 'NONE', #2399, 0.06199999999999997900 ) ;
#6913 = CARTESIAN_POINT ( 'NONE',  ( 0.3619911785999914700, 0.03757984800990001700, 0.1291742160336724100 ) ) ;
#6914 = ADVANCED_FACE ( 'NONE', ( #1155 ), #5531, .T. ) ;
#6915 = STYLED_ITEM ( 'NONE', ( #4784 ), #3848 ) ;
#6916 = STYLED_ITEM ( 'NONE', ( #5004 ), #307 ) ;
#6917 =( LENGTH_UNIT ( ) NAMED_UNIT ( * ) SI_UNIT ( $, .METRE. ) );
#6918 = FACE_OUTER_BOUND ( 'NONE', #7005, .T. ) ;
#6919 = B_SPLINE_CURVE_WITH_KNOTS ( 'NONE', 3,
 ( #1281, #1307, #6626, #2639, #7274, #3315, #7953, #3997 ),
 .UNSPECIFIED., .F., .F.,
 ( 4, 2, 2, 4 ),
 ( 0.01110629178428361300, 0.01136609360811311100, 0.01162589543194260900, 0.01214549907960160700 ),
 .UNSPECIFIED. ) ;
#6920 = MECHANICAL_DESIGN_GEOMETRIC_PRESENTATION_REPRESENTATION (  '', ( #5577 ), #7347 ) ;
#6921 = COLOUR_RGB ( '',0.9882352941176471000, 1.000000000000000000, 0.9882352941176471000 ) ;
#6922 = CARTESIAN_POINT ( 'NONE',  ( -0.5962210084938172100, 0.05312867351770816900, -0.03354174148986834000 ) ) ;
#6923 = ORIENTED_EDGE ( 'NONE', *, *, #946, .T. ) ;
#6924 =( CONVERSION_BASED_UNIT ( 'INCH', #7380 ) LENGTH_UNIT ( ) NAMED_UNIT ( #6483 ) );
#6925 = VECTOR ( 'NONE', #5258, 39.37007874015748100 ) ;
#6926 =( CONVERSION_BASED_UNIT ( 'INCH', #2297 ) LENGTH_UNIT ( ) NAMED_UNIT ( #7879 ) );
#6927 = UNCERTAINTY_MEASURE_WITH_UNIT (LENGTH_MEASURE( 1.000000000000000100E-005 ), #6219, 'distance_accuracy_value', 'NONE');
#6928 = PRESENTATION_LAYER_ASSIGNMENT (  '', '', ( #6494 ) ) ;
#6929 = CARTESIAN_POINT ( 'NONE',  ( -0.5972464362293515800, -0.02121393203146711800, 0.01645825851013166600 ) ) ;
#6930 = AXIS2_PLACEMENT_3D ( 'NONE', #466, #5156, #1163 ) ;
#6931 = EDGE_CURVE ( 'NONE', #7336, #5841, #2083, .T. ) ;
#6932 = CARTESIAN_POINT ( 'NONE',  ( 0.7507535637706483900, 0.04095737074312051600, -0.04571304426445600000 ) ) ;
#6933 = UNCERTAINTY_MEASURE_WITH_UNIT (LENGTH_MEASURE( 1.000000000000000100E-005 ), #4407, 'distance_accuracy_value', 'NONE');
#6934 = SURFACE_SIDE_STYLE ('',( #2480 ) ) ;
#6935 = DIRECTION ( 'NONE',  ( 0.0000000000000000000, 1.000000000000000000, -0.0000000000000000000 ) ) ;
#6936 = DIRECTION ( 'NONE',  ( 0.0000000000000000000, 1.000000000000000000, 0.0000000000000000000 ) ) ;
#6937 = ORIENTED_EDGE ( 'NONE', *, *, #6159, .F. ) ;
#6938 = VECTOR ( 'NONE', #1560, 39.37007874015748100 ) ;
#6939 = CARTESIAN_POINT ( 'NONE',  ( 0.2660015952667115200, 0.1028147170677016800, 0.02734392826793245700 ) ) ;
#6940 = EDGE_LOOP ( 'NONE', ( #7961, #5924, #4348, #4818 ) ) ;
#6941 = VERTEX_POINT ( 'NONE', #6232 ) ;
#6942 = EDGE_CURVE ( 'NONE', #8204, #2067, #5414, .T. ) ;
#6943 = FILL_AREA_STYLE ('',( #6279 ) ) ;
#6944 = AXIS2_PLACEMENT_3D ( 'NONE', #6255, #2967, #1665 ) ;
#6945 = LENGTH_MEASURE_WITH_UNIT ( LENGTH_MEASURE( 0.02539999999999999900 ), #7333 );
#6946 = MECHANICAL_DESIGN_GEOMETRIC_PRESENTATION_REPRESENTATION (  '', ( #5606 ), #7377 ) ;
#6947 = ADVANCED_FACE ( 'NONE', ( #3865 ), #2924, .F. ) ;
#6948 = ORIENTED_EDGE ( 'NONE', *, *, #1889, .T. ) ;
#6949 = EDGE_CURVE ( 'NONE', #4275, #1178, #6348, .T. ) ;
#6950 = FILL_AREA_STYLE ('',( #6983 ) ) ;
#6951 = VERTEX_POINT ( 'NONE', #8237 ) ;
#6952 = ADVANCED_FACE ( 'NONE', ( #4611, #1254 ), #402, .T. ) ;
#6953 = DIRECTION ( 'NONE',  ( -1.000000000000000000, 0.0000000000000000000, 0.0000000000000000000 ) ) ;
#6954 = VECTOR ( 'NONE', #2658, 39.37007874015748100 ) ;
#6955 = PRESENTATION_STYLE_ASSIGNMENT (( #431 ) ) ;
#6956 = DIMENSIONAL_EXPONENTS ( 1.000000000000000000, 0.0000000000000000000, 0.0000000000000000000, 0.0000000000000000000, 0.0000000000000000000, 0.0000000000000000000, 0.0000000000000000000 ) ;
#6957 = LENGTH_MEASURE_WITH_UNIT ( LENGTH_MEASURE( 0.02539999999999999900 ), #3879 );
#6958 = SURFACE_SIDE_STYLE ('',( #8108 ) ) ;
#6959 = EDGE_LOOP ( 'NONE', ( #1451 ) ) ;
#6960 = MECHANICAL_DESIGN_GEOMETRIC_PRESENTATION_REPRESENTATION (  '', ( #6082 ), #7394 ) ;
#6961 = ORIENTED_EDGE ( 'NONE', *, *, #6218, .F. ) ;
#6962 =( LENGTH_UNIT ( ) NAMED_UNIT ( * ) SI_UNIT ( $, .METRE. ) );
#6963 = EDGE_LOOP ( 'NONE', ( #3127, #8099, #1485, #6473 ) ) ;
#6964 =( LENGTH_UNIT ( ) NAMED_UNIT ( * ) SI_UNIT ( $, .METRE. ) );
#6965 =( NAMED_UNIT ( * ) SI_UNIT ( $, .STERADIAN. ) SOLID_ANGLE_UNIT ( ) );
#6966 = CARTESIAN_POINT ( 'NONE',  ( 0.7557535637706485100, -0.02053261085912316800, -0.3530417414898683300 ) ) ;
#6967 =( NAMED_UNIT ( * ) PLANE_ANGLE_UNIT ( ) SI_UNIT ( $, .RADIAN. ) );
#6968 = CARTESIAN_POINT ( 'NONE',  ( 0.6507724286000571300, -0.1451944262430682200, -0.1082526745964025600 ) ) ;
#6969 =( NAMED_UNIT ( * ) PLANE_ANGLE_UNIT ( ) SI_UNIT ( $, .RADIAN. ) );
#6970 = ORIENTED_EDGE ( 'NONE', *, *, #4357, .F. ) ;
#6971 = CARTESIAN_POINT ( 'NONE',  ( 0.6496474286000563100, 0.1378918478336640100, -0.1686804445846888700 ) ) ;
#6972 = LINE ( 'NONE', #3571, #3444 ) ;
#6973 = LINE ( 'NONE', #1636, #1882 ) ;
#6974 = CARTESIAN_POINT ( 'NONE',  ( -0.01274643622935155000, -0.2800426292568794500, -0.01354174148986833800 ) ) ;
#6975 = EDGE_LOOP ( 'NONE', ( #5873, #1292, #3073 ) ) ;
#6976 = LINE ( 'NONE', #284, #6766 ) ;
#6977 = CIRCLE ( 'NONE', #7521, 0.08000000000000000200 ) ;
#6978 = VECTOR ( 'NONE', #8490, 39.37007874015748100 ) ;
#6979 = CARTESIAN_POINT ( 'NONE',  ( 0.7507535637706483900, 0.04095737074312053000, 0.02862956128471930800 ) ) ;
#6980 = COLOUR_RGB ( '',0.2941176470588235400, 0.2941176470588235400, 0.2941176470588235400 ) ;
#6981 = AXIS2_PLACEMENT_3D ( 'NONE', #6907, #2960, #7617 ) ;
#6982 = COLOUR_RGB ( '',0.2941176470588235400, 0.2941176470588235400, 0.2941176470588235400 ) ;
#6983 = FILL_AREA_STYLE_COLOUR ( '', #6066 ) ;
#6984 = EDGE_LOOP ( 'NONE', ( #8265 ) ) ;
#6985 = DIRECTION ( 'NONE',  ( 0.0000000000000000000, -1.000000000000000000, 0.0000000000000000000 ) ) ;
#6986 = VERTEX_POINT ( 'NONE', #7483 ) ;
#6987 = FACE_BOUND ( 'NONE', #7028, .T. ) ;
#6988 = SURFACE_SIDE_STYLE ('',( #5506 ) ) ;
#6989 = LINE ( 'NONE', #2994, #5247 ) ;
#6990 =( NAMED_UNIT ( * ) PLANE_ANGLE_UNIT ( ) SI_UNIT ( $, .RADIAN. ) );
#6991 = EDGE_LOOP ( 'NONE', ( #4178 ) ) ;
#6992 = FILL_AREA_STYLE ('',( #1008 ) ) ;
#6993 = ADVANCED_FACE ( 'NONE', ( #7268 ), #2343, .F. ) ;
#6994 = DIRECTION ( 'NONE',  ( 1.000000000000000000, 0.0000000000000000000, 0.0000000000000000000 ) ) ;
#6995 =( NAMED_UNIT ( * ) SI_UNIT ( $, .STERADIAN. ) SOLID_ANGLE_UNIT ( ) );
#6996 = CARTESIAN_POINT ( 'NONE',  ( 0.2742535637706484100, 0.2539573707431204100, 0.2064582585101315800 ) ) ;
#6997 = VECTOR ( 'NONE', #7895, 39.37007874015748100 ) ;
#6998 = STYLED_ITEM ( 'NONE', ( #2923 ), #2045 ) ;
#6999 = CARTESIAN_POINT ( 'NONE',  ( -0.5847294899906165800, -0.05735541198573630000, -0.03354174148986834000 ) ) ;
#7000 = EDGE_CURVE ( 'NONE', #7228, #1938, #4706, .T. ) ;
#7001 = CARTESIAN_POINT ( 'NONE',  ( 0.5692307619333737400, -0.09259143978414916000, -0.1760481283836759200 ) ) ;
#7002 = ADVANCED_FACE ( 'NONE', ( #1352 ), #2072, .T. ) ;
#7003 = CARTESIAN_POINT ( 'NONE',  ( -0.5972464362293515800, 0.01595737074312052500, -0.008541741489868335400 ) ) ;
#7004 = LENGTH_MEASURE_WITH_UNIT ( LENGTH_MEASURE( 0.02539999999999999900 ), #3680 );
#7005 = EDGE_LOOP ( 'NONE', ( #1798, #4672, #5911, #489 ) ) ;
#7006 =( LENGTH_UNIT ( ) NAMED_UNIT ( * ) SI_UNIT ( $, .METRE. ) );
#7007 = CARTESIAN_POINT ( 'NONE',  ( 0.2737406260139948500, 0.03850610158645201300, -0.1102180061151197800 ) ) ;
#7008 = VERTEX_POINT ( 'NONE', #7039 ) ;
#7009 = DIRECTION ( 'NONE',  ( 0.0000000000000000000, 0.0000000000000000000, -1.000000000000000000 ) ) ;
#7010 = MECHANICAL_DESIGN_GEOMETRIC_PRESENTATION_REPRESENTATION (  '', ( #6122 ), #7439 ) ;
#7011 = ORIENTED_EDGE ( 'NONE', *, *, #3438, .T. ) ;
#7012 = EDGE_CURVE ( 'NONE', #4252, #4336, #5605, .T. ) ;
#7013 = CARTESIAN_POINT ( 'NONE',  ( 0.7557535637706485100, 0.2539573707431204100, 0.2164582585101316200 ) ) ;
#7014 =( NAMED_UNIT ( * ) PLANE_ANGLE_UNIT ( ) SI_UNIT ( $, .RADIAN. ) );
#7015 = CYLINDRICAL_SURFACE ( 'NONE', #50, 0.3750000000000000600 ) ;
#7016 = CIRCLE ( 'NONE', #7025, 0.3750000000000000600 ) ;
#7017 = CARTESIAN_POINT ( 'NONE',  ( -0.06524643622935159800, -0.2800426292568794500, 0.04395825851013165900 ) ) ;
#7018 = ORIENTED_EDGE ( 'NONE', *, *, #7321, .F. ) ;
#7019 = DIRECTION ( 'NONE',  ( 0.0000000000000000000, 0.0000000000000000000, -1.000000000000000000 ) ) ;
#7020 = DIRECTION ( 'NONE',  ( -1.000000000000000000, 0.0000000000000000000, 0.0000000000000000000 ) ) ;
#7021 = FILL_AREA_STYLE_COLOUR ( '', #7474 ) ;
#7022 = DIRECTION ( 'NONE',  ( 0.0000000000000000000, 0.0000000000000000000, -1.000000000000000000 ) ) ;
#7023 = FACE_OUTER_BOUND ( 'NONE', #4562, .T. ) ;
#7024 = UNCERTAINTY_MEASURE_WITH_UNIT (LENGTH_MEASURE( 1.000000000000000100E-005 ), #2347, 'distance_accuracy_value', 'NONE');
#7025 = AXIS2_PLACEMENT_3D ( 'NONE', #1416, #6079, #2085 ) ;
#7026 =( GEOMETRIC_REPRESENTATION_CONTEXT ( 3 ) GLOBAL_UNCERTAINTY_ASSIGNED_CONTEXT ( ( #2787 ) ) GLOBAL_UNIT_ASSIGNED_CONTEXT ( ( #8592, #4630, #603 ) ) REPRESENTATION_CONTEXT ( 'NONE', 'WORKASPACE' ) );
#7027 =( CONVERSION_BASED_UNIT ( 'INCH', #3689 ) LENGTH_UNIT ( ) NAMED_UNIT ( #1944 ) );
#7028 = EDGE_LOOP ( 'NONE', ( #8453 ) ) ;
#7029 = CARTESIAN_POINT ( 'NONE',  ( 0.7488138986592944900, 0.04095737074312050900, -0.06018198543172247800 ) ) ;
#7030 = VERTEX_POINT ( 'NONE', #8372 ) ;
#7031 = STYLED_ITEM ( 'NONE', ( #193 ), #7193 ) ;
#7032 = FILL_AREA_STYLE ('',( #3159 ) ) ;
#7033 = CARTESIAN_POINT ( 'NONE',  ( 0.6682938145194375900, -0.1403530088010297200, -0.1052571999416955200 ) ) ;
#7034 = EDGE_LOOP ( 'NONE', ( #7602, #6102, #3574, #3157 ) ) ;
#7035 = DIRECTION ( 'NONE',  ( 0.0000000000000000000, 0.0000000000000000000, 1.000000000000000000 ) ) ;
#7036 = ADVANCED_FACE ( 'NONE', ( #7363 ), #5081, .T. ) ;
#7037 = VERTEX_POINT ( 'NONE', #7723 ) ;
#7038 = DIMENSIONAL_EXPONENTS ( 1.000000000000000000, 0.0000000000000000000, 0.0000000000000000000, 0.0000000000000000000, 0.0000000000000000000, 0.0000000000000000000, 0.0000000000000000000 ) ;
#7039 = CARTESIAN_POINT ( 'NONE',  ( -0.5822464362293516800, 0.05312867351770816900, -0.03354174148986834000 ) ) ;
#7040 = AXIS2_PLACEMENT_3D ( 'NONE', #7392, #3427, #8069 ) ;
#7041 = EDGE_CURVE ( 'NONE', #3991, #4336, #3006, .T. ) ;
#7042 = SURFACE_SIDE_STYLE ('',( #4492 ) ) ;
#7043 =( NAMED_UNIT ( * ) SI_UNIT ( $, .STERADIAN. ) SOLID_ANGLE_UNIT ( ) );
#7044 = VERTEX_POINT ( 'NONE', #5765 ) ;
#7045 = CARTESIAN_POINT ( 'NONE',  ( -0.5962210084938172100, -0.02121393203146711800, 0.01645825851013166600 ) ) ;
#7046 = LENGTH_MEASURE_WITH_UNIT ( LENGTH_MEASURE( 0.02539999999999999900 ), #1165 );
#7047 = VERTEX_POINT ( 'NONE', #2445 ) ;
#7048 = MECHANICAL_DESIGN_GEOMETRIC_PRESENTATION_REPRESENTATION (  '', ( #6161 ), #7481 ) ;
#7049 =( LENGTH_UNIT ( ) NAMED_UNIT ( * ) SI_UNIT ( $, .METRE. ) );
#7050 = CARTESIAN_POINT ( 'NONE',  ( 0.6789182619333800100, 0.006146462608914641000, 0.1820159015572169500 ) ) ;
#7051 = UNCERTAINTY_MEASURE_WITH_UNIT (LENGTH_MEASURE( 1.000000000000000100E-005 ), #1595, 'distance_accuracy_value', 'NONE');
#7052 = VERTEX_POINT ( 'NONE', #7096 ) ;
#7053 = CYLINDRICAL_SURFACE ( 'NONE', #3668, 0.3750000000000000600 ) ;
#7054 = LENGTH_MEASURE_WITH_UNIT ( LENGTH_MEASURE( 0.02539999999999999900 ), #1489 );
#7055 = ORIENTED_EDGE ( 'NONE', *, *, #3718, .F. ) ;
#7056 = PRESENTATION_LAYER_ASSIGNMENT (  '', '', ( #6167 ) ) ;
#7057 = EDGE_CURVE ( 'NONE', #2697, #1519, #4799, .T. ) ;
#7058 = SURFACE_SIDE_STYLE ('',( #3055 ) ) ;
#7059 = DIMENSIONAL_EXPONENTS ( 1.000000000000000000, 0.0000000000000000000, 0.0000000000000000000, 0.0000000000000000000, 0.0000000000000000000, 0.0000000000000000000, 0.0000000000000000000 ) ;
#7061 = PLANE ( 'NONE',  #4975 ) ;
#7060 = AXIS2_PLACEMENT_3D ( 'NONE', #1340, #2676, #1371 ) ;
#7062 = VECTOR ( 'NONE', #3823, 39.37007874015748100 ) ;
#7063 = AXIS2_PLACEMENT_3D ( 'NONE', #4332, #301, #4970 ) ;
#7064 = PRESENTATION_STYLE_ASSIGNMENT (( #438 ) ) ;
#7065 = DIRECTION ( 'NONE',  ( -1.975259546378425000E-016, -1.000000000000000000, 0.0000000000000000000 ) ) ;
#7066 = CARTESIAN_POINT ( 'NONE',  ( 0.5878771478527687900, -0.1474724885337345400, 0.07161396392952187900 ) ) ;
#7067 = EDGE_CURVE ( 'NONE', #8325, #8325, #3855, .T. ) ;
#7068 = DIRECTION ( 'NONE',  ( 0.0000000000000000000, 0.0000000000000000000, -1.000000000000000000 ) ) ;
#7069 = ORIENTED_EDGE ( 'NONE', *, *, #7595, .F. ) ;
#7070 =( CONVERSION_BASED_UNIT ( 'INCH', #7071 ) LENGTH_UNIT ( ) NAMED_UNIT ( #1263 ) );
#7071 = LENGTH_MEASURE_WITH_UNIT ( LENGTH_MEASURE( 0.02539999999999999900 ), #2414 );
#7072 =( NAMED_UNIT ( * ) SI_UNIT ( $, .STERADIAN. ) SOLID_ANGLE_UNIT ( ) );
#7073 =( NAMED_UNIT ( * ) SI_UNIT ( $, .STERADIAN. ) SOLID_ANGLE_UNIT ( ) );
#7074 = DIRECTION ( 'NONE',  ( 0.0000000000000000000, 0.0000000000000000000, 1.000000000000000000 ) ) ;
#7075 =( CONVERSION_BASED_UNIT ( 'INCH', #3245 ) LENGTH_UNIT ( ) NAMED_UNIT ( #550 ) );
#7076 = SURFACE_STYLE_USAGE ( .BOTH. , #2428 ) ;
#7077 = CARTESIAN_POINT ( 'NONE',  ( 0.5422099286000561200, -0.04457376175628609300, -0.1855108857567741900 ) ) ;
#7078 = PRESENTATION_STYLE_ASSIGNMENT (( #5108 ) ) ;
#7079 =( GEOMETRIC_REPRESENTATION_CONTEXT ( 3 ) GLOBAL_UNCERTAINTY_ASSIGNED_CONTEXT ( ( #1332 ) ) GLOBAL_UNIT_ASSIGNED_CONTEXT ( ( #3362, #8002, #4044 ) ) REPRESENTATION_CONTEXT ( 'NONE', 'WORKASPACE' ) );
#7080 = CARTESIAN_POINT ( 'NONE',  ( -0.6022464362293515900, 0.2539573707431204100, 0.1781108546263189300 ) ) ;
#7081 = LINE ( 'NONE', #2855, #1775 ) ;
#7082 = FILL_AREA_STYLE ('',( #1739 ) ) ;
#7083 = VERTEX_POINT ( 'NONE', #454 ) ;
#7084 = VERTEX_POINT ( 'NONE', #5146 ) ;
#7085 = CYLINDRICAL_SURFACE ( 'NONE', #7542, 0.02016174311996134900 ) ;
#7086 = COLOUR_RGB ( '',0.7921568627450980000, 0.8196078431372548800, 0.9333333333333333500 ) ;
#7087 = CARTESIAN_POINT ( 'NONE',  ( 0.5080438145194268200, 0.1091657123936257600, 0.1467705713524269100 ) ) ;
#7088 =( GEOMETRIC_REPRESENTATION_CONTEXT ( 3 ) GLOBAL_UNCERTAINTY_ASSIGNED_CONTEXT ( ( #4120 ) ) GLOBAL_UNIT_ASSIGNED_CONTEXT ( ( #6851, #2867, #7509 ) ) REPRESENTATION_CONTEXT ( 'NONE', 'WORKASPACE' ) );
#7089 = CARTESIAN_POINT ( 'NONE',  ( 0.2682620119333752300, 0.03970952247483387800, -0.1158054587587707100 ) ) ;
#7090 = STYLED_ITEM ( 'NONE', ( #4987 ), #1066 ) ;
#7091 = DIRECTION ( 'NONE',  ( -1.000000000000000000, 0.0000000000000000000, 0.0000000000000000000 ) ) ;
#7092 = CARTESIAN_POINT ( 'NONE',  ( -0.4972464362293516600, -0.2780426292568794500, 0.1139582585101316500 ) ) ;
#7093 = CARTESIAN_POINT ( 'NONE',  ( 0.7557535637706485100, 0.2539573707431204100, 0.2164582585101316200 ) ) ;
#7094 = ORIENTED_EDGE ( 'NONE', *, *, #3229, .F. ) ;
#7095 = PRESENTATION_STYLE_ASSIGNMENT (( #3981 ) ) ;
#7096 = CARTESIAN_POINT ( 'NONE',  ( 0.7307535637706486000, -0.02053261085912316800, 0.3359582585101316100 ) ) ;
#7097 = DIMENSIONAL_EXPONENTS ( 1.000000000000000000, 0.0000000000000000000, 0.0000000000000000000, 0.0000000000000000000, 0.0000000000000000000, 0.0000000000000000000, 0.0000000000000000000 ) ;
#7098 = EDGE_LOOP ( 'NONE', ( #4041, #5836, #3440, #168 ) ) ;
#7099 = DIRECTION ( 'NONE',  ( 0.0000000000000000000, 0.0000000000000000000, -1.000000000000000000 ) ) ;
#7100 = SURFACE_SIDE_STYLE ('',( #8251 ) ) ;
#7101 = CARTESIAN_POINT ( 'NONE',  ( -0.9984602808033384800, -0.2800426292568794500, -0.003541741489868214300 ) ) ;
#7102 =( CONVERSION_BASED_UNIT ( 'INCH', #251 ) LENGTH_UNIT ( ) NAMED_UNIT ( #1738 ) );
#7103 = CARTESIAN_POINT ( 'NONE',  ( 0.6907535637706484500, 0.2539573707431204100, -0.2335417414898683400 ) ) ;
#7104 = CARTESIAN_POINT ( 'NONE',  ( 0.6628349286000427800, -0.1767567826772440400, 0.05346212646611601900 ) ) ;
#7105 = EDGE_LOOP ( 'NONE', ( #2012, #2917, #6721, #715, #3670, #4033, #7293 ) ) ;
#7106 = CARTESIAN_POINT ( 'NONE',  ( 0.3312521478527206700, -0.1037786081772929500, 0.07600816710135111000 ) ) ;
#7107 = EDGE_CURVE ( 'NONE', #237, #5185, #6336, .T. ) ;
#7108 = STYLED_ITEM ( 'NONE', ( #2000 ), #5640 ) ;
#7109 = STYLED_ITEM ( 'NONE', ( #6340 ), #2329 ) ;
#7110 = SURFACE_STYLE_USAGE ( .BOTH. , #2457 ) ;
#7111 = ORIENTED_EDGE ( 'NONE', *, *, #7540, .T. ) ;
#7112 =( NAMED_UNIT ( * ) PLANE_ANGLE_UNIT ( ) SI_UNIT ( $, .RADIAN. ) );
#7113 = EDGE_CURVE ( 'NONE', #8502, #1847, #1033, .T. ) ;
#7114 = SURFACE_STYLE_FILL_AREA ( #692 ) ;
#7115 = CARTESIAN_POINT ( 'NONE',  ( 0.5795035637706488200, -0.1717926292568781900, -0.3530417414898683300 ) ) ;
#7116 = CARTESIAN_POINT ( 'NONE',  ( 0.3932521478527688500, 0.1644266818455462100, -0.01706926542960964700 ) ) ;
#7117 = CARTESIAN_POINT ( 'NONE',  ( 0.3984281260139904100, 0.1282062202345108900, -0.1131369560490008700 ) ) ;
#7118 = SURFACE_STYLE_USAGE ( .BOTH. , #2467 ) ;
#7119 = PRESENTATION_LAYER_ASSIGNMENT (  '', '', ( #6235 ) ) ;
#7120 = FILL_AREA_STYLE ('',( #4483 ) ) ;
#7121 = LENGTH_MEASURE_WITH_UNIT ( LENGTH_MEASURE( 0.02539999999999999900 ), #7049 );
#7122 =( NAMED_UNIT ( * ) SI_UNIT ( $, .STERADIAN. ) SOLID_ANGLE_UNIT ( ) );
#7123 = SURFACE_STYLE_FILL_AREA ( #5275 ) ;
#7124 = PRESENTATION_STYLE_ASSIGNMENT (( #4712 ) ) ;
#7125 = CARTESIAN_POINT ( 'NONE',  ( 0.4963036786000477000, -0.05030876150877856800, 0.1738829200431648800 ) ) ;
#7126 = DIRECTION ( 'NONE',  ( -1.000000000000000000, 0.0000000000000000000, 0.0000000000000000000 ) ) ;
#7127 = ORIENTED_EDGE ( 'NONE', *, *, #410, .T. ) ;
#7128 = CARTESIAN_POINT ( 'NONE',  ( 0.7557535637706485100, -0.02053261085912316800, -0.3280417414898683100 ) ) ;
#7129 = SURFACE_STYLE_USAGE ( .BOTH. , #2481 ) ;
#7130 = FACE_BOUND ( 'NONE', #119, .T. ) ;
#7131 = CARTESIAN_POINT ( 'NONE',  ( -0.1207464362293516600, -0.03604262925687949600, -0.3180417414898682500 ) ) ;
#7132 = CARTESIAN_POINT ( 'NONE',  ( 0.5422099286000561200, -0.04857739091970749600, -0.1972154308458073900 ) ) ;
#7133 = CARTESIAN_POINT ( 'NONE',  ( 0.6984599286000419100, 0.1240681277265114900, 0.1705058742427159900 ) ) ;
#7134 = CARTESIAN_POINT ( 'NONE',  ( -0.02524643622935148300, -0.2830426292568795100, -0.008541741489868224400 ) ) ;
#7135 =( GEOMETRIC_REPRESENTATION_CONTEXT ( 3 ) GLOBAL_UNCERTAINTY_ASSIGNED_CONTEXT ( ( #6413 ) ) GLOBAL_UNIT_ASSIGNED_CONTEXT ( ( #5241, #1237, #5891 ) ) REPRESENTATION_CONTEXT ( 'NONE', 'WORKASPACE' ) );
#7136 = CARTESIAN_POINT ( 'NONE',  ( -0.5962210084938054400, -0.009042629256879463800, -0.04571304426445600000 ) ) ;
#7137 = ORIENTED_EDGE ( 'NONE', *, *, #7651, .T. ) ;
#7138 = MECHANICAL_DESIGN_GEOMETRIC_PRESENTATION_REPRESENTATION (  '', ( #5809 ), #7580 ) ;
#7139 = ORIENTED_EDGE ( 'NONE', *, *, #3842, .T. ) ;
#7140 =( LENGTH_UNIT ( ) NAMED_UNIT ( * ) SI_UNIT ( $, .METRE. ) );
#7141 = CARTESIAN_POINT ( 'NONE',  ( 0.2958875645194280500, -0.02222856064158240700, -0.1100145365701187000 ) ) ;
#7142 = ADVANCED_FACE ( 'NONE', ( #4391, #6133 ), #1753, .F. ) ;
#7143 = CARTESIAN_POINT ( 'NONE',  ( 0.4500843760140046900, -0.1502533761288361900, -0.03311977709128596800 ) ) ;
#7144 = CARTESIAN_POINT ( 'NONE',  ( 0.7357535637706483800, 0.04095737074312053000, 0.02862956128471930800 ) ) ;
#7145 = FILL_AREA_STYLE_COLOUR ( '', #2449 ) ;
#7146 =( NAMED_UNIT ( * ) SI_UNIT ( $, .STERADIAN. ) SOLID_ANGLE_UNIT ( ) );
#7147 = CARTESIAN_POINT ( 'NONE',  ( -0.5963177356560382900, -0.02805584201049121000, -0.03354174148986832600 ) ) ;
#7148 = CARTESIAN_POINT ( 'NONE',  ( 0.3821995119333841400, 0.1498771386089828300, 0.08050438615226078500 ) ) ;
#7149 = ORIENTED_EDGE ( 'NONE', *, *, #3913, .T. ) ;
#7150 = EDGE_CURVE ( 'NONE', #3481, #7167, #3535, .T. ) ;
#7151 = CARTESIAN_POINT ( 'NONE',  ( 0.6907535637706484500, -0.2830426292568795100, 0.3009582585101315800 ) ) ;
#7152 = CARTESIAN_POINT ( 'NONE',  ( 0.7557535637706485100, 0.2539573707431204100, -0.2335417414898683400 ) ) ;
#7153 = VERTEX_POINT ( 'NONE', #8496 ) ;
#7154 = LENGTH_MEASURE_WITH_UNIT ( LENGTH_MEASURE( 0.02539999999999999900 ), #3947 );
#7155 = CARTESIAN_POINT ( 'NONE',  ( -0.5847294899906165800, -0.009042629256879481200, 0.06477104123898851100 ) ) ;
#7156 = STYLED_ITEM ( 'NONE', ( #4313 ), #8386 ) ;
#7157 =( NAMED_UNIT ( * ) SI_UNIT ( $, .STERADIAN. ) SOLID_ANGLE_UNIT ( ) );
#7158 = CARTESIAN_POINT ( 'NONE',  ( 0.6306682619333865400, 0.08797803402229627300, -0.1968514353539862800 ) ) ;
#7159 = CARTESIAN_POINT ( 'NONE',  ( 0.6180432619333700000, 0.2062071999020629600, 0.07199654772539648700 ) ) ;
#7160 = EDGE_LOOP ( 'NONE', ( #4880, #6234, #5248, #3532, #5752, #7615, #6057, #7667, #6627, #740, #4608, #4310 ) ) ;
#7161 = ORIENTED_EDGE ( 'NONE', *, *, #4020, .F. ) ;
#7162 = COLOUR_RGB ( '',0.2941176470588235400, 0.2941176470588235400, 0.2941176470588235400 ) ;
#7163 = VERTEX_POINT ( 'NONE', #521 ) ;
#7164 =( NAMED_UNIT ( * ) SI_UNIT ( $, .STERADIAN. ) SOLID_ANGLE_UNIT ( ) );
#7165 = AXIS2_PLACEMENT_3D ( 'NONE', #7643, #350, #6994 ) ;
#7166 = SURFACE_STYLE_USAGE ( .BOTH. , #2529 ) ;
#7167 = VERTEX_POINT ( 'NONE', #5853 ) ;
#7168 = PRESENTATION_STYLE_ASSIGNMENT (( #4933 ) ) ;
#7169 = FILL_AREA_STYLE ('',( #1198 ) ) ;
#7170 = CARTESIAN_POINT ( 'NONE',  ( 0.6777932619333770800, -0.1678794943739640400, -0.05608257159181248600 ) ) ;
#7171 = ORIENTED_EDGE ( 'NONE', *, *, #7041, .T. ) ;
#7172 = EDGE_CURVE ( 'NONE', #4475, #828, #5311, .T. ) ;
#7173 = CARTESIAN_POINT ( 'NONE',  ( 0.6532535637706481400, -0.09804262925687946800, 0.3414582585101316200 ) ) ;
#7174 = UNCERTAINTY_MEASURE_WITH_UNIT (LENGTH_MEASURE( 1.000000000000000100E-005 ), #6376, 'distance_accuracy_value', 'NONE');
#7175 = CARTESIAN_POINT ( 'NONE',  ( 0.2862099286000128200, 0.07937104355873639300, -0.1116318065591280600 ) ) ;
#7176 = ORIENTED_EDGE ( 'NONE', *, *, #1506, .T. ) ;
#7177 = DIRECTION ( 'NONE',  ( 1.000000000000000000, 0.0000000000000000000, 0.0000000000000000000 ) ) ;
#7178 = PLANE ( 'NONE',  #1074 ) ;
#7179 = DIMENSIONAL_EXPONENTS ( 1.000000000000000000, 0.0000000000000000000, 0.0000000000000000000, 0.0000000000000000000, 0.0000000000000000000, 0.0000000000000000000, 0.0000000000000000000 ) ;
#7180 = DIRECTION ( 'NONE',  ( -1.000000000000000000, 0.0000000000000000000, 0.0000000000000000000 ) ) ;
#7181 = ORIENTED_EDGE ( 'NONE', *, *, #1947, .T. ) ;
#7182 = DIRECTION ( 'NONE',  ( 1.000000000000000000, -0.0000000000000000000, 0.0000000000000000000 ) ) ;
#7183 = STYLED_ITEM ( 'NONE', ( #3597 ), #3989 ) ;
#7184 = FACE_OUTER_BOUND ( 'NONE', #5369, .T. ) ;
#7185 = DIRECTION ( 'NONE',  ( -0.0000000000000000000, -9.571164508604895300E-017, -1.000000000000000000 ) ) ;
#7186 = VERTEX_POINT ( 'NONE', #1509 ) ;
#7187 = CARTESIAN_POINT ( 'NONE',  ( 0.6907535637706484500, -0.02053261085912316800, 0.3359582585101316100 ) ) ;
#7188 = CARTESIAN_POINT ( 'NONE',  ( 0.3192093760139598200, -0.1037786081772929500, 0.07600816710135111000 ) ) ;
#7189 = COLOUR_RGB ( '',0.2941176470588235400, 0.2941176470588235400, 0.2941176470588235400 ) ;
#7190 = CARTESIAN_POINT ( 'NONE',  ( 0.5416474286000754200, 0.09053504554621529000, -0.1993047511427988900 ) ) ;
#7191 =( GEOMETRIC_REPRESENTATION_CONTEXT ( 3 ) GLOBAL_UNCERTAINTY_ASSIGNED_CONTEXT ( ( #333 ) ) GLOBAL_UNIT_ASSIGNED_CONTEXT ( ( #8203, #4261, #240 ) ) REPRESENTATION_CONTEXT ( 'NONE', 'WORKASPACE' ) );
#7192 = COLOUR_RGB ( '',0.2941176470588235400, 0.2941176470588235400, 0.2941176470588235400 ) ;
#7193 = ADVANCED_FACE ( 'NONE', ( #6853 ), #7178, .T. ) ;
#7194 = ORIENTED_EDGE ( 'NONE', *, *, #8401, .F. ) ;
#7195 =( LENGTH_UNIT ( ) NAMED_UNIT ( * ) SI_UNIT ( $, .METRE. ) );
#7196 = VECTOR ( 'NONE', #4746, 39.37007874015748100 ) ;
#7197 = CARTESIAN_POINT ( 'NONE',  ( 0.7488138986592944900, -0.009042629256879479400, 0.04309850245198615400 ) ) ;
#7198 = CARTESIAN_POINT ( 'NONE',  ( 0.3872099286000346700, 0.1532059255306947900, -0.08505918288382555100 ) ) ;
#7199 = AXIS2_PLACEMENT_3D ( 'NONE', #3364, #8004, #4048 ) ;
#7200 = DIRECTION ( 'NONE',  ( -1.000000000000000000, 0.0000000000000000000, 0.0000000000000000000 ) ) ;
#7201 = EDGE_CURVE ( 'NONE', #7650, #1075, #7769, .T. ) ;
#7202 =( LENGTH_UNIT ( ) NAMED_UNIT ( * ) SI_UNIT ( $, .METRE. ) );
#7203 = CARTESIAN_POINT ( 'NONE',  ( 0.6602521478527461100, -0.07734190535712046100, -0.1940988952772970700 ) ) ;
#7204 = STYLED_ITEM ( 'NONE', ( #5431 ), #7973 ) ;
#7205 = ORIENTED_EDGE ( 'NONE', *, *, #6048, .T. ) ;
#7206 = CARTESIAN_POINT ( 'NONE',  ( 0.2742535637706484100, 0.2539573707431204100, -0.2335417414898683400 ) ) ;
#7207 = CARTESIAN_POINT ( 'NONE',  ( -0.06524643622935159800, -0.2800426292568794500, 0.04395825851013165900 ) ) ;
#7208 = VERTEX_POINT ( 'NONE', #4605 ) ;
#7209 = PLANE ( 'NONE',  #4029 ) ;
#7210 = CARTESIAN_POINT ( 'NONE',  ( -0.5963177356560382900, 0.04095737074312050900, -0.05255495424348007000 ) ) ;
#7211 = DIRECTION ( 'NONE',  ( 1.000000000000000000, 0.0000000000000000000, -1.313388458492434400E-016 ) ) ;
#7212 = DIRECTION ( 'NONE',  ( 0.0000000000000000000, 0.0000000000000000000, 1.000000000000000000 ) ) ;
#7213 = CARTESIAN_POINT ( 'NONE',  ( 0.5824182619333820900, -0.05616477738842035700, 0.1783696278034997100 ) ) ;
#7214 = ORIENTED_EDGE ( 'NONE', *, *, #4745, .T. ) ;
#7215 = EDGE_CURVE ( 'NONE', #8564, #636, #2479, .T. ) ;
#7216 = PRESENTATION_LAYER_ASSIGNMENT (  '', '', ( #6780 ) ) ;
#7217 =( GEOMETRIC_REPRESENTATION_CONTEXT ( 3 ) GLOBAL_UNCERTAINTY_ASSIGNED_CONTEXT ( ( #8119 ) ) GLOBAL_UNIT_ASSIGNED_CONTEXT ( ( #3372, #8016, #4055 ) ) REPRESENTATION_CONTEXT ( 'NONE', 'WORKASPACE' ) );
#7218 = CARTESIAN_POINT ( 'NONE',  ( -0.1207464362293515400, -0.02053261085912309900, -0.3180417414898682500 ) ) ;
#7219 = DIMENSIONAL_EXPONENTS ( 1.000000000000000000, 0.0000000000000000000, 0.0000000000000000000, 0.0000000000000000000, 0.0000000000000000000, 0.0000000000000000000, 0.0000000000000000000 ) ;
#7220 = CARTESIAN_POINT ( 'NONE',  ( 0.7441050052029849500, -0.009042629256879456900, -0.07260134405858892400 ) ) ;
#7221 = EDGE_CURVE ( 'NONE', #7044, #3992, #922, .T. ) ;
#7222 = FACE_OUTER_BOUND ( 'NONE', #5828, .T. ) ;
#7223 = LENGTH_MEASURE_WITH_UNIT ( LENGTH_MEASURE( 0.02539999999999999900 ), #6299 );
#7224 = ADVANCED_FACE ( 'NONE', ( #4065, #4283, #7569 ), #6580, .F. ) ;
#7225 = CARTESIAN_POINT ( 'NONE',  ( 0.6482093760139853200, -0.06660496911697322300, -0.1727455932173062600 ) ) ;
#7226 = FILL_AREA_STYLE ('',( #5257 ) ) ;
#7227 = EDGE_LOOP ( 'NONE', ( #6839, #499, #324, #3735 ) ) ;
#7228 = VERTEX_POINT ( 'NONE', #5913 ) ;
#7229 = FACE_OUTER_BOUND ( 'NONE', #2680, .T. ) ;
#7230 = CARTESIAN_POINT ( 'NONE',  ( 0.5838563145194197700, -0.1854038496541256800, 0.03245667829482188500 ) ) ;
#7231 = FILL_AREA_STYLE ('',( #576 ) ) ;
#7232 = FILL_AREA_STYLE ('',( #8569 ) ) ;
#7233 = CARTESIAN_POINT ( 'NONE',  ( -0.5822464362293516800, -0.02121393203146711800, 0.01645825851013166600 ) ) ;
#7234 = CARTESIAN_POINT ( 'NONE',  ( -0.9984602808033384800, -0.2800426292568794500, 0.07895825851013189800 ) ) ;
#7235 = LENGTH_MEASURE_WITH_UNIT ( LENGTH_MEASURE( 0.02539999999999999900 ), #6962 );
#7236 = DIRECTION ( 'NONE',  ( 1.000000000000000000, 1.246126186011258900E-016, 0.0000000000000000000 ) ) ;
#7237 = ORIENTED_EDGE ( 'NONE', *, *, #3673, .T. ) ;
#7238 = DIRECTION ( 'NONE',  ( 0.0000000000000000000, 0.0000000000000000000, -1.000000000000000000 ) ) ;
#7239 =( NAMED_UNIT ( * ) PLANE_ANGLE_UNIT ( ) SI_UNIT ( $, .RADIAN. ) );
#7240 = CARTESIAN_POINT ( 'NONE',  ( 0.6025224286000341300, 0.1631796006254134500, 0.1087102074351468200 ) ) ;
#7241 = STYLED_ITEM ( 'NONE', ( #5660 ), #6518 ) ;
#7242 = PRESENTATION_STYLE_ASSIGNMENT (( #192 ) ) ;
#7243 = VERTEX_POINT ( 'NONE', #7260 ) ;
#7244 = DIRECTION ( 'NONE',  ( -1.000000000000000000, -0.0000000000000000000, -0.0000000000000000000 ) ) ;
#7245 = ORIENTED_EDGE ( 'NONE', *, *, #6826, .F. ) ;
#7246 =( NAMED_UNIT ( * ) SI_UNIT ( $, .STERADIAN. ) SOLID_ANGLE_UNIT ( ) );
#7247 = CARTESIAN_POINT ( 'NONE',  ( 0.7125229811860918100, 0.1795451236574467900, 0.05904558791765951400 ) ) ;
#7248 = AXIS2_PLACEMENT_3D ( 'NONE', #2606, #7236, #3280 ) ;
#7249 = DIMENSIONAL_EXPONENTS ( 1.000000000000000000, 0.0000000000000000000, 0.0000000000000000000, 0.0000000000000000000, 0.0000000000000000000, 0.0000000000000000000, 0.0000000000000000000 ) ;
#7250 = FACE_OUTER_BOUND ( 'NONE', #1115, .T. ) ;
#7251 = LINE ( 'NONE', #3894, #5493 ) ;
#7252 =( LENGTH_UNIT ( ) NAMED_UNIT ( * ) SI_UNIT ( $, .METRE. ) );
#7253 = ORIENTED_EDGE ( 'NONE', *, *, #2717, .T. ) ;
#7254 = CARTESIAN_POINT ( 'NONE',  ( -0.5962210084938172100, 0.04095737074312053000, 0.02862956128471931200 ) ) ;
#7255 = CARTESIAN_POINT ( 'NONE',  ( 0.7497281360351080200, 0.01595737074312052500, -0.008541741489868335400 ) ) ;
#7256 = EDGE_LOOP ( 'NONE', ( #48 ) ) ;
#7257 = CARTESIAN_POINT ( 'NONE',  ( 0.4965646478527573300, 0.007517679339016164300, 0.1936738464780083400 ) ) ;
#7258 = CARTESIAN_POINT ( 'NONE',  ( -0.1207464362293516600, -0.03604262925687949600, 0.3414582585101316200 ) ) ;
#7259 = COLOUR_RGB ( '',0.9882352941176471000, 1.000000000000000000, 0.9882352941176471000 ) ;
#7260 = CARTESIAN_POINT ( 'NONE',  ( -0.1207464362293516600, 0.07949064950654230500, 0.2859126359015160500 ) ) ;
#7261 = MECHANICAL_DESIGN_GEOMETRIC_PRESENTATION_REPRESENTATION (  '', ( #6384 ), #7707 ) ;
#7262 = COLOUR_RGB ( '',0.2941176470588235400, 0.2941176470588235400, 0.2941176470588235400 ) ;
#7263 = EDGE_CURVE ( 'NONE', #2896, #2073, #439, .T. ) ;
#7264 =( NAMED_UNIT ( * ) PLANE_ANGLE_UNIT ( ) SI_UNIT ( $, .RADIAN. ) );
#7265 = EDGE_LOOP ( 'NONE', ( #1064, #630, #2496, #653 ) ) ;
#7266 =( NAMED_UNIT ( * ) SI_UNIT ( $, .STERADIAN. ) SOLID_ANGLE_UNIT ( ) );
#7267 = SURFACE_STYLE_USAGE ( .BOTH. , #2632 ) ;
#7268 = FACE_OUTER_BOUND ( 'NONE', #3707, .T. ) ;
#7269 = PLANE ( 'NONE',  #7927 ) ;
#7270 = CARTESIAN_POINT ( 'NONE',  ( 0.4733036786000477400, -0.04605877840388109700, 0.1621090324326336700 ) ) ;
#7271 = ADVANCED_FACE ( 'NONE', ( #8521 ), #3801, .T. ) ;
#7272 = COLOUR_RGB ( '',0.9882352941176471000, 1.000000000000000000, 0.9882352941176471000 ) ;
#7273 = DIRECTION ( 'NONE',  ( -1.000000000000000000, 0.0000000000000000000, 0.0000000000000000000 ) ) ;
#7274 = CARTESIAN_POINT ( 'NONE',  ( 0.7456277304900721400, -0.04467792598672085100, 0.01645825851013167300 ) ) ;
#7275 = UNCERTAINTY_MEASURE_WITH_UNIT (LENGTH_MEASURE( 1.000000000000000100E-005 ), #6596, 'distance_accuracy_value', 'NONE');
#7276 = CARTESIAN_POINT ( 'NONE',  ( -0.6022464362293515900, 0.2539573707431204100, -0.1951943376060556500 ) ) ;
#7277 = SURFACE_STYLE_USAGE ( .BOTH. , #2642 ) ;
#7278 = ORIENTED_EDGE ( 'NONE', *, *, #364, .F. ) ;
#7279 = DIRECTION ( 'NONE',  ( 0.0000000000000000000, 1.000000000000000000, 0.0000000000000000000 ) ) ;
#7280 = ORIENTED_EDGE ( 'NONE', *, *, #2323, .T. ) ;
#7281 = CIRCLE ( 'NONE', #2881, 0.08000000000000000200 ) ;
#7282 = UNCERTAINTY_MEASURE_WITH_UNIT (LENGTH_MEASURE( 1.000000000000000100E-005 ), #3800, 'distance_accuracy_value', 'NONE');
#7283 =( NAMED_UNIT ( * ) PLANE_ANGLE_UNIT ( ) SI_UNIT ( $, .RADIAN. ) );
#7284 = CIRCLE ( 'NONE', #7199, 0.06200000000000004800 ) ;
#7285 = LINE ( 'NONE', #5264, #5530 ) ;
#7286 = FILL_AREA_STYLE ('',( #3274 ) ) ;
#7287 = DIRECTION ( 'NONE',  ( -1.000000000000000000, 0.0000000000000000000, 0.0000000000000000000 ) ) ;
#7288 = SURFACE_STYLE_USAGE ( .BOTH. , #2655 ) ;
#7289 = DIMENSIONAL_EXPONENTS ( 1.000000000000000000, 0.0000000000000000000, 0.0000000000000000000, 0.0000000000000000000, 0.0000000000000000000, 0.0000000000000000000, 0.0000000000000000000 ) ;
#7290 = SURFACE_SIDE_STYLE ('',( #710 ) ) ;
#7291 =( LENGTH_UNIT ( ) NAMED_UNIT ( * ) SI_UNIT ( $, .METRE. ) );
#7292 = CARTESIAN_POINT ( 'NONE',  ( 0.2838447926806672000, -0.03081105428455783000, -0.1324219444148769000 ) ) ;
#7293 = ORIENTED_EDGE ( 'NONE', *, *, #1556, .F. ) ;
#7294 = FACE_OUTER_BOUND ( 'NONE', #3969, .T. ) ;
#7295 = AXIS2_PLACEMENT_3D ( 'NONE', #722, #2766, #7399 ) ;
#7296 = PRESENTATION_STYLE_ASSIGNMENT (( #5117 ) ) ;
#7297 = FACE_OUTER_BOUND ( 'NONE', #5787, .T. ) ;
#7298 = VERTEX_POINT ( 'NONE', #8619 ) ;
#7299 = MECHANICAL_DESIGN_GEOMETRIC_PRESENTATION_REPRESENTATION (  '', ( #5525 ), #7740 ) ;
#7300 = DIRECTION ( 'NONE',  ( 1.000000000000000000, 0.0000000000000000000, 0.0000000000000000000 ) ) ;
#7301 = ORIENTED_EDGE ( 'NONE', *, *, #1370, .F. ) ;
#7302 = FACE_OUTER_BOUND ( 'NONE', #1152, .T. ) ;
#7303 = DIMENSIONAL_EXPONENTS ( 1.000000000000000000, 0.0000000000000000000, 0.0000000000000000000, 0.0000000000000000000, 0.0000000000000000000, 0.0000000000000000000, 0.0000000000000000000 ) ;
#7304 =( NAMED_UNIT ( * ) PLANE_ANGLE_UNIT ( ) SI_UNIT ( $, .RADIAN. ) );
#7305 = VECTOR ( 'NONE', #4472, 39.37007874015748100 ) ;
#7306 = COLOUR_RGB ( '',0.9882352941176471000, 1.000000000000000000, 0.9882352941176471000 ) ;
#7307 = DIRECTION ( 'NONE',  ( 0.0000000000000000000, 0.0000000000000000000, -1.000000000000000000 ) ) ;
#7308 = ORIENTED_EDGE ( 'NONE', *, *, #7429, .T. ) ;
#7309 = STYLED_ITEM ( 'NONE', ( #3899 ), #5297 ) ;
#7310 = AXIS2_PLACEMENT_3D ( 'NONE', #888, #5535, #1563 ) ;
#7311 = CARTESIAN_POINT ( 'NONE',  ( 0.7307535637706486000, -0.3230426292568794900, -0.3280417414898683100 ) ) ;
#7312 = EDGE_CURVE ( 'NONE', #6659, #8107, #7314, .T. ) ;
#7313 = FILL_AREA_STYLE ('',( #6658 ) ) ;
#7314 = LINE ( 'NONE', #666, #447 ) ;
#7315 = DIRECTION ( 'NONE',  ( -0.0000000000000000000, -1.000000000000000000, -0.0000000000000000000 ) ) ;
#7316 = CARTESIAN_POINT ( 'NONE',  ( -0.02274643622935171700, -0.2830426292568795100, -0.03104174148986836900 ) ) ;
#7317 = FILL_AREA_STYLE ('',( #8027 ) ) ;
#7318 = CARTESIAN_POINT ( 'NONE',  ( 0.7307535637706486000, 0.2539573707431204100, -0.2335417414898683400 ) ) ;
#7319 = CARTESIAN_POINT ( 'NONE',  ( 0.7350194362933110100, 0.2539573707431203600, 0.2164582585101316500 ) ) ;
#7320 = AXIS2_PLACEMENT_3D ( 'NONE', #3580, #8222, #4273 ) ;
#7321 = EDGE_CURVE ( 'NONE', #5956, #3031, #2235, .T. ) ;
#7322 = ORIENTED_EDGE ( 'NONE', *, *, #8043, .T. ) ;
#7323 =( GEOMETRIC_REPRESENTATION_CONTEXT ( 3 ) GLOBAL_UNCERTAINTY_ASSIGNED_CONTEXT ( ( #5136 ) ) GLOBAL_UNIT_ASSIGNED_CONTEXT ( ( #8163, #4211, #199 ) ) REPRESENTATION_CONTEXT ( 'NONE', 'WORKASPACE' ) );
#7324 =( LENGTH_UNIT ( ) NAMED_UNIT ( * ) SI_UNIT ( $, .METRE. ) );
#7325 = CARTESIAN_POINT ( 'NONE',  ( 0.4388870119333985700, -0.09633900464135994300, -0.1578334530007906000 ) ) ;
#7326 = STYLED_ITEM ( 'NONE', ( #8515 ), #2976 ) ;
#7327 = LENGTH_MEASURE_WITH_UNIT ( LENGTH_MEASURE( 0.02539999999999999900 ), #7202 );
#7328 = CIRCLE ( 'NONE', #4882, 0.3750000000000000600 ) ;
#7329 = DIRECTION ( 'NONE',  ( 0.0000000000000000000, -0.0000000000000000000, -1.000000000000000000 ) ) ;
#7330 =( LENGTH_UNIT ( ) NAMED_UNIT ( * ) SI_UNIT ( $, .METRE. ) );
#7331 = EDGE_CURVE ( 'NONE', #950, #1527, #5557, .T. ) ;
#7332 = DIMENSIONAL_EXPONENTS ( 1.000000000000000000, 0.0000000000000000000, 0.0000000000000000000, 0.0000000000000000000, 0.0000000000000000000, 0.0000000000000000000, 0.0000000000000000000 ) ;
#7333 =( LENGTH_UNIT ( ) NAMED_UNIT ( * ) SI_UNIT ( $, .METRE. ) );
#7334 = DIRECTION ( 'NONE',  ( 0.0000000000000000000, -0.0000000000000000000, -1.000000000000000000 ) ) ;
#7335 = CARTESIAN_POINT ( 'NONE',  ( 0.2742535637706484100, 0.07949064950654230500, 0.2859126359015160500 ) ) ;
#7336 = VERTEX_POINT ( 'NONE', #6663 ) ;
#7337 = LENGTH_MEASURE_WITH_UNIT ( LENGTH_MEASURE( 0.02539999999999999900 ), #7502 );
#7338 = AXIS2_PLACEMENT_3D ( 'NONE', #3074, #7711, #3752 ) ;
#7339 = VERTEX_POINT ( 'NONE', #7316 ) ;
#7340 = CARTESIAN_POINT ( 'NONE',  ( 0.6907535637706484500, -0.3480426292568794500, 0.1139582585101316500 ) ) ;
#7341 = DIMENSIONAL_EXPONENTS ( 1.000000000000000000, 0.0000000000000000000, 0.0000000000000000000, 0.0000000000000000000, 0.0000000000000000000, 0.0000000000000000000, 0.0000000000000000000 ) ;
#7342 = DIRECTION ( 'NONE',  ( -1.000000000000000000, 0.0000000000000000000, 0.0000000000000000000 ) ) ;
#7343 = ADVANCED_FACE ( 'NONE', ( #1815 ), #4008, .T. ) ;
#7344 = DIRECTION ( 'NONE',  ( 0.0000000000000000000, 0.0000000000000000000, 1.000000000000000000 ) ) ;
#7345 = FACE_OUTER_BOUND ( 'NONE', #2096, .T. ) ;
#7346 = FILL_AREA_STYLE_COLOUR ( '', #5207 ) ;
#7347 =( GEOMETRIC_REPRESENTATION_CONTEXT ( 3 ) GLOBAL_UNCERTAINTY_ASSIGNED_CONTEXT ( ( #7498 ) ) GLOBAL_UNIT_ASSIGNED_CONTEXT ( ( #2893, #7529, #3563 ) ) REPRESENTATION_CONTEXT ( 'NONE', 'WORKASPACE' ) );
#7348 = VERTEX_POINT ( 'NONE', #3381 ) ;
#7349 = CARTESIAN_POINT ( 'NONE',  ( 0.3353349286000829600, -0.05667288742156566300, 0.1237556382457885700 ) ) ;
#7350 = ORIENTED_EDGE ( 'NONE', *, *, #7819, .F. ) ;
#7351 = DIRECTION ( 'NONE',  ( 0.0000000000000000000, -0.0000000000000000000, 1.000000000000000000 ) ) ;
#7352 = LINE ( 'NONE', #5189, #3846 ) ;
#7353 = UNCERTAINTY_MEASURE_WITH_UNIT (LENGTH_MEASURE( 1.000000000000000100E-005 ), #8422, 'distance_accuracy_value', 'NONE');
#7354 = SURFACE_STYLE_FILL_AREA ( #7317 ) ;
#7355 = CARTESIAN_POINT ( 'NONE',  ( -0.02274643622935171700, -0.2830426292568795100, -0.003541741489868321000 ) ) ;
#7356 = CARTESIAN_POINT ( 'NONE',  ( -0.9984602808033384800, -0.2800426292568794500, 0.05395825851013166100 ) ) ;
#7357 = MECHANICAL_DESIGN_GEOMETRIC_PRESENTATION_REPRESENTATION (  '', ( #6494 ), #7813 ) ;
#7358 = CARTESIAN_POINT ( 'NONE',  ( 0.7507535637706483900, -0.02121393203146711800, 0.01645825851013166600 ) ) ;
#7359 = EDGE_LOOP ( 'NONE', ( #3115 ) ) ;
#7360 = STYLED_ITEM ( 'NONE', ( #5145 ), #1273 ) ;
#7361 = EDGE_CURVE ( 'NONE', #4680, #7877, #3589, .T. ) ;
#7362 = ORIENTED_EDGE ( 'NONE', *, *, #531, .F. ) ;
#7363 = FACE_OUTER_BOUND ( 'NONE', #3309, .T. ) ;
#7364 = FACE_OUTER_BOUND ( 'NONE', #1042, .T. ) ;
#7365 = DIRECTION ( 'NONE',  ( 0.0000000000000000000, 0.0000000000000000000, 1.000000000000000000 ) ) ;
#7366 = ORIENTED_EDGE ( 'NONE', *, *, #2094, .F. ) ;
#7367 = DIRECTION ( 'NONE',  ( 0.0000000000000000000, 0.0000000000000000000, -1.000000000000000000 ) ) ;
#7368 = CARTESIAN_POINT ( 'NONE',  ( 0.6723343760139980400, -0.1536913763400441500, 0.1128488494689778700 ) ) ;
#7369 = DIRECTION ( 'NONE',  ( -1.000000000000000000, 0.0000000000000000000, 0.0000000000000000000 ) ) ;
#7370 = VERTEX_POINT ( 'NONE', #6712 ) ;
#7371 = EDGE_CURVE ( 'NONE', #1639, #1620, #8047, .T. ) ;
#7372 = CARTESIAN_POINT ( 'NONE',  ( -0.9984602808033384800, -0.2800426292568794500, 0.05395825851013166100 ) ) ;
#7373 = FILL_AREA_STYLE ('',( #2741 ) ) ;
#7374 = PRESENTATION_LAYER_ASSIGNMENT (  '', '', ( #6067 ) ) ;
#7375 = DIRECTION ( 'NONE',  ( 0.0000000000000000000, 0.0000000000000000000, -1.000000000000000000 ) ) ;
#7376 = CARTESIAN_POINT ( 'NONE',  ( -0.9984602808033384800, -0.2800426292568794500, -0.06104174148986813600 ) ) ;
#7377 =( GEOMETRIC_REPRESENTATION_CONTEXT ( 3 ) GLOBAL_UNCERTAINTY_ASSIGNED_CONTEXT ( ( #6813 ) ) GLOBAL_UNIT_ASSIGNED_CONTEXT ( ( #8525, #4566, #539 ) ) REPRESENTATION_CONTEXT ( 'NONE', 'WORKASPACE' ) );
#7378 = DIRECTION ( 'NONE',  ( -1.000000000000000000, 0.0000000000000000000, 0.0000000000000000000 ) ) ;
#7379 = VERTEX_POINT ( 'NONE', #2737 ) ;
#7380 = LENGTH_MEASURE_WITH_UNIT ( LENGTH_MEASURE( 0.02539999999999999900 ), #2273 );
#7381 = LENGTH_MEASURE_WITH_UNIT ( LENGTH_MEASURE( 0.02539999999999999900 ), #7324 );
#7382 = VERTEX_POINT ( 'NONE', #2065 ) ;
#7383 = EDGE_CURVE ( 'NONE', #7379, #4524, #6090, .T. ) ;
#7384 =( LENGTH_UNIT ( ) NAMED_UNIT ( * ) SI_UNIT ( $, .METRE. ) );
#7385 = CARTESIAN_POINT ( 'NONE',  ( -0.5372464362293516400, -0.3480426292568794500, 0.1139582585101316500 ) ) ;
#7386 = EDGE_LOOP ( 'NONE', ( #6820, #1015, #5589, #7422 ) ) ;
#7387 = SURFACE_SIDE_STYLE ('',( #4729 ) ) ;
#7388 = VERTEX_POINT ( 'NONE', #4183 ) ;
#7389 = DIMENSIONAL_EXPONENTS ( 1.000000000000000000, 0.0000000000000000000, 0.0000000000000000000, 0.0000000000000000000, 0.0000000000000000000, 0.0000000000000000000, 0.0000000000000000000 ) ;
#7390 = SURFACE_STYLE_FILL_AREA ( #96 ) ;
#7391 = CARTESIAN_POINT ( 'NONE',  ( 0.7497281360351080200, 0.01595737074312052500, -0.008541741489868335400 ) ) ;
#7392 = CARTESIAN_POINT ( 'NONE',  ( 0.6907535637706484500, -0.02053261085912316800, 0.02195825851013172300 ) ) ;
#7393 = SURFACE_SIDE_STYLE ('',( #3929 ) ) ;
#7394 =( GEOMETRIC_REPRESENTATION_CONTEXT ( 3 ) GLOBAL_UNCERTAINTY_ASSIGNED_CONTEXT ( ( #4152 ) ) GLOBAL_UNIT_ASSIGNED_CONTEXT ( ( #1460, #6116, #2131 ) ) REPRESENTATION_CONTEXT ( 'NONE', 'WORKASPACE' ) );
#7395 = ORIENTED_EDGE ( 'NONE', *, *, #7931, .T. ) ;
#7396 =( CONVERSION_BASED_UNIT ( 'INCH', #7655 ) LENGTH_UNIT ( ) NAMED_UNIT ( #7964 ) );
#7397 = LINE ( 'NONE', #726, #7196 ) ;
#7398 = VECTOR ( 'NONE', #5856, 39.37007874015748100 ) ;
#7399 = DIRECTION ( 'NONE',  ( 1.000000000000000000, 0.0000000000000000000, 0.0000000000000000000 ) ) ;
#7400 = CARTESIAN_POINT ( 'NONE',  ( 0.3403870119334312400, -0.02503397557007129600, 0.1388390211302295600 ) ) ;
#7401 =( NAMED_UNIT ( * ) SI_UNIT ( $, .STERADIAN. ) SOLID_ANGLE_UNIT ( ) );
#7402 = COLOUR_RGB ( '',0.2941176470588235400, 0.2941176470588235400, 0.2941176470588235400 ) ;
#7403 = CARTESIAN_POINT ( 'NONE',  ( 0.2545015952667115100, 0.1190084128332163000, 0.03403445754369336500 ) ) ;
#7404 = LINE ( 'NONE', #4999, #3902 ) ;
#7405 = LINE ( 'NONE', #5036, #5646 ) ;
#7406 = DIRECTION ( 'NONE',  ( 1.000000000000000000, 0.0000000000000000000, 0.0000000000000000000 ) ) ;
#7407 = CARTESIAN_POINT ( 'NONE',  ( 0.7307535637706486000, -0.3480426292568794500, -0.3280417414898683100 ) ) ;
#7408 =( NAMED_UNIT ( * ) PLANE_ANGLE_UNIT ( ) SI_UNIT ( $, .RADIAN. ) );
#7409 = ORIENTED_EDGE ( 'NONE', *, *, #2119, .F. ) ;
#7410 = MECHANICAL_DESIGN_GEOMETRIC_PRESENTATION_REPRESENTATION (  '', ( #6546 ), #7868 ) ;
#7411 = ORIENTED_EDGE ( 'NONE', *, *, #8120, .F. ) ;
#7412 = CARTESIAN_POINT ( 'NONE',  ( -0.04024643622935145800, -0.2830426292568795100, -0.008541741489868224400 ) ) ;
#7413 = COLOUR_RGB ( '',0.9882352941176471000, 1.000000000000000000, 0.9882352941176471000 ) ;
#7414 =( NAMED_UNIT ( * ) SI_UNIT ( $, .STERADIAN. ) SOLID_ANGLE_UNIT ( ) );
#7415 = CIRCLE ( 'NONE', #3934, 0.5186371580901264500 ) ;
#7416 = SURFACE_STYLE_FILL_AREA ( #5508 ) ;
#7417 = FACE_BOUND ( 'NONE', #4091, .T. ) ;
#7418 = STYLED_ITEM ( 'NONE', ( #7296 ), #7678 ) ;
#7419 = DIRECTION ( 'NONE',  ( -0.0000000000000000000, -1.000000000000000000, -0.0000000000000000000 ) ) ;
#7420 = VECTOR ( 'NONE', #7185, 39.37007874015748100 ) ;
#7421 = UNCERTAINTY_MEASURE_WITH_UNIT (LENGTH_MEASURE( 1.000000000000000100E-005 ), #3472, 'distance_accuracy_value', 'NONE');
#7422 = ORIENTED_EDGE ( 'NONE', *, *, #2728, .F. ) ;
#7423 = DIRECTION ( 'NONE',  ( 0.0000000000000000000, 0.0000000000000000000, 1.000000000000000000 ) ) ;
#7424 =( NAMED_UNIT ( * ) SI_UNIT ( $, .STERADIAN. ) SOLID_ANGLE_UNIT ( ) );
#7425 = CARTESIAN_POINT ( 'NONE',  ( 0.2147535637706484100, -0.2830426292568795100, -0.08604174148986833100 ) ) ;
#7426 = VECTOR ( 'NONE', #3802, 39.37007874015748100 ) ;
#7427 = AXIS2_PLACEMENT_3D ( 'NONE', #6865, #2891, #7528 ) ;
#7428 = CARTESIAN_POINT ( 'NONE',  ( -0.5963177356560385200, 0.05997058349673227400, 0.01645825851013166900 ) ) ;
#7429 = EDGE_CURVE ( 'NONE', #2896, #4675, #2025, .T. ) ;
#7430 =( LENGTH_UNIT ( ) NAMED_UNIT ( * ) SI_UNIT ( $, .METRE. ) );
#7431 = CARTESIAN_POINT ( 'NONE',  ( 0.2646057619334105100, 0.1302367087199625700, -0.05290245758684336600 ) ) ;
#7432 = DIRECTION ( 'NONE',  ( 0.0000000000000000000, 0.0000000000000000000, 1.000000000000000000 ) ) ;
#7433 = CARTESIAN_POINT ( 'NONE',  ( 0.2660015952667114700, 0.1111623864912727900, 0.03079282143422921300 ) ) ;
#7434 = DIRECTION ( 'NONE',  ( -1.000000000000000000, 0.0000000000000000000, 0.0000000000000000000 ) ) ;
#7435 = DIRECTION ( 'NONE',  ( -1.000000000000000000, 0.0000000000000000000, 0.0000000000000000000 ) ) ;
#7436 = FILL_AREA_STYLE ('',( #3480 ) ) ;
#7437 = CARTESIAN_POINT ( 'NONE',  ( 0.6537535637706484200, 0.01595737074312052500, -0.008541741489868335400 ) ) ;
#7438 =( NAMED_UNIT ( * ) SI_UNIT ( $, .STERADIAN. ) SOLID_ANGLE_UNIT ( ) );
#7439 =( GEOMETRIC_REPRESENTATION_CONTEXT ( 3 ) GLOBAL_UNCERTAINTY_ASSIGNED_CONTEXT ( ( #2207 ) ) GLOBAL_UNIT_ASSIGNED_CONTEXT ( ( #2974, #7612, #3649 ) ) REPRESENTATION_CONTEXT ( 'NONE', 'WORKASPACE' ) );
#7440 =( LENGTH_UNIT ( ) NAMED_UNIT ( * ) SI_UNIT ( $, .METRE. ) );
#7441 = UNCERTAINTY_MEASURE_WITH_UNIT (LENGTH_MEASURE( 1.000000000000000100E-005 ), #379, 'distance_accuracy_value', 'NONE');
#7442 = VERTEX_POINT ( 'NONE', #756 ) ;
#7443 = DIRECTION ( 'NONE',  ( 0.0000000000000000000, 0.0000000000000000000, -1.000000000000000000 ) ) ;
#7444 = DIRECTION ( 'NONE',  ( 0.0000000000000000000, 0.0000000000000000000, -1.000000000000000000 ) ) ;
#7445 = EDGE_CURVE ( 'NONE', #4393, #7008, #7843, .T. ) ;
#7446 = VERTEX_POINT ( 'NONE', #2103 ) ;
#7447 = CIRCLE ( 'NONE', #1404, 0.04900000000000000200 ) ;
#7448 = ORIENTED_EDGE ( 'NONE', *, *, #7945, .F. ) ;
#7449 = CARTESIAN_POINT ( 'NONE',  ( -0.5822464362293516800, 0.01595737074312052500, 0.04045825851013166300 ) ) ;
#7450 =( LENGTH_UNIT ( ) NAMED_UNIT ( * ) SI_UNIT ( $, .METRE. ) );
#7451 = AXIS2_PLACEMENT_3D ( 'NONE', #7391, #3426, #8068 ) ;
#7452 = VECTOR ( 'NONE', #8055, 39.37007874015748100 ) ;
#7453 = CIRCLE ( 'NONE', #884, 0.3750000000000000600 ) ;
#7454 = CARTESIAN_POINT ( 'NONE',  ( -0.6022464362293518100, 0.2539573707431204100, -0.1994135107768160700 ) ) ;
#7455 = CARTESIAN_POINT ( 'NONE',  ( 0.6080010426806536900, 0.1773344998893928400, 0.1199832497482616600 ) ) ;
#7456 = FACE_OUTER_BOUND ( 'NONE', #4272, .T. ) ;
#7457 = ORIENTED_EDGE ( 'NONE', *, *, #2495, .F. ) ;
#7458 = CARTESIAN_POINT ( 'NONE',  ( 0.6537535637706484200, 0.09595737074312052400, -0.008541741489868335400 ) ) ;
#7459 = VERTEX_POINT ( 'NONE', #4828 ) ;
#7460 =( LENGTH_UNIT ( ) NAMED_UNIT ( * ) SI_UNIT ( $, .METRE. ) );
#7461 = CARTESIAN_POINT ( 'NONE',  ( -0.4972464362293516600, -0.2780426292568794500, -0.1310417414898683300 ) ) ;
#7462 = LENGTH_MEASURE_WITH_UNIT ( LENGTH_MEASURE( 0.02539999999999999900 ), #5823 );
#7463 = AXIS2_PLACEMENT_3D ( 'NONE', #8469, #2475, #3174 ) ;
#7464 = ORIENTED_EDGE ( 'NONE', *, *, #5675, .T. ) ;
#7465 =( NAMED_UNIT ( * ) PLANE_ANGLE_UNIT ( ) SI_UNIT ( $, .RADIAN. ) );
#7466 =( CONVERSION_BASED_UNIT ( 'INCH', #4195 ) LENGTH_UNIT ( ) NAMED_UNIT ( #5885 ) );
#7467 = UNCERTAINTY_MEASURE_WITH_UNIT (LENGTH_MEASURE( 1.000000000000000100E-005 ), #861, 'distance_accuracy_value', 'NONE');
#7468 = LINE ( 'NONE', #1320, #394 ) ;
#7469 =( CONVERSION_BASED_UNIT ( 'INCH', #3546 ) LENGTH_UNIT ( ) NAMED_UNIT ( #5318 ) );
#7470 = EDGE_LOOP ( 'NONE', ( #6571 ) ) ;
#7471 = SURFACE_STYLE_USAGE ( .BOTH. , #2834 ) ;
#7472 = SURFACE_STYLE_USAGE ( .BOTH. , #2835 ) ;
#7473 = DIRECTION ( 'NONE',  ( 0.0000000000000000000, -9.571164508604904000E-017, 1.000000000000000000 ) ) ;
#7474 = COLOUR_RGB ( '',0.2941176470588235400, 0.2941176470588235400, 0.2941176470588235400 ) ;
#7475 = STYLED_ITEM ( 'NONE', ( #2848 ), #5211 ) ;
#7476 = VECTOR ( 'NONE', #1113, 39.37007874015748100 ) ;
#7477 = PRESENTATION_LAYER_ASSIGNMENT (  '', '', ( #6604 ) ) ;
#7478 = EDGE_CURVE ( 'NONE', #4950, #7083, #2548, .T. ) ;
#7479 = FILL_AREA_STYLE_COLOUR ( '', #1950 ) ;
#7480 = CARTESIAN_POINT ( 'NONE',  ( 0.6295432619333699600, 0.1895208425155878500, 0.06493297991653707000 ) ) ;
#7481 =( GEOMETRIC_REPRESENTATION_CONTEXT ( 3 ) GLOBAL_UNCERTAINTY_ASSIGNED_CONTEXT ( ( #1068 ) ) GLOBAL_UNIT_ASSIGNED_CONTEXT ( ( #5555, #1577, #7401 ) ) REPRESENTATION_CONTEXT ( 'NONE', 'WORKASPACE' ) );
#7482 = LINE ( 'NONE', #7412, #5724 ) ;
#7483 = CARTESIAN_POINT ( 'NONE',  ( 0.7426315582965842300, 0.01595737074312052500, -0.02870348460982968100 ) ) ;
#7484 = PRESENTATION_STYLE_ASSIGNMENT (( #7277 ) ) ;
#7485 = SURFACE_STYLE_USAGE ( .BOTH. , #2847 ) ;
#7486 = CARTESIAN_POINT ( 'NONE',  ( 0.6562510426806766900, -0.1606779668155687000, -0.1178326279686197900 ) ) ;
#7487 = MECHANICAL_DESIGN_GEOMETRIC_PRESENTATION_REPRESENTATION (  '', ( #6167 ), #7944 ) ;
#7488 = EDGE_CURVE ( 'NONE', #4982, #5496, #6284, .T. ) ;
#7489 =( LENGTH_UNIT ( ) NAMED_UNIT ( * ) SI_UNIT ( $, .METRE. ) );
#7490 = MECHANICAL_DESIGN_GEOMETRIC_PRESENTATION_REPRESENTATION (  '', ( #6620 ), #7946 ) ;
#7491 = ORIENTED_EDGE ( 'NONE', *, *, #1547, .T. ) ;
#7492 = ORIENTED_EDGE ( 'NONE', *, *, #5452, .F. ) ;
#7493 = STYLED_ITEM ( 'NONE', ( #5922 ), #2858 ) ;
#7494 =( CONVERSION_BASED_UNIT ( 'INCH', #2991 ) LENGTH_UNIT ( ) NAMED_UNIT ( #42 ) );
#7495 = CARTESIAN_POINT ( 'NONE',  ( -0.5372464362293516400, -0.06054262925687946300, -0.3180417414898682500 ) ) ;
#7496 = VECTOR ( 'NONE', #3311, 39.37007874015748100 ) ;
#7497 = ORIENTED_EDGE ( 'NONE', *, *, #6064, .T. ) ;
#7498 = UNCERTAINTY_MEASURE_WITH_UNIT (LENGTH_MEASURE( 1.000000000000000100E-005 ), #2893, 'distance_accuracy_value', 'NONE');
#7499 = EDGE_CURVE ( 'NONE', #8394, #4644, #5870, .T. ) ;
#7500 = FILL_AREA_STYLE_COLOUR ( '', #1877 ) ;
#7501 = CARTESIAN_POINT ( 'NONE',  ( 0.7357535637706483800, 0.09195079151097383700, 0.01645825851013166600 ) ) ;
#7502 =( LENGTH_UNIT ( ) NAMED_UNIT ( * ) SI_UNIT ( $, .METRE. ) );
#7503 = ORIENTED_EDGE ( 'NONE', *, *, #920, .T. ) ;
#7504 = UNCERTAINTY_MEASURE_WITH_UNIT (LENGTH_MEASURE( 1.000000000000000100E-005 ), #818, 'distance_accuracy_value', 'NONE');
#7505 =( NAMED_UNIT ( * ) SI_UNIT ( $, .STERADIAN. ) SOLID_ANGLE_UNIT ( ) );
#7506 = CIRCLE ( 'NONE', #4515, 0.02500000000000000500 ) ;
#7507 = DIRECTION ( 'NONE',  ( 0.0000000000000000000, 0.0000000000000000000, -1.000000000000000000 ) ) ;
#7508 = SURFACE_STYLE_USAGE ( .BOTH. , #2866 ) ;
#7509 =( NAMED_UNIT ( * ) SI_UNIT ( $, .STERADIAN. ) SOLID_ANGLE_UNIT ( ) );
#7510 = FACE_OUTER_BOUND ( 'NONE', #4433, .T. ) ;
#7511 = ORIENTED_EDGE ( 'NONE', *, *, #3093, .F. ) ;
#7512 = CARTESIAN_POINT ( 'NONE',  ( -0.6022464362293515900, -0.02053261085912316800, 0.3109582585101316500 ) ) ;
#7513 = CARTESIAN_POINT ( 'NONE',  ( 0.5531474286000753700, 0.08398771711472209600, -0.1825567066373108800 ) ) ;
#7514 = ADVANCED_FACE ( 'NONE', ( #771, #555 ), #6600, .F. ) ;
#7515 = ORIENTED_EDGE ( 'NONE', *, *, #6015, .F. ) ;
#7516 = CARTESIAN_POINT ( 'NONE',  ( -0.5822464362293516800, 0.01595737074312052500, -0.04354174148986833500 ) ) ;
#7517 = FACE_OUTER_BOUND ( 'NONE', #2362, .T. ) ;
#7518 = FILL_AREA_STYLE_COLOUR ( '', #8589 ) ;
#7519 = LINE ( 'NONE', #1765, #2222 ) ;
#7520 = COLOUR_RGB ( '',0.2941176470588235400, 0.2941176470588235400, 0.2941176470588235400 ) ;
#7521 = AXIS2_PLACEMENT_3D ( 'NONE', #738, #5395, #1412 ) ;
#7522 = CARTESIAN_POINT ( 'NONE',  ( 0.6381474286000474700, 0.1413291626598046900, -0.1731948570050299800 ) ) ;
#7523 = CARTESIAN_POINT ( 'NONE',  ( -0.6022464362293515900, -0.02053261085912316800, 0.02195825851013172300 ) ) ;
#7524 = CARTESIAN_POINT ( 'NONE',  ( -0.6022464362293515900, 0.01595737074312052500, -0.008541741489868335400 ) ) ;
#7525 = VECTOR ( 'NONE', #494, 39.37007874015748100 ) ;
#7526 = LINE ( 'NONE', #5494, #5769 ) ;
#7527 = DIRECTION ( 'NONE',  ( 0.0000000000000000000, -1.000000000000000000, 0.0000000000000000000 ) ) ;
#7528 = DIRECTION ( 'NONE',  ( 0.0000000000000000000, -0.0000000000000000000, -1.000000000000000000 ) ) ;
#7529 =( NAMED_UNIT ( * ) PLANE_ANGLE_UNIT ( ) SI_UNIT ( $, .RADIAN. ) );
#7530 = SURFACE_STYLE_USAGE ( .BOTH. , #2894 ) ;
#7531 = AXIS2_PLACEMENT_3D ( 'NONE', #5342, #1351, #6003 ) ;
#7532 = FILL_AREA_STYLE_COLOUR ( '', #3190 ) ;
#7533 = PRESENTATION_STYLE_ASSIGNMENT (( #2397 ) ) ;
#7534 = DIRECTION ( 'NONE',  ( 0.0000000000000000000, 0.0000000000000000000, -1.000000000000000000 ) ) ;
#7535 =( LENGTH_UNIT ( ) NAMED_UNIT ( * ) SI_UNIT ( $, .METRE. ) );
#7536 = DIRECTION ( 'NONE',  ( -0.0000000000000000000, 1.000000000000000000, -0.0000000000000000000 ) ) ;
#7537 = EDGE_LOOP ( 'NONE', ( #1579 ) ) ;
#7538 = CARTESIAN_POINT ( 'NONE',  ( 0.7557535637706485100, -0.3230426292568794900, -0.3530417414898683300 ) ) ;
#7539 = CARTESIAN_POINT ( 'NONE',  ( 0.4503870119333985800, -0.08543473966435277700, -0.1433946399801517600 ) ) ;
#7540 = EDGE_CURVE ( 'NONE', #3828, #4925, #8356, .T. ) ;
#7541 = DIRECTION ( 'NONE',  ( 1.000000000000000000, 0.0000000000000000000, 0.0000000000000000000 ) ) ;
#7542 = AXIS2_PLACEMENT_3D ( 'NONE', #6144, #3447, #4850 ) ;
#7543 = ORIENTED_EDGE ( 'NONE', *, *, #866, .F. ) ;
#7544 = PRESENTATION_LAYER_ASSIGNMENT (  '', '', ( #7109 ) ) ;
#7545 = CARTESIAN_POINT ( 'NONE',  ( 0.4905432619333768800, 0.007517679339016164300, 0.1936738464780083400 ) ) ;
#7546 =( NAMED_UNIT ( * ) SI_UNIT ( $, .STERADIAN. ) SOLID_ANGLE_UNIT ( ) );
#7547 = EDGE_CURVE ( 'NONE', #2523, #6420, #1500, .T. ) ;
#7548 = DIRECTION ( 'NONE',  ( -1.000000000000000000, 0.0000000000000000000, 1.970082687738651500E-016 ) ) ;
#7549 = ORIENTED_EDGE ( 'NONE', *, *, #4009, .F. ) ;
#7550 = FILL_AREA_STYLE_COLOUR ( '', #1741 ) ;
#7551 = B_SPLINE_CURVE_WITH_KNOTS ( 'NONE', 3,
 ( #8118, #4823, #5499, #1523, #6175, #2192, #6840, #2859 ),
 .UNSPECIFIED., .F., .F.,
 ( 4, 2, 2, 4 ),
 ( 0.01135251925626189900, 0.01186907746044349500, 0.01212735656253429200, 0.01238563566462509200 ),
 .UNSPECIFIED. ) ;
#7552 = ADVANCED_FACE ( 'NONE', ( #4844, #1300, #5052, #8150 ), #6872, .T. ) ;
#7553 = EDGE_LOOP ( 'NONE', ( #2202, #2289, #863, #8179 ) ) ;
#7554 = DIMENSIONAL_EXPONENTS ( 1.000000000000000000, 0.0000000000000000000, 0.0000000000000000000, 0.0000000000000000000, 0.0000000000000000000, 0.0000000000000000000, 0.0000000000000000000 ) ;
#7555 = UNCERTAINTY_MEASURE_WITH_UNIT (LENGTH_MEASURE( 1.000000000000000100E-005 ), #4659, 'distance_accuracy_value', 'NONE');
#7556 = DIRECTION ( 'NONE',  ( -1.000000000000000000, 0.0000000000000000000, 0.0000000000000000000 ) ) ;
#7557 = DIRECTION ( 'NONE',  ( 0.0000000000000000000, 0.0000000000000000000, -1.000000000000000000 ) ) ;
#7558 = MECHANICAL_DESIGN_GEOMETRIC_PRESENTATION_REPRESENTATION (  '', ( #6235 ), #8014 ) ;
#7559 = CARTESIAN_POINT ( 'NONE',  ( 0.7507535637706483900, -0.009042629256879463800, -0.04571304426445600000 ) ) ;
#7560 = SURFACE_STYLE_FILL_AREA ( #1493 ) ;
#7561 = DIRECTION ( 'NONE',  ( -0.0000000000000000000, -0.0000000000000000000, 1.000000000000000000 ) ) ;
#7562 = FACE_OUTER_BOUND ( 'NONE', #6959, .T. ) ;
#7563 = ORIENTED_EDGE ( 'NONE', *, *, #4304, .T. ) ;
#7564 = SURFACE_SIDE_STYLE ('',( #5820 ) ) ;
#7565 = SURFACE_STYLE_USAGE ( .BOTH. , #2931 ) ;
#7566 = DIRECTION ( 'NONE',  ( -1.000000000000000000, -0.0000000000000000000, -0.0000000000000000000 ) ) ;
#7567 = CARTESIAN_POINT ( 'NONE',  ( -0.5953067711179979000, -0.009042629256879463800, -0.06018198543172244300 ) ) ;
#7568 = EDGE_LOOP ( 'NONE', ( #5085 ) ) ;
#7569 = FACE_BOUND ( 'NONE', #3764, .T. ) ;
#7570 = COLOUR_RGB ( '',0.2941176470588235400, 0.2941176470588235400, 0.2941176470588235400 ) ;
#7571 = CARTESIAN_POINT ( 'NONE',  ( 0.3468349286000829700, -0.04807150312494470900, 0.1079638990777569100 ) ) ;
#7572 = COLOUR_RGB ( '',0.9882352941176471000, 1.000000000000000000, 0.9882352941176471000 ) ;
#7573 = APPLICATION_CONTEXT ( 'automotive_design' ) ;
#7574 =( NAMED_UNIT ( * ) PLANE_ANGLE_UNIT ( ) SI_UNIT ( $, .RADIAN. ) );
#7575 = ORIENTED_EDGE ( 'NONE', *, *, #2728, .T. ) ;
#7576 = VERTEX_POINT ( 'NONE', #3599 ) ;
#7577 = FACE_OUTER_BOUND ( 'NONE', #164, .T. ) ;
#7578 = FILL_AREA_STYLE_COLOUR ( '', #315 ) ;
#7579 =( NAMED_UNIT ( * ) SI_UNIT ( $, .STERADIAN. ) SOLID_ANGLE_UNIT ( ) );
#7580 =( GEOMETRIC_REPRESENTATION_CONTEXT ( 3 ) GLOBAL_UNCERTAINTY_ASSIGNED_CONTEXT ( ( #6517 ) ) GLOBAL_UNIT_ASSIGNED_CONTEXT ( ( #5588, #1615, #6269 ) ) REPRESENTATION_CONTEXT ( 'NONE', 'WORKASPACE' ) );
#7581 = ORIENTED_EDGE ( 'NONE', *, *, #3292, .T. ) ;
#7582 =( NAMED_UNIT ( * ) SI_UNIT ( $, .STERADIAN. ) SOLID_ANGLE_UNIT ( ) );
#7583 = DIRECTION ( 'NONE',  ( 0.0000000000000000000, 1.000000000000000000, 0.0000000000000000000 ) ) ;
#7584 = CARTESIAN_POINT ( 'NONE',  ( 0.3362535637706484700, -0.03604262925687949600, 0.3009582585101315800 ) ) ;
#7585 = DIRECTION ( 'NONE',  ( 0.0000000000000000000, 9.571164508604904000E-017, 1.000000000000000000 ) ) ;
#7586 = ADVANCED_FACE ( 'NONE', ( #5548 ), #2929, .F. ) ;
#7587 = ORIENTED_EDGE ( 'NONE', *, *, #3001, .F. ) ;
#7588 = CARTESIAN_POINT ( 'NONE',  ( 0.2742535637706484100, -0.03604262925687949600, 0.3414582585101316200 ) ) ;
#7589 = FILL_AREA_STYLE_COLOUR ( '', #1001 ) ;
#7590 = STYLED_ITEM ( 'NONE', ( #6486 ), #5560 ) ;
#7591 = AXIS2_PLACEMENT_3D ( 'NONE', #4438, #405, #5087 ) ;
#7592 = FACE_OUTER_BOUND ( 'NONE', #6940, .T. ) ;
#7593 = PRESENTATION_STYLE_ASSIGNMENT (( #6107 ) ) ;
#7594 = VERTEX_POINT ( 'NONE', #8241 ) ;
#7595 = EDGE_CURVE ( 'NONE', #1178, #5071, #1396, .T. ) ;
#7596 = ORIENTED_EDGE ( 'NONE', *, *, #647, .F. ) ;
#7597 = CARTESIAN_POINT ( 'NONE',  ( 0.7139507545863335000, 0.1720974495385801100, 0.1229299889633924300 ) ) ;
#7598 = ADVANCED_FACE ( 'NONE', ( #3154, #8254 ), #2325, .T. ) ;
#7599 = AXIS2_PLACEMENT_3D ( 'NONE', #3796, #478, #5166 ) ;
#7600 = VERTEX_POINT ( 'NONE', #6796 ) ;
#7601 = SURFACE_STYLE_USAGE ( .BOTH. , #2965 ) ;
#7602 = ORIENTED_EDGE ( 'NONE', *, *, #1441, .T. ) ;
#7603 = STYLED_ITEM ( 'NONE', ( #5810 ), #196 ) ;
#7604 = FILL_AREA_STYLE ('',( #7578 ) ) ;
#7605 = LINE ( 'NONE', #4609, #1481 ) ;
#7606 = FILL_AREA_STYLE ('',( #3588 ) ) ;
#7607 = AXIS2_PLACEMENT_3D ( 'NONE', #182, #4859, #853 ) ;
#7608 = CARTESIAN_POINT ( 'NONE',  ( 0.7382366175319137200, 0.08927015347197740600, -0.03354174148986834700 ) ) ;
#7609 = EDGE_CURVE ( 'NONE', #22, #2625, #7404, .T. ) ;
#7610 =( LENGTH_UNIT ( ) NAMED_UNIT ( * ) SI_UNIT ( $, .METRE. ) );
#7611 = VECTOR ( 'NONE', #5002, 39.37007874015748100 ) ;
#7612 =( NAMED_UNIT ( * ) PLANE_ANGLE_UNIT ( ) SI_UNIT ( $, .RADIAN. ) );
#7613 = CARTESIAN_POINT ( 'NONE',  ( -0.02524643622935148300, -0.2800426292568794500, 0.04395825851013166600 ) ) ;
#7614 =( NAMED_UNIT ( * ) PLANE_ANGLE_UNIT ( ) SI_UNIT ( $, .RADIAN. ) );
#7615 = ORIENTED_EDGE ( 'NONE', *, *, #3292, .F. ) ;
#7616 = CARTESIAN_POINT ( 'NONE',  ( -0.5372464362293516400, -0.3480426292568794500, 0.3009582585101315800 ) ) ;
#7617 = DIRECTION ( 'NONE',  ( 0.0000000000000000000, 0.0000000000000000000, -1.000000000000000000 ) ) ;
#7618 = CARTESIAN_POINT ( 'NONE',  ( 0.5904599286000409300, 0.03977502794964157800, 0.1778847257537407000 ) ) ;
#7619 = VECTOR ( 'NONE', #6843, 39.37007874015748100 ) ;
#7620 = VECTOR ( 'NONE', #5014, 39.37007874015748100 ) ;
#7621 = SURFACE_STYLE_FILL_AREA ( #1991 ) ;
#7622 = VECTOR ( 'NONE', #2768, 39.37007874015748100 ) ;
#7623 = LINE ( 'NONE', #6182, #2549 ) ;
#7624 = CARTESIAN_POINT ( 'NONE',  ( 0.6375849286000528900, 0.2155794250032171100, -0.03159865071268598600 ) ) ;
#7625 = AXIS2_PLACEMENT_3D ( 'NONE', #537, #5217, #1221 ) ;
#7626 = ORIENTED_EDGE ( 'NONE', *, *, #7994, .F. ) ;
#7627 = VECTOR ( 'NONE', #2451, 39.37007874015748100 ) ;
#7628 = STYLED_ITEM ( 'NONE', ( #1147 ), #7002 ) ;
#7629 = LINE ( 'NONE', #4068, #2561 ) ;
#7630 = ADVANCED_FACE ( 'NONE', ( #5645 ), #6320, .T. ) ;
#7631 = CARTESIAN_POINT ( 'NONE',  ( -0.5822464362293516800, 0.04095737074312053000, 0.02862956128471931200 ) ) ;
#7632 = PLANE ( 'NONE',  #8220 ) ;
#7633 = ADVANCED_FACE ( 'NONE', ( #8341 ), #1675, .F. ) ;
#7634 = VECTOR ( 'NONE', #6271, 39.37007874015748100 ) ;
#7635 = DIMENSIONAL_EXPONENTS ( 1.000000000000000000, 0.0000000000000000000, 0.0000000000000000000, 0.0000000000000000000, 0.0000000000000000000, 0.0000000000000000000, 0.0000000000000000000 ) ;
#7636 = STYLED_ITEM ( 'NONE', ( #4021 ), #5054 ) ;
#7637 =( LENGTH_UNIT ( ) NAMED_UNIT ( * ) SI_UNIT ( $, .METRE. ) );
#7638 = STYLED_ITEM ( 'NONE', ( #225 ), #1553 ) ;
#7639 = EDGE_CURVE ( 'NONE', #7083, #5332, #5650, .T. ) ;
#7640 = CARTESIAN_POINT ( 'NONE',  ( 0.7497281360351080200, -0.009042629256879463800, -0.04571304426445600000 ) ) ;
#7641 = SURFACE_STYLE_USAGE ( .BOTH. , #3008 ) ;
#7642 = AXIS2_PLACEMENT_3D ( 'NONE', #6715, #2742, #7375 ) ;
#7643 = CARTESIAN_POINT ( 'NONE',  ( 0.6576826976289161800, -0.02094527138411909600, -0.06205057257436211200 ) ) ;
#7644 = DIRECTION ( 'NONE',  ( 0.0000000000000000000, 0.0000000000000000000, -1.000000000000000000 ) ) ;
#7645 = DIRECTION ( 'NONE',  ( -2.134256245050203000E-016, 0.0000000000000000000, 1.000000000000000000 ) ) ;
#7646 = FILL_AREA_STYLE ('',( #5005 ) ) ;
#7647 = CARTESIAN_POINT ( 'NONE',  ( 0.5783974286000345100, -0.1017189524986129700, 0.1532990799927049500 ) ) ;
#7648 = CIRCLE ( 'NONE', #4365, 0.3500000000000000300 ) ;
#7649 = CARTESIAN_POINT ( 'NONE',  ( 0.5571682619333668800, 0.04214387711947244200, -0.2061997170133220100 ) ) ;
#7650 = VERTEX_POINT ( 'NONE', #7017 ) ;
#7651 = EDGE_CURVE ( 'NONE', #7745, #4982, #5750, .T. ) ;
#7652 = DIRECTION ( 'NONE',  ( -0.0000000000000000000, -1.000000000000000000, -0.0000000000000000000 ) ) ;
#7654 = DIRECTION ( 'NONE',  ( -1.000000000000000000, 0.0000000000000000000, 1.313388458492434400E-016 ) ) ;
#7653 = MECHANICAL_DESIGN_GEOMETRIC_PRESENTATION_REPRESENTATION (  '', ( #6780 ), #8115 ) ;
#7655 = LENGTH_MEASURE_WITH_UNIT ( LENGTH_MEASURE( 0.02539999999999999900 ), #2759 );
#7656 = ORIENTED_EDGE ( 'NONE', *, *, #5552, .F. ) ;
#7657 = SURFACE_STYLE_FILL_AREA ( #8198 ) ;
#7658 = ORIENTED_EDGE ( 'NONE', *, *, #8401, .T. ) ;
#7659 =( NAMED_UNIT ( * ) PLANE_ANGLE_UNIT ( ) SI_UNIT ( $, .RADIAN. ) );
#7660 = CARTESIAN_POINT ( 'NONE',  ( 0.2585843760140301200, 0.1076656429157331100, -0.04398991611506161000 ) ) ;
#7661 = EDGE_CURVE ( 'NONE', #8272, #2896, #649, .T. ) ;
#7662 = FILL_AREA_STYLE ('',( #3023 ) ) ;
#7663 = LINE ( 'NONE', #762, #7452 ) ;
#7664 = VECTOR ( 'NONE', #8471, 39.37007874015748100 ) ;
#7665 = CIRCLE ( 'NONE', #7063, 0.02500000000000000500 ) ;
#7666 = DIRECTION ( 'NONE',  ( 0.0000000000000000000, -1.000000000000000000, 0.0000000000000000000 ) ) ;
#7667 = ORIENTED_EDGE ( 'NONE', *, *, #1652, .T. ) ;
#7668 = DIRECTION ( 'NONE',  ( 1.000000000000000000, 0.0000000000000000000, 0.0000000000000000000 ) ) ;
#7669 = ORIENTED_EDGE ( 'NONE', *, *, #6666, .F. ) ;
#7670 = SURFACE_SIDE_STYLE ('',( #4834 ) ) ;
#7672 = SURFACE_STYLE_USAGE ( .BOTH. , #7564 ) ;
#7671 = FACE_OUTER_BOUND ( 'NONE', #774, .T. ) ;
#7673 = SURFACE_SIDE_STYLE ('',( #5863 ) ) ;
#7674 = FILL_AREA_STYLE ('',( #7021 ) ) ;
#7675 = CARTESIAN_POINT ( 'NONE',  ( 0.4560849286000380200, -0.1594877793625712200, 0.06158523191290298000 ) ) ;
#7676 = UNCERTAINTY_MEASURE_WITH_UNIT (LENGTH_MEASURE( 1.000000000000000100E-005 ), #7960, 'distance_accuracy_value', 'NONE');
#7677 = EDGE_LOOP ( 'NONE', ( #5187 ) ) ;
#7678 = ADVANCED_FACE ( 'NONE', ( #7510 ), #3769, .T. ) ;
#7679 = LENGTH_MEASURE_WITH_UNIT ( LENGTH_MEASURE( 0.02539999999999999900 ), #7610 );
#7680 = PRESENTATION_LAYER_ASSIGNMENT (  '', '', ( #7241 ) ) ;
#7681 = UNCERTAINTY_MEASURE_WITH_UNIT (LENGTH_MEASURE( 1.000000000000000100E-005 ), #7102, 'distance_accuracy_value', 'NONE');
#7682 = PRESENTATION_STYLE_ASSIGNMENT (( #8350 ) ) ;
#7683 = LINE ( 'NONE', #7693, #4191 ) ;
#7684 =( NAMED_UNIT ( * ) SI_UNIT ( $, .STERADIAN. ) SOLID_ANGLE_UNIT ( ) );
#7685 = CARTESIAN_POINT ( 'NONE',  ( 0.7436459766208348700, 0.04095737074312051600, -0.07347199351629205000 ) ) ;
#7686 = VECTOR ( 'NONE', #4145, 39.37007874015748100 ) ;
#7687 = DIRECTION ( 'NONE',  ( 1.000000000000000000, 0.0000000000000000000, -2.134256245050203000E-016 ) ) ;
#7688 = CARTESIAN_POINT ( 'NONE',  ( 0.6562313145194168500, -0.01561164236123663300, -0.1892619304457554000 ) ) ;
#7689 = SURFACE_STYLE_FILL_AREA ( #6817 ) ;
#7690 = AXIS2_PLACEMENT_3D ( 'NONE', #3397, #8037, #4083 ) ;
#7691 = FILL_AREA_STYLE_COLOUR ( '', #8562 ) ;
#7692 = AXIS2_PLACEMENT_3D ( 'NONE', #3249, #7884, #3921 ) ;
#7693 = CARTESIAN_POINT ( 'NONE',  ( 0.6907535637706484500, -0.2780426292568794500, -0.1310417414898683300 ) ) ;
#7694 = FILL_AREA_STYLE_COLOUR ( '', #7162 ) ;
#7695 = COLOUR_RGB ( '',0.9882352941176471000, 1.000000000000000000, 0.9882352941176471000 ) ;
#7696 = ORIENTED_EDGE ( 'NONE', *, *, #1158, .T. ) ;
#7697 =( LENGTH_UNIT ( ) NAMED_UNIT ( * ) SI_UNIT ( $, .METRE. ) );
#7698 = CARTESIAN_POINT ( 'NONE',  ( -0.5002464362293517200, -0.06404262925687948000, -0.008541741489868335400 ) ) ;
#7699 = ORIENTED_EDGE ( 'NONE', *, *, #5180, .F. ) ;
#7700 = CARTESIAN_POINT ( 'NONE',  ( -0.03524643622935151600, -0.2800426292568794500, -0.008541741489868224400 ) ) ;
#7701 = CARTESIAN_POINT ( 'NONE',  ( 0.1547535637706485000, -0.2800426292568794500, -0.003541741489868331400 ) ) ;
#7702 = FILL_AREA_STYLE_COLOUR ( '', #6982 ) ;
#7703 =( NAMED_UNIT ( * ) PLANE_ANGLE_UNIT ( ) SI_UNIT ( $, .RADIAN. ) );
#7704 = CARTESIAN_POINT ( 'NONE',  ( 0.5597510426806690000, -0.1614831375382451700, -0.1117154756303301900 ) ) ;
#7705 = VECTOR ( 'NONE', #6623, 39.37007874015748100 ) ;
#7706 = ORIENTED_EDGE ( 'NONE', *, *, #3718, .T. ) ;
#7707 =( GEOMETRIC_REPRESENTATION_CONTEXT ( 3 ) GLOBAL_UNCERTAINTY_ASSIGNED_CONTEXT ( ( #5916 ) ) GLOBAL_UNIT_ASSIGNED_CONTEXT ( ( #6466, #2471, #7122 ) ) REPRESENTATION_CONTEXT ( 'NONE', 'WORKASPACE' ) );
#7708 = EDGE_CURVE ( 'NONE', #3109, #8316, #4927, .T. ) ;
#7709 = ORIENTED_EDGE ( 'NONE', *, *, #1082, .F. ) ;
#7710 =( LENGTH_UNIT ( ) NAMED_UNIT ( * ) SI_UNIT ( $, .METRE. ) );
#7711 = DIRECTION ( 'NONE',  ( -1.000000000000000000, 0.0000000000000000000, 0.0000000000000000000 ) ) ;
#7712 = EDGE_LOOP ( 'NONE', ( #3615, #4887, #7464, #6434, #4341, #5284, #8423, #7137, #6087, #4498, #4625, #2556, #890, #644 ) ) ;
#7713 = ORIENTED_EDGE ( 'NONE', *, *, #2882, .T. ) ;
#7714 = SURFACE_SIDE_STYLE ('',( #8105 ) ) ;
#7715 = CARTESIAN_POINT ( 'NONE',  ( 0.5758146478527641500, -0.1589363661641834700, -0.05817897363143782100 ) ) ;
#7716 = LINE ( 'NONE', #8495, #657 ) ;
#7717 = CARTESIAN_POINT ( 'NONE',  ( 0.7357535637706483800, 0.04095737074312051600, -0.08453516225772164700 ) ) ;
#7718 = AXIS2_PLACEMENT_3D ( 'NONE', #1812, #6471, #2477 ) ;
#7719 = DIMENSIONAL_EXPONENTS ( 1.000000000000000000, 0.0000000000000000000, 0.0000000000000000000, 0.0000000000000000000, 0.0000000000000000000, 0.0000000000000000000, 0.0000000000000000000 ) ;
#7720 = DIRECTION ( 'NONE',  ( -1.000000000000000000, -1.077227126839221800E-016, 0.0000000000000000000 ) ) ;
#7721 = ADVANCED_FACE ( 'NONE', ( #3142 ), #536, .T. ) ;
#7722 =( NAMED_UNIT ( * ) SI_UNIT ( $, .STERADIAN. ) SOLID_ANGLE_UNIT ( ) );
#7723 = CARTESIAN_POINT ( 'NONE',  ( -0.1827464362293516600, -0.09804262925687946800, -0.3180417414898682500 ) ) ;
#7724 = COLOUR_RGB ( '',0.2941176470588235400, 0.2941176470588235400, 0.2941176470588235400 ) ;
#7725 = ORIENTED_EDGE ( 'NONE', *, *, #2610, .F. ) ;
#7726 = DIRECTION ( 'NONE',  ( -1.000000000000000000, 0.0000000000000000000, -1.219574997171554500E-016 ) ) ;
#7727 = COLOUR_RGB ( '',0.9882352941176471000, 1.000000000000000000, 0.9882352941176471000 ) ;
#7728 = LINE ( 'NONE', #4553, #7525 ) ;
#7729 = COLOUR_RGB ( '',0.2941176470588235400, 0.2941176470588235400, 0.2941176470588235400 ) ;
#7730 = LINE ( 'NONE', #8138, #4240 ) ;
#7731 =( NAMED_UNIT ( * ) SI_UNIT ( $, .STERADIAN. ) SOLID_ANGLE_UNIT ( ) );
#7732 =( CONVERSION_BASED_UNIT ( 'INCH', #1204 ) LENGTH_UNIT ( ) NAMED_UNIT ( #7554 ) );
#7733 = CARTESIAN_POINT ( 'NONE',  ( 0.4673031260139947100, -0.1384872822597288900, 0.1137782736758067400 ) ) ;
#7734 = VECTOR ( 'NONE', #6088, 39.37007874015748100 ) ;
#7735 = CARTESIAN_POINT ( 'NONE',  ( -0.5987654125377449600, 0.2539573707431204100, 0.1986753080921219400 ) ) ;
#7736 = STYLED_ITEM ( 'NONE', ( #3287 ), #763 ) ;
#7737 = ORIENTED_EDGE ( 'NONE', *, *, #7499, .T. ) ;
#7738 = SURFACE_STYLE_USAGE ( .BOTH. , #3100 ) ;
#7739 = VERTEX_POINT ( 'NONE', #1845 ) ;
#7740 =( GEOMETRIC_REPRESENTATION_CONTEXT ( 3 ) GLOBAL_UNCERTAINTY_ASSIGNED_CONTEXT ( ( #411 ) ) GLOBAL_UNIT_ASSIGNED_CONTEXT ( ( #2040, #6685, #2708 ) ) REPRESENTATION_CONTEXT ( 'NONE', 'WORKASPACE' ) );
#7741 = FACE_OUTER_BOUND ( 'NONE', #8051, .T. ) ;
#7742 = DIRECTION ( 'NONE',  ( 0.0000000000000000000, 0.0000000000000000000, -1.000000000000000000 ) ) ;
#7743 = CARTESIAN_POINT ( 'NONE',  ( 0.4908250645194281400, -0.04412533504113291800, 0.1567527417621602200 ) ) ;
#7744 = DIRECTION ( 'NONE',  ( 0.0000000000000000000, 0.0000000000000000000, -1.000000000000000000 ) ) ;
#7745 = VERTEX_POINT ( 'NONE', #6510 ) ;
#7746 = DIRECTION ( 'NONE',  ( -1.000000000000000000, -0.0000000000000000000, -0.0000000000000000000 ) ) ;
#7747 = PRESENTATION_LAYER_ASSIGNMENT (  '', '', ( #7309 ) ) ;
#7748 = CARTESIAN_POINT ( 'NONE',  ( 0.7507535637706483900, -0.009042629256879481200, 0.02862956128471931200 ) ) ;
#7749 = AXIS2_PLACEMENT_3D ( 'NONE', #5568, #1589, #6241 ) ;
#7750 = EDGE_CURVE ( 'NONE', #588, #4950, #8482, .T. ) ;
#7751 =( LENGTH_UNIT ( ) NAMED_UNIT ( * ) SI_UNIT ( $, .METRE. ) );
#7752 = VERTEX_POINT ( 'NONE', #5829 ) ;
#7753 = ORIENTED_EDGE ( 'NONE', *, *, #6316, .F. ) ;
#7754 = VECTOR ( 'NONE', #2831, 39.37007874015748100 ) ;
#7755 = DIRECTION ( 'NONE',  ( 1.000000000000000000, 0.0000000000000000000, -1.219574997171554500E-016 ) ) ;
#7756 = EDGE_LOOP ( 'NONE', ( #5041 ) ) ;
#7757 = AXIS2_PLACEMENT_3D ( 'NONE', #365, #5051, #1049 ) ;
#7758 =( NAMED_UNIT ( * ) SI_UNIT ( $, .STERADIAN. ) SOLID_ANGLE_UNIT ( ) );
#7759 = CARTESIAN_POINT ( 'NONE',  ( 0.3444697926806110600, 0.04042081942420715900, 0.1468767546405528300 ) ) ;
#7760 = CARTESIAN_POINT ( 'NONE',  ( 0.3160958978527443300, -0.1233241765313579100, -0.02516750087312057800 ) ) ;
#7761 = DIMENSIONAL_EXPONENTS ( 1.000000000000000000, 0.0000000000000000000, 0.0000000000000000000, 0.0000000000000000000, 0.0000000000000000000, 0.0000000000000000000, 0.0000000000000000000 ) ;
#7762 =( CONVERSION_BASED_UNIT ( 'INCH', #912 ) LENGTH_UNIT ( ) NAMED_UNIT ( #3799 ) );
#7763 = ORIENTED_EDGE ( 'NONE', *, *, #4836, .T. ) ;
#7764 = STYLED_ITEM ( 'NONE', ( #2196 ), #8607 ) ;
#7765 = EDGE_CURVE ( 'NONE', #6196, #4345, #4106, .T. ) ;
#7767 = CARTESIAN_POINT ( 'NONE',  ( -0.06524643622935147300, -0.2800426292568794500, -0.06104174148986833000 ) ) ;
#7766 = PRESENTATION_LAYER_ASSIGNMENT (  '', '', ( #8229 ) ) ;
#7768 = ORIENTED_EDGE ( 'NONE', *, *, #1258, .T. ) ;
#7769 = LINE ( 'NONE', #7207, #2690 ) ;
#7770 = AXIS2_PLACEMENT_3D ( 'NONE', #4193, #177, #4854 ) ;
#7771 = VECTOR ( 'NONE', #2977, 39.37007874015748100 ) ;
#7772 = VECTOR ( 'NONE', #7726, 39.37007874015748100 ) ;
#7773 = DIRECTION ( 'NONE',  ( 0.0000000000000000000, -1.914232901720979600E-016, 1.000000000000000000 ) ) ;
#7774 = CARTESIAN_POINT ( 'NONE',  ( 0.3767208978527645200, 0.1349903983027511100, 0.07065051386022383500 ) ) ;
#7775 = EDGE_CURVE ( 'NONE', #1111, #1075, #2319, .T. ) ;
#7776 = CARTESIAN_POINT ( 'NONE',  ( 0.3757307619333884500, 0.1700377109156457300, -0.01740371340304423100 ) ) ;
#7777 = ORIENTED_EDGE ( 'NONE', *, *, #1672, .F. ) ;
#7778 =( CONVERSION_BASED_UNIT ( 'INCH', #3125 ) LENGTH_UNIT ( ) NAMED_UNIT ( #3870 ) );
#7779 = VERTEX_POINT ( 'NONE', #7860 ) ;
#7780 = SURFACE_STYLE_USAGE ( .BOTH. , #3136 ) ;
#7781 = DIRECTION ( 'NONE',  ( 1.000000000000000000, 0.0000000000000000000, 0.0000000000000000000 ) ) ;
#7782 = LENGTH_MEASURE_WITH_UNIT ( LENGTH_MEASURE( 0.02539999999999999900 ), #368 );
#7783 = CARTESIAN_POINT ( 'NONE',  ( 0.4790849286000380400, -0.1594877793625712200, 0.06158523191290298000 ) ) ;
#7784 = CIRCLE ( 'NONE', #3806, 0.3500000000000000300 ) ;
#7785 = LENGTH_MEASURE_WITH_UNIT ( LENGTH_MEASURE( 0.02539999999999999900 ), #1805 );
#7786 = DIMENSIONAL_EXPONENTS ( 1.000000000000000000, 0.0000000000000000000, 0.0000000000000000000, 0.0000000000000000000, 0.0000000000000000000, 0.0000000000000000000, 0.0000000000000000000 ) ;
#7787 = DIRECTION ( 'NONE',  ( 0.0000000000000000000, 0.0000000000000000000, -1.000000000000000000 ) ) ;
#7788 = EDGE_LOOP ( 'NONE', ( #7139, #4254, #6312 ) ) ;
#7789 =( CONVERSION_BASED_UNIT ( 'INCH', #6274 ) LENGTH_UNIT ( ) NAMED_UNIT ( #4454 ) );
#7790 = AXIS2_PLACEMENT_3D ( 'NONE', #4216, #4817, #3016 ) ;
#7791 = FILL_AREA_STYLE_COLOUR ( '', #4757 ) ;
#7792 = DIRECTION ( 'NONE',  ( 1.000000000000000000, 0.0000000000000000000, 0.0000000000000000000 ) ) ;
#7793 = CARTESIAN_POINT ( 'NONE',  ( 0.5301474286000754700, 0.08848781675390957100, -0.1940679466529730600 ) ) ;
#7794 = CARTESIAN_POINT ( 'NONE',  ( 0.6863974286000442700, -0.05964327583173458000, 0.1859042558930639200 ) ) ;
#7795 = PRESENTATION_LAYER_ASSIGNMENT (  '', '', ( #6916 ) ) ;
#7796 = SURFACE_STYLE_FILL_AREA ( #8243 ) ;
#7797 = SURFACE_STYLE_FILL_AREA ( #5581 ) ;
#7798 = ADVANCED_FACE ( 'NONE', ( #3892 ), #4577, .T. ) ;
#7799 = VECTOR ( 'NONE', #1804, 39.37007874015748100 ) ;
#7800 = DIRECTION ( 'NONE',  ( -1.000000000000000000, 0.0000000000000000000, 0.0000000000000000000 ) ) ;
#7801 = EDGE_LOOP ( 'NONE', ( #343 ) ) ;
#7802 = SURFACE_STYLE_FILL_AREA ( #5578 ) ;
#7803 = LINE ( 'NONE', #469, #6054 ) ;
#7804 = CARTESIAN_POINT ( 'NONE',  ( 0.7501473332001223900, 0.01595737074312052500, -0.008541741489868335400 ) ) ;
#7805 = LINE ( 'NONE', #7144, #2512 ) ;
#7806 = DIRECTION ( 'NONE',  ( -0.7071067811865443500, 0.7071067811865507900, 0.0000000000000000000 ) ) ;
#7807 = ORIENTED_EDGE ( 'NONE', *, *, #3202, .F. ) ;
#7808 = EDGE_LOOP ( 'NONE', ( #4995, #4827, #5131, #5412 ) ) ;
#7809 = VERTEX_POINT ( 'NONE', #807 ) ;
#7810 =( NAMED_UNIT ( * ) PLANE_ANGLE_UNIT ( ) SI_UNIT ( $, .RADIAN. ) );
#7811 = CARTESIAN_POINT ( 'NONE',  ( 0.2807313145193932600, 0.06977784980779386200, -0.09582914926976338100 ) ) ;
#7812 = ORIENTED_EDGE ( 'NONE', *, *, #2872, .T. ) ;
#7813 =( GEOMETRIC_REPRESENTATION_CONTEXT ( 3 ) GLOBAL_UNCERTAINTY_ASSIGNED_CONTEXT ( ( #1112 ) ) GLOBAL_UNIT_ASSIGNED_CONTEXT ( ( #3066, #7703, #3742 ) ) REPRESENTATION_CONTEXT ( 'NONE', 'WORKASPACE' ) );
#7814 = CARTESIAN_POINT ( 'NONE',  ( 0.6441885426806559500, -0.01561164236123663300, -0.1892619304457554000 ) ) ;
#7815 = PRESENTATION_LAYER_ASSIGNMENT (  '', '', ( #7360 ) ) ;
#7816 = DIRECTION ( 'NONE',  ( 0.0000000000000000000, 9.571164508604895300E-017, 1.000000000000000000 ) ) ;
#7817 = SURFACE_STYLE_FILL_AREA ( #6950 ) ;
#7818 = DIMENSIONAL_EXPONENTS ( 1.000000000000000000, 0.0000000000000000000, 0.0000000000000000000, 0.0000000000000000000, 0.0000000000000000000, 0.0000000000000000000, 0.0000000000000000000 ) ;
#7819 = EDGE_CURVE ( 'NONE', #7382, #7650, #7605, .T. ) ;
#7820 = FILL_AREA_STYLE_COLOUR ( '', #3510 ) ;
#7821 = UNCERTAINTY_MEASURE_WITH_UNIT (LENGTH_MEASURE( 1.000000000000000100E-005 ), #5374, 'distance_accuracy_value', 'NONE');
#7822 = ORIENTED_EDGE ( 'NONE', *, *, #3833, .F. ) ;
#7823 = CARTESIAN_POINT ( 'NONE',  ( 0.3670432619333952000, 0.07201672048885753000, 0.1347191817251930100 ) ) ;
#7824 = DIRECTION ( 'NONE',  ( 0.0000000000000000000, 0.0000000000000000000, 1.000000000000000000 ) ) ;
#7825 = COLOUR_RGB ( '',0.2941176470588235400, 0.2941176470588235400, 0.2941176470588235400 ) ;
#7826 = CARTESIAN_POINT ( 'NONE',  ( 0.2147535637706484100, -0.2800426292568794500, 0.06895825851013165400 ) ) ;
#7827 = DIRECTION ( 'NONE',  ( 0.0000000000000000000, -0.0000000000000000000, -1.000000000000000000 ) ) ;
#7828 = CARTESIAN_POINT ( 'NONE',  ( -0.5905978776616882500, -0.009042629256879486400, 0.05551786107885227400 ) ) ;
#7829 = DIRECTION ( 'NONE',  ( -1.077227126839221800E-016, 1.000000000000000000, 0.0000000000000000000 ) ) ;
#7830 = CARTESIAN_POINT ( 'NONE',  ( -0.5972464362293515800, -0.009042629256879463800, -0.04571304426445600000 ) ) ;
#7831 = CARTESIAN_POINT ( 'NONE',  ( 0.5542724286000494400, -0.1566135733560087800, -0.1088841183061512000 ) ) ;
#7832 = UNCERTAINTY_MEASURE_WITH_UNIT (LENGTH_MEASURE( 1.000000000000000100E-005 ), #5763, 'distance_accuracy_value', 'NONE');
#7833 = CARTESIAN_POINT ( 'NONE',  ( 0.6059807619333887900, 0.09498438191044054900, 0.1820039480311170500 ) ) ;
#7834 = EDGE_CURVE ( 'NONE', #8580, #3128, #6582, .T. ) ;
#7835 = MECHANICAL_DESIGN_GEOMETRIC_PRESENTATION_REPRESENTATION (  '', ( #6067 ), #8278 ) ;
#7836 = DIRECTION ( 'NONE',  ( 0.0000000000000000000, 0.0000000000000000000, 1.000000000000000000 ) ) ;
#7837 = ORIENTED_EDGE ( 'NONE', *, *, #7383, .F. ) ;
#7838 = DIMENSIONAL_EXPONENTS ( 1.000000000000000000, 0.0000000000000000000, 0.0000000000000000000, 0.0000000000000000000, 0.0000000000000000000, 0.0000000000000000000, 0.0000000000000000000 ) ;
#7839 =( CONVERSION_BASED_UNIT ( 'INCH', #672 ) LENGTH_UNIT ( ) NAMED_UNIT ( #5251 ) );
#7840 = SURFACE_STYLE_FILL_AREA ( #6870 ) ;
#7841 = EDGE_CURVE ( 'NONE', #6573, #6573, #8331, .T. ) ;
#7842 = LINE ( 'NONE', #2298, #7620 ) ;
#7843 = LINE ( 'NONE', #6094, #7622 ) ;
#7844 = SURFACE_STYLE_USAGE ( .BOTH. , #3194 ) ;
#7845 = ORIENTED_EDGE ( 'NONE', *, *, #3893, .T. ) ;
#7846 = CARTESIAN_POINT ( 'NONE',  ( 0.6657307619333656700, -0.06916251390251897100, -0.1778319628404999000 ) ) ;
#7847 = ADVANCED_FACE ( 'NONE', ( #4824, #3040 ), #5744, .T. ) ;
#7848 = CARTESIAN_POINT ( 'NONE',  ( 0.3495218760140148000, 0.06545017985951599700, 0.1180812825063137400 ) ) ;
#7849 = DIRECTION ( 'NONE',  ( -1.000000000000000000, -1.077227126839221800E-016, 0.0000000000000000000 ) ) ;
#7850 = DIRECTION ( 'NONE',  ( 0.0000000000000000000, 0.0000000000000000000, -1.000000000000000000 ) ) ;
#7851 = SURFACE_STYLE_FILL_AREA ( #147 ) ;
#7852 = ORIENTED_EDGE ( 'NONE', *, *, #802, .T. ) ;
#7853 = PRESENTATION_STYLE_ASSIGNMENT (( #2003 ) ) ;
#7854 = CYLINDRICAL_SURFACE ( 'NONE', #5096, 0.04479626937547442200 ) ;
#7855 = CARTESIAN_POINT ( 'NONE',  ( 0.2711446193515472100, 0.1323951477556638000, -0.006771353630893185700 ) ) ;
#7856 = SURFACE_SIDE_STYLE ('',( #5971 ) ) ;
#7857 = FILL_AREA_STYLE ('',( #5199 ) ) ;
#7858 = EDGE_LOOP ( 'NONE', ( #39, #6829, #8087, #5594 ) ) ;
#7859 = CARTESIAN_POINT ( 'NONE',  ( 0.7357535637706483800, -0.06003605002473280000, -0.03354174148986833300 ) ) ;
#7860 = CARTESIAN_POINT ( 'NONE',  ( 0.6907535637706484500, -0.2830426292568795100, 0.1139582585101316500 ) ) ;
#7861 = COLOUR_RGB ( '',0.2941176470588235400, 0.2941176470588235400, 0.2941176470588235400 ) ;
#7862 = LINE ( 'NONE', #2256, #7634 ) ;
#7863 = PLANE ( 'NONE',  #8483 ) ;
#7864 = CARTESIAN_POINT ( 'NONE',  ( 0.5582932619333836900, -0.1762839722811523600, -0.06310220732833304900 ) ) ;
#7865 = CARTESIAN_POINT ( 'NONE',  ( 0.5295849286000634500, 0.1947839706490480400, -0.1080001466312633700 ) ) ;
#7866 =( NAMED_UNIT ( * ) PLANE_ANGLE_UNIT ( ) SI_UNIT ( $, .RADIAN. ) );
#7867 = CARTESIAN_POINT ( 'NONE',  ( 0.7436459766208346500, -0.009042629256879477700, 0.05638851053655553200 ) ) ;
#7868 =( GEOMETRIC_REPRESENTATION_CONTEXT ( 3 ) GLOBAL_UNCERTAINTY_ASSIGNED_CONTEXT ( ( #4861 ) ) GLOBAL_UNIT_ASSIGNED_CONTEXT ( ( #6324, #2349, #6995 ) ) REPRESENTATION_CONTEXT ( 'NONE', 'WORKASPACE' ) );
#7869 = AXIS2_PLACEMENT_3D ( 'NONE', #5709, #1728, #6377 ) ;
#7870 = ORIENTED_EDGE ( 'NONE', *, *, #2422, .T. ) ;
#7871 = DIRECTION ( 'NONE',  ( -0.7071067811865507900, -0.7071067811865443500, 0.0000000000000000000 ) ) ;
#7872 = CARTESIAN_POINT ( 'NONE',  ( 0.4328656260140181200, -0.08202517720639676500, -0.1388798895667763000 ) ) ;
#7873 = DIRECTION ( 'NONE',  ( 1.000000000000000000, 1.077227126839221800E-016, 0.0000000000000000000 ) ) ;
#7874 =( NAMED_UNIT ( * ) PLANE_ANGLE_UNIT ( ) SI_UNIT ( $, .RADIAN. ) );
#7875 = LENGTH_MEASURE_WITH_UNIT ( LENGTH_MEASURE( 0.02539999999999999900 ), #3785 );
#7876 = CARTESIAN_POINT ( 'NONE',  ( 0.6481896478527668900, 0.09000812495147585100, -0.2021596555791619600 ) ) ;
#7877 = VERTEX_POINT ( 'NONE', #640 ) ;
#7878 = DIRECTION ( 'NONE',  ( 0.0000000000000000000, 0.0000000000000000000, 1.000000000000000000 ) ) ;
#7879 = DIMENSIONAL_EXPONENTS ( 1.000000000000000000, 0.0000000000000000000, 0.0000000000000000000, 0.0000000000000000000, 0.0000000000000000000, 0.0000000000000000000, 0.0000000000000000000 ) ;
#7880 = PRESENTATION_LAYER_ASSIGNMENT (  '', '', ( #6998 ) ) ;
#7881 = EDGE_CURVE ( 'NONE', #2163, #5317, #7285, .T. ) ;
#7882 = SURFACE_STYLE_USAGE ( .BOTH. , #3246 ) ;
#7883 = CARTESIAN_POINT ( 'NONE',  ( 0.7357535637706483800, 0.04095737074312053000, 0.06745167927798498300 ) ) ;
#7884 = DIRECTION ( 'NONE',  ( 0.0000000000000000000, 0.0000000000000000000, -1.000000000000000000 ) ) ;
#7885 = FILL_AREA_STYLE_COLOUR ( '', #4181 ) ;
#7886 = CIRCLE ( 'NONE', #3, 0.02500000000000000500 ) ;
#7887 = CARTESIAN_POINT ( 'NONE',  ( 0.7307535637706486000, -0.3480426292568794500, 0.3109582585101316500 ) ) ;
#7888 = CARTESIAN_POINT ( 'NONE',  ( 0.4099072926806720000, 0.07821026794350900700, -0.1772908502231935200 ) ) ;
#7889 = SURFACE_STYLE_FILL_AREA ( #1946 ) ;
#7890 = CIRCLE ( 'NONE', #6622, 0.01599999999999998000 ) ;
#7891 = ADVANCED_FACE ( 'NONE', ( #3995 ), #1266, .T. ) ;
#7892 = ORIENTED_EDGE ( 'NONE', *, *, #1272, .F. ) ;
#7893 = VECTOR ( 'NONE', #3140, 39.37007874015748100 ) ;
#7894 = ORIENTED_EDGE ( 'NONE', *, *, #3606, .T. ) ;
#7895 = DIRECTION ( 'NONE',  ( -0.0000000000000000000, -1.000000000000000000, -0.0000000000000000000 ) ) ;
#7896 = CARTESIAN_POINT ( 'NONE',  ( 0.7489079559531707200, -0.009042629256879463800, -0.05942854153257019100 ) ) ;
#7897 = VERTEX_POINT ( 'NONE', #6669 ) ;
#7898 = CARTESIAN_POINT ( 'NONE',  ( 0.7557535637706485100, 0.01595737074312052500, -0.008541741489868335400 ) ) ;
#7899 = EDGE_CURVE ( 'NONE', #4813, #4813, #1376, .T. ) ;
#7900 = CARTESIAN_POINT ( 'NONE',  ( 0.4099072926806720000, 0.07006882275739061100, -0.1550955117643317600 ) ) ;
#7901 = SURFACE_STYLE_USAGE ( .BOTH. , #3264 ) ;
#7902 = CARTESIAN_POINT ( 'NONE',  ( 0.2545015952667115100, -0.05249130840205974000, -0.03682175232490516500 ) ) ;
#7903 = CARTESIAN_POINT ( 'NONE',  ( 0.5717938145194299000, -0.1614831375382451700, -0.1117154756303301900 ) ) ;
#7904 = SURFACE_STYLE_USAGE ( .BOTH. , #3268 ) ;
#7905 = SURFACE_STYLE_USAGE ( .BOTH. , #3269 ) ;
#7906 = SURFACE_STYLE_FILL_AREA ( #7436 ) ;
#7907 = FILL_AREA_STYLE_COLOUR ( '', #1128 ) ;
#7908 = FILL_AREA_STYLE_COLOUR ( '', #2007 ) ;
#7909 = FILL_AREA_STYLE_COLOUR ( '', #8134 ) ;
#7910 = AXIS2_PLACEMENT_3D ( 'NONE', #6755, #2778, #7423 ) ;
#7911 = COLOUR_RGB ( '',0.2941176470588235400, 0.2941176470588235400, 0.2941176470588235400 ) ;
#7912 = CARTESIAN_POINT ( 'NONE',  ( -0.5372464362293516400, -0.06054262925687946300, 0.3359582585101316100 ) ) ;
#7913 = CARTESIAN_POINT ( 'NONE',  ( 0.5944807619333888300, 0.08805185329431272600, 0.1652892029442824300 ) ) ;
#7914 = STYLED_ITEM ( 'NONE', ( #2863 ), #596 ) ;
#7915 = FACE_BOUND ( 'NONE', #7537, .T. ) ;
#7916 = ORIENTED_EDGE ( 'NONE', *, *, #4809, .T. ) ;
#7917 = MECHANICAL_DESIGN_GEOMETRIC_PRESENTATION_REPRESENTATION (  '', ( #7031 ), #8365 ) ;
#7918 = SURFACE_SIDE_STYLE ('',( #5040 ) ) ;
#7919 = SURFACE_STYLE_FILL_AREA ( #2156 ) ;
#7920 = ORIENTED_EDGE ( 'NONE', *, *, #7113, .F. ) ;
#7921 = DIMENSIONAL_EXPONENTS ( 1.000000000000000000, 0.0000000000000000000, 0.0000000000000000000, 0.0000000000000000000, 0.0000000000000000000, 0.0000000000000000000, 0.0000000000000000000 ) ;
#7922 = DIMENSIONAL_EXPONENTS ( 1.000000000000000000, 0.0000000000000000000, 0.0000000000000000000, 0.0000000000000000000, 0.0000000000000000000, 0.0000000000000000000, 0.0000000000000000000 ) ;
#7923 = DIRECTION ( 'NONE',  ( 0.0000000000000000000, 0.0000000000000000000, 1.000000000000000000 ) ) ;
#7924 = CARTESIAN_POINT ( 'NONE',  ( 0.7180015952667113700, 0.1957388194229619500, 0.06573611719341987400 ) ) ;
#7925 = UNCERTAINTY_MEASURE_WITH_UNIT (LENGTH_MEASURE( 1.000000000000000100E-005 ), #4806, 'distance_accuracy_value', 'NONE');
#7926 =( NAMED_UNIT ( * ) PLANE_ANGLE_UNIT ( ) SI_UNIT ( $, .RADIAN. ) );
#7927 = AXIS2_PLACEMENT_3D ( 'NONE', #4690, #671, #5343 ) ;
#7928 = ADVANCED_FACE ( 'NONE', ( #8235 ), #5630, .T. ) ;
#7929 = MECHANICAL_DESIGN_GEOMETRIC_PRESENTATION_REPRESENTATION (  '', ( #6604 ), #8373 ) ;
#7930 = CARTESIAN_POINT ( 'NONE',  ( -0.5953067711179977900, 0.04095737074312051600, 0.04309850245198619500 ) ) ;
#7931 = EDGE_CURVE ( 'NONE', #7153, #817, #4097, .T. ) ;
#7932 = ORIENTED_EDGE ( 'NONE', *, *, #7113, .T. ) ;
#7933 = DIRECTION ( 'NONE',  ( 0.0000000000000000000, 0.0000000000000000000, 1.000000000000000000 ) ) ;
#7934 = CARTESIAN_POINT ( 'NONE',  ( 0.4793458978527556600, -0.1384872822597288900, 0.1137782736758067400 ) ) ;
#7935 = VERTEX_POINT ( 'NONE', #70 ) ;
#7936 = DIRECTION ( 'NONE',  ( -1.000000000000000000, -0.0000000000000000000, -0.0000000000000000000 ) ) ;
#7937 = FILL_AREA_STYLE_COLOUR ( '', #6394 ) ;
#7938 = LENGTH_MEASURE_WITH_UNIT ( LENGTH_MEASURE( 0.02539999999999999900 ), #7710 );
#7939 = SURFACE_SIDE_STYLE ('',( #3781 ) ) ;
#7940 = DIRECTION ( 'NONE',  ( 1.000000000000000000, 0.0000000000000000000, 0.0000000000000000000 ) ) ;
#7941 =( CONVERSION_BASED_UNIT ( 'INCH', #2906 ) LENGTH_UNIT ( ) NAMED_UNIT ( #8409 ) );
#7942 = DIRECTION ( 'NONE',  ( 0.0000000000000000000, 1.000000000000000000, -0.0000000000000000000 ) ) ;
#7943 = CARTESIAN_POINT ( 'NONE',  ( 0.3495218760140148000, 0.07406995658092199700, 0.1399215458162463300 ) ) ;
#7944 =( GEOMETRIC_REPRESENTATION_CONTEXT ( 3 ) GLOBAL_UNCERTAINTY_ASSIGNED_CONTEXT ( ( #7676 ) ) GLOBAL_UNIT_ASSIGNED_CONTEXT ( ( #7960, #4002, #8 ) ) REPRESENTATION_CONTEXT ( 'NONE', 'WORKASPACE' ) );
#7945 = EDGE_CURVE ( 'NONE', #3024, #3024, #2305, .T. ) ;
#7946 =( GEOMETRIC_REPRESENTATION_CONTEXT ( 3 ) GLOBAL_UNCERTAINTY_ASSIGNED_CONTEXT ( ( #6288 ) ) GLOBAL_UNIT_ASSIGNED_CONTEXT ( ( #6058, #2062, #6708 ) ) REPRESENTATION_CONTEXT ( 'NONE', 'WORKASPACE' ) );
#7947 = ORIENTED_EDGE ( 'NONE', *, *, #3001, .T. ) ;
#7948 = TOROIDAL_SURFACE ( 'NONE', #1828, 0.3500000000000000300, 0.02500000000000000100 ) ;
#7949 = CIRCLE ( 'NONE', #7910, 0.04479626937547442200 ) ;
#7950 = PRESENTATION_LAYER_ASSIGNMENT (  '', '', ( #7493 ) ) ;
#7951 = CARTESIAN_POINT ( 'NONE',  ( -0.9984602808033384800, -0.2830426292568795100, -0.01354174148986844900 ) ) ;
#7952 = CARTESIAN_POINT ( 'NONE',  ( 0.1997535637706484300, -0.2800426292568794500, -0.003541741489868335700 ) ) ;
#7953 = CARTESIAN_POINT ( 'NONE',  ( 0.7498248631973351000, -0.02805584201049121000, 0.01645825851013166900 ) ) ;
#7954 = EDGE_CURVE ( 'NONE', #2023, #3991, #320, .T. ) ;
#7955 = LINE ( 'NONE', #8045, #7734 ) ;
#7956 = LINE ( 'NONE', #7767, #4458 ) ;
#7957 = DIRECTION ( 'NONE',  ( 0.0000000000000000000, -9.571164508604895300E-017, 1.000000000000000000 ) ) ;
#7958 = B_SPLINE_CURVE_WITH_KNOTS ( 'NONE', 3,
 ( #4042, #7319, #1990, #46, #4721, #699, #5365, #1380, #6036, #2048 ),
 .UNSPECIFIED., .F., .F.,
 ( 4, 2, 2, 2, 4 ),
 ( 0.0000000000000000000, 0.0003193412049348466600, 0.0006386824098696933200, 0.0009580236148045399700, 0.001277364819739386600 ),
 .UNSPECIFIED. ) ;
#7959 = SURFACE_STYLE_FILL_AREA ( #1316 ) ;
#7960 =( CONVERSION_BASED_UNIT ( 'INCH', #3755 ) LENGTH_UNIT ( ) NAMED_UNIT ( #5224 ) );
#7961 = ORIENTED_EDGE ( 'NONE', *, *, #5846, .T. ) ;
#7962 = DIRECTION ( 'NONE',  ( -1.000000000000000000, 0.0000000000000000000, 9.485583311334260800E-017 ) ) ;
#7963 = PRESENTATION_STYLE_ASSIGNMENT (( #4808 ) ) ;
#7964 = DIMENSIONAL_EXPONENTS ( 1.000000000000000000, 0.0000000000000000000, 0.0000000000000000000, 0.0000000000000000000, 0.0000000000000000000, 0.0000000000000000000, 0.0000000000000000000 ) ;
#7965 = DIMENSIONAL_EXPONENTS ( 1.000000000000000000, 0.0000000000000000000, 0.0000000000000000000, 0.0000000000000000000, 0.0000000000000000000, 0.0000000000000000000, 0.0000000000000000000 ) ;
#7966 = SURFACE_STYLE_USAGE ( .BOTH. , #3330 ) ;
#7967 = CARTESIAN_POINT ( 'NONE',  ( -0.1207464362293516600, -0.03604262925687949600, -0.3530417414898683300 ) ) ;
#7968 =( CONVERSION_BASED_UNIT ( 'INCH', #1789 ) LENGTH_UNIT ( ) NAMED_UNIT ( #5776 ) );
#7969 = ORIENTED_EDGE ( 'NONE', *, *, #6559, .T. ) ;
#7970 =( LENGTH_UNIT ( ) NAMED_UNIT ( * ) SI_UNIT ( $, .METRE. ) );
#7971 =( NAMED_UNIT ( * ) PLANE_ANGLE_UNIT ( ) SI_UNIT ( $, .RADIAN. ) );
#7972 = AXIS2_PLACEMENT_3D ( 'NONE', #3393, #8033, #4078 ) ;
#7973 = ADVANCED_FACE ( 'NONE', ( #2104 ), #8054, .T. ) ;
#7974 = ORIENTED_EDGE ( 'NONE', *, *, #5254, .T. ) ;
#7975 = ORIENTED_EDGE ( 'NONE', *, *, #4468, .T. ) ;
#7976 = DIRECTION ( 'NONE',  ( -0.7071067811865520100, 0.7071067811865430200, 0.0000000000000000000 ) ) ;
#7977 = EDGE_LOOP ( 'NONE', ( #4602 ) ) ;
#7978 = DIRECTION ( 'NONE',  ( 0.0000000000000000000, 1.000000000000000000, 0.0000000000000000000 ) ) ;
#7979 = AXIS2_PLACEMENT_3D ( 'NONE', #2231, #6876, #2901 ) ;
#7980 = PRESENTATION_LAYER_ASSIGNMENT (  '', '', ( #7090 ) ) ;
#7981 = EDGE_CURVE ( 'NONE', #1075, #4900, #3026, .T. ) ;
#7982 = PRESENTATION_STYLE_ASSIGNMENT (( #1956 ) ) ;
#7983 = FILL_AREA_STYLE_COLOUR ( '', #2058 ) ;
#7984 = ORIENTED_EDGE ( 'NONE', *, *, #4474, .F. ) ;
#7985 = LENGTH_MEASURE_WITH_UNIT ( LENGTH_MEASURE( 0.02539999999999999900 ), #1517 );
#7986 = VERTEX_POINT ( 'NONE', #4797 ) ;
#7987 = DIRECTION ( 'NONE',  ( 1.000000000000000000, 0.0000000000000000000, 0.0000000000000000000 ) ) ;
#7988 = SURFACE_STYLE_USAGE ( .BOTH. , #3353 ) ;
#7989 = EDGE_LOOP ( 'NONE', ( #6132, #3079, #958 ) ) ;
#7990 = VECTOR ( 'NONE', #2696, 39.37007874015748100 ) ;
#7991 = TOROIDAL_SURFACE ( 'NONE', #2385, 0.06103648850458346500, 0.01150000000000000000 ) ;
#7992 = DIRECTION ( 'NONE',  ( 1.000000000000000000, 0.0000000000000000000, 0.0000000000000000000 ) ) ;
#7993 = CARTESIAN_POINT ( 'NONE',  ( 0.2742535637706484100, -0.02053261085912316800, 0.02195825851013172300 ) ) ;
#7994 = EDGE_CURVE ( 'NONE', #7037, #6747, #4622, .T. ) ;
#7995 = CARTESIAN_POINT ( 'NONE',  ( -0.01274643622935155000, -0.2830426292568795100, -0.01354174148986835000 ) ) ;
#7996 = ORIENTED_EDGE ( 'NONE', *, *, #8432, .T. ) ;
#7997 = MECHANICAL_DESIGN_GEOMETRIC_PRESENTATION_REPRESENTATION (  '', ( #7108 ), #8447 ) ;
#7998 = ORIENTED_EDGE ( 'NONE', *, *, #7172, .F. ) ;
#7999 = CARTESIAN_POINT ( 'NONE',  ( -0.5822464362293516800, 0.01595737074312052500, -0.008541741489868335400 ) ) ;
#8000 = MECHANICAL_DESIGN_GEOMETRIC_PRESENTATION_REPRESENTATION (  '', ( #7109 ), #8448 ) ;
#8001 = EDGE_CURVE ( 'NONE', #6555, #2415, #6361, .T. ) ;
#8002 =( NAMED_UNIT ( * ) PLANE_ANGLE_UNIT ( ) SI_UNIT ( $, .RADIAN. ) );
#8003 = CARTESIAN_POINT ( 'NONE',  ( 0.4216682619333706500, 0.03449102391938801300, -0.1894910445334614900 ) ) ;
#8004 = DIRECTION ( 'NONE',  ( -0.0000000000000000000, -0.0000000000000000000, -1.000000000000000000 ) ) ;
#8005 = ORIENTED_EDGE ( 'NONE', *, *, #3054, .T. ) ;
#8006 = VECTOR ( 'NONE', #4883, 39.37007874015748100 ) ;
#8007 = UNCERTAINTY_MEASURE_WITH_UNIT (LENGTH_MEASURE( 1.000000000000000100E-005 ), #1586, 'distance_accuracy_value', 'NONE');
#8008 = CARTESIAN_POINT ( 'NONE',  ( -0.5822464362293516800, -0.009042629256879463800, -0.04571304426445600000 ) ) ;
#8009 =( NAMED_UNIT ( * ) PLANE_ANGLE_UNIT ( ) SI_UNIT ( $, .RADIAN. ) );
#8010 = ORIENTED_EDGE ( 'NONE', *, *, #4753, .T. ) ;
#8011 = LINE ( 'NONE', #8233, #4509 ) ;
#8012 = CARTESIAN_POINT ( 'NONE',  ( 0.7357535637706483800, 0.01595737074312052500, -0.008541741489868335400 ) ) ;
#8013 = ADVANCED_FACE ( 'NONE', ( #1271, #7915 ), #1462, .T. ) ;
#8014 =( GEOMETRIC_REPRESENTATION_CONTEXT ( 3 ) GLOBAL_UNCERTAINTY_ASSIGNED_CONTEXT ( ( #3382 ) ) GLOBAL_UNIT_ASSIGNED_CONTEXT ( ( #13, #4684, #667 ) ) REPRESENTATION_CONTEXT ( 'NONE', 'WORKASPACE' ) );
#8015 = VECTOR ( 'NONE', #8433, 39.37007874015748100 ) ;
#8016 =( NAMED_UNIT ( * ) PLANE_ANGLE_UNIT ( ) SI_UNIT ( $, .RADIAN. ) );
#8017 = ORIENTED_EDGE ( 'NONE', *, *, #4357, .T. ) ;
#8018 = LINE ( 'NONE', #445, #2716 ) ;
#8019 = CARTESIAN_POINT ( 'NONE',  ( -0.01274643622935155000, -0.2830426292568795100, -0.008541741489868224400 ) ) ;
#8020 = ORIENTED_EDGE ( 'NONE', *, *, #7775, .F. ) ;
#8021 = CARTESIAN_POINT ( 'NONE',  ( -0.04024643622935145800, -0.2800426292568794500, -0.003541741489868331400 ) ) ;
#8022 = EDGE_LOOP ( 'NONE', ( #5451, #1630, #4710, #5967 ) ) ;
#8023 = VECTOR ( 'NONE', #2883, 39.37007874015748100 ) ;
#8024 = CARTESIAN_POINT ( 'NONE',  ( 0.5795035637706488200, -0.1717926292568781900, 0.3359582585101316100 ) ) ;
#8025 = LINE ( 'NONE', #76, #6265 ) ;
#8026 = CARTESIAN_POINT ( 'NONE',  ( -0.5041755700876193700, -0.02094527138411909600, 0.04496708959462544100 ) ) ;
#8027 = FILL_AREA_STYLE_COLOUR ( '', #5599 ) ;
#8028 = DIRECTION ( 'NONE',  ( 0.0000000000000000000, 0.0000000000000000000, 1.000000000000000000 ) ) ;
#8029 = SURFACE_SIDE_STYLE ('',( #8524 ) ) ;
#8030 = ORIENTED_EDGE ( 'NONE', *, *, #6881, .T. ) ;
#8031 = FACE_OUTER_BOUND ( 'NONE', #4779, .T. ) ;
#8032 = STYLED_ITEM ( 'NONE', ( #2382 ), #986 ) ;
#8033 = DIRECTION ( 'NONE',  ( 0.0000000000000000000, 1.000000000000000000, -0.0000000000000000000 ) ) ;
#8034 = CARTESIAN_POINT ( 'NONE',  ( 0.3201786786000588300, -0.1190001295029915800, 0.04337133594108103000 ) ) ;
#8035 = FILL_AREA_STYLE_COLOUR ( '', #1171 ) ;
#8036 = CARTESIAN_POINT ( 'NONE',  ( 0.6576826976289161800, -0.08112506845161748800, -0.008541741489868335400 ) ) ;
#8037 = DIRECTION ( 'NONE',  ( -1.000000000000000000, 2.083719980598119200E-016, 0.0000000000000000000 ) ) ;
#8038 = LENGTH_MEASURE_WITH_UNIT ( LENGTH_MEASURE( 0.02539999999999999900 ), #1681 );
#8039 = DIMENSIONAL_EXPONENTS ( 1.000000000000000000, 0.0000000000000000000, 0.0000000000000000000, 0.0000000000000000000, 0.0000000000000000000, 0.0000000000000000000, 0.0000000000000000000 ) ;
#8040 = VERTEX_POINT ( 'NONE', #6782 ) ;
#8041 = AXIS2_PLACEMENT_3D ( 'NONE', #1986, #6639, #2654 ) ;
#8042 = AXIS2_PLACEMENT_3D ( 'NONE', #1731, #6380, #2395 ) ;
#8043 = EDGE_CURVE ( 'NONE', #4971, #2685, #3760, .T. ) ;
#8044 = ORIENTED_EDGE ( 'NONE', *, *, #6516, .T. ) ;
#8045 = CARTESIAN_POINT ( 'NONE',  ( -0.5772464362293517900, -0.3480426292568794500, 0.3359582585101316100 ) ) ;
#8046 = LENGTH_MEASURE_WITH_UNIT ( LENGTH_MEASURE( 0.02539999999999999900 ), #6587 );
#8047 = LINE ( 'NONE', #5387, #984 ) ;
#8048 = PRESENTATION_LAYER_ASSIGNMENT (  '', '', ( #7156 ) ) ;
#8049 = FILL_AREA_STYLE_COLOUR ( '', #6806 ) ;
#8050 = CARTESIAN_POINT ( 'NONE',  ( 0.6803760426806638700, -0.05964327583173458000, 0.1859042558930639200 ) ) ;
#8051 = EDGE_LOOP ( 'NONE', ( #95, #7920, #7280, #7366 ) ) ;
#8052 = DIRECTION ( 'NONE',  ( 1.000000000000000000, 0.0000000000000000000, -0.0000000000000000000 ) ) ;
#8053 = SURFACE_STYLE_USAGE ( .BOTH. , #3411 ) ;
#8054 = PLANE ( 'NONE',  #2147 ) ;
#8055 = DIRECTION ( 'NONE',  ( 0.0000000000000000000, 0.0000000000000000000, 1.000000000000000000 ) ) ;
#8056 = LINE ( 'NONE', #1969, #6294 ) ;
#8057 = CARTESIAN_POINT ( 'NONE',  ( -0.5972464362293515800, 0.04095737074312051600, -0.04571304426445600000 ) ) ;
#8058 = PRESENTATION_LAYER_ASSIGNMENT (  '', '', ( #7603 ) ) ;
#8059 = DIMENSIONAL_EXPONENTS ( 1.000000000000000000, 0.0000000000000000000, 0.0000000000000000000, 0.0000000000000000000, 0.0000000000000000000, 0.0000000000000000000, 0.0000000000000000000 ) ;
#8060 = ORIENTED_EDGE ( 'NONE', *, *, #5539, .T. ) ;
#8061 =( NAMED_UNIT ( * ) PLANE_ANGLE_UNIT ( ) SI_UNIT ( $, .RADIAN. ) );
#8062 = CARTESIAN_POINT ( 'NONE',  ( -0.5772464362293517900, -0.02053261085912316800, -0.03904174148986839400 ) ) ;
#8063 = AXIS2_PLACEMENT_3D ( 'NONE', #4826, #829, #5480 ) ;
#8064 =( LENGTH_UNIT ( ) NAMED_UNIT ( * ) SI_UNIT ( $, .METRE. ) );
#8065 = FACE_OUTER_BOUND ( 'NONE', #3659, .T. ) ;
#8066 = LINE ( 'NONE', #3572, #6106 ) ;
#8067 = UNCERTAINTY_MEASURE_WITH_UNIT (LENGTH_MEASURE( 1.000000000000000100E-005 ), #7941, 'distance_accuracy_value', 'NONE');
#8068 = DIRECTION ( 'NONE',  ( 0.0000000000000000000, 0.0000000000000000000, 1.000000000000000000 ) ) ;
#8069 = DIRECTION ( 'NONE',  ( 0.0000000000000000000, 0.0000000000000000000, -1.000000000000000000 ) ) ;
#8070 =( LENGTH_UNIT ( ) NAMED_UNIT ( * ) SI_UNIT ( $, .METRE. ) );
#8071 = EDGE_CURVE ( 'NONE', #1268, #1268, #216, .T. ) ;
#8072 = DIRECTION ( 'NONE',  ( 0.0000000000000000000, -1.000000000000000000, 9.571164508604904000E-017 ) ) ;
#8073 = SURFACE_STYLE_USAGE ( .BOTH. , #3439 ) ;
#8074 = LENGTH_MEASURE_WITH_UNIT ( LENGTH_MEASURE( 0.02539999999999999900 ), #5565 );
#8075 = ORIENTED_EDGE ( 'NONE', *, *, #946, .F. ) ;
#8076 = PRESENTATION_LAYER_ASSIGNMENT (  '', '', ( #7183 ) ) ;
#8077 = CARTESIAN_POINT ( 'NONE',  ( -0.5855690539028420800, 0.2539573707431204700, -0.2318955502877838900 ) ) ;
#8078 = CARTESIAN_POINT ( 'NONE',  ( 0.3504911785999914600, 0.04042081942420715900, 0.1468767546405528300 ) ) ;
#8079 = AXIS2_PLACEMENT_3D ( 'NONE', #4934, #8468, #4516 ) ;
#8080 = DIRECTION ( 'NONE',  ( -1.000000000000000000, 2.083719980598119200E-016, 0.0000000000000000000 ) ) ;
#8081 = CARTESIAN_POINT ( 'NONE',  ( 0.2484987486909337700, 0.1178629375528461000, 0.03356119708425589500 ) ) ;
#8082 = DIRECTION ( 'NONE',  ( 0.0000000000000000000, 0.0000000000000000000, -1.000000000000000000 ) ) ;
#8083 = VECTOR ( 'NONE', #748, 39.37007874015748100 ) ;
#8084 = UNCERTAINTY_MEASURE_WITH_UNIT (LENGTH_MEASURE( 1.000000000000000100E-005 ), #2671, 'distance_accuracy_value', 'NONE');
#8085 = CARTESIAN_POINT ( 'NONE',  ( 0.2742535637706484100, -0.3480426292568794500, 0.3009582585101315800 ) ) ;
#8086 = AXIS2_PLACEMENT_3D ( 'NONE', #5029, #1029, #5676 ) ;
#8087 = ORIENTED_EDGE ( 'NONE', *, *, #7547, .T. ) ;
#8088 = CARTESIAN_POINT ( 'NONE',  ( -0.1827464362293516600, -0.09804262925687946800, -0.3530417414898683300 ) ) ;
#8089 = DIRECTION ( 'NONE',  ( 1.000000000000000000, 0.0000000000000000000, 0.0000000000000000000 ) ) ;
#8090 = DIRECTION ( 'NONE',  ( 1.000000000000000000, 0.0000000000000000000, 0.0000000000000000000 ) ) ;
#8091 = CIRCLE ( 'NONE', #533, 0.5186371580901264500 ) ;
#8092 = CIRCLE ( 'NONE', #6173, 0.3750000000000000600 ) ;
#8093 = PRESENTATION_STYLE_ASSIGNMENT (( #788 ) ) ;
#8094 = SURFACE_SIDE_STYLE ('',( #4449 ) ) ;
#8095 = DIRECTION ( 'NONE',  ( -1.000000000000000000, 0.0000000000000000000, 0.0000000000000000000 ) ) ;
#8096 = AXIS2_PLACEMENT_3D ( 'NONE', #7830, #3866, #8509 ) ;
#8097 = PRESENTATION_LAYER_ASSIGNMENT (  '', '', ( #7638 ) ) ;
#8098 = EDGE_CURVE ( 'NONE', #4555, #293, #1994, .T. ) ;
#8099 = ORIENTED_EDGE ( 'NONE', *, *, #3143, .F. ) ;
#8100 = VECTOR ( 'NONE', #1776, 39.37007874015748100 ) ;
#8101 = ORIENTED_EDGE ( 'NONE', *, *, #49, .T. ) ;
#8102 = AXIS2_PLACEMENT_3D ( 'NONE', #2018, #5974, #7344 ) ;
#8103 = UNCERTAINTY_MEASURE_WITH_UNIT (LENGTH_MEASURE( 1.000000000000000100E-005 ), #1435, 'distance_accuracy_value', 'NONE');
#8104 = LENGTH_MEASURE_WITH_UNIT ( LENGTH_MEASURE( 0.02539999999999999900 ), #559 );
#8105 = SURFACE_STYLE_FILL_AREA ( #3076 ) ;
#8106 = CARTESIAN_POINT ( 'NONE',  ( -0.5002464362293517200, 0.01595737074312052500, -0.04354174148986833500 ) ) ;
#8107 = VERTEX_POINT ( 'NONE', #4852 ) ;
#8108 = SURFACE_STYLE_FILL_AREA ( #2307 ) ;
#8109 =( NAMED_UNIT ( * ) PLANE_ANGLE_UNIT ( ) SI_UNIT ( $, .RADIAN. ) );
#8110 = CARTESIAN_POINT ( 'NONE',  ( 0.2898661786000476500, -0.03081105428455783000, -0.1324219444148769000 ) ) ;
#8111 = LENGTH_MEASURE_WITH_UNIT ( LENGTH_MEASURE( 0.02539999999999999900 ), #5653 );
#8112 = EDGE_CURVE ( 'NONE', #8204, #4524, #19, .T. ) ;
#8113 = FILL_AREA_STYLE_COLOUR ( '', #2171 ) ;
#8114 = CARTESIAN_POINT ( 'NONE',  ( 0.2605044418424892800, 0.1178629375528461000, 0.03356119708425590900 ) ) ;
#8115 =( GEOMETRIC_REPRESENTATION_CONTEXT ( 3 ) GLOBAL_UNCERTAINTY_ASSIGNED_CONTEXT ( ( #4766 ) ) GLOBAL_UNIT_ASSIGNED_CONTEXT ( ( #1867, #6531, #2536 ) ) REPRESENTATION_CONTEXT ( 'NONE', 'WORKASPACE' ) );
#8116 = FILL_AREA_STYLE ('',( #2795 ) ) ;
#8117 = STYLED_ITEM ( 'NONE', ( #1229 ), #2622 ) ;
#8118 = CARTESIAN_POINT ( 'NONE',  ( 0.7497281360351139000, 0.05312867351770816900, 0.01645825851013166600 ) ) ;
#8119 = UNCERTAINTY_MEASURE_WITH_UNIT (LENGTH_MEASURE( 1.000000000000000100E-005 ), #3372, 'distance_accuracy_value', 'NONE');
#8120 = EDGE_CURVE ( 'NONE', #2073, #4252, #7081, .T. ) ;
#8121 = DIRECTION ( 'NONE',  ( 0.0000000000000000000, 0.0000000000000000000, -1.000000000000000000 ) ) ;
#8122 =( NAMED_UNIT ( * ) PLANE_ANGLE_UNIT ( ) SI_UNIT ( $, .RADIAN. ) );
#8123 = CIRCLE ( 'NONE', #6519, 0.02500000000000000500 ) ;
#8124 = VERTEX_POINT ( 'NONE', #3547 ) ;
#8125 = VECTOR ( 'NONE', #2133, 39.37007874015748100 ) ;
#8126 = DIRECTION ( 'NONE',  ( -1.000000000000000000, 0.0000000000000000000, 6.097874985857700800E-017 ) ) ;
#8127 = SURFACE_SIDE_STYLE ('',( #5022 ) ) ;
#8128 = CARTESIAN_POINT ( 'NONE',  ( -0.5822464362293516800, -0.009042629256879463800, -0.04571304426445600000 ) ) ;
#8129 = ORIENTED_EDGE ( 'NONE', *, *, #6168, .F. ) ;
#8130 = COLOUR_RGB ( '',0.9882352941176471000, 1.000000000000000000, 0.9882352941176471000 ) ;
#8131 = LENGTH_MEASURE_WITH_UNIT ( LENGTH_MEASURE( 0.02539999999999999900 ), #8602 );
#8132 = EDGE_LOOP ( 'NONE', ( #5355 ) ) ;
#8133 = CARTESIAN_POINT ( 'NONE',  ( 0.3837535637706484500, -0.3480426292568794500, 0.04895825851013174000 ) ) ;
#8134 = COLOUR_RGB ( '',0.9882352941176471000, 1.000000000000000000, 0.9882352941176471000 ) ;
#8135 =( NAMED_UNIT ( * ) PLANE_ANGLE_UNIT ( ) SI_UNIT ( $, .RADIAN. ) );
#8136 = ORIENTED_EDGE ( 'NONE', *, *, #1370, .T. ) ;
#8137 = MECHANICAL_DESIGN_GEOMETRIC_PRESENTATION_REPRESENTATION (  '', ( #7241 ), #8599 ) ;
#8138 = CARTESIAN_POINT ( 'NONE',  ( -0.04024643622935145800, -0.2800426292568794500, -0.008541741489868224400 ) ) ;
#8139 = CARTESIAN_POINT ( 'NONE',  ( 0.6482093760139853200, -0.07734190535712046100, -0.1940988952772970700 ) ) ;
#8140 = DIRECTION ( 'NONE',  ( 0.0000000000000000000, 0.0000000000000000000, -1.000000000000000000 ) ) ;
#8141 =( NAMED_UNIT ( * ) PLANE_ANGLE_UNIT ( ) SI_UNIT ( $, .RADIAN. ) );
#8142 = SURFACE_STYLE_FILL_AREA ( #1970 ) ;
#8143 =( NAMED_UNIT ( * ) SI_UNIT ( $, .STERADIAN. ) SOLID_ANGLE_UNIT ( ) );
#8144 = ORIENTED_EDGE ( 'NONE', *, *, #8267, .F. ) ;
#8145 = ORIENTED_EDGE ( 'NONE', *, *, #4259, .T. ) ;
#8146 = AXIS2_PLACEMENT_3D ( 'NONE', #712, #5375, #1392 ) ;
#8147 =( NAMED_UNIT ( * ) SI_UNIT ( $, .STERADIAN. ) SOLID_ANGLE_UNIT ( ) );
#8148 = SURFACE_SIDE_STYLE ('',( #1810 ) ) ;
#8149 = VECTOR ( 'NONE', #8289, 39.37007874015748100 ) ;
#8150 = FACE_BOUND ( 'NONE', #1782, .T. ) ;
#8151 = AXIS2_PLACEMENT_3D ( 'NONE', #8596, #4637, #608 ) ;
#8152 = FILL_AREA_STYLE_COLOUR ( '', #2460 ) ;
#8153 = UNCERTAINTY_MEASURE_WITH_UNIT (LENGTH_MEASURE( 1.000000000000000100E-005 ), #6924, 'distance_accuracy_value', 'NONE');
#8154 = CARTESIAN_POINT ( 'NONE',  ( -0.5372464362293516400, -0.02053261085912316800, 0.02195825851013172300 ) ) ;
#8155 =( CONVERSION_BASED_UNIT ( 'INCH', #1196 ) LENGTH_UNIT ( ) NAMED_UNIT ( #5927 ) );
#8156 =( CONVERSION_BASED_UNIT ( 'INCH', #3979 ) LENGTH_UNIT ( ) NAMED_UNIT ( #2008 ) );
#8157 = FILL_AREA_STYLE ('',( #7479 ) ) ;
#8158 = VECTOR ( 'NONE', #3977, 39.37007874015748100 ) ;
#8159 = CARTESIAN_POINT ( 'NONE',  ( 0.6174807619333888600, 0.08805185329431272600, 0.1652892029442824300 ) ) ;
#8160 = PRESENTATION_LAYER_ASSIGNMENT (  '', '', ( #8620 ) ) ;
#8161 = CARTESIAN_POINT ( 'NONE',  ( 0.7065015952667114100, -0.02484340563043041900, -0.02539884395453769300 ) ) ;
#8162 = EDGE_CURVE ( 'NONE', #8124, #8124, #3553, .T. ) ;
#8163 =( CONVERSION_BASED_UNIT ( 'INCH', #4139 ) LENGTH_UNIT ( ) NAMED_UNIT ( #3922 ) );
#8164 = CARTESIAN_POINT ( 'NONE',  ( 0.4159286786000523900, 0.07821026794350900700, -0.1772908502231935200 ) ) ;
#8165 = FILL_AREA_STYLE_COLOUR ( '', #5803 ) ;
#8166 =( NAMED_UNIT ( * ) PLANE_ANGLE_UNIT ( ) SI_UNIT ( $, .RADIAN. ) );
#8167 = ORIENTED_EDGE ( 'NONE', *, *, #973, .F. ) ;
#8168 = EDGE_LOOP ( 'NONE', ( #3787 ) ) ;
#8169 = DIRECTION ( 'NONE',  ( -0.0000000000000000000, -0.0000000000000000000, 1.000000000000000000 ) ) ;
#8170 =( NAMED_UNIT ( * ) SI_UNIT ( $, .STERADIAN. ) SOLID_ANGLE_UNIT ( ) );
#8171 = ADVANCED_FACE ( 'NONE', ( #3350 ), #2885, .F. ) ;
#8172 = LINE ( 'NONE', #4831, #3812 ) ;
#8173 = ORIENTED_EDGE ( 'NONE', *, *, #1431, .F. ) ;
#8174 = CARTESIAN_POINT ( 'NONE',  ( 0.7357535637706483800, -0.02121393203146711800, -0.03354174148986834000 ) ) ;
#8175 = CARTESIAN_POINT ( 'NONE',  ( -0.4972464362293516600, -0.2780426292568794500, 0.1139582585101316500 ) ) ;
#8176 = AXIS2_PLACEMENT_3D ( 'NONE', #2447, #7099, #3113 ) ;
#8177 = FACE_OUTER_BOUND ( 'NONE', #522, .T. ) ;
#8178 =( NAMED_UNIT ( * ) PLANE_ANGLE_UNIT ( ) SI_UNIT ( $, .RADIAN. ) );
#8179 = ORIENTED_EDGE ( 'NONE', *, *, #2210, .F. ) ;
#8180 = DIRECTION ( 'NONE',  ( 0.0000000000000000000, 0.0000000000000000000, -1.000000000000000000 ) ) ;
#8181 = SURFACE_SIDE_STYLE ('',( #4985 ) ) ;
#8182 =( CONVERSION_BASED_UNIT ( 'INCH', #4910 ) LENGTH_UNIT ( ) NAMED_UNIT ( #5200 ) );
#8183 = CARTESIAN_POINT ( 'NONE',  ( 0.7357535637706483800, 0.01595737074312052500, -0.008541741489868335400 ) ) ;
#8184 = EDGE_LOOP ( 'NONE', ( #3516, #2993, #2063, #3360, #6923, #2470, #2228, #7491, #290, #7497, #2405, #4299 ) ) ;
#8185 = EDGE_LOOP ( 'NONE', ( #5384 ) ) ;
#8186 = CARTESIAN_POINT ( 'NONE',  ( 0.5410849286000635200, 0.1790815948154732600, -0.09926668799265424300 ) ) ;
#8187 = ORIENTED_EDGE ( 'NONE', *, *, #7834, .F. ) ;
#8188 = CARTESIAN_POINT ( 'NONE',  ( 0.7557535637706485100, -0.2480426292568794500, -0.2895417414898683300 ) ) ;
#8189 = DIRECTION ( 'NONE',  ( -0.0000000000000000000, -0.0000000000000000000, 1.000000000000000000 ) ) ;
#8190 = UNCERTAINTY_MEASURE_WITH_UNIT (LENGTH_MEASURE( 1.000000000000000100E-005 ), #5459, 'distance_accuracy_value', 'NONE');
#8191 = SURFACE_STYLE_FILL_AREA ( #6449 ) ;
#8192 = SURFACE_STYLE_FILL_AREA ( #1296 ) ;
#8193 = CARTESIAN_POINT ( 'NONE',  ( 0.6783557619333786500, -0.1536913763400441500, 0.1128488494689778700 ) ) ;
#8194 = VERTEX_POINT ( 'NONE', #6197 ) ;
#8195 = PRESENTATION_LAYER_ASSIGNMENT (  '', '', ( #7736 ) ) ;
#8196 = DIRECTION ( 'NONE',  ( 0.0000000000000000000, 1.780579495870457100E-015, -1.000000000000000000 ) ) ;
#8197 = DIRECTION ( 'NONE',  ( 0.0000000000000000000, 0.0000000000000000000, -1.000000000000000000 ) ) ;
#8198 = FILL_AREA_STYLE ('',( #1552 ) ) ;
#8199 = CARTESIAN_POINT ( 'NONE',  ( -0.5972464362293515800, -0.009042629256879463800, -0.04571304426445600000 ) ) ;
#8200 = UNCERTAINTY_MEASURE_WITH_UNIT (LENGTH_MEASURE( 1.000000000000000100E-005 ), #3505, 'distance_accuracy_value', 'NONE');
#8201 = SURFACE_STYLE_FILL_AREA ( #1832 ) ;
#8202 = COLOUR_RGB ( '',0.2941176470588235400, 0.2941176470588235400, 0.2941176470588235400 ) ;
#8203 =( CONVERSION_BASED_UNIT ( 'INCH', #2124 ) LENGTH_UNIT ( ) NAMED_UNIT ( #1357 ) );
#8204 = VERTEX_POINT ( 'NONE', #2246 ) ;
#8205 = ORIENTED_EDGE ( 'NONE', *, *, #514, .T. ) ;
#8206 = FILL_AREA_STYLE ('',( #7532 ) ) ;
#8207 = VECTOR ( 'NONE', #3028, 39.37007874015748100 ) ;
#8208 = SURFACE_SIDE_STYLE ('',( #4650 ) ) ;
#8209 =( NAMED_UNIT ( * ) PLANE_ANGLE_UNIT ( ) SI_UNIT ( $, .RADIAN. ) );
#8210 = CARTESIAN_POINT ( 'NONE',  ( 0.7307535637706486000, -0.02053261085912316800, -0.3280417414898683100 ) ) ;
#8211 = LENGTH_MEASURE_WITH_UNIT ( LENGTH_MEASURE( 0.02539999999999999900 ), #215 );
#8212 = MECHANICAL_DESIGN_GEOMETRIC_PRESENTATION_REPRESENTATION (  '', ( #7309 ), #31 ) ;
#8213 = LINE ( 'NONE', #7093, #4707 ) ;
#8214 = AXIS2_PLACEMENT_3D ( 'NONE', #2932, #7566, #3601 ) ;
#8215 = EDGE_CURVE ( 'NONE', #6359, #6359, #2509, .T. ) ;
#8216 = DIRECTION ( 'NONE',  ( 0.0000000000000000000, 0.3809523809523804300, -0.9245946589975049300 ) ) ;
#8217 = ORIENTED_EDGE ( 'NONE', *, *, #2218, .T. ) ;
#8218 = CARTESIAN_POINT ( 'NONE',  ( 0.4331682619333706600, 0.03268607635898157500, -0.1715329657684684900 ) ) ;
#8219 = ADVANCED_FACE ( 'NONE', ( #6053 ), #115, .T. ) ;
#8220 = AXIS2_PLACEMENT_3D ( 'NONE', #6344, #2359, #7009 ) ;
#8221 = LINE ( 'NONE', #8174, #8006 ) ;
#8222 = DIRECTION ( 'NONE',  ( 0.0000000000000000000, 0.0000000000000000000, 1.000000000000000000 ) ) ;
#8223 = LINE ( 'NONE', #8199, #1159 ) ;
#8224 = PLANE ( 'NONE',  #6800 ) ;
#8225 = CARTESIAN_POINT ( 'NONE',  ( 0.4848036786000476900, -0.05224220487153857100, 0.1792392107136589200 ) ) ;
#8226 = PRESENTATION_LAYER_ASSIGNMENT (  '', '', ( #7764 ) ) ;
#8227 = EDGE_CURVE ( 'NONE', #3992, #4971, #3452, .T. ) ;
#8228 = DIRECTION ( 'NONE',  ( 0.0000000000000000000, 0.0000000000000000000, -1.000000000000000000 ) ) ;
#8229 = STYLED_ITEM ( 'NONE', ( #3494 ), #6339 ) ;
#8230 = EDGE_LOOP ( 'NONE', ( #721, #4212, #2664, #2380, #7852, #6364, #7998, #5659 ) ) ;
#8231 = ORIENTED_EDGE ( 'NONE', *, *, #1282, .T. ) ;
#8232 = PRESENTATION_LAYER_ASSIGNMENT (  '', '', ( #7326 ) ) ;
#8233 = CARTESIAN_POINT ( 'NONE',  ( -0.5772464362293517900, -0.3480426292568794500, 0.3359582585101316100 ) ) ;
#8234 = FACE_OUTER_BOUND ( 'NONE', #706, .T. ) ;
#8235 = FACE_OUTER_BOUND ( 'NONE', #3556, .T. ) ;
#8236 = EDGE_CURVE ( 'NONE', #2625, #2023, #6976, .T. ) ;
#8237 = CARTESIAN_POINT ( 'NONE',  ( 0.6907535637706484500, -0.2830426292568795100, -0.3180417414898682500 ) ) ;
#8238 = PLANE ( 'NONE',  #3014 ) ;
#8239 = DIRECTION ( 'NONE',  ( 0.0000000000000000000, 9.571164508604904000E-017, -1.000000000000000000 ) ) ;
#8240 = ORIENTED_EDGE ( 'NONE', *, *, #1585, .F. ) ;
#8241 = CARTESIAN_POINT ( 'NONE',  ( -0.5772464362293517900, 0.2539573707431204100, 0.2164582585101316200 ) ) ;
#8242 =( CONVERSION_BASED_UNIT ( 'INCH', #2850 ) LENGTH_UNIT ( ) NAMED_UNIT ( #7922 ) );
#8243 = FILL_AREA_STYLE ('',( #6908 ) ) ;
#8244 = CARTESIAN_POINT ( 'NONE',  ( -0.5901388490795381700, -0.009042629256879460400, -0.07347199351629202200 ) ) ;
#8245 = PRESENTATION_STYLE_ASSIGNMENT (( #7129 ) ) ;
#8246 = LINE ( 'NONE', #7356, #5680 ) ;
#8247 = FILL_AREA_STYLE_COLOUR ( '', #2593 ) ;
#8248 = CARTESIAN_POINT ( 'NONE',  ( 0.3316786786000588400, -0.1021762326763387100, 0.03682808519175266600 ) ) ;
#8249 = PRESENTATION_LAYER_ASSIGNMENT (  '', '', ( #6915 ) ) ;
#8250 = PRODUCT_CONTEXT ( 'NONE', #7573, 'mechanical' ) ;
#8251 = SURFACE_STYLE_FILL_AREA ( #4406 ) ;
#8252 = MECHANICAL_DESIGN_GEOMETRIC_PRESENTATION_REPRESENTATION (  '', ( #6916 ), #68 ) ;
#8253 = FACE_OUTER_BOUND ( 'NONE', #2489, .T. ) ;
#8254 = FACE_OUTER_BOUND ( 'NONE', #2069, .T. ) ;
#8255 = STYLED_ITEM ( 'NONE', ( #7168 ), #6947 ) ;
#8256 = ADVANCED_FACE ( 'NONE', ( #5228 ), #2970, .T. ) ;
#8257 = ORIENTED_EDGE ( 'NONE', *, *, #7639, .F. ) ;
#8258 = DIRECTION ( 'NONE',  ( -0.0000000000000000000, -1.000000000000000000, -0.0000000000000000000 ) ) ;
#8259 = LENGTH_MEASURE_WITH_UNIT ( LENGTH_MEASURE( 0.02539999999999999900 ), #3631 );
#8260 = DIRECTION ( 'NONE',  ( 0.0000000000000000000, 1.000000000000000000, 0.0000000000000000000 ) ) ;
#8261 = SURFACE_STYLE_FILL_AREA ( #493 ) ;
#8262 = ADVANCED_FACE ( 'NONE', ( #2729 ), #7632, .F. ) ;
#8263 = CARTESIAN_POINT ( 'NONE',  ( 0.2742535637706484100, -0.03604262925687949600, 0.3414582585101316200 ) ) ;
#8264 = DIMENSIONAL_EXPONENTS ( 1.000000000000000000, 0.0000000000000000000, 0.0000000000000000000, 0.0000000000000000000, 0.0000000000000000000, 0.0000000000000000000, 0.0000000000000000000 ) ;
#8265 = ORIENTED_EDGE ( 'NONE', *, *, #7841, .F. ) ;
#8266 = MECHANICAL_DESIGN_GEOMETRIC_PRESENTATION_REPRESENTATION (  '', ( #7360 ), #81 ) ;
#8267 = EDGE_CURVE ( 'NONE', #944, #7037, #1897, .T. ) ;
#8268 = DIRECTION ( 'NONE',  ( -1.000000000000000000, 0.0000000000000000000, 0.0000000000000000000 ) ) ;
#8269 = DIRECTION ( 'NONE',  ( 0.0000000000000000000, 0.0000000000000000000, 1.000000000000000000 ) ) ;
#8270 = CARTESIAN_POINT ( 'NONE',  ( -0.1827464362293516600, -0.03604262925687949600, 0.3359582585101316100 ) ) ;
#8271 = CARTESIAN_POINT ( 'NONE',  ( -0.5822464362293516800, 0.04095737074312051600, -0.04571304426445600000 ) ) ;
#8272 = VERTEX_POINT ( 'NONE', #3674 ) ;
#8273 = PLANE ( 'NONE',  #1551 ) ;
#8274 = CARTESIAN_POINT ( 'NONE',  ( 0.7019182619333816900, 0.005499043057376759100, 0.1945946740748039600 ) ) ;
#8275 = LINE ( 'NONE', #1979, #2972 ) ;
#8276 = EDGE_CURVE ( 'NONE', #7935, #3457, #6989, .T. ) ;
#8277 =( CONVERSION_BASED_UNIT ( 'INCH', #8259 ) LENGTH_UNIT ( ) NAMED_UNIT ( #5278 ) );
#8278 =( GEOMETRIC_REPRESENTATION_CONTEXT ( 3 ) GLOBAL_UNCERTAINTY_ASSIGNED_CONTEXT ( ( #5386 ) ) GLOBAL_UNIT_ASSIGNED_CONTEXT ( ( #3020, #7659, #3699 ) ) REPRESENTATION_CONTEXT ( 'NONE', 'WORKASPACE' ) );
#8279 = AXIS2_PLACEMENT_3D ( 'NONE', #7898, #3933, #8585 ) ;
#8280 = SURFACE_STYLE_USAGE ( .BOTH. , #3637 ) ;
#8281 = EDGE_CURVE ( 'NONE', #2182, #4447, #5436, .T. ) ;
#8282 = SURFACE_STYLE_USAGE ( .BOTH. , #3638 ) ;
#8283 = ORIENTED_EDGE ( 'NONE', *, *, #3347, .T. ) ;
#8284 = ORIENTED_EDGE ( 'NONE', *, *, #49, .F. ) ;
#8285 = CARTESIAN_POINT ( 'NONE',  ( 0.7357535637706483800, 0.09195079151097383700, -0.03354174148986834000 ) ) ;
#8286 =( NAMED_UNIT ( * ) PLANE_ANGLE_UNIT ( ) SI_UNIT ( $, .RADIAN. ) );
#8287 = STYLED_ITEM ( 'NONE', ( #5700 ), #3692 ) ;
#8288 = LINE ( 'NONE', #83, #8083 ) ;
#8289 = DIRECTION ( 'NONE',  ( -0.0000000000000000000, -1.000000000000000000, -0.0000000000000000000 ) ) ;
#8290 = CIRCLE ( 'NONE', #7338, 0.08000000000000000200 ) ;
#8291 = ADVANCED_FACE ( 'NONE', ( #3466, #1693, #126 ), #8332, .T. ) ;
#8292 = VERTEX_POINT ( 'NONE', #7717 ) ;
#8293 = DIRECTION ( 'NONE',  ( 0.0000000000000000000, 1.000000000000000000, -0.0000000000000000000 ) ) ;
#8294 = CARTESIAN_POINT ( 'NONE',  ( 0.3837535637706484500, -0.2780426292568794500, -0.008541741489868335400 ) ) ;
#8295 = FILL_AREA_STYLE_COLOUR ( '', #1458 ) ;
#8296 = CARTESIAN_POINT ( 'NONE',  ( 0.6789182619333800100, 0.005499043057376759100, 0.1945946740748039600 ) ) ;
#8297 = DIRECTION ( 'NONE',  ( 0.0000000000000000000, -0.8232127859152876800, 0.5677329558036867700 ) ) ;
#8298 = CARTESIAN_POINT ( 'NONE',  ( 0.6255224286000341500, 0.1729085240690910500, 0.1164583774218279800 ) ) ;
#8299 = ADVANCED_FACE ( 'NONE', ( #4420, #5954 ), #5331, .T. ) ;
#8300 = VECTOR ( 'NONE', #3910, 39.37007874015748100 ) ;
#8301 = VECTOR ( 'NONE', #249, 39.37007874015748100 ) ;
#8302 = LINE ( 'NONE', #757, #3217 ) ;
#8303 = CARTESIAN_POINT ( 'NONE',  ( -0.5962210084938172100, 0.04095737074312053000, 0.02862956128471931200 ) ) ;
#8304 = ORIENTED_EDGE ( 'NONE', *, *, #3032, .F. ) ;
#8305 = EDGE_LOOP ( 'NONE', ( #7706 ) ) ;
#8306 = LINE ( 'NONE', #8366, #1452 ) ;
#8307 = PRESENTATION_LAYER_ASSIGNMENT (  '', '', ( #135 ) ) ;
#8308 = SURFACE_SIDE_STYLE ('',( #7817 ) ) ;
#8309 = PRESENTATION_LAYER_ASSIGNMENT (  '', '', ( #7418 ) ) ;
#8310 = ORIENTED_EDGE ( 'NONE', *, *, #2619, .T. ) ;
#8311 = CARTESIAN_POINT ( 'NONE',  ( 0.6576826976289161800, -0.8200426292568794300, -0.008541741489868335400 ) ) ;
#8312 = COLOUR_RGB ( '',0.2941176470588235400, 0.2941176470588235400, 0.2941176470588235400 ) ;
#8313 =( NAMED_UNIT ( * ) PLANE_ANGLE_UNIT ( ) SI_UNIT ( $, .RADIAN. ) );
#8314 = PLANE ( 'NONE',  #1975 ) ;
#8315 =( CONVERSION_BASED_UNIT ( 'INCH', #7004 ) LENGTH_UNIT ( ) NAMED_UNIT ( #761 ) );
#8316 = VERTEX_POINT ( 'NONE', #8431 ) ;
#8317 = DIRECTION ( 'NONE',  ( 1.000000000000000000, 1.077227126839221800E-016, 0.0000000000000000000 ) ) ;
#8318 = SURFACE_STYLE_USAGE ( .BOTH. , #3686 ) ;
#8319 = CARTESIAN_POINT ( 'NONE',  ( 0.4560849286000380200, -0.1479149301639468800, 0.05693285275583901500 ) ) ;
#8320 = MECHANICAL_DESIGN_GEOMETRIC_PRESENTATION_REPRESENTATION (  '', ( #6998 ), #143 ) ;
#8321 = VECTOR ( 'NONE', #7873, 39.37007874015748100 ) ;
#8322 = PRESENTATION_STYLE_ASSIGNMENT (( #4176 ) ) ;
#8323 = EDGE_CURVE ( 'NONE', #2822, #6447, #3554, .T. ) ;
#8324 = EDGE_LOOP ( 'NONE', ( #5486, #4279, #6819, #7214, #1249, #7807, #2538, #8467, #3352, #8304, #4638, #6676, #6970, #724, #7543, #178 ) ) ;
#8325 = VERTEX_POINT ( 'NONE', #6188 ) ;
#8326 = UNCERTAINTY_MEASURE_WITH_UNIT (LENGTH_MEASURE( 1.000000000000000100E-005 ), #4574, 'distance_accuracy_value', 'NONE');
#8327 = DIRECTION ( 'NONE',  ( -1.000000000000000000, 2.083719980598119200E-016, 0.0000000000000000000 ) ) ;
#8328 = ORIENTED_EDGE ( 'NONE', *, *, #35, .F. ) ;
#8329 = EDGE_LOOP ( 'NONE', ( #457, #8417, #2715, #2260 ) ) ;
#8330 = CARTESIAN_POINT ( 'NONE',  ( 0.2484802093473311200, 0.09775124720028179100, 0.02525192321390080600 ) ) ;
#8331 = CIRCLE ( 'NONE', #8151, 0.02016174311996135300 ) ;
#8332 = PLANE ( 'NONE',  #2706 ) ;
#8333 = STYLED_ITEM ( 'NONE', ( #1525 ), #3234 ) ;
#8334 = ADVANCED_FACE ( 'NONE', ( #20 ), #4519, .T. ) ;
#8335 = ORIENTED_EDGE ( 'NONE', *, *, #5902, .F. ) ;
#8336 = SURFACE_STYLE_USAGE ( .BOTH. , #3704 ) ;
#8337 = DIMENSIONAL_EXPONENTS ( 1.000000000000000000, 0.0000000000000000000, 0.0000000000000000000, 0.0000000000000000000, 0.0000000000000000000, 0.0000000000000000000, 0.0000000000000000000 ) ;
#8338 = SURFACE_STYLE_FILL_AREA ( #2478 ) ;
#8339 = EDGE_CURVE ( 'NONE', #6420, #3632, #955, .T. ) ;
#8340 = SURFACE_SIDE_STYLE ('',( #6448 ) ) ;
#8341 = FACE_OUTER_BOUND ( 'NONE', #2902, .T. ) ;
#8342 = CIRCLE ( 'NONE', #1914, 0.1210000000000000200 ) ;
#8343 = DIRECTION ( 'NONE',  ( 0.0000000000000000000, -0.9242245927363015300, -0.3818493186865960500 ) ) ;
#8344 = DIRECTION ( 'NONE',  ( 0.0000000000000000000, -1.000000000000000000, 1.914232901720979100E-016 ) ) ;
#8345 = B_SPLINE_SURFACE_WITH_KNOTS ( 'NONE', 3, 3, ( 
 ( #6873, #694, #4716, #4872, #899, #8193, #6802, #6194, #2129, #840, #4248, #2212, #7522, #4189, #171, #1543, #5519, #2242, #2790, #3502, #871, #1572, #3407, #3473, #4814, #6166, #1516, #6743, #5416, #3443, #4214, #6115, #4847, #6890, #2914, #7545, #8225, #4277, #3583, #259, #4926, #811, #2102, #1487, #8164, #4791, #124, #786, #2186, #2880, #6092, #2153, #8078, #7400, #4901, #4132, #3530, #2767, #2818, #6831, #8110, #5443, #6776, #7431, #1457, #5466 ),
 ( #3552, #5549, #229, #6859, #8050, #7368, #6223, #201, #7486, #8139, #4095, #4768, #89, #755, #1430, #6141, #7455, #2821, #4161, #5390, #463, #2352, #1270, #1908, #7704, #1354, #3283, #3039, #5006, #584, #330, #4018, #5772, #3183, #2609, #3774, #3307, #7733, #561, #5344, #3986, #1303, #1878, #8575, #7888, #8598, #3955, #5065, #5860, #6513, #3925, #7943, #7759, #4581, #17, #7188, #8627, #1962, #6410, #8415, #7292, #434, #1121, #1820, #2553, #3831 ),
 ( #3120, #3150, #5921, #8296, #6327, #5152, #7104, #2318, #5833, #1684, #1187, #7158, #5295, #408, #3898, #2661, #4466, #2980, #1090, #7213, #7647, #1758, #2429, #7864, #7831, #5741, #7132, #8542, #7793, #4640, #5893, #6356, #3216, #4554, #5244, #5039, #4528, #6382, #7675, #2485, #6643, #6566, #4494, #1937, #2372, #381, #3253, #2633, #5798, #2581, #8510, #5953, #3336, #5089, #528, #3091, #8383, #4663, #8351, #1733, #1850, #643, #3803, #1786, #1992, #4354 ),
 ( #1326, #1012, #5714, #7050, #4414, #1239, #5622, #8444, #6968, #673, #6588, #5655, #6441, #980, #1218, #1039, #7240, #7913, #7618, #4440, #2521, #612, #4381, #5321, #3867, #3687, #7077, #1709, #5178, #5683, #6616, #5208, #1650, #6300, #3067, #5121, #7270, #353, #8319, #3936, #2500, #6528, #5813, #5164, #6495, #3882, #7198, #7776, #3134, #4510, #1227, #2569, #3198, #5760, #3795, #3107, #451, #2443, #1107, #2465, #6464, #7089, #6423, #8429, #4480, #4452 ),
 ( #1139, #5785, #1769, #5105, #1837, #1802, #5139, #5223, #5875, #7225, #7814, #5192, #8559, #1201, #3849, #8527, #4596, #1861, #3169, #8459, #4541, #6576, #5905, #4623, #1173, #1922, #5256, #2595, #541, #573, #8586, #3235, #1286, #3914, #5848, #5937, #5281, #6552, #1896, #7143, #597, #7872, #2535, #477, #7900, #7117, #4568, #3816, #3263, #1256, #8489, #7848, #6490, #4424, #5649, #1676, #6047, #4633, #6445, #6342, #2357, #7007, #3021, #7660, #3700, #8330 ),
 ( #4396, #363, #5047, #1047, #5697, #1718, #6367, #2383, #7033, #3053, #7688, #3725, #8367, #4427, #395, #5074, #1078, #5727, #1743, #6397, #2410, #7066, #3077, #7715, #3756, #8400, #4451, #420, #5104, #1105, #5756, #1767, #6422, #2441, #7087, #3106, #7743, #3790, #8426, #4479, #450, #5137, #1137, #5784, #1800, #6460, #2463, #7116, #3131, #7774, #3814, #8456, #4506, #475, #5162, #1172, #5812, #1834, #6491, #2498, #7141, #3167, #7811, #3847, #8488, #4538 ),
 ( #509, #5190, #1200, #5845, #1859, #6527, #2533, #7170, #3195, #7846, #3880, #6160, #2177, #6822, #2842, #7480, #3522, #8159, #4206, #195, #4865, #862, #5512, #1538, #6187, #2203, #6854, #2874, #7513, #3545, #8186, #4241, #222, #4894, #893, #5542, #1566, #6214, #2237, #6884, #2904, #7539, #3577, #8218, #4271, #252, #4921, #924, #5572, #1593, #6244, #2261, #6913, #2938, #7571, #3607, #8248, #4300, #274, #4948, #959, #5595, #1622, #6277, #2290, #6939 ),
 ( #2963, #7597, #3626, #8274, #4333, #303, #4973, #985, #5628, #1657, #6303, #2321, #6971, #2985, #7624, #3660, #8298, #4359, #331, #5009, #1014, #5665, #1688, #6328, #2353, #7001, #3012, #7649, #3691, #453, #5143, #1148, #5789, #1806, #6467, #2473, #7125, #3138, #7783, #3822, #8466, #4513, #483, #5169, #1179, #5819, #1840, #6502, #2507, #7148, #3172, #7823, #3856, #8493, #4545, #518, #5196, #1206, #5852, #1869, #6532, #2537, #7175, #3205, #7855, #3886 ),
 ( #8532, #4572, #546, #5226, #1231, #5882, #1900, #6556, #2572, #7203, #3239, #7876, #3917, #8565, #4603, #575, #5259, #1260, #5910, #1925, #6579, #2602, #7230, #3266, #7903, #3944, #8591, #4627, #602, #5287, #1291, #5940, #1952, #6607, #2627, #7257, #3298, #7934, #3974, #8616, #4655, #631, #5312, #1315, #5966, #1980, #6635, #4467, #437, #5123, #1123, #5773, #1787, #6444, #2452, #7106, #3121, #7760, #3804, #8445, #4495, #464, #5153, #1157, #5799, #1821 ),
 ( #6480, #2486, #7133, #3152, #7794, #3832, #8479, #4530, #497, #5179, #1188, #5835, #1851, #6515, #2522, #7159, #3184, #7833, #3868, #8511, #4556, #529, #5210, #1219, #5861, #1879, #6539, #2555, #7190, #3218, #7865, #3900, #8543, #4582, #563, #5246, #1243, #5895, #1910, #6567, #2688, #7325, #3363, #8003, #4045, #53, #4725, #705, #5371, #1386, #6040, #2053, #6693, #2720, #7349, #3394, #8034, #4079, #74, #4755, #739, #5396, #1413, #6077, #2080, #6720 ) ),
 .UNSPECIFIED., .T., .F., .F.,
 ( 4, 2, 2, 2, 4 ),
 ( 4, 2, 2, 2, 2, 2, 2, 2, 2, 2, 2, 2, 2, 2, 2, 2, 2, 2, 2, 2, 2, 2, 2, 2, 2, 2, 2, 2, 2, 2, 2, 2, 4 ),
 ( 0.0000000000000000000, 0.2500000000000000000, 0.5000000000000000000, 0.7500000000000000000, 1.000000000000000000 ),
 ( 0.0000000000000000000, 0.02668694690265486700, 0.05337389380530973400, 0.08006084070796459800, 0.1067477876106194700, 0.1334347345132743400, 0.1601216814159292000, 0.1868086283185840800, 0.2134955752212389400, 0.2401825221238937900, 0.2668694690265486800, 0.2935564159292035600, 0.3202433628318583900, 0.3469303097345132800, 0.3736172566371681600, 0.4003042035398229900, 0.4269911504424778700, 0.4650857300884955200, 0.5031803097345132200, 0.5412748893805309200, 0.5793694690265486200, 0.6174640486725663200, 0.6555586283185840200, 0.6936532079646017300, 0.7317477876106194300, 0.7652793141592919600, 0.7988108407079646000, 0.8323423672566371300, 0.8658738938053096600, 0.8994054203539823000, 0.9329369469026548300, 0.9664684734513273600, 1.000000000000000000 ),
 .UNSPECIFIED. ) ;
#8346 =( LENGTH_UNIT ( ) NAMED_UNIT ( * ) SI_UNIT ( $, .METRE. ) );
#8347 = ORIENTED_EDGE ( 'NONE', *, *, #7057, .F. ) ;
#8348 = PLANE ( 'NONE',  #1568 ) ;
#8349 =( LENGTH_UNIT ( ) NAMED_UNIT ( * ) SI_UNIT ( $, .METRE. ) );
#8350 = SURFACE_STYLE_USAGE ( .BOTH. , #3715 ) ;
#8351 = CARTESIAN_POINT ( 'NONE',  ( 0.2935224285999978900, -0.1069192866318817300, -0.05871919857023132100 ) ) ;
#8352 = VERTEX_POINT ( 'NONE', #6497 ) ;
#8353 = PRESENTATION_STYLE_ASSIGNMENT (( #5170 ) ) ;
#8354 = LINE ( 'NONE', #4419, #3275 ) ;
#8355 = COLOUR_RGB ( '',0.9882352941176471000, 1.000000000000000000, 0.9882352941176471000 ) ;
#8356 = LINE ( 'NONE', #4229, #3278 ) ;
#8357 = SURFACE_STYLE_FILL_AREA ( #4892 ) ;
#8358 = UNCERTAINTY_MEASURE_WITH_UNIT (LENGTH_MEASURE( 1.000000000000000100E-005 ), #6501, 'distance_accuracy_value', 'NONE');
#8359 = STYLED_ITEM ( 'NONE', ( #5983 ), #4242 ) ;
#8360 = AXIS2_PLACEMENT_3D ( 'NONE', #1294, #5942, #1954 ) ;
#8361 = DIRECTION ( 'NONE',  ( 0.0000000000000000000, 0.0000000000000000000, 1.000000000000000000 ) ) ;
#8362 = CARTESIAN_POINT ( 'NONE',  ( 0.7380754615193633200, 0.04095737074312051600, -0.08202850391428891100 ) ) ;
#8363 = COLOUR_RGB ( '',0.9882352941176471000, 1.000000000000000000, 0.9882352941176471000 ) ;
#8364 = LENGTH_MEASURE_WITH_UNIT ( LENGTH_MEASURE( 0.02539999999999999900 ), #711 );
#8365 =( GEOMETRIC_REPRESENTATION_CONTEXT ( 3 ) GLOBAL_UNCERTAINTY_ASSIGNED_CONTEXT ( ( #4962 ) ) GLOBAL_UNIT_ASSIGNED_CONTEXT ( ( #549, #5231, #1233 ) ) REPRESENTATION_CONTEXT ( 'NONE', 'WORKASPACE' ) );
#8366 = CARTESIAN_POINT ( 'NONE',  ( -0.5822464362293516800, 0.05312867351770816900, 0.01645825851013166600 ) ) ;
#8367 = CARTESIAN_POINT ( 'NONE',  ( 0.6441688145194308700, 0.1268988268417089200, -0.1542427125137236000 ) ) ;
#8368 = SURFACE_SIDE_STYLE ('',( #6778 ) ) ;
#8369 = COLOUR_RGB ( '',0.9882352941176471000, 1.000000000000000000, 0.9882352941176471000 ) ;
#8370 = CARTESIAN_POINT ( 'NONE',  ( -0.02274643622935171700, -0.2830426292568795100, -0.01354174148986837600 ) ) ;
#8371 = PRESENTATION_LAYER_ASSIGNMENT (  '', '', ( #7475 ) ) ;
#8372 = CARTESIAN_POINT ( 'NONE',  ( -0.03524643622935151600, -0.2830426292568795100, -0.09604174148986828500 ) ) ;
#8373 =( GEOMETRIC_REPRESENTATION_CONTEXT ( 3 ) GLOBAL_UNCERTAINTY_ASSIGNED_CONTEXT ( ( #106 ) ) GLOBAL_UNIT_ASSIGNED_CONTEXT ( ( #6756, #2779, #7424 ) ) REPRESENTATION_CONTEXT ( 'NONE', 'WORKASPACE' ) );
#8374 = ORIENTED_EDGE ( 'NONE', *, *, #5600, .T. ) ;
#8375 = ORIENTED_EDGE ( 'NONE', *, *, #5296, .F. ) ;
#8376 = EDGE_CURVE ( 'NONE', #1899, #228, #7805, .T. ) ;
#8377 =( NAMED_UNIT ( * ) PLANE_ANGLE_UNIT ( ) SI_UNIT ( $, .RADIAN. ) );
#8378 = DIRECTION ( 'NONE',  ( 0.0000000000000000000, 0.0000000000000000000, -1.000000000000000000 ) ) ;
#8379 = CARTESIAN_POINT ( 'NONE',  ( -0.5915653088768820800, -0.04602692535851080100, 0.01645825851013166300 ) ) ;
#8380 = AXIS2_PLACEMENT_3D ( 'NONE', #262, #4928, #938 ) ;
#8381 = DIRECTION ( 'NONE',  ( -1.000000000000000000, 0.0000000000000000000, 0.0000000000000000000 ) ) ;
#8382 = CARTESIAN_POINT ( 'NONE',  ( -0.9984602808033384800, -0.2800426292568794500, -0.06104174148986813600 ) ) ;
#8383 = CARTESIAN_POINT ( 'NONE',  ( 0.3086786786000588200, -0.1137396073919322600, 0.04132538216475156000 ) ) ;
#8384 = UNCERTAINTY_MEASURE_WITH_UNIT (LENGTH_MEASURE( 1.000000000000000100E-005 ), #2364, 'distance_accuracy_value', 'NONE');
#8385 = VECTOR ( 'NONE', #2345, 39.37007874015748100 ) ;
#8386 = ADVANCED_FACE ( 'NONE', ( #7592 ), #4453, .T. ) ;
#8387 = ORIENTED_EDGE ( 'NONE', *, *, #6343, .T. ) ;
#8388 = DIMENSIONAL_EXPONENTS ( 1.000000000000000000, 0.0000000000000000000, 0.0000000000000000000, 0.0000000000000000000, 0.0000000000000000000, 0.0000000000000000000, 0.0000000000000000000 ) ;
#8389 = AXIS2_PLACEMENT_3D ( 'NONE', #7311, #3351, #7987 ) ;
#8390 = EDGE_CURVE ( 'NONE', #2446, #4, #3454, .T. ) ;
#8391 =( NAMED_UNIT ( * ) PLANE_ANGLE_UNIT ( ) SI_UNIT ( $, .RADIAN. ) );
#8393 = CARTESIAN_POINT ( 'NONE',  ( 0.7497281360351139000, -0.02121393203146711800, -0.03354174148986834000 ) ) ;
#8392 = PRESENTATION_LAYER_ASSIGNMENT (  '', '', ( #205 ) ) ;
#8394 = VERTEX_POINT ( 'NONE', #3170 ) ;
#8395 = EDGE_LOOP ( 'NONE', ( #1706 ) ) ;
#8396 = MECHANICAL_DESIGN_GEOMETRIC_PRESENTATION_REPRESENTATION (  '', ( #7493 ), #206 ) ;
#8397 =( NAMED_UNIT ( * ) PLANE_ANGLE_UNIT ( ) SI_UNIT ( $, .RADIAN. ) );
#8398 = ORIENTED_EDGE ( 'NONE', *, *, #7609, .T. ) ;
#8399 =( LENGTH_UNIT ( ) NAMED_UNIT ( * ) SI_UNIT ( $, .METRE. ) );
#8400 = CARTESIAN_POINT ( 'NONE',  ( 0.5637521478527540700, -0.08279441096077147500, -0.1609303092424264900 ) ) ;
#8401 = EDGE_CURVE ( 'NONE', #4621, #4621, #1685, .T. ) ;
#8402 = CARTESIAN_POINT ( 'NONE',  ( 0.6576826976289161800, 0.01595737074312059500, -0.008541741489868302400 ) ) ;
#8403 = PLANE ( 'NONE',  #3667 ) ;
#8404 = CARTESIAN_POINT ( 'NONE',  ( 0.7507535637706483900, 0.01595737074312052500, -0.008541741489868335400 ) ) ;
#8405 = COLOUR_RGB ( '',0.2941176470588235400, 0.2941176470588235400, 0.2941176470588235400 ) ;
#8406 = COLOUR_RGB ( '',0.7921568627450980000, 0.8196078431372548800, 0.9333333333333333500 ) ;
#8407 = EDGE_LOOP ( 'NONE', ( #5283 ) ) ;
#8408 = DIRECTION ( 'NONE',  ( 0.7071067811865430200, 0.7071067811865520100, 0.0000000000000000000 ) ) ;
#8409 = DIMENSIONAL_EXPONENTS ( 1.000000000000000000, 0.0000000000000000000, 0.0000000000000000000, 0.0000000000000000000, 0.0000000000000000000, 0.0000000000000000000, 0.0000000000000000000 ) ;
#8410 = FILL_AREA_STYLE ('',( #6404 ) ) ;
#8411 = CARTESIAN_POINT ( 'NONE',  ( -0.04024643622935145800, -0.2800426292568794500, -0.003541741489868331400 ) ) ;
#8412 = PRESENTATION_STYLE_ASSIGNMENT (( #7267 ) ) ;
#8413 = CARTESIAN_POINT ( 'NONE',  ( 0.3837535637706484500, -0.3290426292568794900, -0.008541741489868335400 ) ) ;
#8414 =( NAMED_UNIT ( * ) SI_UNIT ( $, .STERADIAN. ) SOLID_ANGLE_UNIT ( ) );
#8415 = CARTESIAN_POINT ( 'NONE',  ( 0.2888968760140442900, -0.06596019479430446900, -0.1147073747924447500 ) ) ;
#8416 = UNCERTAINTY_MEASURE_WITH_UNIT (LENGTH_MEASURE( 1.000000000000000100E-005 ), #3646, 'distance_accuracy_value', 'NONE');
#8417 = ORIENTED_EDGE ( 'NONE', *, *, #3913, .F. ) ;
#8418 = AXIS2_PLACEMENT_3D ( 'NONE', #7804, #3840, #4724 ) ;
#8419 = CARTESIAN_POINT ( 'NONE',  ( -0.5922715342160936900, 0.2539573707431204100, 0.2095634143189974700 ) ) ;
#8420 = SURFACE_STYLE_FILL_AREA ( #5141 ) ;
#8421 = FILL_AREA_STYLE_COLOUR ( '', #5547 ) ;
#8422 =( CONVERSION_BASED_UNIT ( 'INCH', #7875 ) LENGTH_UNIT ( ) NAMED_UNIT ( #3227 ) );
#8423 = ORIENTED_EDGE ( 'NONE', *, *, #6731, .T. ) ;
#8424 = DIRECTION ( 'NONE',  ( 1.000000000000000000, 0.0000000000000000000, 0.0000000000000000000 ) ) ;
#8425 = SURFACE_STYLE_FILL_AREA ( #4032 ) ;
#8426 = CARTESIAN_POINT ( 'NONE',  ( 0.4736063145194184300, -0.1426500978295292500, 0.05481634749446212500 ) ) ;
#8427 = ORIENTED_EDGE ( 'NONE', *, *, #8621, .F. ) ;
#8428 = AXIS2_PLACEMENT_3D ( 'NONE', #8183, #4233, #218 ) ;
#8429 = CARTESIAN_POINT ( 'NONE',  ( 0.2531057619334105600, 0.1130420846083218400, -0.04611288894989382800 ) ) ;
#8430 = MECHANICAL_DESIGN_GEOMETRIC_PRESENTATION_REPRESENTATION (  '', ( #7090 ), #242 ) ;
#8431 = CARTESIAN_POINT ( 'NONE',  ( 0.3362535637706484700, -0.09804262925687951000, 0.3359582585101316100 ) ) ;
#8432 = EDGE_CURVE ( 'NONE', #4796, #7935, #6769, .T. ) ;
#8433 = DIRECTION ( 'NONE',  ( -0.0000000000000000000, -1.000000000000000000, -0.0000000000000000000 ) ) ;
#8434 = CARTESIAN_POINT ( 'NONE',  ( 0.7307535637706486000, -0.3230426292568794900, 0.02195825851013172300 ) ) ;
#8435 = SHAPE_DEFINITION_REPRESENTATION ( #501, #6308 ) ;
#8436 = COLOUR_RGB ( '',0.2941176470588235400, 0.2941176470588235400, 0.2941176470588235400 ) ;
#8437 = ORIENTED_EDGE ( 'NONE', *, *, #356, .F. ) ;
#8438 = DIRECTION ( 'NONE',  ( 0.7071067811865507900, 0.7071067811865443500, 0.0000000000000000000 ) ) ;
#8439 =( NAMED_UNIT ( * ) PLANE_ANGLE_UNIT ( ) SI_UNIT ( $, .RADIAN. ) );
#8440 = EDGE_LOOP ( 'NONE', ( #4071, #2109, #7253, #5964, #6280, #8020, #7892, #8173 ) ) ;
#8441 = CARTESIAN_POINT ( 'NONE',  ( -0.5972464362293515800, 0.01595737074312052500, -0.008541741489868335400 ) ) ;
#8442 = DIRECTION ( 'NONE',  ( -1.000000000000000000, -0.0000000000000000000, -0.0000000000000000000 ) ) ;
#8443 = FILL_AREA_STYLE_COLOUR ( '', #5669 ) ;
#8444 = CARTESIAN_POINT ( 'NONE',  ( 0.6547932619333801700, -0.1678794943739641000, -0.05608257159181244400 ) ) ;
#8445 = CARTESIAN_POINT ( 'NONE',  ( 0.3009396478528051400, -0.06596019479430446900, -0.1147073747924447500 ) ) ;
#8446 = EDGE_CURVE ( 'NONE', #6555, #8272, #5020, .T. ) ;
#8447 =( GEOMETRIC_REPRESENTATION_CONTEXT ( 3 ) GLOBAL_UNCERTAINTY_ASSIGNED_CONTEXT ( ( #2670 ) ) GLOBAL_UNIT_ASSIGNED_CONTEXT ( ( #3533, #8166, #4217 ) ) REPRESENTATION_CONTEXT ( 'NONE', 'WORKASPACE' ) );
#8448 =( GEOMETRIC_REPRESENTATION_CONTEXT ( 3 ) GLOBAL_UNCERTAINTY_ASSIGNED_CONTEXT ( ( #1918 ) ) GLOBAL_UNIT_ASSIGNED_CONTEXT ( ( #4450, #418, #5103 ) ) REPRESENTATION_CONTEXT ( 'NONE', 'WORKASPACE' ) );
#8449 = ORIENTED_EDGE ( 'NONE', *, *, #1652, .F. ) ;
#8450 =( NAMED_UNIT ( * ) SI_UNIT ( $, .STERADIAN. ) SOLID_ANGLE_UNIT ( ) );
#8451 = DIRECTION ( 'NONE',  ( -1.000000000000000000, 0.0000000000000000000, 0.0000000000000000000 ) ) ;
#8452 = DIRECTION ( 'NONE',  ( -1.000000000000000000, -0.0000000000000000000, -0.0000000000000000000 ) ) ;
#8453 = ORIENTED_EDGE ( 'NONE', *, *, #2332, .T. ) ;
#8454 = EDGE_CURVE ( 'NONE', #8316, #5350, #5233, .T. ) ;
#8455 = CARTESIAN_POINT ( 'NONE',  ( -0.4997464362293511700, -0.09804262925687946800, 0.3414582585101316200 ) ) ;
#8456 = CARTESIAN_POINT ( 'NONE',  ( 0.3615646478527756400, 0.06545017985951599700, 0.1180812825063137400 ) ) ;
#8457 = CIRCLE ( 'NONE', #5270, 0.06200000000000004800 ) ;
#8458 = ADVANCED_FACE ( 'NONE', ( #4811, #1465 ), #2597, .T. ) ;
#8459 = CARTESIAN_POINT ( 'NONE',  ( 0.5878968760140016500, -0.04965890289781161500, 0.1615083987491870400 ) ) ;
#8460 =( NAMED_UNIT ( * ) SI_UNIT ( $, .STERADIAN. ) SOLID_ANGLE_UNIT ( ) );
#8461 = FACE_OUTER_BOUND ( 'NONE', #6619, .T. ) ;
#8462 = PRESENTATION_LAYER_ASSIGNMENT (  '', '', ( #267 ) ) ;
#8463 =( CONVERSION_BASED_UNIT ( 'INCH', #516 ) LENGTH_UNIT ( ) NAMED_UNIT ( #1723 ) );
#8464 = UNCERTAINTY_MEASURE_WITH_UNIT (LENGTH_MEASURE( 1.000000000000000100E-005 ), #6512, 'distance_accuracy_value', 'NONE');
#8465 = FILL_AREA_STYLE_COLOUR ( '', #7259 ) ;
#8466 = CARTESIAN_POINT ( 'NONE',  ( 0.4618661786000243200, -0.1518779996686773800, -0.08380415134195001700 ) ) ;
#8467 = ORIENTED_EDGE ( 'NONE', *, *, #8454, .F. ) ;
#8468 = DIRECTION ( 'NONE',  ( 0.0000000000000000000, -1.000000000000000000, 0.0000000000000000000 ) ) ;
#8469 = CARTESIAN_POINT ( 'NONE',  ( -0.6042464362293514800, -0.2480426292568794500, -0.2585417414898683600 ) ) ;
#8470 = FACE_OUTER_BOUND ( 'NONE', #1663, .T. ) ;
#8471 = DIRECTION ( 'NONE',  ( 1.000000000000000000, -0.0000000000000000000, -0.0000000000000000000 ) ) ;
#8472 = FACE_OUTER_BOUND ( 'NONE', #4531, .T. ) ;
#8473 = PLANE ( 'NONE',  #4059 ) ;
#8474 = FACE_BOUND ( 'NONE', #914, .T. ) ;
#8475 = LINE ( 'NONE', #1818, #6509 ) ;
#8476 =( NAMED_UNIT ( * ) SI_UNIT ( $, .STERADIAN. ) SOLID_ANGLE_UNIT ( ) );
#8477 = PLANE ( 'NONE',  #5805 ) ;
#8478 = UNCERTAINTY_MEASURE_WITH_UNIT (LENGTH_MEASURE( 1.000000000000000100E-005 ), #8277, 'distance_accuracy_value', 'NONE');
#8479 = CARTESIAN_POINT ( 'NONE',  ( 0.6743349286000475100, -0.1821868205665852500, 0.05520927316421411100 ) ) ;
#8480 = FACE_OUTER_BOUND ( 'NONE', #1868, .T. ) ;
#8481 = LENGTH_MEASURE_WITH_UNIT ( LENGTH_MEASURE( 0.02539999999999999900 ), #1941 );
#8482 = B_SPLINE_CURVE_WITH_KNOTS ( 'NONE', 3,
 ( #2516, #7155, #3179, #7828, #3863, #8504, #4551, #525 ),
 .UNSPECIFIED., .F., .F.,
 ( 4, 2, 2, 4 ),
 ( 0.01110629178428362100, 0.01136609360811312000, 0.01162589543194261900, 0.01214549907960161800 ),
 .UNSPECIFIED. ) ;
#8483 = AXIS2_PLACEMENT_3D ( 'NONE', #6564, #2579, #7211 ) ;
#8484 = ORIENTED_EDGE ( 'NONE', *, *, #5896, .F. ) ;
#8485 = STYLED_ITEM ( 'NONE', ( #2954 ), #7598 ) ;
#8486 = CIRCLE ( 'NONE', #2157, 0.04479626937547442200 ) ;
#8487 = LENGTH_MEASURE_WITH_UNIT ( LENGTH_MEASURE( 0.02539999999999999900 ), #2199 );
#8488 = CARTESIAN_POINT ( 'NONE',  ( 0.2656640924492162900, 0.1134930750660303600, -0.006908762154397218700 ) ) ;
#8489 = CARTESIAN_POINT ( 'NONE',  ( 0.3596260426806475700, 0.1144108380725543800, 0.09144015482861475600 ) ) ;
#8490 = DIRECTION ( 'NONE',  ( 0.0000000000000000000, 0.0000000000000000000, -1.000000000000000000 ) ) ;
#8491 = DIRECTION ( 'NONE',  ( -1.000000000000000000, 0.0000000000000000000, 0.0000000000000000000 ) ) ;
#8492 = CARTESIAN_POINT ( 'NONE',  ( -0.07524643622935149600, -0.2800426292568794500, -0.07104174148986833200 ) ) ;
#8493 = CARTESIAN_POINT ( 'NONE',  ( 0.3518870119334312500, -0.02354845937705113100, 0.1334333366313129600 ) ) ;
#8494 = PRESENTATION_LAYER_ASSIGNMENT (  '', '', ( #7590 ) ) ;
#8495 = CARTESIAN_POINT ( 'NONE',  ( 0.6507535637706483000, -0.2780426292568794500, 0.1139582585101316500 ) ) ;
#8496 = CARTESIAN_POINT ( 'NONE',  ( -0.5772464362293517900, -0.3230426292568794900, -0.3530417414898683300 ) ) ;
#8497 = DIMENSIONAL_EXPONENTS ( 1.000000000000000000, 0.0000000000000000000, 0.0000000000000000000, 0.0000000000000000000, 0.0000000000000000000, 0.0000000000000000000, 0.0000000000000000000 ) ;
#8498 = STYLED_ITEM ( 'NONE', ( #5236 ), #1921 ) ;
#8499 = EDGE_CURVE ( 'NONE', #6447, #2689, #590, .T. ) ;
#8500 = CARTESIAN_POINT ( 'NONE',  ( -0.03524643622935151600, -0.2830426292568795100, -0.008541741489868224400 ) ) ;
#8501 = CARTESIAN_POINT ( 'NONE',  ( 0.6532535637706481400, -0.09804262925687946800, 0.3359582585101316100 ) ) ;
#8502 = VERTEX_POINT ( 'NONE', #2623 ) ;
#8503 = FACE_OUTER_BOUND ( 'NONE', #2404, .T. ) ;
#8504 = CARTESIAN_POINT ( 'NONE',  ( -0.5954008284118740300, -0.009042629256879481200, 0.04234505855283351300 ) ) ;
#8505 = EDGE_LOOP ( 'NONE', ( #3332, #2089, #7549, #78 ) ) ;
#8506 = ORIENTED_EDGE ( 'NONE', *, *, #1597, .F. ) ;
#8507 = MECHANICAL_DESIGN_GEOMETRIC_PRESENTATION_REPRESENTATION (  '', ( #7156 ), #304 ) ;
#8508 = FILL_AREA_STYLE_COLOUR ( '', #2126 ) ;
#8509 = DIRECTION ( 'NONE',  ( 0.0000000000000000000, -9.571164508604904000E-017, 1.000000000000000000 ) ) ;
#8510 = CARTESIAN_POINT ( 'NONE',  ( 0.3541474286000279600, 0.1270016096275470900, 0.1041449420582432300 ) ) ;
#8511 = CARTESIAN_POINT ( 'NONE',  ( 0.5939182619333820400, -0.05819904429828859400, 0.1836418230132998400 ) ) ;
#8512 = ADVANCED_FACE ( 'NONE', ( #2398 ), #5122, .T. ) ;
#8513 = EDGE_LOOP ( 'NONE', ( #2054, #4976, #4462, #4156 ) ) ;
#8514 = CARTESIAN_POINT ( 'NONE',  ( 0.1547535637706485000, -0.2800426292568794500, -0.01354174148986834000 ) ) ;
#8515 = PRESENTATION_STYLE_ASSIGNMENT (( #6838 ) ) ;
#8516 = LINE ( 'NONE', #3696, #1644 ) ;
#8517 = ORIENTED_EDGE ( 'NONE', *, *, #2948, .T. ) ;
#8518 = MECHANICAL_DESIGN_GEOMETRIC_PRESENTATION_REPRESENTATION (  '', ( #7603 ), #309 ) ;
#8519 =( NAMED_UNIT ( * ) SI_UNIT ( $, .STERADIAN. ) SOLID_ANGLE_UNIT ( ) );
#8520 = ORIENTED_EDGE ( 'NONE', *, *, #5023, .F. ) ;
#8521 = FACE_OUTER_BOUND ( 'NONE', #4477, .T. ) ;
#8522 = STYLED_ITEM ( 'NONE', ( #689 ), #3068 ) ;
#8523 = LINE ( 'NONE', #1646, #3423 ) ;
#8524 = SURFACE_STYLE_FILL_AREA ( #3389 ) ;
#8525 =( CONVERSION_BASED_UNIT ( 'INCH', #6957 ) LENGTH_UNIT ( ) NAMED_UNIT ( #3978 ) );
#8526 = EDGE_CURVE ( 'NONE', #4275, #6849, #3343, .T. ) ;
#8527 = CARTESIAN_POINT ( 'NONE',  ( 0.6120218760139895000, 0.1843033264496579100, 0.06272433259633784800 ) ) ;
#8528 = EDGE_LOOP ( 'NONE', ( #3295 ) ) ;
#8529 = DIMENSIONAL_EXPONENTS ( 1.000000000000000000, 0.0000000000000000000, 0.0000000000000000000, 0.0000000000000000000, 0.0000000000000000000, 0.0000000000000000000, 0.0000000000000000000 ) ;
#8530 = ORIENTED_EDGE ( 'NONE', *, *, #2927, .F. ) ;
#8531 = ORIENTED_EDGE ( 'NONE', *, *, #162, .F. ) ;
#8532 = CARTESIAN_POINT ( 'NONE',  ( 0.7125229811860918100, 0.2008022892903817700, 0.06782812224745124500 ) ) ;
#8533 = LINE ( 'NONE', #3420, #3434 ) ;
#8534 =( LENGTH_UNIT ( ) NAMED_UNIT ( * ) SI_UNIT ( $, .METRE. ) );
#8535 = SURFACE_STYLE_USAGE ( .BOTH. , #3889 ) ;
#8536 = CARTESIAN_POINT ( 'NONE',  ( -0.5847294899906164700, 0.04095737074312051600, -0.08185452421872514700 ) ) ;
#8537 = ORIENTED_EDGE ( 'NONE', *, *, #4084, .F. ) ;
#8538 = MECHANICAL_DESIGN_GEOMETRIC_PRESENTATION_REPRESENTATION (  '', ( #7183 ), #332 ) ;
#8539 = SURFACE_SIDE_STYLE ('',( #4129 ) ) ;
#8540 = LENGTH_MEASURE_WITH_UNIT ( LENGTH_MEASURE( 0.02539999999999999900 ), #947 );
#8541 = SURFACE_SIDE_STYLE ('',( #664 ) ) ;
#8542 = CARTESIAN_POINT ( 'NONE',  ( 0.5341682619333669700, 0.04214387711947244200, -0.2061997170133220100 ) ) ;
#8543 = CARTESIAN_POINT ( 'NONE',  ( 0.5175224286000634800, 0.2178417575131068600, 0.02660879778915816200 ) ) ;
#8544 = AXIS2_PLACEMENT_3D ( 'NONE', #909, #5564, #1583 ) ;
#8545 = VECTOR ( 'NONE', #1648, 39.37007874015748100 ) ;
#8546 = PRESENTATION_STYLE_ASSIGNMENT (( #8336 ) ) ;
#8547 = PRESENTATION_LAYER_ASSIGNMENT (  '', '', ( #7628 ) ) ;
#8548 = EDGE_LOOP ( 'NONE', ( #4839 ) ) ;
#8549 = SURFACE_STYLE_FILL_AREA ( #7606 ) ;
#8550 = FACE_OUTER_BOUND ( 'NONE', #7568, .T. ) ;
#8551 = SURFACE_STYLE_FILL_AREA ( #7226 ) ;
#8552 = DIMENSIONAL_EXPONENTS ( 1.000000000000000000, 0.0000000000000000000, 0.0000000000000000000, 0.0000000000000000000, 0.0000000000000000000, 0.0000000000000000000, 0.0000000000000000000 ) ;
#8553 = CARTESIAN_POINT ( 'NONE',  ( 0.7380754615193634300, -0.009042629256879479400, 0.06494502093455228900 ) ) ;
#8554 = CYLINDRICAL_SURFACE ( 'NONE', #1081, 0.06199999999999997900 ) ;
#8555 = ORIENTED_EDGE ( 'NONE', *, *, #2811, .F. ) ;
#8556 = VERTEX_POINT ( 'NONE', #198 ) ;
#8557 = PRESENTATION_LAYER_ASSIGNMENT (  '', '', ( #7636 ) ) ;
#8558 = ADVANCED_FACE ( 'NONE', ( #6665 ), #6657, .F. ) ;
#8559 = CARTESIAN_POINT ( 'NONE',  ( 0.6321260426806641900, 0.1268988268417089200, -0.1542427125137236000 ) ) ;
#8560 = MECHANICAL_DESIGN_GEOMETRIC_PRESENTATION_REPRESENTATION (  '', ( #7638 ), #345 ) ;
#8561 = CARTESIAN_POINT ( 'NONE',  ( 0.7557535637706485100, -0.02053261085912316800, -0.03904174148986839400 ) ) ;
#8562 = COLOUR_RGB ( '',0.2941176470588235400, 0.2941176470588235400, 0.2941176470588235400 ) ;
#8563 = EDGE_CURVE ( 'NONE', #228, #4087, #7281, .T. ) ;
#8564 = VERTEX_POINT ( 'NONE', #4061 ) ;
#8565 = CARTESIAN_POINT ( 'NONE',  ( 0.6361271478527529300, 0.2070692876071522600, -0.08789313966534123600 ) ) ;
#8566 = PRESENTATION_LAYER_ASSIGNMENT (  '', '', ( #7204 ) ) ;
#8567 = DIRECTION ( 'NONE',  ( -0.0000000000000000000, -0.0000000000000000000, -1.000000000000000000 ) ) ;
#8568 = LINE ( 'NONE', #3928, #6788 ) ;
#8569 = FILL_AREA_STYLE_COLOUR ( '', #5808 ) ;
#8570 =( CONVERSION_BASED_UNIT ( 'INCH', #8625 ) LENGTH_UNIT ( ) NAMED_UNIT ( #7389 ) );
#8571 = CARTESIAN_POINT ( 'NONE',  ( 0.7382366175319133900, 0.04095737074312052300, 0.06477104123898844200 ) ) ;
#8572 = DIRECTION ( 'NONE',  ( -1.000000000000000000, 0.0000000000000000000, -2.134256245050203000E-016 ) ) ;
#8573 = CARTESIAN_POINT ( 'NONE',  ( -0.5041755700876193700, 0.01595737074312059500, -0.008541741489868370100 ) ) ;
#8574 = CARTESIAN_POINT ( 'NONE',  ( -0.6022464362293515900, 0.2539573707431204100, -0.2335417414898683400 ) ) ;
#8575 = CARTESIAN_POINT ( 'NONE',  ( 0.4156468760139902500, 0.03449102391938801300, -0.1894910445334614900 ) ) ;
#8576 = EDGE_CURVE ( 'NONE', #1696, #237, #5528, .T. ) ;
#8577 = STYLED_ITEM ( 'NONE', ( #677 ), #5978 ) ;
#8578 = AXIS2_PLACEMENT_3D ( 'NONE', #4738, #717, #5377 ) ;
#8579 = CARTESIAN_POINT ( 'NONE',  ( -0.5822464362293516800, 0.01595737074312052500, -0.008541741489868335400 ) ) ;
#8580 = VERTEX_POINT ( 'NONE', #6055 ) ;
#8581 = CARTESIAN_POINT ( 'NONE',  ( 0.7497281360351080200, -0.009042629256879463800, -0.04571304426445600000 ) ) ;
#8582 = FACE_OUTER_BOUND ( 'NONE', #8184, .T. ) ;
#8583 = EDGE_CURVE ( 'NONE', #2815, #2815, #224, .T. ) ;
#8584 = DIMENSIONAL_EXPONENTS ( 1.000000000000000000, 0.0000000000000000000, 0.0000000000000000000, 0.0000000000000000000, 0.0000000000000000000, 0.0000000000000000000, 0.0000000000000000000 ) ;
#8585 = DIRECTION ( 'NONE',  ( 0.0000000000000000000, 0.0000000000000000000, -1.000000000000000000 ) ) ;
#8586 = CARTESIAN_POINT ( 'NONE',  ( 0.5235635426806829500, 0.1741717516251637100, -0.09653589662203747300 ) ) ;
#8587 =( CONVERSION_BASED_UNIT ( 'INCH', #1045 ) LENGTH_UNIT ( ) NAMED_UNIT ( #8529 ) );
#8588 = DIRECTION ( 'NONE',  ( 0.0000000000000000000, -0.9242245927362799900, -0.3818493186866480100 ) ) ;
#8589 = COLOUR_RGB ( '',0.2941176470588235400, 0.2941176470588235400, 0.2941176470588235400 ) ;
#8590 = SURFACE_STYLE_FILL_AREA ( #2128 ) ;
#8591 = CARTESIAN_POINT ( 'NONE',  ( 0.5597313145194365800, -0.05039876056799570000, -0.2025401755466770000 ) ) ;
#8592 =( CONVERSION_BASED_UNIT ( 'INCH', #4539 ) LENGTH_UNIT ( ) NAMED_UNIT ( #2747 ) );
#8593 =( CONVERSION_BASED_UNIT ( 'INCH', #7154 ) LENGTH_UNIT ( ) NAMED_UNIT ( #4053 ) );
#8594 = DIMENSIONAL_EXPONENTS ( 1.000000000000000000, 0.0000000000000000000, 0.0000000000000000000, 0.0000000000000000000, 0.0000000000000000000, 0.0000000000000000000, 0.0000000000000000000 ) ;
#8595 = DIRECTION ( 'NONE',  ( 0.0000000000000000000, -0.3818493186865761800, 0.9242245927363098600 ) ) ;
#8596 = CARTESIAN_POINT ( 'NONE',  ( 0.6468755692447126800, 0.01595737074312052500, -0.008541741489868335400 ) ) ;
#8597 = SURFACE_STYLE_FILL_AREA ( #7646 ) ;
#8598 = CARTESIAN_POINT ( 'NONE',  ( 0.3984281260139904100, 0.1454675098841115800, -0.1292913380958502500 ) ) ;
#8599 =( GEOMETRIC_REPRESENTATION_CONTEXT ( 3 ) GLOBAL_UNCERTAINTY_ASSIGNED_CONTEXT ( ( #2941 ) ) GLOBAL_UNIT_ASSIGNED_CONTEXT ( ( #7027, #3044, #7684 ) ) REPRESENTATION_CONTEXT ( 'NONE', 'WORKASPACE' ) );
#8600 = ADVANCED_FACE ( 'NONE', ( #2205 ), #6705, .F. ) ;
#8601 = ORIENTED_EDGE ( 'NONE', *, *, #3383, .F. ) ;
#8602 =( LENGTH_UNIT ( ) NAMED_UNIT ( * ) SI_UNIT ( $, .METRE. ) );
#8603 = CIRCLE ( 'NONE', #5898, 0.04479626937547442200 ) ;
#8604 = CARTESIAN_POINT ( 'NONE',  ( -0.03524643622935151600, -0.2830426292568795100, 0.05395825851013164700 ) ) ;
#8605 = CARTESIAN_POINT ( 'NONE',  ( 0.7065015952667114100, 0.2008022892903817700, 0.06782812224745124500 ) ) ;
#8606 = AXIS2_PLACEMENT_3D ( 'NONE', #6081, #2087, #6730 ) ;
#8607 = ADVANCED_BREP_SHAPE_REPRESENTATION ( '', ( #4093, #5268, #763, #1940, #3705, #1674, #7320 ), #6450 ) ;
#8608 = STYLED_ITEM ( 'NONE', ( #6368 ), #7847 ) ;
#8609 = VECTOR ( 'NONE', #1005, 39.37007874015748100 ) ;
#8610 = ORIENTED_EDGE ( 'NONE', *, *, #7499, .F. ) ;
#8611 = UNCERTAINTY_MEASURE_WITH_UNIT (LENGTH_MEASURE( 1.000000000000000100E-005 ), #4891, 'distance_accuracy_value', 'NONE');
#8612 = CARTESIAN_POINT ( 'NONE',  ( -0.5901388490795380600, 0.04095737074312053000, 0.05638851053655550400 ) ) ;
#8613 = CARTESIAN_POINT ( 'NONE',  ( -0.5822464362293516800, 0.04095737074312051600, -0.04571304426445600000 ) ) ;
#8614 = EDGE_LOOP ( 'NONE', ( #601, #7984, #1057, #2698 ) ) ;
#8615 = SURFACE_STYLE_FILL_AREA ( #2139 ) ;
#8616 = CARTESIAN_POINT ( 'NONE',  ( 0.4621271478527656500, -0.1738264844561338600, -0.03655195330342449900 ) ) ;
#8617 = VERTEX_POINT ( 'NONE', #781 ) ;
#8618 = CARTESIAN_POINT ( 'NONE',  ( -0.9984602808033384800, -0.2800426292568794500, -0.01354174148986844900 ) ) ;
#8619 = CARTESIAN_POINT ( 'NONE',  ( 0.6507535637706483000, -0.3480426292568794500, 0.1139582585101316500 ) ) ;
#8620 = STYLED_ITEM ( 'NONE', ( #5607 ), #2291 ) ;
#8621 = EDGE_CURVE ( 'NONE', #2245, #2822, #3057, .T. ) ;
#8622 = DIRECTION ( 'NONE',  ( 0.0000000000000000000, 1.000000000000000000, 9.571164508604897800E-017 ) ) ;
#8623 =( LENGTH_UNIT ( ) NAMED_UNIT ( * ) SI_UNIT ( $, .METRE. ) );
#8624 =( NAMED_UNIT ( * ) SI_UNIT ( $, .STERADIAN. ) SOLID_ANGLE_UNIT ( ) );
#8625 = LENGTH_MEASURE_WITH_UNIT ( LENGTH_MEASURE( 0.02539999999999999900 ), #3920 );
#8626 = CARTESIAN_POINT ( 'NONE',  ( 0.3362535637706484700, -0.09804262925687951000, 0.3009582585101315800 ) ) ;
#8627 = CARTESIAN_POINT ( 'NONE',  ( 0.3141572926806784300, -0.1190001295029915800, 0.04337133594108103000 ) ) ;
#8628 = CIRCLE ( 'NONE', #1103, 0.01599999999999998000 ) ;
#8629 = ORIENTED_EDGE ( 'NONE', *, *, #6316, .T. ) ;
ENDSEC;
END-ISO-10303-21;
