ISO-10303-21;
HEADER;
FILE_DESCRIPTION (( 'STEP AP214' ),
    '1' );
FILE_NAME ('2992.STEP',
    '2008-01-14T18:40:38',
    ( 'Richard Maletta' ),
    ( '' ),
    'SwSTEP 2.0',
    'SolidWorks 2008',
    '' );
FILE_SCHEMA (( 'AUTOMOTIVE_DESIGN' ));
ENDSEC;

DATA;
#1 = ORIENTED_EDGE ( 'NONE', *, *, #87, .F. ) ;
#2 = VERTEX_POINT ( 'NONE', #462 ) ;
#3 = ORIENTED_EDGE ( 'NONE', *, *, #487, .T. ) ;
#4 = EDGE_CURVE ( 'NONE', #79, #59, #644, .T. ) ;
#5 = ORIENTED_EDGE ( 'NONE', *, *, #6, .T. ) ;
#6 = EDGE_CURVE ( 'NONE', #86, #15, #636, .T. ) ;
#7 = VERTEX_POINT ( 'NONE', #529 ) ;
#8 = ADVANCED_FACE ( 'NONE', ( #645 ), #576, .F. ) ;
#9 = EDGE_CURVE ( 'NONE', #2, #48, #590, .T. ) ;
#10 = EDGE_LOOP ( 'NONE', ( #38, #36, #73, #75, #193, #126, #203, #189, #202 ) ) ;
#11 = VERTEX_POINT ( 'NONE', #642 ) ;
#12 = VERTEX_POINT ( 'NONE', #606 ) ;
#13 = ORIENTED_EDGE ( 'NONE', *, *, #14, .F. ) ;
#14 = EDGE_CURVE ( 'NONE', #12, #15, #592, .T. ) ;
#15 = VERTEX_POINT ( 'NONE', #525 ) ;
#16 = VERTEX_POINT ( 'NONE', #522 ) ;
#17 = ORIENTED_EDGE ( 'NONE', *, *, #68, .T. ) ;
#18 = ORIENTED_EDGE ( 'NONE', *, *, #123, .F. ) ;
#19 = ORIENTED_EDGE ( 'NONE', *, *, #69, .F. ) ;
#20 = ORIENTED_EDGE ( 'NONE', *, *, #53, .T. ) ;
#21 = EDGE_CURVE ( 'NONE', #48, #133, #573, .T. ) ;
#22 = ORIENTED_EDGE ( 'NONE', *, *, #54, .T. ) ;
#23 = ORIENTED_EDGE ( 'NONE', *, *, #9, .F. ) ;
#24 = EDGE_CURVE ( 'NONE', #7, #112, #579, .T. ) ;
#25 = ORIENTED_EDGE ( 'NONE', *, *, #120, .T. ) ;
#26 = EDGE_CURVE ( 'NONE', #107, #108, #650, .T. ) ;
#27 = ADVANCED_FACE ( 'NONE', ( #646 ), #524, .F. ) ;
#28 = ORIENTED_EDGE ( 'NONE', *, *, #519, .T. ) ;
#29 = EDGE_CURVE ( 'NONE', #15, #491, #572, .T. ) ;
#30 = ORIENTED_EDGE ( 'NONE', *, *, #14, .T. ) ;
#31 = EDGE_CURVE ( 'NONE', #16, #118, #612, .T. ) ;
#32 = EDGE_CURVE ( 'NONE', #518, #197, #553, .T. ) ;
#33 = ORIENTED_EDGE ( 'NONE', *, *, #165, .F. ) ;
#34 = ORIENTED_EDGE ( 'NONE', *, *, #69, .T. ) ;
#35 = VERTEX_POINT ( 'NONE', #548 ) ;
#36 = ORIENTED_EDGE ( 'NONE', *, *, #71, .T. ) ;
#37 = EDGE_CURVE ( 'NONE', #97, #72, #534, .T. ) ;
#38 = ORIENTED_EDGE ( 'NONE', *, *, #514, .F. ) ;
#39 = ADVANCED_FACE ( 'NONE', ( #530 ), #654, .F. ) ;
#40 = EDGE_LOOP ( 'NONE', ( #410, #506, #414, #326 ) ) ;
#41 = ORIENTED_EDGE ( 'NONE', *, *, #42, .T. ) ;
#42 = EDGE_CURVE ( 'NONE', #205, #108, #657, .T. ) ;
#43 = VERTEX_POINT ( 'NONE', #656 ) ;
#44 = ADVANCED_FACE ( 'NONE', ( #655, #605 ), #604, .F. ) ;
#45 = ORIENTED_EDGE ( 'NONE', *, *, #29, .T. ) ;
#46 = EDGE_CURVE ( 'NONE', #509, #130, #663, .T. ) ;
#47 = VERTEX_POINT ( 'NONE', #664 ) ;
#48 = VERTEX_POINT ( 'NONE', #547 ) ;
#49 = EDGE_LOOP ( 'NONE', ( #22, #23, #19, #57 ) ) ;
#50 = EDGE_LOOP ( 'NONE', ( #5, #13, #494, #517 ) ) ;
#51 = ORIENTED_EDGE ( 'NONE', *, *, #499, .F. ) ;
#52 = EDGE_CURVE ( 'NONE', #47, #60, #546, .T. ) ;
#53 = EDGE_CURVE ( 'NONE', #112, #145, #542, .T. ) ;
#54 = EDGE_CURVE ( 'NONE', #7, #48, #538, .T. ) ;
#55 = ORIENTED_EDGE ( 'NONE', *, *, #54, .F. ) ;
#56 = ORIENTED_EDGE ( 'NONE', *, *, #24, .T. ) ;
#57 = ORIENTED_EDGE ( 'NONE', *, *, #58, .T. ) ;
#58 = EDGE_CURVE ( 'NONE', #72, #7, #570, .T. ) ;
#59 = VERTEX_POINT ( 'NONE', #571 ) ;
#60 = VERTEX_POINT ( 'NONE', #569 ) ;
#61 = EDGE_CURVE ( 'NONE', #498, #511, #568, .T. ) ;
#62 = ADVANCED_FACE ( 'NONE', ( #559 ), #626, .F. ) ;
#63 = ORIENTED_EDGE ( 'NONE', *, *, #46, .T. ) ;
#64 = ORIENTED_EDGE ( 'NONE', *, *, #26, .F. ) ;
#65 = EDGE_CURVE ( 'NONE', #106, #43, #622, .T. ) ;
#66 = ORIENTED_EDGE ( 'NONE', *, *, #67, .F. ) ;
#67 = EDGE_CURVE ( 'NONE', #79, #106, #617, .T. ) ;
#68 = EDGE_CURVE ( 'NONE', #16, #47, #758, .T. ) ;
#69 = EDGE_CURVE ( 'NONE', #72, #2, #718, .T. ) ;
#70 = ORIENTED_EDGE ( 'NONE', *, *, #37, .T. ) ;
#71 = EDGE_CURVE ( 'NONE', #474, #86, #727, .T. ) ;
#72 = VERTEX_POINT ( 'NONE', #710 ) ;
#73 = ORIENTED_EDGE ( 'NONE', *, *, #74, .F. ) ;
#74 = EDGE_CURVE ( 'NONE', #35, #86, #764, .T. ) ;
#75 = ORIENTED_EDGE ( 'NONE', *, *, #76, .F. ) ;
#76 = EDGE_CURVE ( 'NONE', #11, #35, #734, .T. ) ;
#77 = ORIENTED_EDGE ( 'NONE', *, *, #78, .T. ) ;
#78 = EDGE_CURVE ( 'NONE', #489, #488, #722, .T. ) ;
#79 = VERTEX_POINT ( 'NONE', #708 ) ;
#80 = ORIENTED_EDGE ( 'NONE', *, *, #466, .T. ) ;
#81 = ORIENTED_EDGE ( 'NONE', *, *, #82, .T. ) ;
#82 = EDGE_CURVE ( 'NONE', #508, #187, #709, .T. ) ;
#83 = ORIENTED_EDGE ( 'NONE', *, *, #85, .F. ) ;
#84 = EDGE_LOOP ( 'NONE', ( #1, #80, #81, #186, #100, #92, #95, #70, #34 ) ) ;
#85 = EDGE_CURVE ( 'NONE', #483, #89, #713, .T. ) ;
#86 = VERTEX_POINT ( 'NONE', #755 ) ;
#87 = EDGE_CURVE ( 'NONE', #507, #2, #753, .T. ) ;
#88 = ORIENTED_EDGE ( 'NONE', *, *, #91, .F. ) ;
#89 = VERTEX_POINT ( 'NONE', #703 ) ;
#90 = EDGE_CURVE ( 'NONE', #471, #98, #702, .T. ) ;
#91 = EDGE_CURVE ( 'NONE', #89, #98, #684, .T. ) ;
#92 = ORIENTED_EDGE ( 'NONE', *, *, #93, .T. ) ;
#93 = EDGE_CURVE ( 'NONE', #128, #94, #724, .T. ) ;
#94 = VERTEX_POINT ( 'NONE', #767 ) ;
#95 = ORIENTED_EDGE ( 'NONE', *, *, #96, .F. ) ;
#96 = EDGE_CURVE ( 'NONE', #97, #94, #766, .T. ) ;
#97 = VERTEX_POINT ( 'NONE', #670 ) ;
#98 = VERTEX_POINT ( 'NONE', #746 ) ;
#99 = EDGE_CURVE ( 'NONE', #187, #205, #733, .T. ) ;
#100 = ORIENTED_EDGE ( 'NONE', *, *, #101, .F. ) ;
#101 = EDGE_CURVE ( 'NONE', #128, #205, #763, .T. ) ;
#102 = EDGE_LOOP ( 'NONE', ( #18, #119, #17, #116 ) ) ;
#103 = ORIENTED_EDGE ( 'NONE', *, *, #4, .T. ) ;
#104 = EDGE_LOOP ( 'NONE', ( #103, #25, #121, #66 ) ) ;
#105 = EDGE_LOOP ( 'NONE', ( #63, #33, #110, #28 ) ) ;
#106 = VERTEX_POINT ( 'NONE', #683 ) ;
#107 = VERTEX_POINT ( 'NONE', #682 ) ;
#108 = VERTEX_POINT ( 'NONE', #681 ) ;
#109 = ORIENTED_EDGE ( 'NONE', *, *, #114, .F. ) ;
#110 = ORIENTED_EDGE ( 'NONE', *, *, #32, .F. ) ;
#111 = ADVANCED_FACE ( 'NONE', ( #680 ), #675, .T. ) ;
#112 = VERTEX_POINT ( 'NONE', #691 ) ;
#113 = ADVANCED_FACE ( 'NONE', ( #687 ), #685, .T. ) ;
#114 = EDGE_CURVE ( 'NONE', #128, #107, #704, .T. ) ;
#115 = ORIENTED_EDGE ( 'NONE', *, *, #101, .T. ) ;
#116 = ORIENTED_EDGE ( 'NONE', *, *, #52, .T. ) ;
#117 = EDGE_LOOP ( 'NONE', ( #77, #3 ) ) ;
#118 = VERTEX_POINT ( 'NONE', #854 ) ;
#119 = ORIENTED_EDGE ( 'NONE', *, *, #31, .F. ) ;
#120 = EDGE_CURVE ( 'NONE', #59, #43, #797, .T. ) ;
#121 = ORIENTED_EDGE ( 'NONE', *, *, #65, .F. ) ;
#122 = EDGE_LOOP ( 'NONE', ( #64, #109, #115, #41 ) ) ;
#123 = EDGE_CURVE ( 'NONE', #118, #60, #790, .T. ) ;
#124 = EDGE_LOOP ( 'NONE', ( #129, #131, #195, #198 ) ) ;
#125 = EDGE_CURVE ( 'NONE', #471, #483, #815, .T. ) ;
#126 = ORIENTED_EDGE ( 'NONE', *, *, #142, .F. ) ;
#127 = VERTEX_POINT ( 'NONE', #834 ) ;
#128 = VERTEX_POINT ( 'NONE', #814 ) ;
#129 = ORIENTED_EDGE ( 'NONE', *, *, #200, .T. ) ;
#130 = VERTEX_POINT ( 'NONE', #786 ) ;
#131 = ORIENTED_EDGE ( 'NONE', *, *, #164, .F. ) ;
#132 = EDGE_CURVE ( 'NONE', #133, #156, #789, .T. ) ;
#133 = VERTEX_POINT ( 'NONE', #845 ) ;
#134 = ORIENTED_EDGE ( 'NONE', *, *, #179, .F. ) ;
#135 = ORIENTED_EDGE ( 'NONE', *, *, #144, .F. ) ;
#136 = EDGE_CURVE ( 'NONE', #194, #184, #863, .T. ) ;
#137 = ORIENTED_EDGE ( 'NONE', *, *, #136, .F. ) ;
#138 = ORIENTED_EDGE ( 'NONE', *, *, #143, .T. ) ;
#139 = EDGE_CURVE ( 'NONE', #98, #89, #804, .T. ) ;
#140 = EDGE_LOOP ( 'NONE', ( #199, #182, #137, #138 ) ) ;
#141 = VERTEX_POINT ( 'NONE', #770 ) ;
#142 = EDGE_CURVE ( 'NONE', #127, #161, #856, .T. ) ;
#143 = EDGE_CURVE ( 'NONE', #194, #180, #803, .T. ) ;
#144 = EDGE_CURVE ( 'NONE', #181, #141, #794, .T. ) ;
#145 = VERTEX_POINT ( 'NONE', #832 ) ;
#146 = EDGE_CURVE ( 'NONE', #180, #166, #799, .T. ) ;
#147 = ADVANCED_FACE ( 'NONE', ( #858 ), #857, .T. ) ;
#148 = ORIENTED_EDGE ( 'NONE', *, *, #173, .T. ) ;
#149 = ORIENTED_EDGE ( 'NONE', *, *, #132, .F. ) ;
#150 = ORIENTED_EDGE ( 'NONE', *, *, #470, .F. ) ;
#151 = EDGE_CURVE ( 'NONE', #505, #167, #852, .T. ) ;
#152 = ORIENTED_EDGE ( 'NONE', *, *, #146, .T. ) ;
#153 = ADVANCED_FACE ( 'NONE', ( #853 ), #847, .T. ) ;
#154 = EDGE_LOOP ( 'NONE', ( #148, #149, #171, #55, #56, #20 ) ) ;
#155 = EDGE_CURVE ( 'NONE', #156, #184, #828, .T. ) ;
#156 = VERTEX_POINT ( 'NONE', #830 ) ;
#157 = EDGE_LOOP ( 'NONE', ( #158, #135, #134, #152 ) ) ;
#158 = ORIENTED_EDGE ( 'NONE', *, *, #164, .T. ) ;
#159 = ORIENTED_EDGE ( 'NONE', *, *, #155, .F. ) ;
#160 = EDGE_LOOP ( 'NONE', ( #150, #201 ) ) ;
#161 = VERTEX_POINT ( 'NONE', #829 ) ;
#162 = ADVANCED_FACE ( 'NONE', ( #823, #822 ), #783, .F. ) ;
#163 = ORIENTED_EDGE ( 'NONE', *, *, #139, .T. ) ;
#164 = EDGE_CURVE ( 'NONE', #166, #141, #839, .T. ) ;
#165 = EDGE_CURVE ( 'NONE', #197, #130, #835, .T. ) ;
#166 = VERTEX_POINT ( 'NONE', #810 ) ;
#167 = VERTEX_POINT ( 'NONE', #809 ) ;
#168 = ADVANCED_FACE ( 'NONE', ( #808 ), #807, .T. ) ;
#169 = EDGE_CURVE ( 'NONE', #11, #161, #707, .T. ) ;
#170 = EDGE_LOOP ( 'NONE', ( #338, #446, #396, #366 ) ) ;
#171 = ORIENTED_EDGE ( 'NONE', *, *, #21, .F. ) ;
#172 = ORIENTED_EDGE ( 'NONE', *, *, #173, .F. ) ;
#173 = EDGE_CURVE ( 'NONE', #145, #156, #940, .T. ) ;
#174 = ORIENTED_EDGE ( 'NONE', *, *, #136, .T. ) ;
#175 = ORIENTED_EDGE ( 'NONE', *, *, #176, .T. ) ;
#176 = EDGE_CURVE ( 'NONE', #145, #194, #868, .T. ) ;
#177 = ADVANCED_FACE ( 'NONE', ( #941 ), #902, .T. ) ;
#178 = EDGE_LOOP ( 'NONE', ( #174, #159, #172, #175 ) ) ;
#179 = EDGE_CURVE ( 'NONE', #180, #181, #899, .T. ) ;
#180 = VERTEX_POINT ( 'NONE', #900 ) ;
#181 = VERTEX_POINT ( 'NONE', #935 ) ;
#182 = ORIENTED_EDGE ( 'NONE', *, *, #183, .F. ) ;
#183 = EDGE_CURVE ( 'NONE', #184, #181, #882, .T. ) ;
#184 = VERTEX_POINT ( 'NONE', #887 ) ;
#185 = EDGE_CURVE ( 'NONE', #127, #188, #886, .T. ) ;
#186 = ORIENTED_EDGE ( 'NONE', *, *, #99, .T. ) ;
#187 = VERTEX_POINT ( 'NONE', #925 ) ;
#188 = VERTEX_POINT ( 'NONE', #871 ) ;
#189 = ORIENTED_EDGE ( 'NONE', *, *, #204, .F. ) ;
#190 = ADVANCED_FACE ( 'NONE', ( #870, #889 ), #888, .T. ) ;
#191 = EDGE_LOOP ( 'NONE', ( #192, #163 ) ) ;
#192 = ORIENTED_EDGE ( 'NONE', *, *, #91, .T. ) ;
#193 = ORIENTED_EDGE ( 'NONE', *, *, #169, .T. ) ;
#194 = VERTEX_POINT ( 'NONE', #884 ) ;
#195 = ORIENTED_EDGE ( 'NONE', *, *, #196, .F. ) ;
#196 = EDGE_CURVE ( 'NONE', #197, #166, #907, .T. ) ;
#197 = VERTEX_POINT ( 'NONE', #916 ) ;
#198 = ORIENTED_EDGE ( 'NONE', *, *, #165, .T. ) ;
#199 = ORIENTED_EDGE ( 'NONE', *, *, #179, .T. ) ;
#200 = EDGE_CURVE ( 'NONE', #130, #141, #875, .T. ) ;
#201 = ORIENTED_EDGE ( 'NONE', *, *, #125, .F. ) ;
#202 = ORIENTED_EDGE ( 'NONE', *, *, #151, .F. ) ;
#203 = ORIENTED_EDGE ( 'NONE', *, *, #185, .T. ) ;
#204 = EDGE_CURVE ( 'NONE', #167, #188, #913, .T. ) ;
#205 = VERTEX_POINT ( 'NONE', #909 ) ;
#206 = ORIENTED_EDGE ( 'NONE', *, *, #85, .T. ) ;
#207 = ORIENTED_EDGE ( 'NONE', *, *, #139, .F. ) ;
#208 = ORIENTED_EDGE ( 'NONE', *, *, #246, .T. ) ;
#209 = ORIENTED_EDGE ( 'NONE', *, *, #210, .F. ) ;
#210 = EDGE_CURVE ( 'NONE', #205, #188, #879, .T. ) ;
#211 = ORIENTED_EDGE ( 'NONE', *, *, #204, .T. ) ;
#212 = ORIENTED_EDGE ( 'NONE', *, *, #65, .T. ) ;
#213 = ORIENTED_EDGE ( 'NONE', *, *, #485, .F. ) ;
#214 = EDGE_LOOP ( 'NONE', ( #442, #240, #206, #207 ) ) ;
#215 = EDGE_LOOP ( 'NONE', ( #244, #245, #211, #209 ) ) ;
#216 = ORIENTED_EDGE ( 'NONE', *, *, #328, .F. ) ;
#217 = EDGE_CURVE ( 'NONE', #323, #411, #921, .T. ) ;
#218 = ORIENTED_EDGE ( 'NONE', *, *, #424, .T. ) ;
#219 = ADVANCED_FACE ( 'NONE', ( #892 ), #933, .T. ) ;
#220 = EDGE_CURVE ( 'NONE', #187, #167, #952, .T. ) ;
#221 = ORIENTED_EDGE ( 'NONE', *, *, #82, .F. ) ;
#222 = ADVANCED_FACE ( 'NONE', ( #957 ), #890, .T. ) ;
#223 = EDGE_CURVE ( 'NONE', #47, #106, #1073, .T. ) ;
#224 = EDGE_LOOP ( 'NONE', ( #364, #429, #208, #247 ) ) ;
#225 = ORIENTED_EDGE ( 'NONE', *, *, #311, .T. ) ;
#226 = ORIENTED_EDGE ( 'NONE', *, *, #223, .T. ) ;
#227 = ADVANCED_FACE ( 'NONE', ( #1059 ), #1066, .T. ) ;
#228 = ORIENTED_EDGE ( 'NONE', *, *, #52, .F. ) ;
#229 = EDGE_LOOP ( 'NONE', ( #257, #228, #226, #212 ) ) ;
#230 = EDGE_LOOP ( 'NONE', ( #213, #252, #253, #221 ) ) ;
#231 = ADVANCED_FACE ( 'NONE', ( #1086 ), #1081, .F. ) ;
#232 = ADVANCED_FACE ( 'NONE', ( #1040 ), #986, .T. ) ;
#233 = ADVANCED_FACE ( 'NONE', ( #1005 ), #1043, .T. ) ;
#234 = ORIENTED_EDGE ( 'NONE', *, *, #500, .F. ) ;
#235 = EDGE_LOOP ( 'NONE', ( #234, #255, #256, #249 ) ) ;
#236 = EDGE_CURVE ( 'NONE', #254, #313, #1045, .T. ) ;
#237 = ORIENTED_EDGE ( 'NONE', *, *, #365, .T. ) ;
#238 = EDGE_LOOP ( 'NONE', ( #225, #430, #335, #342 ) ) ;
#239 = VERTEX_POINT ( 'NONE', #1034 ) ;
#240 = ORIENTED_EDGE ( 'NONE', *, *, #125, .T. ) ;
#241 = ORIENTED_EDGE ( 'NONE', *, *, #318, .T. ) ;
#242 = ORIENTED_EDGE ( 'NONE', *, *, #424, .F. ) ;
#243 = ORIENTED_EDGE ( 'NONE', *, *, #246, .F. ) ;
#244 = ORIENTED_EDGE ( 'NONE', *, *, #99, .F. ) ;
#245 = ORIENTED_EDGE ( 'NONE', *, *, #220, .T. ) ;
#246 = EDGE_CURVE ( 'NONE', #239, #308, #1030, .T. ) ;
#247 = ORIENTED_EDGE ( 'NONE', *, *, #441, .F. ) ;
#248 = ORIENTED_EDGE ( 'NONE', *, *, #408, .F. ) ;
#249 = ORIENTED_EDGE ( 'NONE', *, *, #61, .T. ) ;
#250 = ORIENTED_EDGE ( 'NONE', *, *, #217, .T. ) ;
#251 = ADVANCED_FACE ( 'NONE', ( #1026 ), #1074, .F. ) ;
#252 = ORIENTED_EDGE ( 'NONE', *, *, #151, .T. ) ;
#253 = ORIENTED_EDGE ( 'NONE', *, *, #220, .F. ) ;
#254 = VERTEX_POINT ( 'NONE', #1091 ) ;
#255 = ORIENTED_EDGE ( 'NONE', *, *, #78, .F. ) ;
#256 = ORIENTED_EDGE ( 'NONE', *, *, #513, .T. ) ;
#257 = ORIENTED_EDGE ( 'NONE', *, *, #412, .F. ) ;
#258 = EDGE_LOOP ( 'NONE', ( #218, #250, #216, #243 ) ) ;
#259 = EDGE_CURVE ( 'NONE', #509, #156, #1003, .T. ) ;
#260 = ORIENTED_EDGE ( 'NONE', *, *, #490, .F. ) ;
#261 = ORIENTED_EDGE ( 'NONE', *, *, #37, .F. ) ;
#262 = EDGE_CURVE ( 'NONE', #184, #130, #1017, .T. ) ;
#263 = ORIENTED_EDGE ( 'NONE', *, *, #443, .T. ) ;
#264 = ORIENTED_EDGE ( 'NONE', *, *, #196, .T. ) ;
#265 = EDGE_CURVE ( 'NONE', #518, #145, #1025, .T. ) ;
#266 = ORIENTED_EDGE ( 'NONE', *, *, #143, .F. ) ;
#267 = ORIENTED_EDGE ( 'NONE', *, *, #353, .F. ) ;
#268 = ORIENTED_EDGE ( 'NONE', *, *, #426, .F. ) ;
#269 = EDGE_CURVE ( 'NONE', #254, #317, #1021, .T. ) ;
#270 = ADVANCED_FACE ( 'NONE', ( #1063 ), #1084, .F. ) ;
#271 = ADVANCED_FACE ( 'NONE', ( #1085 ), #1083, .F. ) ;
#272 = ORIENTED_EDGE ( 'NONE', *, *, #273, .T. ) ;
#273 = EDGE_CURVE ( 'NONE', #491, #133, #1082, .T. ) ;
#274 = ORIENTED_EDGE ( 'NONE', *, *, #132, .T. ) ;
#275 = EDGE_LOOP ( 'NONE', ( #450, #363, #279, #389 ) ) ;
#276 = ORIENTED_EDGE ( 'NONE', *, *, #259, .F. ) ;
#277 = ADVANCED_FACE ( 'NONE', ( #1007 ), #1062, .F. ) ;
#278 = ORIENTED_EDGE ( 'NONE', *, *, #383, .F. ) ;
#279 = ORIENTED_EDGE ( 'NONE', *, *, #388, .T. ) ;
#280 = ORIENTED_EDGE ( 'NONE', *, *, #71, .F. ) ;
#281 = ADVANCED_FACE ( 'NONE', ( #1060 ), #997, .F. ) ;
#282 = EDGE_LOOP ( 'NONE', ( #283, #284, #420, #421 ) ) ;
#283 = ORIENTED_EDGE ( 'NONE', *, *, #388, .F. ) ;
#284 = ORIENTED_EDGE ( 'NONE', *, *, #6, .F. ) ;
#285 = ORIENTED_EDGE ( 'NONE', *, *, #286, .T. ) ;
#286 = EDGE_CURVE ( 'NONE', #314, #107, #1102, .T. ) ;
#287 = ADVANCED_FACE ( 'NONE', ( #1211 ), #1125, .F. ) ;
#288 = ORIENTED_EDGE ( 'NONE', *, *, #380, .F. ) ;
#289 = EDGE_LOOP ( 'NONE', ( #374, #295, #296, #447 ) ) ;
#290 = ORIENTED_EDGE ( 'NONE', *, *, #504, .T. ) ;
#291 = ADVANCED_FACE ( 'NONE', ( #1183 ), #1182, .T. ) ;
#292 = ADVANCED_FACE ( 'NONE', ( #1199 ), #1195, .T. ) ;
#293 = ORIENTED_EDGE ( 'NONE', *, *, #76, .T. ) ;
#294 = ORIENTED_EDGE ( 'NONE', *, *, #144, .T. ) ;
#295 = ORIENTED_EDGE ( 'NONE', *, *, #265, .F. ) ;
#296 = ORIENTED_EDGE ( 'NONE', *, *, #32, .T. ) ;
#297 = ORIENTED_EDGE ( 'NONE', *, *, #24, .F. ) ;
#298 = ADVANCED_FACE ( 'NONE', ( #1204 ), #1181, .T. ) ;
#299 = ADVANCED_FACE ( 'NONE', ( #1189 ), #1112, .F. ) ;
#300 = EDGE_LOOP ( 'NONE', ( #301, #241, #242, #386, #248, #237 ) ) ;
#301 = ORIENTED_EDGE ( 'NONE', *, *, #236, .T. ) ;
#302 = EDGE_LOOP ( 'NONE', ( #433, #321, #415, #510 ) ) ;
#303 = ORIENTED_EDGE ( 'NONE', *, *, #481, .T. ) ;
#304 = ORIENTED_EDGE ( 'NONE', *, *, #265, .T. ) ;
#305 = ORIENTED_EDGE ( 'NONE', *, *, #482, .T. ) ;
#306 = ORIENTED_EDGE ( 'NONE', *, *, #355, .T. ) ;
#307 = ORIENTED_EDGE ( 'NONE', *, *, #355, .F. ) ;
#308 = VERTEX_POINT ( 'NONE', #1151 ) ;
#309 = ORIENTED_EDGE ( 'NONE', *, *, #452, .T. ) ;
#310 = ORIENTED_EDGE ( 'NONE', *, *, #311, .F. ) ;
#311 = EDGE_CURVE ( 'NONE', #188, #409, #1177, .T. ) ;
#312 = EDGE_CURVE ( 'NONE', #313, #79, #1113, .T. ) ;
#313 = VERTEX_POINT ( 'NONE', #1105 ) ;
#314 = VERTEX_POINT ( 'NONE', #1150 ) ;
#315 = ORIENTED_EDGE ( 'NONE', *, *, #316, .F. ) ;
#316 = EDGE_CURVE ( 'NONE', #317, #493, #1149, .T. ) ;
#317 = VERTEX_POINT ( 'NONE', #1200 ) ;
#318 = EDGE_CURVE ( 'NONE', #313, #323, #1158, .T. ) ;
#319 = EDGE_LOOP ( 'NONE', ( #320, #402, #403, #330 ) ) ;
#320 = ORIENTED_EDGE ( 'NONE', *, *, #453, .F. ) ;
#321 = ORIENTED_EDGE ( 'NONE', *, *, #453, .T. ) ;
#322 = EDGE_LOOP ( 'NONE', ( #434, #315, #435, #436, #440, #327 ) ) ;
#323 = VERTEX_POINT ( 'NONE', #1217 ) ;
#324 = ORIENTED_EDGE ( 'NONE', *, *, #67, .T. ) ;
#325 = ORIENTED_EDGE ( 'NONE', *, *, #437, .F. ) ;
#326 = ORIENTED_EDGE ( 'NONE', *, *, #503, .T. ) ;
#327 = ORIENTED_EDGE ( 'NONE', *, *, #328, .T. ) ;
#328 = EDGE_CURVE ( 'NONE', #308, #411, #1216, .T. ) ;
#329 = ORIENTED_EDGE ( 'NONE', *, *, #408, .T. ) ;
#330 = ORIENTED_EDGE ( 'NONE', *, *, #31, .T. ) ;
#331 = EDGE_LOOP ( 'NONE', ( #340, #341, #352, #354 ) ) ;
#332 = ORIENTED_EDGE ( 'NONE', *, *, #452, .F. ) ;
#333 = ORIENTED_EDGE ( 'NONE', *, *, #236, .F. ) ;
#334 = ADVANCED_FACE ( 'NONE', ( #1206 ), #1160, .F. ) ;
#335 = ORIENTED_EDGE ( 'NONE', *, *, #42, .F. ) ;
#336 = EDGE_LOOP ( 'NONE', ( #303, #306, #297, #370 ) ) ;
#337 = EDGE_LOOP ( 'NONE', ( #307, #305, #304, #356 ) ) ;
#338 = ORIENTED_EDGE ( 'NONE', *, *, #223, .F. ) ;
#339 = ADVANCED_FACE ( 'NONE', ( #1223 ), #1174, .F. ) ;
#340 = ORIENTED_EDGE ( 'NONE', *, *, #426, .T. ) ;
#341 = ORIENTED_EDGE ( 'NONE', *, *, #93, .F. ) ;
#342 = ORIENTED_EDGE ( 'NONE', *, *, #210, .T. ) ;
#343 = EDGE_LOOP ( 'NONE', ( #369, #404, #405, #391 ) ) ;
#344 = ORIENTED_EDGE ( 'NONE', *, *, #169, .F. ) ;
#345 = ORIENTED_EDGE ( 'NONE', *, *, #382, .F. ) ;
#346 = CLOSED_SHELL ( 'NONE', ( #464, #496, #516, #168, #39, #162, #190, #147, #153, #177, #8, #111, #457, #62, #478, #44, #27, #113, #298, #467, #438, #476, #299, #251, #231, #227, #270, #233, #232, #385, #222, #219, #407, #277, #334, #339, #291, #292, #393, #384, #444, #357, #372, #390, #362, #451, #287, #271, #351, #281, #448 ) ) ;
#347 = ORIENTED_EDGE ( 'NONE', *, *, #259, .T. ) ;
#348 = ORIENTED_EDGE ( 'NONE', *, *, #46, .F. ) ;
#349 = EDGE_LOOP ( 'NONE', ( #276, #260, #272, #274 ) ) ;
#350 = ORIENTED_EDGE ( 'NONE', *, *, #183, .T. ) ;
#351 = ADVANCED_FACE ( 'NONE', ( #1175 ), #1129, .T. ) ;
#352 = ORIENTED_EDGE ( 'NONE', *, *, #353, .T. ) ;
#353 = EDGE_CURVE ( 'NONE', #128, #127, #1143, .T. ) ;
#354 = ORIENTED_EDGE ( 'NONE', *, *, #142, .T. ) ;
#355 = EDGE_CURVE ( 'NONE', #479, #112, #1139, .T. ) ;
#356 = ORIENTED_EDGE ( 'NONE', *, *, #53, .F. ) ;
#357 = ADVANCED_FACE ( 'NONE', ( #1135 ), #1165, .F. ) ;
#358 = EDGE_LOOP ( 'NONE', ( #359, #379, #377, #280 ) ) ;
#359 = ORIENTED_EDGE ( 'NONE', *, *, #495, .T. ) ;
#360 = ORIENTED_EDGE ( 'NONE', *, *, #58, .F. ) ;
#361 = EDGE_LOOP ( 'NONE', ( #290, #423, #360, #288 ) ) ;
#362 = ADVANCED_FACE ( 'NONE', ( #1116 ), #1115, .F. ) ;
#363 = ORIENTED_EDGE ( 'NONE', *, *, #29, .F. ) ;
#364 = ORIENTED_EDGE ( 'NONE', *, *, #428, .F. ) ;
#365 = EDGE_CURVE ( 'NONE', #314, #254, #1340, .T. ) ;
#366 = ORIENTED_EDGE ( 'NONE', *, *, #437, .T. ) ;
#367 = EDGE_CURVE ( 'NONE', #409, #239, #1254, .T. ) ;
#368 = ORIENTED_EDGE ( 'NONE', *, *, #269, .T. ) ;
#369 = ORIENTED_EDGE ( 'NONE', *, *, #475, .T. ) ;
#370 = ORIENTED_EDGE ( 'NONE', *, *, #371, .F. ) ;
#371 = EDGE_CURVE ( 'NONE', #12, #7, #1253, .T. ) ;
#372 = ADVANCED_FACE ( 'NONE', ( #1325 ), #1324, .F. ) ;
#373 = ORIENTED_EDGE ( 'NONE', *, *, #262, .T. ) ;
#374 = ORIENTED_EDGE ( 'NONE', *, *, #176, .F. ) ;
#375 = ORIENTED_EDGE ( 'NONE', *, *, #200, .F. ) ;
#376 = ORIENTED_EDGE ( 'NONE', *, *, #262, .F. ) ;
#377 = ORIENTED_EDGE ( 'NONE', *, *, #378, .T. ) ;
#378 = EDGE_CURVE ( 'NONE', #2, #86, #1306, .T. ) ;
#379 = ORIENTED_EDGE ( 'NONE', *, *, #87, .T. ) ;
#380 = EDGE_CURVE ( 'NONE', #35, #72, #1310, .T. ) ;
#381 = ORIENTED_EDGE ( 'NONE', *, *, #316, .T. ) ;
#382 = EDGE_CURVE ( 'NONE', #97, #11, #1233, .T. ) ;
#383 = EDGE_CURVE ( 'NONE', #313, #493, #1259, .T. ) ;
#384 = ADVANCED_FACE ( 'NONE', ( #1302 ), #1301, .T. ) ;
#385 = ADVANCED_FACE ( 'NONE', ( #1287 ), #1286, .F. ) ;
#386 = ORIENTED_EDGE ( 'NONE', *, *, #367, .F. ) ;
#387 = EDGE_LOOP ( 'NONE', ( #350, #294, #375, #376 ) ) ;
#388 = EDGE_CURVE ( 'NONE', #15, #48, #1315, .T. ) ;
#389 = ORIENTED_EDGE ( 'NONE', *, *, #21, .T. ) ;
#390 = ADVANCED_FACE ( 'NONE', ( #1341 ), #1332, .T. ) ;
#391 = ORIENTED_EDGE ( 'NONE', *, *, #383, .T. ) ;
#392 = EDGE_LOOP ( 'NONE', ( #401, #285, #400, #445 ) ) ;
#393 = ADVANCED_FACE ( 'NONE', ( #1345 ), #1339, .F. ) ;
#394 = EDGE_LOOP ( 'NONE', ( #395, #332, #267, #427 ) ) ;
#395 = ORIENTED_EDGE ( 'NONE', *, *, #286, .F. ) ;
#396 = ORIENTED_EDGE ( 'NONE', *, *, #217, .F. ) ;
#397 = EDGE_LOOP ( 'NONE', ( #419, #293, #418, #261 ) ) ;
#398 = EDGE_LOOP ( 'NONE', ( #344, #345, #399, #268 ) ) ;
#399 = ORIENTED_EDGE ( 'NONE', *, *, #96, .T. ) ;
#400 = ORIENTED_EDGE ( 'NONE', *, *, #501, .T. ) ;
#401 = ORIENTED_EDGE ( 'NONE', *, *, #365, .F. ) ;
#402 = ORIENTED_EDGE ( 'NONE', *, *, #4, .F. ) ;
#403 = ORIENTED_EDGE ( 'NONE', *, *, #425, .T. ) ;
#404 = ORIENTED_EDGE ( 'NONE', *, *, #425, .F. ) ;
#405 = ORIENTED_EDGE ( 'NONE', *, *, #312, .F. ) ;
#406 = EDGE_LOOP ( 'NONE', ( #278, #333, #368, #381 ) ) ;
#407 = ADVANCED_FACE ( 'NONE', ( #1359 ), #1365, .T. ) ;
#408 = EDGE_CURVE ( 'NONE', #314, #409, #1375, .T. ) ;
#409 = VERTEX_POINT ( 'NONE', #1383 ) ;
#410 = ORIENTED_EDGE ( 'NONE', *, *, #68, .F. ) ;
#411 = VERTEX_POINT ( 'NONE', #1366 ) ;
#412 = EDGE_CURVE ( 'NONE', #60, #43, #1361, .T. ) ;
#413 = ORIENTED_EDGE ( 'NONE', *, *, #312, .T. ) ;
#414 = ORIENTED_EDGE ( 'NONE', *, *, #439, .T. ) ;
#415 = ORIENTED_EDGE ( 'NONE', *, *, #123, .T. ) ;
#416 = EDGE_LOOP ( 'NONE', ( #417, #266, #263, #264 ) ) ;
#417 = ORIENTED_EDGE ( 'NONE', *, *, #146, .F. ) ;
#418 = ORIENTED_EDGE ( 'NONE', *, *, #380, .T. ) ;
#419 = ORIENTED_EDGE ( 'NONE', *, *, #382, .T. ) ;
#420 = ORIENTED_EDGE ( 'NONE', *, *, #378, .F. ) ;
#421 = ORIENTED_EDGE ( 'NONE', *, *, #9, .T. ) ;
#422 = EDGE_LOOP ( 'NONE', ( #449, #373, #348, #347 ) ) ;
#423 = ORIENTED_EDGE ( 'NONE', *, *, #371, .T. ) ;
#424 = EDGE_CURVE ( 'NONE', #239, #323, #1396, .T. ) ;
#425 = EDGE_CURVE ( 'NONE', #79, #16, #1379, .T. ) ;
#426 = EDGE_CURVE ( 'NONE', #161, #94, #1414, .T. ) ;
#427 = ORIENTED_EDGE ( 'NONE', *, *, #114, .T. ) ;
#428 = EDGE_CURVE ( 'NONE', #409, #108, #1355, .T. ) ;
#429 = ORIENTED_EDGE ( 'NONE', *, *, #367, .T. ) ;
#430 = ORIENTED_EDGE ( 'NONE', *, *, #428, .T. ) ;
#431 = DIRECTION ( 'NONE',  ( -0.0000000000000000000, -0.0000000000000000000, -1.000000000000000000 ) ) ;
#432 = EDGE_LOOP ( 'NONE', ( #413, #324, #325, #455 ) ) ;
#433 = ORIENTED_EDGE ( 'NONE', *, *, #120, .F. ) ;
#434 = ORIENTED_EDGE ( 'NONE', *, *, #439, .F. ) ;
#435 = ORIENTED_EDGE ( 'NONE', *, *, #501, .F. ) ;
#436 = ORIENTED_EDGE ( 'NONE', *, *, #26, .T. ) ;
#437 = EDGE_CURVE ( 'NONE', #323, #106, #1421, .T. ) ;
#438 = ADVANCED_FACE ( 'NONE', ( #1390 ), #1385, .T. ) ;
#439 = EDGE_CURVE ( 'NONE', #493, #411, #1370, .T. ) ;
#440 = ORIENTED_EDGE ( 'NONE', *, *, #441, .T. ) ;
#441 = EDGE_CURVE ( 'NONE', #108, #308, #1398, .T. ) ;
#442 = ORIENTED_EDGE ( 'NONE', *, *, #90, .F. ) ;
#443 = EDGE_CURVE ( 'NONE', #194, #197, #1397, .T. ) ;
#444 = ADVANCED_FACE ( 'NONE', ( #1409 ), #1408, .T. ) ;
#445 = ORIENTED_EDGE ( 'NONE', *, *, #269, .F. ) ;
#446 = ORIENTED_EDGE ( 'NONE', *, *, #503, .F. ) ;
#447 = ORIENTED_EDGE ( 'NONE', *, *, #443, .F. ) ;
#448 = ADVANCED_FACE ( 'NONE', ( #1228 ), #1311, .T. ) ;
#449 = ORIENTED_EDGE ( 'NONE', *, *, #155, .T. ) ;
#450 = ORIENTED_EDGE ( 'NONE', *, *, #273, .F. ) ;
#451 = ADVANCED_FACE ( 'NONE', ( #1443 ), #1477, .F. ) ;
#452 = EDGE_CURVE ( 'NONE', #127, #314, #1444, .T. ) ;
#453 = EDGE_CURVE ( 'NONE', #59, #118, #1427, .T. ) ;
#454 = EDGE_LOOP ( 'NONE', ( #309, #329, #310, #460 ) ) ;
#455 = ORIENTED_EDGE ( 'NONE', *, *, #318, .F. ) ;
#456 = EDGE_LOOP ( 'NONE', ( #469, #468, #88, #83 ) ) ;
#457 = ADVANCED_FACE ( 'NONE', ( #1440 ), #1488, .F. ) ;
#458 = EDGE_LOOP ( 'NONE', ( #521, #459, #472, #480, #30, #45 ) ) ;
#459 = ORIENTED_EDGE ( 'NONE', *, *, #519, .F. ) ;
#460 = ORIENTED_EDGE ( 'NONE', *, *, #185, .F. ) ;
#461 = EDGE_LOOP ( 'NONE', ( #486, #497, #515, #512 ) ) ;
#462 = CARTESIAN_POINT ( 'NONE',  ( -0.06649999999999999000, 0.007999999999999989800, 0.05200000000000001800 ) ) ;
#463 = EDGE_LOOP ( 'NONE', ( #477, #51 ) ) ;
#464 = ADVANCED_FACE ( 'NONE', ( #1489 ), #1432, .T. ) ;
#465 = ORIENTED_EDGE ( 'NONE', *, *, #495, .F. ) ;
#466 = EDGE_CURVE ( 'NONE', #507, #508, #1482, .T. ) ;
#467 = ADVANCED_FACE ( 'NONE', ( #1483 ), #1472, .F. ) ;
#468 = ORIENTED_EDGE ( 'NONE', *, *, #90, .T. ) ;
#469 = ORIENTED_EDGE ( 'NONE', *, *, #470, .T. ) ;
#470 = EDGE_CURVE ( 'NONE', #483, #471, #1462, .T. ) ;
#471 = VERTEX_POINT ( 'NONE', #1479 ) ;
#472 = ORIENTED_EDGE ( 'NONE', *, *, #482, .F. ) ;
#473 = ORIENTED_EDGE ( 'NONE', *, *, #514, .T. ) ;
#474 = VERTEX_POINT ( 'NONE', #1478 ) ;
#475 = EDGE_CURVE ( 'NONE', #493, #16, #1494, .T. ) ;
#476 = ADVANCED_FACE ( 'NONE', ( #1495 ), #1431, .T. ) ;
#477 = ORIENTED_EDGE ( 'NONE', *, *, #61, .F. ) ;
#478 = ADVANCED_FACE ( 'NONE', ( #1430, #1429 ), #1463, .T. ) ;
#479 = VERTEX_POINT ( 'NONE', #1464 ) ;
#480 = ORIENTED_EDGE ( 'NONE', *, *, #481, .F. ) ;
#481 = EDGE_CURVE ( 'NONE', #12, #479, #1451, .T. ) ;
#482 = EDGE_CURVE ( 'NONE', #479, #518, #1517, .T. ) ;
#483 = VERTEX_POINT ( 'NONE', #1513 ) ;
#484 = MANIFOLD_SOLID_BREP ( 'NONE', #346 ) ;
#485 = EDGE_CURVE ( 'NONE', #505, #508, #1528, .T. ) ;
#486 = ORIENTED_EDGE ( 'NONE', *, *, #487, .F. ) ;
#487 = EDGE_CURVE ( 'NONE', #488, #489, #1525, .T. ) ;
#488 = VERTEX_POINT ( 'NONE', #1520 ) ;
#489 = VERTEX_POINT ( 'NONE', #1519 ) ;
#490 = EDGE_CURVE ( 'NONE', #491, #509, #1449, .T. ) ;
#491 = VERTEX_POINT ( 'NONE', #1538 ) ;
#492 = EDGE_LOOP ( 'NONE', ( #473, #520, #502, #465 ) ) ;
#493 = VERTEX_POINT ( 'NONE', #1554 ) ;
#494 = ORIENTED_EDGE ( 'NONE', *, *, #504, .F. ) ;
#495 = EDGE_CURVE ( 'NONE', #474, #507, #1584, .T. ) ;
#496 = ADVANCED_FACE ( 'NONE', ( #1559 ), #1552, .F. ) ;
#497 = ORIENTED_EDGE ( 'NONE', *, *, #500, .T. ) ;
#498 = VERTEX_POINT ( 'NONE', #1558 ) ;
#499 = EDGE_CURVE ( 'NONE', #511, #498, #1545, .T. ) ;
#500 = EDGE_CURVE ( 'NONE', #488, #511, #1570, .T. ) ;
#501 = EDGE_CURVE ( 'NONE', #107, #317, #1578, .T. ) ;
#502 = ORIENTED_EDGE ( 'NONE', *, *, #466, .F. ) ;
#503 = EDGE_CURVE ( 'NONE', #411, #47, #1575, .T. ) ;
#504 = EDGE_CURVE ( 'NONE', #35, #12, #1555, .T. ) ;
#505 = VERTEX_POINT ( 'NONE', #1551 ) ;
#506 = ORIENTED_EDGE ( 'NONE', *, *, #475, .F. ) ;
#507 = VERTEX_POINT ( 'NONE', #1556 ) ;
#508 = VERTEX_POINT ( 'NONE', #1587 ) ;
#509 = VERTEX_POINT ( 'NONE', #1586 ) ;
#510 = ORIENTED_EDGE ( 'NONE', *, *, #412, .T. ) ;
#511 = VERTEX_POINT ( 'NONE', #1542 ) ;
#512 = ORIENTED_EDGE ( 'NONE', *, *, #513, .F. ) ;
#513 = EDGE_CURVE ( 'NONE', #489, #498, #1541, .T. ) ;
#514 = EDGE_CURVE ( 'NONE', #474, #505, #1601, .T. ) ;
#515 = ORIENTED_EDGE ( 'NONE', *, *, #499, .T. ) ;
#516 = ADVANCED_FACE ( 'NONE', ( #1602 ), #1596, .F. ) ;
#517 = ORIENTED_EDGE ( 'NONE', *, *, #74, .T. ) ;
#518 = VERTEX_POINT ( 'NONE', #1610 ) ;
#519 = EDGE_CURVE ( 'NONE', #518, #509, #1593, .T. ) ;
#520 = ORIENTED_EDGE ( 'NONE', *, *, #485, .T. ) ;
#521 = ORIENTED_EDGE ( 'NONE', *, *, #490, .T. ) ;
#522 = CARTESIAN_POINT ( 'NONE',  ( 0.08058812704847682900, 2.134256245050205600E-018, 0.1240000000000000100 ) ) ;
#523 = CARTESIAN_POINT ( 'NONE',  ( 0.06650000000000000400, 0.003999999999999989700, 0.1860000000000000000 ) ) ;
#524 = CYLINDRICAL_SURFACE ( 'NONE', #635, 0.004000000000000003600 ) ;
#525 = CARTESIAN_POINT ( 'NONE',  ( -0.07587471929610256600, 0.01149097043908746200, 0.06198043205684678600 ) ) ;
#526 = DIRECTION ( 'NONE',  ( -0.0000000000000000000, -0.0000000000000000000, -1.000000000000000000 ) ) ;
#527 = VECTOR ( 'NONE', #526, 39.37007874015748100 ) ;
#528 = CARTESIAN_POINT ( 'NONE',  ( -0.07649999999999998500, 0.01070845085394518500, 0.06200000000000000000 ) ) ;
#529 = CARTESIAN_POINT ( 'NONE',  ( -0.06962490643203420000, 0.006496990146362476200, 0.1240195679431533200 ) ) ;
#530 = FACE_OUTER_BOUND ( 'NONE', #10, .T. ) ;
#531 = DIRECTION ( 'NONE',  ( -0.0000000000000000000, -0.0000000000000000000, -1.000000000000000000 ) ) ;
#532 = VECTOR ( 'NONE', #531, 39.37007874015748100 ) ;
#533 = CARTESIAN_POINT ( 'NONE',  ( -0.06650000000000000400, 0.007999999999999991500, 0.1860000000000000000 ) ) ;
#534 = LINE ( 'NONE', #533, #532 ) ;
#535 = DIRECTION ( 'NONE',  ( -0.0000000000000000000, -0.0000000000000000000, -1.000000000000000000 ) ) ;
#536 = VECTOR ( 'NONE', #535, 39.37007874015748100 ) ;
#537 = CARTESIAN_POINT ( 'NONE',  ( -0.06962490643203420000, 0.006496990146362472700, 0.1860000000000000000 ) ) ;
#538 = LINE ( 'NONE', #537, #536 ) ;
#539 = DIRECTION ( 'NONE',  ( -0.6242475365906231500, -0.7812266080085460400, -0.0000000000000000000 ) ) ;
#540 = VECTOR ( 'NONE', #539, 39.37007874015748100 ) ;
#541 = CARTESIAN_POINT ( 'NONE',  ( -0.06962490643203420000, 0.006496990146362476200, 0.1240000000000000100 ) ) ;
#542 = LINE ( 'NONE', #541, #540 ) ;
#543 = DIRECTION ( 'NONE',  ( 1.000000000000000000, -3.339373650759739900E-017, 1.255444850029532700E-016 ) ) ;
#544 = VECTOR ( 'NONE', #543, 39.37007874015748100 ) ;
#545 = CARTESIAN_POINT ( 'NONE',  ( 0.08058812704847684300, 2.134256245050205300E-018, 0.06200000000000000000 ) ) ;
#546 = LINE ( 'NONE', #545, #544 ) ;
#547 = CARTESIAN_POINT ( 'NONE',  ( -0.06962490643203420000, 0.006496990146362492700, 0.06198043205684676500 ) ) ;
#548 = CARTESIAN_POINT ( 'NONE',  ( -0.06649999999999999000, 0.01599999999999998600, 0.1339999999999999800 ) ) ;
#549 = DIRECTION ( 'NONE',  ( -1.000000000000000000, 0.0000000000000000000, 0.0000000000000000000 ) ) ;
#550 = DIRECTION ( 'NONE',  ( -0.0000000000000000000, -0.0000000000000000000, -1.000000000000000000 ) ) ;
#551 = CARTESIAN_POINT ( 'NONE',  ( -0.08058812704847682900, 0.01200000000000000000, 0.1240000000000000100 ) ) ;
#552 = AXIS2_PLACEMENT_3D ( 'NONE', #551, #550, #549 ) ;
#553 = CIRCLE ( 'NONE', #552, 0.003999999999999994900 ) ;
#554 = CARTESIAN_POINT ( 'NONE',  ( -0.06836023803285619400, 0.007568446965778867800, 0.06108768573115155900 ) ) ;
#555 = CARTESIAN_POINT ( 'NONE',  ( -0.06753856099499759600, 0.007887890217859894900, 0.05940392255804938200 ) ) ;
#556 = DIRECTION ( 'NONE',  ( -3.339373650759739900E-017, -1.000000000000000000, 0.0000000000000000000 ) ) ;
#557 = CARTESIAN_POINT ( 'NONE',  ( 0.1144999999999999900, 0.0000000000000000000, 0.09299999999999999900 ) ) ;
#558 = AXIS2_PLACEMENT_3D ( 'NONE', #557, #556, #628 ) ;
#559 = FACE_OUTER_BOUND ( 'NONE', #105, .T. ) ;
#560 = CARTESIAN_POINT ( 'NONE',  ( -0.06962490643203420000, 0.006496990146362476200, 0.1240195679431533200 ) ) ;
#561 = CARTESIAN_POINT ( 'NONE',  ( -0.06902998476197595700, 0.007241516333632266700, 0.1241313846576498800 ) ) ;
#562 = CARTESIAN_POINT ( 'NONE',  ( -0.06836039565599381900, 0.007568281406392032500, 0.1249115094674778700 ) ) ;
#563 = CARTESIAN_POINT ( 'NONE',  ( -0.06754004827340896700, 0.007887416080254703400, 0.1265922844123026900 ) ) ;
#564 = CARTESIAN_POINT ( 'NONE',  ( -0.06727593825150227100, 0.007929493854963515900, 0.1274955069508337300 ) ) ;
#565 = CARTESIAN_POINT ( 'NONE',  ( -0.06666019383328389300, 0.008018251664746721800, 0.1302311600022770500 ) ) ;
#566 = CARTESIAN_POINT ( 'NONE',  ( -0.06650000000000001700, 0.007999999999999991500, 0.1321185027208877400 ) ) ;
#567 = CARTESIAN_POINT ( 'NONE',  ( -0.06650000000000000400, 0.007999999999999989800, 0.1339999999999999800 ) ) ;
#568 = CIRCLE ( 'NONE', #558, 0.01499999999999999400 ) ;
#569 = CARTESIAN_POINT ( 'NONE',  ( 0.1445000000000000200, 0.0000000000000000000, 0.06200000000000000000 ) ) ;
#570 = B_SPLINE_CURVE_WITH_KNOTS ( 'NONE', 3,
 ( #567, #566, #565, #564, #563, #562, #561, #560 ),
 .UNSPECIFIED., .F., .F.,
 ( 4, 2, 2, 4 ),
 ( 0.0000000000000000000, 0.0001430075155370349200, 0.0002145112733055523400, 0.0002860150310740697300 ),
 .UNSPECIFIED. ) ;
#571 = CARTESIAN_POINT ( 'NONE',  ( 0.1445000000000000200, 0.008000000000000007100, 0.1240000000000000000 ) ) ;
#572 =( BOUNDED_CURVE ( )  B_SPLINE_CURVE ( 3, ( #641, #640, #639, #528 ),
 .UNSPECIFIED., .F., .T. ) 
 B_SPLINE_CURVE_WITH_KNOTS ( ( 4, 4 ),
 ( 1.508227439597766200, 1.570796326794896600 ),
 .UNSPECIFIED. ) 
 CURVE ( )  GEOMETRIC_REPRESENTATION_ITEM ( )  RATIONAL_B_SPLINE_CURVE ( ( 1.000000000000000000, 0.9996737878033139500, 0.9996737878033139500, 1.000000000000000000 ) ) 
 REPRESENTATION_ITEM ( '' )  );
#573 =( BOUNDED_CURVE ( )  B_SPLINE_CURVE ( 3, ( #578, #577, #581, #580 ),
 .UNSPECIFIED., .F., .T. ) 
 B_SPLINE_CURVE_WITH_KNOTS ( ( 4, 4 ),
 ( 1.508227439597765700, 1.570796326794896600 ),
 .UNSPECIFIED. ) 
 CURVE ( )  GEOMETRIC_REPRESENTATION_ITEM ( )  RATIONAL_B_SPLINE_CURVE ( ( 1.000000000000000000, 0.9996737878033139500, 0.9996737878033139500, 1.000000000000000000 ) ) 
 REPRESENTATION_ITEM ( '' )  );
#574 = DIRECTION ( 'NONE',  ( -1.000000000000000000, 0.0000000000000000000, 0.0000000000000000000 ) ) ;
#575 = DIRECTION ( 'NONE',  ( -0.0000000000000000000, -0.0000000000000000000, -1.000000000000000000 ) ) ;
#576 = CYLINDRICAL_SURFACE ( 'NONE', #608, 0.004000000000000003600 ) ;
#577 = CARTESIAN_POINT ( 'NONE',  ( -0.06983309523584381500, 0.006236448256339427500, 0.06199347522382068300 ) ) ;
#578 = CARTESIAN_POINT ( 'NONE',  ( -0.06962490643203420000, 0.006496990146362492700, 0.06198043205684676500 ) ) ;
#579 =( BOUNDED_CURVE ( )  B_SPLINE_CURVE ( 3, ( #584, #589, #588, #587 ),
 .UNSPECIFIED., .F., .T. ) 
 B_SPLINE_CURVE_WITH_KNOTS ( ( 4, 4 ),
 ( 1.508227439597766200, 1.570796326794896800 ),
 .UNSPECIFIED. ) 
 CURVE ( )  GEOMETRIC_REPRESENTATION_ITEM ( )  RATIONAL_B_SPLINE_CURVE ( ( 1.000000000000000000, 0.9996737878033139500, 0.9996737878033139500, 1.000000000000000000 ) ) 
 REPRESENTATION_ITEM ( '' )  );
#580 = CARTESIAN_POINT ( 'NONE',  ( -0.07025018713593161900, 0.005714470561220201500, 0.06200000000000000000 ) ) ;
#581 = CARTESIAN_POINT ( 'NONE',  ( -0.07004159015072714000, 0.005975523277714886600, 0.06200000000000001300 ) ) ;
#582 = CARTESIAN_POINT ( 'NONE',  ( -0.07062311246796314200, 0.01531410447268602600, 0.06019939351440187200 ) ) ;
#583 = CARTESIAN_POINT ( 'NONE',  ( -0.06771556403316611500, 0.01610613356322250500, 0.05746858335747723900 ) ) ;
#584 = CARTESIAN_POINT ( 'NONE',  ( -0.06962490643203420000, 0.006496990146362476200, 0.1240195679431533200 ) ) ;
#585 = CARTESIAN_POINT ( 'NONE',  ( -0.06727584340653283700, 0.007929510395995454200, 0.05850347609360189600 ) ) ;
#586 = CARTESIAN_POINT ( 'NONE',  ( -0.06666022080368661000, 0.008018242037116879100, 0.05576849813731418100 ) ) ;
#587 = CARTESIAN_POINT ( 'NONE',  ( -0.07025018713593161900, 0.005714470561220201500, 0.1240000000000000100 ) ) ;
#588 = CARTESIAN_POINT ( 'NONE',  ( -0.07004159015072714000, 0.005975523277714882300, 0.1240000000000000000 ) ) ;
#589 = CARTESIAN_POINT ( 'NONE',  ( -0.06983309523584381500, 0.006236448256339421400, 0.1240065247761793400 ) ) ;
#590 = B_SPLINE_CURVE_WITH_KNOTS ( 'NONE', 3,
 ( #594, #593, #586, #585, #555, #554, #632, #631 ),
 .UNSPECIFIED., .F., .F.,
 ( 4, 2, 2, 4 ),
 ( 2.168404344971008900E-019, 0.0001429828750907528400, 0.0002144743126361288200, 0.0002859657501815048100 ),
 .UNSPECIFIED. ) ;
#591 = CARTESIAN_POINT ( 'NONE',  ( -0.07587471929610256600, 0.01149097043908746200, 0.1860000000000000000 ) ) ;
#592 = LINE ( 'NONE', #591, #527 ) ;
#593 = CARTESIAN_POINT ( 'NONE',  ( -0.06649999999999999000, 0.007999999999999972400, 0.05388127558077976400 ) ) ;
#594 = CARTESIAN_POINT ( 'NONE',  ( -0.06649999999999999000, 0.007999999999999989800, 0.05200000000000001800 ) ) ;
#595 = CARTESIAN_POINT ( 'NONE',  ( -0.06649999999999999000, 0.01599999999999998300, 0.05200000000000001800 ) ) ;
#596 = DIRECTION ( 'NONE',  ( 1.000000000000000000, -3.339373650759739300E-017, -2.510889700059065400E-016 ) ) ;
#597 = CARTESIAN_POINT ( 'NONE',  ( 0.06902949439054791000, 0.007242130018404712100, 0.06186852317606211800 ) ) ;
#598 = CARTESIAN_POINT ( 'NONE',  ( 0.06836023803285636000, 0.007568446965778793300, 0.06108768573115181500 ) ) ;
#599 = CARTESIAN_POINT ( 'NONE',  ( 0.06753856099499763700, 0.007887890217859894900, 0.05940392255804950000 ) ) ;
#600 = CARTESIAN_POINT ( 'NONE',  ( 0.06727584340653287900, 0.007929510395995424700, 0.05850347609360211100 ) ) ;
#601 = CARTESIAN_POINT ( 'NONE',  ( 0.06666022080368652600, 0.008018242037116870400, 0.05576849813731431200 ) ) ;
#602 = CARTESIAN_POINT ( 'NONE',  ( 0.06650000000000000400, 0.007999999999999995000, 0.05388127558077983300 ) ) ;
#603 = CARTESIAN_POINT ( 'NONE',  ( 0.06649999999999999000, 0.007999999999999991500, 0.05200000000000001800 ) ) ;
#604 = PLANE ( 'NONE',  #668 ) ;
#605 = FACE_OUTER_BOUND ( 'NONE', #104, .T. ) ;
#606 = CARTESIAN_POINT ( 'NONE',  ( -0.07587471929610256600, 0.01149097043908746200, 0.1240195679431532900 ) ) ;
#607 = CARTESIAN_POINT ( 'NONE',  ( -0.06650000000000000400, 0.003999999999999989700, 0.1860000000000000000 ) ) ;
#608 = AXIS2_PLACEMENT_3D ( 'NONE', #607, #575, #574 ) ;
#609 = DIRECTION ( 'NONE',  ( 1.000000000000000000, -3.339373650759739300E-017, 0.0000000000000000000 ) ) ;
#610 = VECTOR ( 'NONE', #609, 39.37007874015748100 ) ;
#611 = CARTESIAN_POINT ( 'NONE',  ( 0.08058812704847682900, 2.134256245050205600E-018, 0.1240000000000000100 ) ) ;
#612 = LINE ( 'NONE', #611, #610 ) ;
#613 = CARTESIAN_POINT ( 'NONE',  ( -0.07501457829489928400, 0.01256741046870954600, 0.06192654365125266300 ) ) ;
#614 = CARTESIAN_POINT ( 'NONE',  ( -0.07587471929610256600, 0.01149097043908746200, 0.06198043205684678600 ) ) ;
#615 = VECTOR ( 'NONE', #431, 39.37007874015748100 ) ;
#616 = CARTESIAN_POINT ( 'NONE',  ( 0.08058812704847682900, 0.007999999999999998400, 0.1860000000000000000 ) ) ;
#617 = LINE ( 'NONE', #616, #615 ) ;
#618 = CARTESIAN_POINT ( 'NONE',  ( 0.06902946700977857800, 0.007242164284596492800, 0.1241314819702076800 ) ) ;
#619 = DIRECTION ( 'NONE',  ( 1.000000000000000000, -3.339373650759739900E-017, 0.0000000000000000000 ) ) ;
#620 = VECTOR ( 'NONE', #619, 39.37007874015748100 ) ;
#621 = CARTESIAN_POINT ( 'NONE',  ( 0.08058812704847682900, 0.008000000000000001900, 0.06200000000000000000 ) ) ;
#622 = LINE ( 'NONE', #621, #620 ) ;
#623 = DIRECTION ( 'NONE',  ( -1.000000000000000000, 0.0000000000000000000, 0.0000000000000000000 ) ) ;
#624 = DIRECTION ( 'NONE',  ( -0.0000000000000000000, -0.0000000000000000000, -1.000000000000000000 ) ) ;
#625 = AXIS2_PLACEMENT_3D ( 'NONE', #627, #624, #623 ) ;
#626 = CYLINDRICAL_SURFACE ( 'NONE', #625, 0.003999999999999994900 ) ;
#627 = CARTESIAN_POINT ( 'NONE',  ( -0.08058812704847682900, 0.01200000000000000000, 0.1860000000000000000 ) ) ;
#628 = DIRECTION ( 'NONE',  ( 1.000000000000000000, -3.339373650759738000E-017, 0.0000000000000000000 ) ) ;
#629 = CARTESIAN_POINT ( 'NONE',  ( -0.07396784913538727300, 0.01348239339061860200, 0.06174589183027631700 ) ) ;
#630 = CARTESIAN_POINT ( 'NONE',  ( -0.07176765909338174400, 0.01485984911494003500, 0.06088814045705830100 ) ) ;
#631 = CARTESIAN_POINT ( 'NONE',  ( -0.06962490643203420000, 0.006496990146362492700, 0.06198043205684676500 ) ) ;
#632 = CARTESIAN_POINT ( 'NONE',  ( -0.06902949439054784100, 0.007242130018404794500, 0.06186852317606212500 ) ) ;
#633 = DIRECTION ( 'NONE',  ( -1.000000000000000000, 0.0000000000000000000, 0.0000000000000000000 ) ) ;
#634 = DIRECTION ( 'NONE',  ( -0.0000000000000000000, -0.0000000000000000000, -1.000000000000000000 ) ) ;
#635 = AXIS2_PLACEMENT_3D ( 'NONE', #523, #634, #633 ) ;
#636 = B_SPLINE_CURVE_WITH_KNOTS ( 'NONE', 3,
 ( #595, #637, #583, #582, #630, #629, #613, #614 ),
 .UNSPECIFIED., .F., .F.,
 ( 4, 2, 2, 4 ),
 ( 2.168404344971008900E-019, 0.0002071655238621026900, 0.0003107482857931544000, 0.0004143310477242060800 ),
 .UNSPECIFIED. ) ;
#637 = CARTESIAN_POINT ( 'NONE',  ( -0.06650000000000001700, 0.01599999999999997600, 0.05475764510472007400 ) ) ;
#638 = VECTOR ( 'NONE', #596, 39.37007874015748100 ) ;
#639 = CARTESIAN_POINT ( 'NONE',  ( -0.07629140301479552000, 0.01096950357043987100, 0.06200000000000001300 ) ) ;
#640 = CARTESIAN_POINT ( 'NONE',  ( -0.07608290809991219400, 0.01123042854906440700, 0.06199347522382068300 ) ) ;
#641 = CARTESIAN_POINT ( 'NONE',  ( -0.07587471929610256600, 0.01149097043908746200, 0.06198043205684678600 ) ) ;
#642 = CARTESIAN_POINT ( 'NONE',  ( -0.06649999999999999000, 0.01599999999999998600, 0.1580134601448038900 ) ) ;
#643 = CARTESIAN_POINT ( 'NONE',  ( 0.08058812704847680100, 0.008000000000000001900, 0.1240000000000000100 ) ) ;
#644 = LINE ( 'NONE', #643, #638 ) ;
#645 = FACE_OUTER_BOUND ( 'NONE', #49, .T. ) ;
#646 = FACE_OUTER_BOUND ( 'NONE', #122, .T. ) ;
#647 = DIRECTION ( 'NONE',  ( -0.0000000000000000000, -0.0000000000000000000, -1.000000000000000000 ) ) ;
#648 = VECTOR ( 'NONE', #647, 39.37007874015748100 ) ;
#649 = CARTESIAN_POINT ( 'NONE',  ( 0.06962490643203420000, 0.006496990146362468400, 0.1860000000000000000 ) ) ;
#650 = LINE ( 'NONE', #649, #648 ) ;
#651 = DIRECTION ( 'NONE',  ( 0.0000000000000000000, -1.000000000000000000, 0.0000000000000000000 ) ) ;
#652 = AXIS2_PLACEMENT_3D ( 'NONE', #653, #651, #658 ) ;
#653 = CARTESIAN_POINT ( 'NONE',  ( -0.06650000000000000400, 0.01599999999999999000, 0.1860000000000000000 ) ) ;
#654 = PLANE ( 'NONE',  #652 ) ;
#655 = FACE_BOUND ( 'NONE', #117, .T. ) ;
#656 = CARTESIAN_POINT ( 'NONE',  ( 0.1445000000000000200, 0.008000000000000000200, 0.06200000000000000000 ) ) ;
#657 = B_SPLINE_CURVE_WITH_KNOTS ( 'NONE', 3,
 ( #603, #602, #601, #600, #599, #598, #597, #669 ),
 .UNSPECIFIED., .F., .F.,
 ( 4, 2, 2, 4 ),
 ( 2.168404344971008900E-019, 0.0001429828750907588800, 0.0002144743126361382000, 0.0002859657501815175500 ),
 .UNSPECIFIED. ) ;
#658 = DIRECTION ( 'NONE',  ( 0.0000000000000000000, 0.0000000000000000000, -1.000000000000000000 ) ) ;
#659 = DIRECTION ( 'NONE',  ( -1.000000000000000000, 0.0000000000000000000, 0.0000000000000000000 ) ) ;
#660 = DIRECTION ( 'NONE',  ( -0.0000000000000000000, -0.0000000000000000000, -1.000000000000000000 ) ) ;
#661 = CARTESIAN_POINT ( 'NONE',  ( -0.08058812704847682900, 0.01200000000000000000, 0.06200000000000000000 ) ) ;
#662 = AXIS2_PLACEMENT_3D ( 'NONE', #661, #660, #659 ) ;
#663 = CIRCLE ( 'NONE', #662, 0.003999999999999994900 ) ;
#664 = CARTESIAN_POINT ( 'NONE',  ( 0.08058812704847682900, 2.134256245050206000E-018, 0.06200000000000000000 ) ) ;
#665 = DIRECTION ( 'NONE',  ( 1.000000000000000000, -3.339373650759739300E-017, 0.0000000000000000000 ) ) ;
#666 = DIRECTION ( 'NONE',  ( -3.339373650759739300E-017, -1.000000000000000000, 0.0000000000000000000 ) ) ;
#667 = CARTESIAN_POINT ( 'NONE',  ( 0.08058812704847682900, 0.008000000000000001900, 0.1860000000000000000 ) ) ;
#668 = AXIS2_PLACEMENT_3D ( 'NONE', #667, #666, #665 ) ;
#669 = CARTESIAN_POINT ( 'NONE',  ( 0.06962490643203418600, 0.006496990146362479700, 0.06198043205684671700 ) ) ;
#670 = CARTESIAN_POINT ( 'NONE',  ( -0.06649999999999999000, 0.007999999999999989800, 0.1580134601448038900 ) ) ;
#671 = DIRECTION ( 'NONE',  ( -1.000000000000000000, -3.442348782339041700E-017, 0.0000000000000000000 ) ) ;
#672 = DIRECTION ( 'NONE',  ( -3.128384250892254500E-017, 1.000000000000000000, -6.162975822039154700E-033 ) ) ;
#673 = CARTESIAN_POINT ( 'NONE',  ( 1.138921523207038600E-017, 0.007999999999999989800, 0.09299999999999999900 ) ) ;
#674 = AXIS2_PLACEMENT_3D ( 'NONE', #673, #672, #671 ) ;
#675 = CYLINDRICAL_SURFACE ( 'NONE', #676, 0.01199999999999999300 ) ;
#676 = AXIS2_PLACEMENT_3D ( 'NONE', #690, #689, #688 ) ;
#677 = DIRECTION ( 'NONE',  ( -0.0000000000000000000, -0.0000000000000000000, -1.000000000000000000 ) ) ;
#678 = DIRECTION ( 'NONE',  ( -0.0000000000000000000, 0.0000000000000000000, 1.000000000000000000 ) ) ;
#679 = VECTOR ( 'NONE', #678, 39.37007874015748100 ) ;
#680 = FACE_OUTER_BOUND ( 'NONE', #50, .T. ) ;
#681 = CARTESIAN_POINT ( 'NONE',  ( 0.06962490643203418600, 0.006496990146362479700, 0.06198043205684671700 ) ) ;
#682 = CARTESIAN_POINT ( 'NONE',  ( 0.06962490643203617100, 0.006496990146359986900, 0.1240195679431522200 ) ) ;
#683 = CARTESIAN_POINT ( 'NONE',  ( 0.08058812704847682900, 0.007999999999999998400, 0.06200000000000000000 ) ) ;
#684 = CIRCLE ( 'NONE', #765, 0.01499999999999999400 ) ;
#685 = CYLINDRICAL_SURFACE ( 'NONE', #686, 0.01200000000000000200 ) ;
#686 = AXIS2_PLACEMENT_3D ( 'NONE', #743, #742, #741 ) ;
#687 = FACE_OUTER_BOUND ( 'NONE', #40, .T. ) ;
#688 = DIRECTION ( 'NONE',  ( -1.000000000000000000, 0.0000000000000000000, 0.0000000000000000000 ) ) ;
#689 = DIRECTION ( 'NONE',  ( -0.0000000000000000000, -0.0000000000000000000, -1.000000000000000000 ) ) ;
#690 = CARTESIAN_POINT ( 'NONE',  ( -0.06650000000000000400, 0.003999999999999989700, 0.1860000000000000000 ) ) ;
#691 = CARTESIAN_POINT ( 'NONE',  ( -0.07025018713593161900, 0.005714470561220201500, 0.1240000000000000100 ) ) ;
#692 = CARTESIAN_POINT ( 'NONE',  ( 0.06836020819837715400, 0.007568466285244004000, 0.1249123394605748500 ) ) ;
#693 = CARTESIAN_POINT ( 'NONE',  ( 0.06753846910252035700, 0.007887918221020509900, 0.1265962999332998500 ) ) ;
#694 = CARTESIAN_POINT ( 'NONE',  ( 0.06727583151052590700, 0.007929512530651208400, 0.1274965713536898000 ) ) ;
#695 = CARTESIAN_POINT ( 'NONE',  ( 0.06666022077757105500, 0.008018241200763590400, 0.1302315165342641800 ) ) ;
#696 = CARTESIAN_POINT ( 'NONE',  ( 0.06650000000000001700, 0.008000000000000001900, 0.1321187346630113300 ) ) ;
#697 = DIRECTION ( 'NONE',  ( -1.000000000000000000, -2.294899188226027700E-017, 0.0000000000000000000 ) ) ;
#698 = DIRECTION ( 'NONE',  ( -3.128384250892254500E-017, 1.000000000000000000, -6.162975822039154700E-033 ) ) ;
#699 = CARTESIAN_POINT ( 'NONE',  ( 1.138921523207038600E-017, 0.01599999999999999000, 0.09299999999999999900 ) ) ;
#700 = AXIS2_PLACEMENT_3D ( 'NONE', #699, #698, #697 ) ;
#701 = DIRECTION ( 'NONE',  ( 0.0000000000000000000, 0.0000000000000000000, -1.000000000000000000 ) ) ;
#702 = LINE ( 'NONE', #717, #716 ) ;
#703 = CARTESIAN_POINT ( 'NONE',  ( -0.09949999999999999100, 5.009060476139605200E-019, 0.09299999999999999900 ) ) ;
#704 = B_SPLINE_CURVE_WITH_KNOTS ( 'NONE', 3,
 ( #706, #696, #695, #694, #693, #692, #618, #785 ),
 .UNSPECIFIED., .F., .F.,
 ( 4, 2, 2, 4 ),
 ( 0.0000000000000000000, 0.0001429816467024169900, 0.0002144724700536247700, 0.0002859632934048325700 ),
 .UNSPECIFIED. ) ;
#705 = CARTESIAN_POINT ( 'NONE',  ( 0.06659305081451613600, 0.007922935784309543400, 0.05473429147977532100 ) ) ;
#706 = CARTESIAN_POINT ( 'NONE',  ( 0.06649999999999999000, 0.007999999999999988000, 0.1339999999999999800 ) ) ;
#707 = CIRCLE ( 'NONE', #700, 0.09299999999999999900 ) ;
#708 = CARTESIAN_POINT ( 'NONE',  ( 0.08058812704847682900, 0.007999999999999998400, 0.1240000000000000100 ) ) ;
#709 = CIRCLE ( 'NONE', #740, 0.09299999999999999900 ) ;
#710 = CARTESIAN_POINT ( 'NONE',  ( -0.06650000000000000400, 0.007999999999999989800, 0.1339999999999999800 ) ) ;
#711 = DIRECTION ( 'NONE',  ( 3.339373650759739900E-017, -1.000000000000000000, 0.0000000000000000000 ) ) ;
#712 = CARTESIAN_POINT ( 'NONE',  ( -0.09949999999999999100, 5.009060476139605200E-019, 0.09299999999999999900 ) ) ;
#713 = LINE ( 'NONE', #712, #756 ) ;
#714 = VECTOR ( 'NONE', #736, 39.37007874015748100 ) ;
#715 = DIRECTION ( 'NONE',  ( 3.339373650759739900E-017, -1.000000000000000000, 0.0000000000000000000 ) ) ;
#716 = VECTOR ( 'NONE', #715, 39.37007874015748100 ) ;
#717 = CARTESIAN_POINT ( 'NONE',  ( -0.1294999999999999800, -5.009060476139605200E-019, 0.09299999999999999900 ) ) ;
#718 = LINE ( 'NONE', #757, #725 ) ;
#719 = AXIS2_PLACEMENT_3D ( 'NONE', #748, #747, #759 ) ;
#720 = CARTESIAN_POINT ( 'NONE',  ( -0.06650000000000000400, 0.01599999999999999300, 0.1860000000000000000 ) ) ;
#721 = DIRECTION ( 'NONE',  ( -0.0000000000000000000, -0.0000000000000000000, -1.000000000000000000 ) ) ;
#722 = CIRCLE ( 'NONE', #719, 0.01499999999999999400 ) ;
#723 = CARTESIAN_POINT ( 'NONE',  ( 0.06649999999999999000, 0.007999999999999988000, 0.1860000000000000000 ) ) ;
#724 = LINE ( 'NONE', #723, #769 ) ;
#725 = VECTOR ( 'NONE', #729, 39.37007874015748100 ) ;
#726 = VECTOR ( 'NONE', #749, 39.37007874015748100 ) ;
#727 = LINE ( 'NONE', #745, #726 ) ;
#728 = VECTOR ( 'NONE', #677, 39.37007874015748100 ) ;
#729 = DIRECTION ( 'NONE',  ( -0.0000000000000000000, -0.0000000000000000000, -1.000000000000000000 ) ) ;
#730 = DIRECTION ( 'NONE',  ( 0.0000000000000000000, 0.0000000000000000000, 1.000000000000000000 ) ) ;
#731 = VECTOR ( 'NONE', #730, 39.37007874015748100 ) ;
#732 = CARTESIAN_POINT ( 'NONE',  ( 0.06649999999999999000, 0.007999999999999988000, 0.1860000000000000000 ) ) ;
#733 = LINE ( 'NONE', #732, #731 ) ;
#734 = LINE ( 'NONE', #744, #714 ) ;
#735 = CARTESIAN_POINT ( 'NONE',  ( 0.08058812704847682900, 2.134256245050205600E-018, 0.1860000000000000000 ) ) ;
#736 = DIRECTION ( 'NONE',  ( 1.977950321245186600E-049, -6.162975822039154700E-033, -1.000000000000000000 ) ) ;
#737 = VECTOR ( 'NONE', #721, 39.37007874015748100 ) ;
#738 = DIRECTION ( 'NONE',  ( 0.0000000000000000000, -1.000000000000000000, 0.0000000000000000000 ) ) ;
#739 = CARTESIAN_POINT ( 'NONE',  ( 1.164596786305387000E-017, 0.007999999999999989800, 0.09299999999999999900 ) ) ;
#740 = AXIS2_PLACEMENT_3D ( 'NONE', #739, #738, #701 ) ;
#741 = DIRECTION ( 'NONE',  ( -1.000000000000000000, 0.0000000000000000000, 0.0000000000000000000 ) ) ;
#742 = DIRECTION ( 'NONE',  ( -0.0000000000000000000, -0.0000000000000000000, -1.000000000000000000 ) ) ;
#743 = CARTESIAN_POINT ( 'NONE',  ( 0.08058812704847682900, 0.01200000000000000000, 0.1860000000000000000 ) ) ;
#744 = CARTESIAN_POINT ( 'NONE',  ( -0.06649999999999999000, 0.01599999999999998600, 0.09299999999999999900 ) ) ;
#745 = CARTESIAN_POINT ( 'NONE',  ( -0.06649999999999997600, 0.01599999999999999300, 0.1860000000000000000 ) ) ;
#746 = CARTESIAN_POINT ( 'NONE',  ( -0.1294999999999999800, -5.009060476139604200E-019, 0.09299999999999999900 ) ) ;
#747 = DIRECTION ( 'NONE',  ( -3.339373650759739900E-017, -1.000000000000000000, 0.0000000000000000000 ) ) ;
#748 = CARTESIAN_POINT ( 'NONE',  ( 0.1144999999999999900, 0.008000000000000000200, 0.09299999999999999900 ) ) ;
#749 = DIRECTION ( 'NONE',  ( 0.0000000000000000000, 0.0000000000000000000, 1.000000000000000000 ) ) ;
#750 = DIRECTION ( 'NONE',  ( 1.000000000000000000, 3.339373650759738000E-017, 0.0000000000000000000 ) ) ;
#751 = DIRECTION ( 'NONE',  ( -3.339373650759739900E-017, 1.000000000000000000, -0.0000000000000000000 ) ) ;
#752 = CARTESIAN_POINT ( 'NONE',  ( -0.1144999999999999900, 0.0000000000000000000, 0.09299999999999999900 ) ) ;
#753 = LINE ( 'NONE', #754, #679 ) ;
#754 = CARTESIAN_POINT ( 'NONE',  ( -0.06649999999999999000, 0.007999999999999989800, 0.1860000000000000000 ) ) ;
#755 = CARTESIAN_POINT ( 'NONE',  ( -0.06649999999999999000, 0.01599999999999998300, 0.05200000000000001800 ) ) ;
#756 = VECTOR ( 'NONE', #711, 39.37007874015748100 ) ;
#757 = CARTESIAN_POINT ( 'NONE',  ( -0.06650000000000000400, 0.007999999999999989800, 0.1860000000000000000 ) ) ;
#758 = LINE ( 'NONE', #735, #737 ) ;
#759 = DIRECTION ( 'NONE',  ( 1.000000000000000000, 0.0000000000000000000, 0.0000000000000000000 ) ) ;
#760 = DIRECTION ( 'NONE',  ( -0.0000000000000000000, -0.0000000000000000000, -1.000000000000000000 ) ) ;
#761 = VECTOR ( 'NONE', #760, 39.37007874015748100 ) ;
#762 = CARTESIAN_POINT ( 'NONE',  ( 0.06650000000000000400, 0.007999999999999988000, 0.1860000000000000000 ) ) ;
#763 = LINE ( 'NONE', #762, #761 ) ;
#764 = LINE ( 'NONE', #720, #728 ) ;
#765 = AXIS2_PLACEMENT_3D ( 'NONE', #752, #751, #750 ) ;
#766 = CIRCLE ( 'NONE', #674, 0.09299999999999999900 ) ;
#767 = CARTESIAN_POINT ( 'NONE',  ( 0.06649999999999999000, 0.007999999999999989800, 0.1580134601448038900 ) ) ;
#768 = DIRECTION ( 'NONE',  ( 0.0000000000000000000, 0.0000000000000000000, 1.000000000000000000 ) ) ;
#769 = VECTOR ( 'NONE', #768, 39.37007874015748100 ) ;
#770 = CARTESIAN_POINT ( 'NONE',  ( -0.1444999999999999900, 0.008000000000000000200, 0.06200000000000000000 ) ) ;
#771 = DIRECTION ( 'NONE',  ( 1.000000000000000000, 3.339373650759738000E-017, 0.0000000000000000000 ) ) ;
#772 = DIRECTION ( 'NONE',  ( -3.339373650759739900E-017, 1.000000000000000000, -0.0000000000000000000 ) ) ;
#773 = VECTOR ( 'NONE', #817, 39.37007874015748100 ) ;
#774 = CARTESIAN_POINT ( 'NONE',  ( -0.1144999999999999900, 0.008000000000000000200, 0.09299999999999999900 ) ) ;
#775 = VECTOR ( 'NONE', #816, 39.37007874015748100 ) ;
#776 = DIRECTION ( 'NONE',  ( 0.0000000000000000000, 0.0000000000000000000, 1.000000000000000000 ) ) ;
#777 = DIRECTION ( 'NONE',  ( -1.000000000000000000, 0.0000000000000000000, 0.0000000000000000000 ) ) ;
#778 = CARTESIAN_POINT ( 'NONE',  ( -0.1444999999999999900, 0.0000000000000000000, 0.1860000000000000000 ) ) ;
#779 = VECTOR ( 'NONE', #841, 39.37007874015748100 ) ;
#780 = DIRECTION ( 'NONE',  ( 3.339373650759739300E-017, -1.000000000000000000, 0.0000000000000000000 ) ) ;
#781 = CARTESIAN_POINT ( 'NONE',  ( -0.08058812704847682900, 0.008000000000000001900, 0.1860000000000000000 ) ) ;
#782 = AXIS2_PLACEMENT_3D ( 'NONE', #781, #780, #840 ) ;
#783 = PLANE ( 'NONE',  #782 ) ;
#784 = DIRECTION ( 'NONE',  ( -0.0000000000000000000, -0.0000000000000000000, -1.000000000000000000 ) ) ;
#785 = CARTESIAN_POINT ( 'NONE',  ( 0.06962490643203617100, 0.006496990146359986900, 0.1240195679431522200 ) ) ;
#786 = CARTESIAN_POINT ( 'NONE',  ( -0.08058812704847682900, 0.008000000000000001900, 0.06200000000000000000 ) ) ;
#787 = CARTESIAN_POINT ( 'NONE',  ( -0.1144999999999999900, 0.0000000000000000000, 0.09299999999999999900 ) ) ;
#788 = AXIS2_PLACEMENT_3D ( 'NONE', #787, #772, #771 ) ;
#789 = LINE ( 'NONE', #798, #779 ) ;
#790 = LINE ( 'NONE', #833, #775 ) ;
#791 = DIRECTION ( 'NONE',  ( -3.339373650759739900E-017, 1.000000000000000000, -0.0000000000000000000 ) ) ;
#792 = VECTOR ( 'NONE', #791, 39.37007874015748100 ) ;
#793 = CARTESIAN_POINT ( 'NONE',  ( -0.1444999999999999900, 0.0000000000000000000, 0.06200000000000000000 ) ) ;
#794 = LINE ( 'NONE', #793, #792 ) ;
#795 = DIRECTION ( 'NONE',  ( -3.339373650759739900E-017, 1.000000000000000000, -0.0000000000000000000 ) ) ;
#796 = DIRECTION ( 'NONE',  ( 1.000000000000000000, 0.0000000000000000000, 0.0000000000000000000 ) ) ;
#797 = LINE ( 'NONE', #846, #805 ) ;
#798 = CARTESIAN_POINT ( 'NONE',  ( -0.06962490643203420000, 0.006496990146362476200, 0.06200000000000000000 ) ) ;
#799 = LINE ( 'NONE', #861, #860 ) ;
#800 = DIRECTION ( 'NONE',  ( -1.000000000000000000, -3.339373650759739900E-017, -2.510889700059065400E-016 ) ) ;
#801 = VECTOR ( 'NONE', #800, 39.37007874015748100 ) ;
#802 = CARTESIAN_POINT ( 'NONE',  ( -0.08058812704847680100, 2.134256245050206000E-018, 0.1240000000000000100 ) ) ;
#803 = LINE ( 'NONE', #802, #801 ) ;
#804 = CIRCLE ( 'NONE', #788, 0.01499999999999999400 ) ;
#805 = VECTOR ( 'NONE', #784, 39.37007874015748100 ) ;
#806 = CARTESIAN_POINT ( 'NONE',  ( -0.06650000000000000400, 0.007999999999999989800, 0.1860000000000000000 ) ) ;
#807 = PLANE ( 'NONE',  #867 ) ;
#808 = FACE_OUTER_BOUND ( 'NONE', #84, .T. ) ;
#809 = CARTESIAN_POINT ( 'NONE',  ( 0.06650000000000000400, 0.01599999999999999000, 0.02798653985519612300 ) ) ;
#810 = CARTESIAN_POINT ( 'NONE',  ( -0.1444999999999999900, 0.008000000000000000200, 0.1240000000000000000 ) ) ;
#811 = DIRECTION ( 'NONE',  ( -0.0000000000000000000, -0.0000000000000000000, -1.000000000000000000 ) ) ;
#812 = VECTOR ( 'NONE', #811, 39.37007874015748100 ) ;
#813 = CARTESIAN_POINT ( 'NONE',  ( -0.08058812704847682900, 0.008000000000000001900, 0.1860000000000000000 ) ) ;
#814 = CARTESIAN_POINT ( 'NONE',  ( 0.06649999999999999000, 0.007999999999999988000, 0.1339999999999999800 ) ) ;
#815 = CIRCLE ( 'NONE', #831, 0.01499999999999999400 ) ;
#816 = DIRECTION ( 'NONE',  ( -0.0000000000000000000, -0.0000000000000000000, -1.000000000000000000 ) ) ;
#817 = DIRECTION ( 'NONE',  ( -0.0000000000000000000, -0.0000000000000000000, -1.000000000000000000 ) ) ;
#818 = DIRECTION ( 'NONE',  ( -1.000000000000000000, 0.0000000000000000000, 0.0000000000000000000 ) ) ;
#819 = DIRECTION ( 'NONE',  ( -0.0000000000000000000, -0.0000000000000000000, -1.000000000000000000 ) ) ;
#820 = CARTESIAN_POINT ( 'NONE',  ( -0.08058812704847682900, 0.01200000000000000000, 0.1860000000000000000 ) ) ;
#821 = AXIS2_PLACEMENT_3D ( 'NONE', #820, #819, #818 ) ;
#822 = FACE_OUTER_BOUND ( 'NONE', #124, .T. ) ;
#823 = FACE_BOUND ( 'NONE', #160, .T. ) ;
#824 = DIRECTION ( 'NONE',  ( 1.000000000000000000, 8.892734354375862000E-016, 0.0000000000000000000 ) ) ;
#825 = DIRECTION ( 'NONE',  ( -1.255444850029532700E-016, -4.029234603746840400E-033, -1.000000000000000000 ) ) ;
#826 = CARTESIAN_POINT ( 'NONE',  ( -0.08058812704847682900, 0.01200000000000000000, 0.06200000000000000000 ) ) ;
#827 = AXIS2_PLACEMENT_3D ( 'NONE', #826, #825, #824 ) ;
#828 = CIRCLE ( 'NONE', #827, 0.01199999999999999300 ) ;
#829 = CARTESIAN_POINT ( 'NONE',  ( 0.06650000000000000400, 0.01599999999999999000, 0.1580134601448038900 ) ) ;
#830 = CARTESIAN_POINT ( 'NONE',  ( -0.07121340775237428000, 0.004509029560912536400, 0.06200000000000000000 ) ) ;
#831 = AXIS2_PLACEMENT_3D ( 'NONE', #774, #795, #796 ) ;
#832 = CARTESIAN_POINT ( 'NONE',  ( -0.07121340775237426600, 0.004509029560912538100, 0.1240000000000000100 ) ) ;
#833 = CARTESIAN_POINT ( 'NONE',  ( 0.1444999999999999900, 0.0000000000000000000, 0.1860000000000000000 ) ) ;
#834 = CARTESIAN_POINT ( 'NONE',  ( 0.06649999999999999000, 0.01599999999999999300, 0.1339999999999999800 ) ) ;
#835 = LINE ( 'NONE', #813, #812 ) ;
#836 = DIRECTION ( 'NONE',  ( -0.0000000000000000000, -0.0000000000000000000, -1.000000000000000000 ) ) ;
#837 = VECTOR ( 'NONE', #836, 39.37007874015748100 ) ;
#838 = CARTESIAN_POINT ( 'NONE',  ( -0.1444999999999999900, 0.008000000000000000200, 0.1860000000000000000 ) ) ;
#839 = LINE ( 'NONE', #838, #837 ) ;
#840 = DIRECTION ( 'NONE',  ( 1.000000000000000000, 3.339373650759739300E-017, 0.0000000000000000000 ) ) ;
#841 = DIRECTION ( 'NONE',  ( -0.6242475365906231500, -0.7812266080085460400, -0.0000000000000000000 ) ) ;
#842 = AXIS2_PLACEMENT_3D ( 'NONE', #778, #777, #776 ) ;
#843 = DIRECTION ( 'NONE',  ( 0.0000000000000000000, 0.0000000000000000000, 1.000000000000000000 ) ) ;
#844 = VECTOR ( 'NONE', #843, 39.37007874015748100 ) ;
#845 = CARTESIAN_POINT ( 'NONE',  ( -0.07025018713593161900, 0.005714470561220201500, 0.06200000000000000000 ) ) ;
#846 = CARTESIAN_POINT ( 'NONE',  ( 0.1444999999999999900, 0.008000000000000000200, 0.1860000000000000000 ) ) ;
#847 = CYLINDRICAL_SURFACE ( 'NONE', #821, 0.01199999999999998500 ) ;
#848 = DIRECTION ( 'NONE',  ( 0.0000000000000000000, 0.0000000000000000000, -1.000000000000000000 ) ) ;
#849 = DIRECTION ( 'NONE',  ( 0.0000000000000000000, -1.000000000000000000, 0.0000000000000000000 ) ) ;
#850 = CARTESIAN_POINT ( 'NONE',  ( 1.164596786305387000E-017, 0.01599999999999999000, 0.09299999999999999900 ) ) ;
#851 = AXIS2_PLACEMENT_3D ( 'NONE', #850, #849, #848 ) ;
#852 = CIRCLE ( 'NONE', #851, 0.09299999999999999900 ) ;
#853 = FACE_OUTER_BOUND ( 'NONE', #178, .T. ) ;
#854 = CARTESIAN_POINT ( 'NONE',  ( 0.1445000000000000200, -9.478001694819074300E-034, 0.1240000000000000000 ) ) ;
#855 = CARTESIAN_POINT ( 'NONE',  ( 0.06649999999999997600, 0.01599999999999998600, 0.1860000000000000000 ) ) ;
#856 = LINE ( 'NONE', #855, #844 ) ;
#857 = PLANE ( 'NONE',  #842 ) ;
#858 = FACE_OUTER_BOUND ( 'NONE', #157, .T. ) ;
#859 = DIRECTION ( 'NONE',  ( -3.339373650759739900E-017, 1.000000000000000000, -0.0000000000000000000 ) ) ;
#860 = VECTOR ( 'NONE', #859, 39.37007874015748100 ) ;
#861 = CARTESIAN_POINT ( 'NONE',  ( -0.1444999999999999900, 0.0000000000000000000, 0.1240000000000000000 ) ) ;
#862 = CARTESIAN_POINT ( 'NONE',  ( -0.08058812704847682900, 8.537024980200822600E-018, 0.1860000000000000000 ) ) ;
#863 = LINE ( 'NONE', #862, #773 ) ;
#864 = CARTESIAN_POINT ( 'NONE',  ( 0.06694819931487712400, 0.007898358756713153400, 0.05723629492917577100 ) ) ;
#865 = DIRECTION ( 'NONE',  ( 0.0000000000000000000, -0.0000000000000000000, -1.000000000000000000 ) ) ;
#866 = DIRECTION ( 'NONE',  ( 0.0000000000000000000, -1.000000000000000000, 0.0000000000000000000 ) ) ;
#867 = AXIS2_PLACEMENT_3D ( 'NONE', #806, #866, #865 ) ;
#868 = CIRCLE ( 'NONE', #908, 0.01199999999999999300 ) ;
#869 = VECTOR ( 'NONE', #914, 39.37007874015748100 ) ;
#870 = FACE_BOUND ( 'NONE', #191, .T. ) ;
#871 = CARTESIAN_POINT ( 'NONE',  ( 0.06649999999999999000, 0.01599999999999999300, 0.05200000000000001800 ) ) ;
#872 = DIRECTION ( 'NONE',  ( -1.000000000000000000, -3.339373650759739900E-017, -0.0000000000000000000 ) ) ;
#873 = VECTOR ( 'NONE', #872, 39.37007874015748100 ) ;
#874 = CARTESIAN_POINT ( 'NONE',  ( -0.08058812704847682900, 0.008000000000000001900, 0.06200000000000000000 ) ) ;
#875 = LINE ( 'NONE', #874, #873 ) ;
#876 = DIRECTION ( 'NONE',  ( -2.134256245050206200E-015, 1.000000000000000000, 0.0000000000000000000 ) ) ;
#877 = VECTOR ( 'NONE', #876, 39.37007874015748100 ) ;
#878 = CARTESIAN_POINT ( 'NONE',  ( 0.06649999999999999000, 0.007999999999999988000, 0.05200000000000002500 ) ) ;
#879 = LINE ( 'NONE', #878, #877 ) ;
#880 = VECTOR ( 'NONE', #937, 39.37007874015748100 ) ;
#881 = CARTESIAN_POINT ( 'NONE',  ( 0.06650000000000000400, 0.01599999999999999000, 0.1860000000000000000 ) ) ;
#882 = LINE ( 'NONE', #895, #894 ) ;
#883 = AXIS2_PLACEMENT_3D ( 'NONE', #905, #897, #896 ) ;
#884 = CARTESIAN_POINT ( 'NONE',  ( -0.08058812704847682900, 8.537024980200822600E-018, 0.1240000000000000100 ) ) ;
#885 = CARTESIAN_POINT ( 'NONE',  ( -0.1444999999999999900, 0.0000000000000000000, 0.1860000000000000000 ) ) ;
#886 = LINE ( 'NONE', #881, #880 ) ;
#887 = CARTESIAN_POINT ( 'NONE',  ( -0.08058812704847682900, 8.537024980200822600E-018, 0.06200000000000000000 ) ) ;
#888 = PLANE ( 'NONE',  #883 ) ;
#889 = FACE_OUTER_BOUND ( 'NONE', #140, .T. ) ;
#890 = PLANE ( 'NONE',  #930 ) ;
#891 = CARTESIAN_POINT ( 'NONE',  ( -0.06962490643203421400, 0.006496990146362495300, 0.06198043205684674500 ) ) ;
#892 = FACE_OUTER_BOUND ( 'NONE', #238, .T. ) ;
#893 = DIRECTION ( 'NONE',  ( -0.7812266080085497100, -0.6242475365906187100, 0.0000000000000000000 ) ) ;
#894 = VECTOR ( 'NONE', #936, 39.37007874015748100 ) ;
#895 = CARTESIAN_POINT ( 'NONE',  ( -0.08058812704847684300, 2.134256245050205300E-018, 0.06200000000000000000 ) ) ;
#896 = DIRECTION ( 'NONE',  ( 1.000000000000000000, 3.339373650759739900E-017, 0.0000000000000000000 ) ) ;
#897 = DIRECTION ( 'NONE',  ( 3.339373650759739900E-017, -1.000000000000000000, 0.0000000000000000000 ) ) ;
#898 = AXIS2_PLACEMENT_3D ( 'NONE', #901, #939, #938 ) ;
#899 = LINE ( 'NONE', #885, #904 ) ;
#900 = CARTESIAN_POINT ( 'NONE',  ( -0.1444999999999999900, 0.0000000000000000000, 0.1240000000000000000 ) ) ;
#901 = CARTESIAN_POINT ( 'NONE',  ( -0.06962490643203420000, 0.006496990146362474500, 0.1860000000000000000 ) ) ;
#902 = PLANE ( 'NONE',  #898 ) ;
#903 = DIRECTION ( 'NONE',  ( -0.0000000000000000000, -0.0000000000000000000, -1.000000000000000000 ) ) ;
#904 = VECTOR ( 'NONE', #903, 39.37007874015748100 ) ;
#905 = CARTESIAN_POINT ( 'NONE',  ( -0.08058812704847682900, 2.134256245050205600E-018, 0.1860000000000000000 ) ) ;
#906 = CARTESIAN_POINT ( 'NONE',  ( -0.08058812704847682900, 0.008000000000000001900, 0.1240000000000000100 ) ) ;
#907 = LINE ( 'NONE', #906, #918 ) ;
#908 = AXIS2_PLACEMENT_3D ( 'NONE', #922, #923, #915 ) ;
#909 = CARTESIAN_POINT ( 'NONE',  ( 0.06649999999999999000, 0.007999999999999991500, 0.05200000000000001800 ) ) ;
#910 = DIRECTION ( 'NONE',  ( 0.0000000000000000000, 0.0000000000000000000, 1.000000000000000000 ) ) ;
#911 = VECTOR ( 'NONE', #910, 39.37007874015748100 ) ;
#912 = CARTESIAN_POINT ( 'NONE',  ( 0.06649999999999997600, 0.01599999999999998600, 0.1860000000000000000 ) ) ;
#913 = LINE ( 'NONE', #912, #911 ) ;
#914 = DIRECTION ( 'NONE',  ( -0.0000000000000000000, -0.0000000000000000000, -1.000000000000000000 ) ) ;
#915 = DIRECTION ( 'NONE',  ( 1.000000000000000000, 0.0000000000000000000, 0.0000000000000000000 ) ) ;
#916 = CARTESIAN_POINT ( 'NONE',  ( -0.08058812704847682900, 0.008000000000000008800, 0.1240000000000000100 ) ) ;
#917 = DIRECTION ( 'NONE',  ( -1.000000000000000000, -3.339373650759739900E-017, -0.0000000000000000000 ) ) ;
#918 = VECTOR ( 'NONE', #917, 39.37007874015748100 ) ;
#919 = VECTOR ( 'NONE', #893, 39.37007874015748100 ) ;
#920 = CARTESIAN_POINT ( 'NONE',  ( 0.07746322061644263200, 0.009503009853637512900, 0.06200000000000000000 ) ) ;
#921 = LINE ( 'NONE', #920, #919 ) ;
#922 = CARTESIAN_POINT ( 'NONE',  ( -0.08058812704847682900, 0.01200000000000000000, 0.1240000000000000100 ) ) ;
#923 = DIRECTION ( 'NONE',  ( 2.510889700059065400E-016, 8.058469207493680700E-033, -1.000000000000000000 ) ) ;
#924 = CARTESIAN_POINT ( 'NONE',  ( -0.07121340775237425300, 0.004509029560912557200, 0.1860000000000000000 ) ) ;
#925 = CARTESIAN_POINT ( 'NONE',  ( 0.06649999999999999000, 0.007999999999999989800, 0.02798653985519613400 ) ) ;
#926 = CARTESIAN_POINT ( 'NONE',  ( -0.06650000000000000400, 0.01599999999999998000, 0.05336282434888302300 ) ) ;
#927 = CARTESIAN_POINT ( 'NONE',  ( -0.06650000000000000400, 0.01599999999999998000, 0.05200000000000002500 ) ) ;
#928 = DIRECTION ( 'NONE',  ( -0.0000000000000000000, -0.0000000000000000000, -1.000000000000000000 ) ) ;
#929 = DIRECTION ( 'NONE',  ( 1.000000000000000000, 2.134256245050206200E-015, -0.0000000000000000000 ) ) ;
#930 = AXIS2_PLACEMENT_3D ( 'NONE', #934, #929, #928 ) ;
#931 = CARTESIAN_POINT ( 'NONE',  ( 0.06650000000000000400, 0.007919999999999993000, 0.05336282434888300200 ) ) ;
#932 = CARTESIAN_POINT ( 'NONE',  ( 0.06650000000000000400, 0.007919999999999993000, 0.05200000000000002500 ) ) ;
#933 = B_SPLINE_SURFACE_WITH_KNOTS ( 'NONE', 1, 3, ( 
 ( #932, #931, #705, #864, #977, #949, #961, #978, #950, #964 ),
 ( #953, #965, #969, #945, #984, #946, #942, #983, #954, #975 ),
 ( #944, #976, #943, #982, #981, #960, #963, #962, #974, #973 ),
 ( #980, #979, #968, #967, #966, #972, #971, #970, #948, #947 ) ),
 .UNSPECIFIED., .F., .F., .F.,
 ( 2, 1, 1, 2 ),
 ( 4, 2, 2, 2, 4 ),
 ( -0.01000000000000000000, 0.0000000000000000000, 1.000000000000000000, 1.010100000000000000 ),
 ( 2.168404344971008900E-019, 0.0001035619379171269700, 0.0002071238758342537300, 0.0003106858137513805100, 0.0004142477516685072400 ),
 .UNSPECIFIED. ) ;
#934 = CARTESIAN_POINT ( 'NONE',  ( 0.06649999999999999000, 0.007999999999999988000, 0.03999326992759807300 ) ) ;
#935 = CARTESIAN_POINT ( 'NONE',  ( -0.1444999999999999900, 0.0000000000000000000, 0.06200000000000000000 ) ) ;
#936 = DIRECTION ( 'NONE',  ( -1.000000000000000000, -3.339373650759739900E-017, 1.255444850029532700E-016 ) ) ;
#937 = DIRECTION ( 'NONE',  ( -0.0000000000000000000, -0.0000000000000000000, -1.000000000000000000 ) ) ;
#938 = DIRECTION ( 'NONE',  ( 0.6242475365906231500, 0.7812266080085461500, 0.0000000000000000000 ) ) ;
#939 = DIRECTION ( 'NONE',  ( 0.7812266080085461500, -0.6242475365906231500, 0.0000000000000000000 ) ) ;
#940 = LINE ( 'NONE', #924, #869 ) ;
#941 = FACE_OUTER_BOUND ( 'NONE', #154, .T. ) ;
#942 = CARTESIAN_POINT ( 'NONE',  ( 0.06825592070939565100, 0.007619939640318881300, 0.06088821442384263800 ) ) ;
#943 = CARTESIAN_POINT ( 'NONE',  ( 0.06678484943219226100, 0.01600898709482515700, 0.05473429147977532100 ) ) ;
#944 = CARTESIAN_POINT ( 'NONE',  ( 0.06649999999999999000, 0.01599999999999999300, 0.05200000000000002500 ) ) ;
#945 = CARTESIAN_POINT ( 'NONE',  ( 0.06695734623967053400, 0.007977917098686891300, 0.05723629492917577100 ) ) ;
#946 = CARTESIAN_POINT ( 'NONE',  ( 0.06787448960940474500, 0.007771341312104543800, 0.06019977738496654100 ) ) ;
#947 = CARTESIAN_POINT ( 'NONE',  ( 0.07593784240602970100, 0.01154140964004396600, 0.06198043205684674500 ) ) ;
#948 = CARTESIAN_POINT ( 'NONE',  ( 0.07507587286808856100, 0.01262013802719987000, 0.06192679006427354700 ) ) ;
#949 = CARTESIAN_POINT ( 'NONE',  ( 0.06784699981721666100, 0.007695914485862452600, 0.06019977738496654100 ) ) ;
#950 = CARTESIAN_POINT ( 'NONE',  ( 0.06928288714422942100, 0.006796862484037390800, 0.06192682266406301900 ) ) ;
#951 = CARTESIAN_POINT ( 'NONE',  ( 0.06649999999999999000, 0.007999999999999989800, 0.02798653985519613400 ) ) ;
#952 = LINE ( 'NONE', #951, #959 ) ;
#953 = CARTESIAN_POINT ( 'NONE',  ( 0.06650000000000000400, 0.007999999999999993200, 0.05200000000000002500 ) ) ;
#954 = CARTESIAN_POINT ( 'NONE',  ( 0.06933967555442312200, 0.006853947824133091600, 0.06192682234448856900 ) ) ;
#955 = CARTESIAN_POINT ( 'NONE',  ( -0.06678484943219227500, 0.01600898709482515700, 0.05473429147977529300 ) ) ;
#956 = CARTESIAN_POINT ( 'NONE',  ( -0.06787203871901158200, 0.01593375129606070000, 0.05723629492917574300 ) ) ;
#957 = FACE_OUTER_BOUND ( 'NONE', #215, .T. ) ;
#958 = DIRECTION ( 'NONE',  ( -0.0000000000000000000, 1.000000000000000000, -0.0000000000000000000 ) ) ;
#959 = VECTOR ( 'NONE', #958, 39.37007874015748100 ) ;
#960 = CARTESIAN_POINT ( 'NONE',  ( 0.07062346882821422800, 0.01531402393631365300, 0.06019977738496654100 ) ) ;
#961 = CARTESIAN_POINT ( 'NONE',  ( 0.06822080229520784100, 0.007547540847512701700, 0.06088821442384263800 ) ) ;
#962 = CARTESIAN_POINT ( 'NONE',  ( 0.07396820190503147800, 0.01348213821562847100, 0.06174599555335579700 ) ) ;
#963 = CARTESIAN_POINT ( 'NONE',  ( 0.07176776212817732900, 0.01485981892093686500, 0.06088821442384263800 ) ) ;
#964 = CARTESIAN_POINT ( 'NONE',  ( 0.06956240830339352500, 0.006447050343435232700, 0.06198043205684674500 ) ) ;
#965 = CARTESIAN_POINT ( 'NONE',  ( 0.06650000000000000400, 0.007999999999999993200, 0.05336282434888300200 ) ) ;
#966 = CARTESIAN_POINT ( 'NONE',  ( 0.06869872857217471100, 0.01592204273745218300, 0.05837812421286367500 ) ) ;
#967 = CARTESIAN_POINT ( 'NONE',  ( 0.06788127711305293200, 0.01601410522145417200, 0.05723629492917577100 ) ) ;
#968 = CARTESIAN_POINT ( 'NONE',  ( 0.06678676741836903100, 0.01608984760793031100, 0.05473429147977532100 ) ) ;
#969 = CARTESIAN_POINT ( 'NONE',  ( 0.06659494981073074700, 0.008002995698275044300, 0.05473429147977532100 ) ) ;
#970 = CARTESIAN_POINT ( 'NONE',  ( 0.07401848779785864800, 0.01354598461294697800, 0.06174599555335579700 ) ) ;
#971 = CARTESIAN_POINT ( 'NONE',  ( 0.07180323172650701600, 0.01493294170167110700, 0.06088821442384263800 ) ) ;
#972 = CARTESIAN_POINT ( 'NONE',  ( 0.07065123351832421100, 0.01539020503081816500, 0.06019977738496654100 ) ) ;
#973 = CARTESIAN_POINT ( 'NONE',  ( 0.07587471929610260800, 0.01149097043908744500, 0.06198043205684674500 ) ) ;
#974 = CARTESIAN_POINT ( 'NONE',  ( 0.07501851657379292300, 0.01256248183370321300, 0.06192679038704374000 ) ) ;
#975 = CARTESIAN_POINT ( 'NONE',  ( 0.06962490643203421400, 0.006496990146362482300, 0.06198043205684674500 ) ) ;
#976 = CARTESIAN_POINT ( 'NONE',  ( 0.06649999999999999000, 0.01599999999999999300, 0.05336282434888300200 ) ) ;
#977 = CARTESIAN_POINT ( 'NONE',  ( 0.06721344745405311000, 0.007868486154129897300, 0.05837812421286367500 ) ) ;
#978 = CARTESIAN_POINT ( 'NONE',  ( 0.06893961262231486400, 0.007097498483777778900, 0.06174599555335579700 ) ) ;
#979 = CARTESIAN_POINT ( 'NONE',  ( 0.06649999999999999000, 0.01608079999999999600, 0.05336282434888300200 ) ) ;
#980 = CARTESIAN_POINT ( 'NONE',  ( 0.06649999999999999000, 0.01608079999999999600, 0.05200000000000002500 ) ) ;
#981 = CARTESIAN_POINT ( 'NONE',  ( 0.06868402281852995000, 0.01584230455345889500, 0.05837812421286367500 ) ) ;
#982 = CARTESIAN_POINT ( 'NONE',  ( 0.06787203871901159600, 0.01593375129606070000, 0.05723629492917577100 ) ) ;
#983 = CARTESIAN_POINT ( 'NONE',  ( 0.06898940063501503300, 0.007160712738548578700, 0.06174599555335579700 ) ) ;
#984 = CARTESIAN_POINT ( 'NONE',  ( 0.06722800760617664300, 0.007947434851152956900, 0.05837812421286367500 ) ) ;
#985 = AXIS2_PLACEMENT_3D ( 'NONE', #1013, #1012, #1011 ) ;
#986 = PLANE ( 'NONE',  #985 ) ;
#987 = DIRECTION ( 'NONE',  ( 3.339373650759739900E-017, 1.000000000000000000, -0.0000000000000000000 ) ) ;
#988 = DIRECTION ( 'NONE',  ( -3.339373650759739900E-017, -1.000000000000000000, 0.0000000000000000000 ) ) ;
#989 = CARTESIAN_POINT ( 'NONE',  ( 0.1144999999999999900, 0.0000000000000000000, 0.09299999999999999900 ) ) ;
#990 = CARTESIAN_POINT ( 'NONE',  ( 1.164596786305387000E-017, 0.007999999999999989800, 0.09299999999999999900 ) ) ;
#991 = CARTESIAN_POINT ( 'NONE',  ( -0.06784699981721663300, 0.007695914485862454300, 0.06019977738496653400 ) ) ;
#992 = CARTESIAN_POINT ( 'NONE',  ( -0.06721344745405311000, 0.007868486154129899000, 0.05837812421286366100 ) ) ;
#993 = CARTESIAN_POINT ( 'NONE',  ( -0.06694819931487712400, 0.007898358756713156800, 0.05723629492917574300 ) ) ;
#994 = CARTESIAN_POINT ( 'NONE',  ( -0.06659305081451613600, 0.007922935784309545100, 0.05473429147977529300 ) ) ;
#995 = CARTESIAN_POINT ( 'NONE',  ( -0.06650000000000000400, 0.007919999999999979100, 0.05336282434888302300 ) ) ;
#996 = CARTESIAN_POINT ( 'NONE',  ( -0.06650000000000000400, 0.007919999999999979100, 0.05200000000000002500 ) ) ;
#997 = B_SPLINE_SURFACE_WITH_KNOTS ( 'NONE', 1, 3, ( 
 ( #996, #995, #994, #993, #992, #991, #1058, #1057, #1056, #1055 ),
 ( #1054, #1053, #1052, #1051, #1050, #1049, #1048, #1047, #1046, #891 ),
 ( #927, #926, #955, #956, #1133, #1210, #1100, #1103, #1214, #1159 ),
 ( #1187, #1212, #1134, #1213, #1186, #1108, #1176, #1104, #1196, #1192 ) ),
 .UNSPECIFIED., .F., .F., .F.,
 ( 2, 1, 1, 2 ),
 ( 4, 2, 2, 2, 4 ),
 ( -0.01000000000000000000, 0.0000000000000000000, 1.000000000000000000, 1.010100000000000000 ),
 ( 0.0000000000000000000, 0.0001035619379171265300, 0.0002071238758342530500, 0.0003106858137513795900, 0.0004142477516685061000 ),
 .UNSPECIFIED. ) ;
#998 = CARTESIAN_POINT ( 'NONE',  ( 0.07062396604257380200, 0.01531385330582110000, 0.1257998535505784100 ) ) ;
#999 = CARTESIAN_POINT ( 'NONE',  ( 0.07501967091381860100, 0.01256103721263623900, 0.1240731372927859500 ) ) ;
#1000 = CARTESIAN_POINT ( 'NONE',  ( 0.07396893454052061400, 0.01348157926226641400, 0.1242538094104993900 ) ) ;
#1001 = CARTESIAN_POINT ( 'NONE',  ( 0.07176836055518438800, 0.01485954444430335000, 0.1251114617888370000 ) ) ;
#1002 = CARTESIAN_POINT ( 'NONE',  ( -0.07746322061644264600, 0.009503009853637521500, 0.06200000000000000000 ) ) ;
#1003 = LINE ( 'NONE', #1002, #1065 ) ;
#1004 = VECTOR ( 'NONE', #987, 39.37007874015748100 ) ;
#1005 = FACE_OUTER_BOUND ( 'NONE', #258, .T. ) ;
#1006 = DIRECTION ( 'NONE',  ( 0.0000000000000000000, 0.0000000000000000000, -1.000000000000000000 ) ) ;
#1007 = FACE_OUTER_BOUND ( 'NONE', #406, .T. ) ;
#1008 = DIRECTION ( 'NONE',  ( 0.7812266080085461500, -0.6242475365906231500, 0.0000000000000000000 ) ) ;
#1009 = VECTOR ( 'NONE', #1008, 39.37007874015748900 ) ;
#1010 = CARTESIAN_POINT ( 'NONE',  ( -0.07649999999999998500, 0.01070845085394518500, 0.06200000000000000000 ) ) ;
#1011 = DIRECTION ( 'NONE',  ( 1.000000000000000000, -3.339373650759739900E-017, 1.255444850029532700E-016 ) ) ;
#1012 = DIRECTION ( 'NONE',  ( 1.255444850029532700E-016, -4.192399452170634700E-033, -1.000000000000000000 ) ) ;
#1013 = CARTESIAN_POINT ( 'NONE',  ( 0.08058812704847684300, 2.134256245050205300E-018, 0.06200000000000000000 ) ) ;
#1014 = DIRECTION ( 'NONE',  ( -3.339373650759739900E-017, 1.000000000000000000, -0.0000000000000000000 ) ) ;
#1015 = VECTOR ( 'NONE', #1014, 39.37007874015748100 ) ;
#1016 = CARTESIAN_POINT ( 'NONE',  ( -0.08058812704847682900, 8.537024980200822600E-018, 0.06200000000000000000 ) ) ;
#1017 = LINE ( 'NONE', #1016, #1015 ) ;
#1018 = DIRECTION ( 'NONE',  ( -0.7812266080085497100, -0.6242475365906187100, 0.0000000000000000000 ) ) ;
#1019 = VECTOR ( 'NONE', #1018, 39.37007874015748100 ) ;
#1020 = CARTESIAN_POINT ( 'NONE',  ( 0.07649999999999995700, 0.01070845085394521800, 0.1240000000000000100 ) ) ;
#1021 = LINE ( 'NONE', #1020, #1019 ) ;
#1022 = DIRECTION ( 'NONE',  ( 0.7812266080085461500, -0.6242475365906231500, 0.0000000000000000000 ) ) ;
#1023 = VECTOR ( 'NONE', #1022, 39.37007874015748900 ) ;
#1024 = CARTESIAN_POINT ( 'NONE',  ( -0.07746322061644264600, 0.009503009853637516300, 0.1240000000000000100 ) ) ;
#1025 = LINE ( 'NONE', #1024, #1023 ) ;
#1026 = FACE_OUTER_BOUND ( 'NONE', #214, .T. ) ;
#1027 = DIRECTION ( 'NONE',  ( -0.7812266080085497100, -0.6242475365906187100, 0.0000000000000000000 ) ) ;
#1028 = VECTOR ( 'NONE', #1027, 39.37007874015748100 ) ;
#1029 = CARTESIAN_POINT ( 'NONE',  ( 0.07649999999999995700, 0.01070845085394521800, 0.06200000000000000000 ) ) ;
#1030 = LINE ( 'NONE', #1029, #1028 ) ;
#1031 = CARTESIAN_POINT ( 'NONE',  ( -0.07649999999999998500, 0.01070845085394518700, 0.06200000000000001300 ) ) ;
#1032 = CARTESIAN_POINT ( 'NONE',  ( 0.07025018713593156300, 0.005714470561220264000, 0.06200000000000001300 ) ) ;
#1033 = CARTESIAN_POINT ( 'NONE',  ( 0.07649999999999997100, 0.01070845085394522000, 0.06200000000000001300 ) ) ;
#1034 = CARTESIAN_POINT ( 'NONE',  ( 0.07649999999999995700, 0.01070845085394521800, 0.06200000000000000000 ) ) ;
#1035 = DIRECTION ( 'NONE',  ( 0.6242475365906187100, -0.7812266080085497100, -1.567416709912629000E-016 ) ) ;
#1036 = VECTOR ( 'NONE', #1035, 39.37007874015748100 ) ;
#1037 = DIRECTION ( 'NONE',  ( 0.6242475365906187100, -0.7812266080085497100, -1.567416709912629000E-016 ) ) ;
#1038 = DIRECTION ( 'NONE',  ( -9.784560199739310600E-017, 1.224507639620964100E-016, -1.000000000000000000 ) ) ;
#1039 = AXIS2_PLACEMENT_3D ( 'NONE', #1061, #1038, #1037 ) ;
#1040 = FACE_OUTER_BOUND ( 'NONE', #229, .T. ) ;
#1041 = DIRECTION ( 'NONE',  ( 1.000000000000000000, -3.339373650759738000E-017, 0.0000000000000000000 ) ) ;
#1042 = AXIS2_PLACEMENT_3D ( 'NONE', #990, #1067, #1006 ) ;
#1043 = PLANE ( 'NONE',  #1072 ) ;
#1044 = CARTESIAN_POINT ( 'NONE',  ( 0.07587471929610258000, 0.01149097043908742800, 0.1240000000000000100 ) ) ;
#1045 = LINE ( 'NONE', #1044, #1036 ) ;
#1046 = CARTESIAN_POINT ( 'NONE',  ( -0.06933967555442312200, 0.006853947824133102900, 0.06192682234448856900 ) ) ;
#1047 = CARTESIAN_POINT ( 'NONE',  ( -0.06898940063501501900, 0.007160712738548585600, 0.06174599555335579700 ) ) ;
#1048 = CARTESIAN_POINT ( 'NONE',  ( -0.06825592070939563700, 0.007619939640318886500, 0.06088821442384263800 ) ) ;
#1049 = CARTESIAN_POINT ( 'NONE',  ( -0.06787448960940473100, 0.007771341312104546400, 0.06019977738496653400 ) ) ;
#1050 = CARTESIAN_POINT ( 'NONE',  ( -0.06722800760617664300, 0.007947434851152958600, 0.05837812421286366100 ) ) ;
#1051 = CARTESIAN_POINT ( 'NONE',  ( -0.06695734623967053400, 0.007977917098686894800, 0.05723629492917574300 ) ) ;
#1052 = CARTESIAN_POINT ( 'NONE',  ( -0.06659494981073074700, 0.008002995698275046000, 0.05473429147977529300 ) ) ;
#1053 = CARTESIAN_POINT ( 'NONE',  ( -0.06650000000000000400, 0.007999999999999979300, 0.05336282434888302300 ) ) ;
#1054 = CARTESIAN_POINT ( 'NONE',  ( -0.06650000000000000400, 0.007999999999999979300, 0.05200000000000002500 ) ) ;
#1055 = CARTESIAN_POINT ( 'NONE',  ( -0.06956240830339352500, 0.006447050343435245700, 0.06198043205684674500 ) ) ;
#1056 = CARTESIAN_POINT ( 'NONE',  ( -0.06928288714422943500, 0.006796862484037401200, 0.06192682266406301900 ) ) ;
#1057 = CARTESIAN_POINT ( 'NONE',  ( -0.06893961262231485000, 0.007097498483777786800, 0.06174599555335579700 ) ) ;
#1058 = CARTESIAN_POINT ( 'NONE',  ( -0.06822080229520782700, 0.007547540847512706900, 0.06088821442384263800 ) ) ;
#1059 = FACE_OUTER_BOUND ( 'NONE', #230, .T. ) ;
#1060 = FACE_OUTER_BOUND ( 'NONE', #282, .T. ) ;
#1061 = CARTESIAN_POINT ( 'NONE',  ( 0.07587471929610258000, 0.01149097043908742800, 0.1240000000000000100 ) ) ;
#1062 = PLANE ( 'NONE',  #1039 ) ;
#1063 = FACE_OUTER_BOUND ( 'NONE', #224, .T. ) ;
#1064 = DIRECTION ( 'NONE',  ( 0.7812266080085461500, -0.6242475365906231500, 0.0000000000000000000 ) ) ;
#1065 = VECTOR ( 'NONE', #1064, 39.37007874015748900 ) ;
#1066 = CYLINDRICAL_SURFACE ( 'NONE', #1042, 0.09299999999999999900 ) ;
#1067 = DIRECTION ( 'NONE',  ( 0.0000000000000000000, -1.000000000000000000, 0.0000000000000000000 ) ) ;
#1068 = AXIS2_PLACEMENT_3D ( 'NONE', #989, #988, #1041 ) ;
#1069 = DIRECTION ( 'NONE',  ( 0.6242475365906187100, -0.7812266080085497100, 7.837083549563144800E-017 ) ) ;
#1070 = DIRECTION ( 'NONE',  ( 4.892280099869655300E-017, -6.122538198104820300E-017, -1.000000000000000000 ) ) ;
#1071 = CARTESIAN_POINT ( 'NONE',  ( 0.07587471929610260800, 0.01149097043908741000, 0.06200000000000000000 ) ) ;
#1072 = AXIS2_PLACEMENT_3D ( 'NONE', #1071, #1070, #1069 ) ;
#1073 = LINE ( 'NONE', #1099, #1004 ) ;
#1074 = CYLINDRICAL_SURFACE ( 'NONE', #1090, 0.01499999999999999400 ) ;
#1075 = CARTESIAN_POINT ( 'NONE',  ( 0.07004159015072708400, 0.005975523277714930900, 0.06200000000000002000 ) ) ;
#1076 = CARTESIAN_POINT ( 'NONE',  ( 0.07629140301479552000, 0.01096950357043988800, 0.06200000000000002000 ) ) ;
#1077 = CARTESIAN_POINT ( 'NONE',  ( 0.06983309523584378700, 0.006236448256339449100, 0.06199347522382067000 ) ) ;
#1078 = CARTESIAN_POINT ( 'NONE',  ( 0.07608290809991220800, 0.01123042854906440200, 0.06199347522382067000 ) ) ;
#1079 = CARTESIAN_POINT ( 'NONE',  ( 0.06962490643203418600, 0.006496990146362479700, 0.06198043205684673100 ) ) ;
#1080 = CARTESIAN_POINT ( 'NONE',  ( 0.07587471929610259400, 0.01149097043908743600, 0.06198043205684673100 ) ) ;
#1081 = CYLINDRICAL_SURFACE ( 'NONE', #1068, 0.01499999999999999400 ) ;
#1082 = LINE ( 'NONE', #1010, #1009 ) ;
#1083 =( BOUNDED_SURFACE ( )  B_SPLINE_SURFACE ( 3, 1, ( 
 ( #1031, #1098 ),
 ( #1097, #1096 ),
 ( #1095, #1094 ),
 ( #1093, #1092 ) ),
 .UNSPECIFIED., .F., .F., .T. ) 
 B_SPLINE_SURFACE_WITH_KNOTS ( ( 4, 4 ),
 ( 2, 2 ),
 ( 0.0000000000000000000, 1.000000000000000000 ),
 ( 0.0000000000000000000, 1.000000000000000000 ),
 .UNSPECIFIED. ) 
 GEOMETRIC_REPRESENTATION_ITEM ( )  RATIONAL_B_SPLINE_SURFACE ( (
 ( 1.000000000000000000, 1.000000000000000000),
 ( 0.9996737878033139500, 0.9996737878033139500),
 ( 0.9996737878033139500, 0.9996737878033139500),
 ( 1.000000000000000000, 1.000000000000000000) ) ) 
 REPRESENTATION_ITEM ( '' )  SURFACE ( )  );
#1084 =( BOUNDED_SURFACE ( )  B_SPLINE_SURFACE ( 3, 1, ( 
 ( #1080, #1079 ),
 ( #1078, #1077 ),
 ( #1076, #1075 ),
 ( #1033, #1032 ) ),
 .UNSPECIFIED., .F., .F., .T. ) 
 B_SPLINE_SURFACE_WITH_KNOTS ( ( 4, 4 ),
 ( 2, 2 ),
 ( 0.0000000000000000000, 1.000000000000000000 ),
 ( 0.0000000000000000000, 1.000000000000000000 ),
 .UNSPECIFIED. ) 
 GEOMETRIC_REPRESENTATION_ITEM ( )  RATIONAL_B_SPLINE_SURFACE ( (
 ( 1.000000000000000000, 1.000000000000000000),
 ( 0.9996737878033139500, 0.9996737878033139500),
 ( 0.9996737878033139500, 0.9996737878033139500),
 ( 1.000000000000000000, 1.000000000000000000) ) ) 
 REPRESENTATION_ITEM ( '' )  SURFACE ( )  );
#1085 = FACE_OUTER_BOUND ( 'NONE', #275, .T. ) ;
#1086 = FACE_OUTER_BOUND ( 'NONE', #235, .T. ) ;
#1087 = DIRECTION ( 'NONE',  ( 1.000000000000000000, 3.339373650759738000E-017, 0.0000000000000000000 ) ) ;
#1088 = DIRECTION ( 'NONE',  ( 3.339373650759739900E-017, -1.000000000000000000, 0.0000000000000000000 ) ) ;
#1089 = CARTESIAN_POINT ( 'NONE',  ( -0.1144999999999999900, 0.0000000000000000000, 0.09299999999999999900 ) ) ;
#1090 = AXIS2_PLACEMENT_3D ( 'NONE', #1089, #1088, #1087 ) ;
#1091 = CARTESIAN_POINT ( 'NONE',  ( 0.07649999999999995700, 0.01070845085394521400, 0.1240000000000000000 ) ) ;
#1092 = CARTESIAN_POINT ( 'NONE',  ( -0.06962490643203420000, 0.006496990146362476200, 0.06198043205684673100 ) ) ;
#1093 = CARTESIAN_POINT ( 'NONE',  ( -0.07587471929610256600, 0.01149097043908746200, 0.06198043205684673100 ) ) ;
#1094 = CARTESIAN_POINT ( 'NONE',  ( -0.06983309523584381500, 0.006236448256339426600, 0.06199347522382067000 ) ) ;
#1095 = CARTESIAN_POINT ( 'NONE',  ( -0.07608290809991220800, 0.01123042854906440900, 0.06199347522382067000 ) ) ;
#1096 = CARTESIAN_POINT ( 'NONE',  ( -0.07004159015072714000, 0.005975523277714887500, 0.06200000000000002000 ) ) ;
#1097 = CARTESIAN_POINT ( 'NONE',  ( -0.07629140301479552000, 0.01096950357043987400, 0.06200000000000002000 ) ) ;
#1098 = CARTESIAN_POINT ( 'NONE',  ( -0.07025018713593161900, 0.005714470561220201500, 0.06200000000000001300 ) ) ;
#1099 = CARTESIAN_POINT ( 'NONE',  ( 0.08058812704847682900, 2.134256245050206000E-018, 0.06200000000000000000 ) ) ;
#1100 = CARTESIAN_POINT ( 'NONE',  ( -0.07176776212817731500, 0.01485981892093687200, 0.06088821442384263800 ) ) ;
#1101 = CARTESIAN_POINT ( 'NONE',  ( 0.07587471929610652100, 0.01149097043908649100, 0.1240195679431522200 ) ) ;
#1102 = LINE ( 'NONE', #1101, #1194 ) ;
#1103 = CARTESIAN_POINT ( 'NONE',  ( -0.07396820190503146400, 0.01348213821562848300, 0.06174599555335579700 ) ) ;
#1104 = CARTESIAN_POINT ( 'NONE',  ( -0.07401848779785863400, 0.01354598461294699100, 0.06174599555335579700 ) ) ;
#1105 = CARTESIAN_POINT ( 'NONE',  ( 0.07746322061644263200, 0.009503009853637512900, 0.1240000000000000100 ) ) ;
#1106 = DIRECTION ( 'NONE',  ( -1.000000000000000000, 0.0000000000000000000, 0.0000000000000000000 ) ) ;
#1107 = DIRECTION ( 'NONE',  ( 0.0000000000000000000, 0.0000000000000000000, 1.000000000000000000 ) ) ;
#1108 = CARTESIAN_POINT ( 'NONE',  ( -0.07065123351832418300, 0.01539020503081817100, 0.06019977738496653400 ) ) ;
#1109 = DIRECTION ( 'NONE',  ( -0.7812266080085497100, -0.6242475365906187100, 0.0000000000000000000 ) ) ;
#1110 = CARTESIAN_POINT ( 'NONE',  ( 0.07587471929610259400, 0.01149097043908741900, 0.1860000000000000000 ) ) ;
#1111 = AXIS2_PLACEMENT_3D ( 'NONE', #1110, #1109, #1188 ) ;
#1112 = PLANE ( 'NONE',  #1111 ) ;
#1113 = CIRCLE ( 'NONE', #1166, 0.004000000000000003600 ) ;
#1114 = CARTESIAN_POINT ( 'NONE',  ( -0.08058812704847682900, 0.01200000000000000000, 0.1240000000000000100 ) ) ;
#1115 = PLANE ( 'NONE',  #1163 ) ;
#1116 = FACE_OUTER_BOUND ( 'NONE', #289, .T. ) ;
#1117 = CARTESIAN_POINT ( 'NONE',  ( -0.07025018713593161900, 0.005714470561220198900, 0.1240000000000000000 ) ) ;
#1118 = CARTESIAN_POINT ( 'NONE',  ( -0.07649999999999998500, 0.01070845085394518500, 0.1240000000000000000 ) ) ;
#1119 = CARTESIAN_POINT ( 'NONE',  ( -0.07004159015072714000, 0.005975523277714884900, 0.1240000000000000000 ) ) ;
#1120 = CARTESIAN_POINT ( 'NONE',  ( -0.07629140301479552000, 0.01096950357043987100, 0.1240000000000000000 ) ) ;
#1121 = CARTESIAN_POINT ( 'NONE',  ( -0.06983309523584381500, 0.006236448256339422200, 0.1240065247761793400 ) ) ;
#1122 = CARTESIAN_POINT ( 'NONE',  ( -0.07608290809991220800, 0.01123042854906440400, 0.1240065247761793400 ) ) ;
#1123 = CARTESIAN_POINT ( 'NONE',  ( -0.06962490643203420000, 0.006496990146362471900, 0.1240195679431532700 ) ) ;
#1124 = CARTESIAN_POINT ( 'NONE',  ( -0.07587471929610256600, 0.01149097043908745700, 0.1240195679431532700 ) ) ;
#1125 = PLANE ( 'NONE',  #1172 ) ;
#1126 = DIRECTION ( 'NONE',  ( -1.000000000000000000, 2.134256245050205500E-015, -0.0000000000000000000 ) ) ;
#1127 = CARTESIAN_POINT ( 'NONE',  ( -0.06649999999999999000, 0.007999999999999989800, 0.03999326992759807300 ) ) ;
#1128 = AXIS2_PLACEMENT_3D ( 'NONE', #1127, #1126, #1144 ) ;
#1129 = PLANE ( 'NONE',  #1128 ) ;
#1130 = DIRECTION ( 'NONE',  ( 1.000000000000000000, -3.339373650759739300E-017, -2.510889700059065400E-016 ) ) ;
#1131 = DIRECTION ( 'NONE',  ( -2.510889700059065400E-016, 8.384798904341268000E-033, -1.000000000000000000 ) ) ;
#1132 = CARTESIAN_POINT ( 'NONE',  ( 0.08058812704847680100, 0.008000000000000001900, 0.1240000000000000100 ) ) ;
#1133 = CARTESIAN_POINT ( 'NONE',  ( -0.06868402281852993600, 0.01584230455345889500, 0.05837812421286366100 ) ) ;
#1134 = CARTESIAN_POINT ( 'NONE',  ( -0.06678676741836903100, 0.01608984760793031500, 0.05473429147977529300 ) ) ;
#1135 = FACE_OUTER_BOUND ( 'NONE', #336, .T. ) ;
#1136 = DIRECTION ( 'NONE',  ( 0.7812266080085461500, -0.6242475365906231500, 0.0000000000000000000 ) ) ;
#1137 = VECTOR ( 'NONE', #1136, 39.37007874015748900 ) ;
#1138 = CARTESIAN_POINT ( 'NONE',  ( -0.07649999999999998500, 0.01070845085394518500, 0.1240000000000000100 ) ) ;
#1139 = LINE ( 'NONE', #1138, #1137 ) ;
#1140 = DIRECTION ( 'NONE',  ( -2.134256245050206200E-015, 1.000000000000000000, 0.0000000000000000000 ) ) ;
#1141 = VECTOR ( 'NONE', #1140, 39.37007874015748100 ) ;
#1142 = CARTESIAN_POINT ( 'NONE',  ( 0.06649999999999999000, 0.007999999999999988000, 0.1339999999999999800 ) ) ;
#1143 = LINE ( 'NONE', #1142, #1141 ) ;
#1144 = DIRECTION ( 'NONE',  ( -0.0000000000000000000, 0.0000000000000000000, 1.000000000000000000 ) ) ;
#1145 = CARTESIAN_POINT ( 'NONE',  ( 0.07004159015072744500, 0.005975523277714503200, 0.1240000000000000000 ) ) ;
#1146 = CARTESIAN_POINT ( 'NONE',  ( 0.07629140301479586700, 0.01096950357043947200, 0.1240000000000000000 ) ) ;
#1147 = CARTESIAN_POINT ( 'NONE',  ( 0.07025018713593156300, 0.005714470561220262200, 0.1240000000000000000 ) ) ;
#1148 = CARTESIAN_POINT ( 'NONE',  ( 0.07649999999999998500, 0.01070845085394523200, 0.1240000000000000000 ) ) ;
#1149 = LINE ( 'NONE', #1203, #1202 ) ;
#1150 = CARTESIAN_POINT ( 'NONE',  ( 0.07587471929610359300, 0.01149097043908620500, 0.1240195679431526500 ) ) ;
#1151 = CARTESIAN_POINT ( 'NONE',  ( 0.07025018713593156300, 0.005714470561220266600, 0.06200000000000000000 ) ) ;
#1152 = CARTESIAN_POINT ( 'NONE',  ( 0.07587471929610259400, 0.01149097043908744000, 0.06198043205684673100 ) ) ;
#1153 = CARTESIAN_POINT ( 'NONE',  ( 0.07501457829489931200, 0.01256741046870956000, 0.06192654365125269100 ) ) ;
#1154 = CARTESIAN_POINT ( 'NONE',  ( 0.07396784913538695400, 0.01348239339061878600, 0.06174589183027619900 ) ) ;
#1155 = CARTESIAN_POINT ( 'NONE',  ( 0.07176765909338171700, 0.01485984911494001000, 0.06088814045705830800 ) ) ;
#1156 = DIRECTION ( 'NONE',  ( -0.0000000000000000000, -0.0000000000000000000, -1.000000000000000000 ) ) ;
#1157 = CARTESIAN_POINT ( 'NONE',  ( 0.07746322061644263200, 0.009503009853637512900, 0.1860000000000000000 ) ) ;
#1158 = LINE ( 'NONE', #1157, #1218 ) ;
#1159 = CARTESIAN_POINT ( 'NONE',  ( -0.07587471929610258000, 0.01149097043908747400, 0.06198043205684674500 ) ) ;
#1160 =( BOUNDED_SURFACE ( )  B_SPLINE_SURFACE ( 3, 1, ( 
 ( #1148, #1147 ),
 ( #1146, #1145 ),
 ( #1222, #1221 ),
 ( #1220, #1219 ) ),
 .UNSPECIFIED., .F., .F., .F. ) 
 B_SPLINE_SURFACE_WITH_KNOTS ( ( 4, 4 ),
 ( 2, 2 ),
 ( 0.0000000000000000000, 1.000000000000000000 ),
 ( 0.0000000000000000000, 1.000000000000000000 ),
 .UNSPECIFIED. ) 
 GEOMETRIC_REPRESENTATION_ITEM ( )  RATIONAL_B_SPLINE_SURFACE ( (
 ( 1.000000000000000000, 1.000000000000000000),
 ( 0.9996737878033150600, 0.9996737878033150600),
 ( 0.9996737878033150600, 0.9996737878033150600),
 ( 1.000000000000000000, 1.000000000000000000) ) ) 
 REPRESENTATION_ITEM ( '' )  SURFACE ( )  );
#1161 = DIRECTION ( 'NONE',  ( -1.000000000000000000, 0.0000000000000000000, -2.510889700059065400E-016 ) ) ;
#1162 = DIRECTION ( 'NONE',  ( 2.510889700059065400E-016, 8.058469207493680700E-033, -1.000000000000000000 ) ) ;
#1163 = AXIS2_PLACEMENT_3D ( 'NONE', #1114, #1162, #1161 ) ;
#1164 = CARTESIAN_POINT ( 'NONE',  ( 0.07587471929610459200, 0.01149097043908497100, 0.1240195679431530700 ) ) ;
#1165 =( BOUNDED_SURFACE ( )  B_SPLINE_SURFACE ( 3, 1, ( 
 ( #1124, #1123 ),
 ( #1122, #1121 ),
 ( #1120, #1119 ),
 ( #1118, #1117 ) ),
 .UNSPECIFIED., .F., .F., .F. ) 
 B_SPLINE_SURFACE_WITH_KNOTS ( ( 4, 4 ),
 ( 2, 2 ),
 ( 0.0000000000000000000, 1.000000000000000000 ),
 ( 0.0000000000000000000, 1.000000000000000000 ),
 .UNSPECIFIED. ) 
 GEOMETRIC_REPRESENTATION_ITEM ( )  RATIONAL_B_SPLINE_SURFACE ( (
 ( 1.000000000000000000, 1.000000000000000000),
 ( 0.9996737878033139500, 0.9996737878033139500),
 ( 0.9996737878033139500, 0.9996737878033139500),
 ( 1.000000000000000000, 1.000000000000000000) ) ) 
 REPRESENTATION_ITEM ( '' )  SURFACE ( )  );
#1166 = AXIS2_PLACEMENT_3D ( 'NONE', #1178, #1107, #1106 ) ;
#1167 = DIRECTION ( 'NONE',  ( 1.000000000000000000, 2.134256245050206200E-015, -0.0000000000000000000 ) ) ;
#1168 = CARTESIAN_POINT ( 'NONE',  ( 0.06649999999999999000, 0.007999999999999988000, 0.1460067300724019500 ) ) ;
#1169 = DIRECTION ( 'NONE',  ( 1.000000000000000000, 0.0000000000000000000, -2.510889700059065400E-016 ) ) ;
#1170 = DIRECTION ( 'NONE',  ( 2.510889700059065400E-016, 8.058469207493680700E-033, 1.000000000000000000 ) ) ;
#1171 = CARTESIAN_POINT ( 'NONE',  ( -0.07587471929610258000, 0.01149097043908745400, 0.06200000000000000000 ) ) ;
#1172 = AXIS2_PLACEMENT_3D ( 'NONE', #1171, #1185, #1184 ) ;
#1173 = AXIS2_PLACEMENT_3D ( 'NONE', #1132, #1131, #1130 ) ;
#1174 = PLANE ( 'NONE',  #1173 ) ;
#1175 = FACE_OUTER_BOUND ( 'NONE', #358, .T. ) ;
#1176 = CARTESIAN_POINT ( 'NONE',  ( -0.07180323172650701600, 0.01493294170167111200, 0.06088821442384263800 ) ) ;
#1177 = B_SPLINE_CURVE_WITH_KNOTS ( 'NONE', 3,
 ( #1227, #1226, #1225, #1224, #1155, #1154, #1153, #1152 ),
 .UNSPECIFIED., .F., .F.,
 ( 4, 2, 2, 4 ),
 ( 2.168404344971008600E-019, 0.0002071655238621033400, 0.0003107482857931546700, 0.0004143310477242060300 ),
 .UNSPECIFIED. ) ;
#1178 = CARTESIAN_POINT ( 'NONE',  ( 0.08058812704847682900, 0.01200000000000000000, 0.1240000000000000100 ) ) ;
#1179 = CARTESIAN_POINT ( 'NONE',  ( 0.1444999999999999900, 0.008000000000000000200, 0.1860000000000000000 ) ) ;
#1180 = AXIS2_PLACEMENT_3D ( 'NONE', #1179, #1191, #1190 ) ;
#1181 = PLANE ( 'NONE',  #1180 ) ;
#1182 = PLANE ( 'NONE',  #1198 ) ;
#1183 = FACE_OUTER_BOUND ( 'NONE', #343, .T. ) ;
#1184 = DIRECTION ( 'NONE',  ( -0.6242475365906231500, -0.7812266080085461500, 7.837083549563201500E-017 ) ) ;
#1185 = DIRECTION ( 'NONE',  ( 4.892280099869726200E-017, 6.122538198104836300E-017, 1.000000000000000000 ) ) ;
#1186 = CARTESIAN_POINT ( 'NONE',  ( -0.06869872857217469700, 0.01592204273745218300, 0.05837812421286366100 ) ) ;
#1187 = CARTESIAN_POINT ( 'NONE',  ( -0.06650000000000000400, 0.01608079999999998200, 0.05200000000000002500 ) ) ;
#1188 = DIRECTION ( 'NONE',  ( 0.6242475365906187100, -0.7812266080085497100, 0.0000000000000000000 ) ) ;
#1189 = FACE_OUTER_BOUND ( 'NONE', #300, .T. ) ;
#1190 = DIRECTION ( 'NONE',  ( -0.0000000000000000000, 0.0000000000000000000, -1.000000000000000000 ) ) ;
#1191 = DIRECTION ( 'NONE',  ( 1.000000000000000000, 0.0000000000000000000, -0.0000000000000000000 ) ) ;
#1192 = CARTESIAN_POINT ( 'NONE',  ( -0.07593784240602967400, 0.01154140964004399600, 0.06198043205684674500 ) ) ;
#1193 = DIRECTION ( 'NONE',  ( -0.7812266080085497100, -0.6242475365906187100, 0.0000000000000000000 ) ) ;
#1194 = VECTOR ( 'NONE', #1193, 39.37007874015748100 ) ;
#1195 = PLANE ( 'NONE',  #1215 ) ;
#1196 = CARTESIAN_POINT ( 'NONE',  ( -0.07507587286808853300, 0.01262013802719989800, 0.06192679006427354700 ) ) ;
#1197 = CARTESIAN_POINT ( 'NONE',  ( 0.08058812704847682900, 0.01200000000000000000, 0.1240000000000000100 ) ) ;
#1198 = AXIS2_PLACEMENT_3D ( 'NONE', #1197, #1170, #1169 ) ;
#1199 = FACE_OUTER_BOUND ( 'NONE', #331, .T. ) ;
#1200 = CARTESIAN_POINT ( 'NONE',  ( 0.07025018713593156300, 0.005714470561220266600, 0.1240000000000000100 ) ) ;
#1201 = DIRECTION ( 'NONE',  ( 0.6242475365906187100, -0.7812266080085497100, 0.0000000000000000000 ) ) ;
#1202 = VECTOR ( 'NONE', #1201, 39.37007874015748100 ) ;
#1203 = CARTESIAN_POINT ( 'NONE',  ( 0.06962490643203420000, 0.006496990146362468400, 0.1240000000000000100 ) ) ;
#1204 = FACE_OUTER_BOUND ( 'NONE', #302, .T. ) ;
#1205 = DIRECTION ( 'NONE',  ( -0.0000000000000000000, -0.0000000000000000000, -1.000000000000000000 ) ) ;
#1206 = FACE_OUTER_BOUND ( 'NONE', #392, .T. ) ;
#1207 = DIRECTION ( 'NONE',  ( 0.6242475365906187100, -0.7812266080085497100, 0.0000000000000000000 ) ) ;
#1208 = VECTOR ( 'NONE', #1207, 39.37007874015748100 ) ;
#1209 = CARTESIAN_POINT ( 'NONE',  ( 0.06962490643203420000, 0.006496990146362468400, 0.06200000000000000000 ) ) ;
#1210 = CARTESIAN_POINT ( 'NONE',  ( -0.07062346882821421400, 0.01531402393631366200, 0.06019977738496653400 ) ) ;
#1211 = FACE_OUTER_BOUND ( 'NONE', #349, .T. ) ;
#1212 = CARTESIAN_POINT ( 'NONE',  ( -0.06650000000000000400, 0.01608079999999998200, 0.05336282434888302300 ) ) ;
#1213 = CARTESIAN_POINT ( 'NONE',  ( -0.06788127711305293200, 0.01601410522145417500, 0.05723629492917574300 ) ) ;
#1214 = CARTESIAN_POINT ( 'NONE',  ( -0.07501851657379290900, 0.01256248183370324000, 0.06192679038704374000 ) ) ;
#1215 = AXIS2_PLACEMENT_3D ( 'NONE', #1168, #1167, #1205 ) ;
#1216 = LINE ( 'NONE', #1209, #1208 ) ;
#1217 = CARTESIAN_POINT ( 'NONE',  ( 0.07746322061644263200, 0.009503009853637512900, 0.06200000000000000000 ) ) ;
#1218 = VECTOR ( 'NONE', #1156, 39.37007874015748100 ) ;
#1219 = CARTESIAN_POINT ( 'NONE',  ( 0.06962490643203520000, 0.006496990146361215900, 0.1240195679431532100 ) ) ;
#1220 = CARTESIAN_POINT ( 'NONE',  ( 0.07587471929610362100, 0.01149097043908618500, 0.1240195679431532100 ) ) ;
#1221 = CARTESIAN_POINT ( 'NONE',  ( 0.06983309523584446700, 0.006236448256338602600, 0.1240065247761793100 ) ) ;
#1222 = CARTESIAN_POINT ( 'NONE',  ( 0.07608290809991288800, 0.01123042854906357000, 0.1240065247761793100 ) ) ;
#1223 = FACE_OUTER_BOUND ( 'NONE', #319, .T. ) ;
#1224 = CARTESIAN_POINT ( 'NONE',  ( 0.07062311246796314200, 0.01531410447268603500, 0.06019939351440186500 ) ) ;
#1225 = CARTESIAN_POINT ( 'NONE',  ( 0.06771556403316611500, 0.01610613356322251900, 0.05746858335747727400 ) ) ;
#1226 = CARTESIAN_POINT ( 'NONE',  ( 0.06649999999999997600, 0.01600000000000000000, 0.05475764510472007400 ) ) ;
#1227 = CARTESIAN_POINT ( 'NONE',  ( 0.06649999999999999000, 0.01599999999999999300, 0.05200000000000001800 ) ) ;
#1228 = FACE_OUTER_BOUND ( 'NONE', #422, .T. ) ;
#1229 = DIRECTION ( 'NONE',  ( -0.6242475365906231500, -0.7812266080085461500, -1.567416709912640300E-016 ) ) ;
#1230 = DIRECTION ( 'NONE',  ( -0.0000000000000000000, 1.000000000000000000, -0.0000000000000000000 ) ) ;
#1231 = VECTOR ( 'NONE', #1230, 39.37007874015748100 ) ;
#1232 = CARTESIAN_POINT ( 'NONE',  ( -0.06649999999999999000, 0.007999999999999989800, 0.1580134601448038900 ) ) ;
#1233 = LINE ( 'NONE', #1232, #1231 ) ;
#1234 = CARTESIAN_POINT ( 'NONE',  ( 0.06868430774673008100, 0.01584226212399960500, 0.1276215102521863500 ) ) ;
#1235 = CARTESIAN_POINT ( 'NONE',  ( 0.06787221772311227700, 0.01593373390637391500, 0.1287633872673631100 ) ) ;
#1236 = CARTESIAN_POINT ( 'NONE',  ( 0.06678488965171099100, 0.01600898931276524600, 0.1312655218323122700 ) ) ;
#1237 = CARTESIAN_POINT ( 'NONE',  ( 0.06650000000000000400, 0.01599999999999999700, 0.1326370866326086500 ) ) ;
#1238 = CARTESIAN_POINT ( 'NONE',  ( 0.06650000000000000400, 0.01599999999999999700, 0.1339999999999999800 ) ) ;
#1239 = CARTESIAN_POINT ( 'NONE',  ( 0.06962490643203489400, 0.006496990146361665200, 0.1240195679431530700 ) ) ;
#1240 = CARTESIAN_POINT ( 'NONE',  ( 0.06934006425578775900, 0.006853461376320829500, 0.1240731045983144200 ) ) ;
#1241 = CARTESIAN_POINT ( 'NONE',  ( 0.06898964484684472200, 0.007160526420761200600, 0.1242538094104993900 ) ) ;
#1242 = CARTESIAN_POINT ( 'NONE',  ( 0.06825612018506464800, 0.007619848148107679100, 0.1251114617888370000 ) ) ;
#1243 = CARTESIAN_POINT ( 'NONE',  ( 0.06787465534752459800, 0.007771284435273691900, 0.1257998535505784100 ) ) ;
#1244 = CARTESIAN_POINT ( 'NONE',  ( 0.06722810258224336300, 0.007947420707999860300, 0.1276215102521863500 ) ) ;
#1245 = CARTESIAN_POINT ( 'NONE',  ( 0.06695740590770409000, 0.007977911302124631600, 0.1287633872673631100 ) ) ;
#1246 = CARTESIAN_POINT ( 'NONE',  ( 0.06659496321723699900, 0.008002996437588406600, 0.1312655218323122700 ) ) ;
#1247 = CARTESIAN_POINT ( 'NONE',  ( 0.06650000000000000400, 0.007999999999999996700, 0.1326370866326086500 ) ) ;
#1248 = CARTESIAN_POINT ( 'NONE',  ( 0.06650000000000000400, 0.007999999999999996700, 0.1339999999999999800 ) ) ;
#1249 = CARTESIAN_POINT ( 'NONE',  ( 0.06956240830339419100, 0.006447050343434432100, 0.1240195679431530700 ) ) ;
#1250 = CARTESIAN_POINT ( 'NONE',  ( 0.06928326818920746400, 0.006796385617957674900, 0.1240731042713696900 ) ) ;
#1251 = CARTESIAN_POINT ( 'NONE',  ( 0.06893985194990796800, 0.007097315892346148200, 0.1242538094104993900 ) ) ;
#1252 = CARTESIAN_POINT ( 'NONE',  ( 0.06822099778136345200, 0.007547451185145721800, 0.1251114617888370000 ) ) ;
#1253 = LINE ( 'NONE', #1328, #1327 ) ;
#1254 =( BOUNDED_CURVE ( )  B_SPLINE_CURVE ( 3, ( #1319, #1323, #1322, #1348 ),
 .UNSPECIFIED., .F., .T. ) 
 B_SPLINE_CURVE_WITH_KNOTS ( ( 4, 4 ),
 ( 1.508227439597768800, 1.570796326794894100 ),
 .UNSPECIFIED. ) 
 CURVE ( )  GEOMETRIC_REPRESENTATION_ITEM ( )  RATIONAL_B_SPLINE_CURVE ( ( 1.000000000000000000, 0.9996737878033139500, 0.9996737878033139500, 1.000000000000000000 ) ) 
 REPRESENTATION_ITEM ( '' )  );
#1255 = AXIS2_PLACEMENT_3D ( 'NONE', #1351, #1350, #1349 ) ;
#1256 = DIRECTION ( 'NONE',  ( -0.7812266080085497100, -0.6242475365906187100, 0.0000000000000000000 ) ) ;
#1257 = VECTOR ( 'NONE', #1256, 39.37007874015748100 ) ;
#1258 = CARTESIAN_POINT ( 'NONE',  ( 0.07746322061644263200, 0.009503009853637512900, 0.1240000000000000100 ) ) ;
#1259 = LINE ( 'NONE', #1258, #1257 ) ;
#1260 = CARTESIAN_POINT ( 'NONE',  ( -0.06695539020494757600, 0.007978094714105675400, 0.1287748177461885700 ) ) ;
#1261 = CARTESIAN_POINT ( 'NONE',  ( -0.06659503825017867900, 0.008002947104841716700, 0.1312675022365428200 ) ) ;
#1262 = CARTESIAN_POINT ( 'NONE',  ( -0.06650000000000000400, 0.007999999999999989800, 0.1326425629001028200 ) ) ;
#1263 = CARTESIAN_POINT ( 'NONE',  ( -0.06650000000000000400, 0.007999999999999989800, 0.1339999999999999800 ) ) ;
#1264 = CARTESIAN_POINT ( 'NONE',  ( -0.06956240830339351100, 0.006447050343435230100, 0.1240195679431532700 ) ) ;
#1265 = CARTESIAN_POINT ( 'NONE',  ( -0.06928062376550731000, 0.006799695032951172700, 0.1240736108802504300 ) ) ;
#1266 = CARTESIAN_POINT ( 'NONE',  ( -0.06894117399641042100, 0.007096467562671468000, 0.1242522887355863700 ) ) ;
#1267 = CARTESIAN_POINT ( 'NONE',  ( -0.06821994681448849400, 0.007548129761262662100, 0.1251126590646727800 ) ) ;
#1268 = CARTESIAN_POINT ( 'NONE',  ( -0.06784708300429007100, 0.007696056875634789200, 0.1257985753512175500 ) ) ;
#1269 = CARTESIAN_POINT ( 'NONE',  ( -0.06720970603196975400, 0.007869339271317530400, 0.1276340496764335800 ) ) ;
#1270 = CARTESIAN_POINT ( 'NONE',  ( -0.06694628240084862800, 0.007898532819823561200, 0.1287748177461885700 ) ) ;
#1271 = CARTESIAN_POINT ( 'NONE',  ( -0.07180059527460661000, 0.01493475663771217200, 0.1251126590646727800 ) ) ;
#1272 = CARTESIAN_POINT ( 'NONE',  ( -0.07065148988730292300, 0.01539064385284919800, 0.1257985753512175500 ) ) ;
#1273 = CARTESIAN_POINT ( 'NONE',  ( -0.06868719812015824900, 0.01592467190534003300, 0.1276340496764335800 ) ) ;
#1274 = CARTESIAN_POINT ( 'NONE',  ( -0.06787536949698265400, 0.01601464165554197400, 0.1287748177461885700 ) ) ;
#1275 = CARTESIAN_POINT ( 'NONE',  ( -0.06678703452318962600, 0.01608970084604296700, 0.1312675022365428200 ) ) ;
#1276 = CARTESIAN_POINT ( 'NONE',  ( -0.06649999999999999000, 0.01608079999999999200, 0.1326425629001028200 ) ) ;
#1277 = CARTESIAN_POINT ( 'NONE',  ( -0.06649999999999999000, 0.01608079999999999200, 0.1339999999999999800 ) ) ;
#1278 = CARTESIAN_POINT ( 'NONE',  ( -0.07587471929610256600, 0.01149097043908745900, 0.1240195679431532700 ) ) ;
#1279 = CARTESIAN_POINT ( 'NONE',  ( -0.07501202201529991200, 0.01257060957406996900, 0.1240736165013638100 ) ) ;
#1280 = CARTESIAN_POINT ( 'NONE',  ( -0.07397298162165925900, 0.01347898233470190700, 0.1242522887355863700 ) ) ;
#1281 = CARTESIAN_POINT ( 'NONE',  ( -0.07176514330965494400, 0.01486162171814336400, 0.1251126590646727800 ) ) ;
#1282 = CARTESIAN_POINT ( 'NONE',  ( -0.07062372348252062000, 0.01531445982337182800, 0.1257985753512175500 ) ) ;
#1283 = AXIS2_PLACEMENT_3D ( 'NONE', #1318, #1317, #1316 ) ;
#1284 = DIRECTION ( 'NONE',  ( -1.000000000000000000, -3.339373650759739900E-017, -2.510889700059065400E-016 ) ) ;
#1285 = DIRECTION ( 'NONE',  ( -2.510889700059065400E-016, -8.384798904341269400E-033, 1.000000000000000000 ) ) ;
#1286 = PLANE ( 'NONE',  #1283 ) ;
#1287 = FACE_OUTER_BOUND ( 'NONE', #170, .T. ) ;
#1288 = CARTESIAN_POINT ( 'NONE',  ( -0.06867256948562172600, 0.01584491613668634300, 0.1276340496764335800 ) ) ;
#1289 = CARTESIAN_POINT ( 'NONE',  ( -0.06786617061484272200, 0.01593428414231704000, 0.1287748177461885700 ) ) ;
#1290 = CARTESIAN_POINT ( 'NONE',  ( -0.06678511475053601500, 0.01600884131452516600, 0.1312675022365428200 ) ) ;
#1291 = CARTESIAN_POINT ( 'NONE',  ( -0.06649999999999999000, 0.01599999999999999000, 0.1326425629001028200 ) ) ;
#1292 = CARTESIAN_POINT ( 'NONE',  ( -0.06649999999999999000, 0.01599999999999999000, 0.1339999999999999800 ) ) ;
#1293 = CARTESIAN_POINT ( 'NONE',  ( -0.06962490643203420000, 0.006496990146362480500, 0.1240195679431532700 ) ) ;
#1294 = CARTESIAN_POINT ( 'NONE',  ( -0.06933737028283198900, 0.006856832800685022800, 0.1240736109359050200 ) ) ;
#1295 = CARTESIAN_POINT ( 'NONE',  ( -0.06899099387388812900, 0.007159660778236126600, 0.1242522887355863700 ) ) ;
#1296 = CARTESIAN_POINT ( 'NONE',  ( -0.06825504776988618200, 0.007620540572716926300, 0.1251126590646727800 ) ) ;
#1297 = CARTESIAN_POINT ( 'NONE',  ( -0.06787457449417354200, 0.007771486607790601900, 0.1257985753512175500 ) ) ;
#1298 = CARTESIAN_POINT ( 'NONE',  ( -0.06722418982854057300, 0.007948305378895440300, 0.1276340496764335800 ) ) ;
#1299 = CARTESIAN_POINT ( 'NONE',  ( -0.08058812704847680100, 2.134256245050206000E-018, 0.1240000000000000100 ) ) ;
#1300 = AXIS2_PLACEMENT_3D ( 'NONE', #1299, #1285, #1284 ) ;
#1301 = PLANE ( 'NONE',  #1300 ) ;
#1302 = FACE_OUTER_BOUND ( 'NONE', #416, .T. ) ;
#1303 = DIRECTION ( 'NONE',  ( 2.134256245050205500E-015, 1.000000000000000000, 0.0000000000000000000 ) ) ;
#1304 = VECTOR ( 'NONE', #1303, 39.37007874015748100 ) ;
#1305 = CARTESIAN_POINT ( 'NONE',  ( -0.06649999999999999000, 0.007999999999999989800, 0.05200000000000002500 ) ) ;
#1306 = LINE ( 'NONE', #1305, #1304 ) ;
#1307 = DIRECTION ( 'NONE',  ( -7.114187483500686800E-016, -1.000000000000000000, 6.162975822039154700E-033 ) ) ;
#1308 = VECTOR ( 'NONE', #1307, 39.37007874015748100 ) ;
#1309 = CARTESIAN_POINT ( 'NONE',  ( -0.06649999999999999000, 0.01599999999999998600, 0.1339999999999999800 ) ) ;
#1310 = LINE ( 'NONE', #1309, #1308 ) ;
#1311 = PLANE ( 'NONE',  #1406 ) ;
#1312 = CARTESIAN_POINT ( 'NONE',  ( -0.07593784240602966000, 0.01154140964004398000, 0.1240195679431532700 ) ) ;
#1313 = CARTESIAN_POINT ( 'NONE',  ( -0.07506933599779783100, 0.01262831871948115600, 0.1240736165575749400 ) ) ;
#1314 = CARTESIAN_POINT ( 'NONE',  ( -0.07402329969791174300, 0.01354280748242221200, 0.1242522887355863700 ) ) ;
#1315 = LINE ( 'NONE', #1344, #1343 ) ;
#1316 = DIRECTION ( 'NONE',  ( 1.000000000000000000, 0.0000000000000000000, 1.255444850029532700E-016 ) ) ;
#1317 = DIRECTION ( 'NONE',  ( -1.255444850029532700E-016, -4.029234603746840400E-033, 1.000000000000000000 ) ) ;
#1318 = CARTESIAN_POINT ( 'NONE',  ( 0.08058812704847682900, 0.01200000000000000000, 0.06200000000000000000 ) ) ;
#1319 = CARTESIAN_POINT ( 'NONE',  ( 0.07587471929610259400, 0.01149097043908744000, 0.06198043205684673100 ) ) ;
#1320 = CARTESIAN_POINT ( 'NONE',  ( 0.07608290809991288800, 0.01123042854906354500, 0.1240065247761792900 ) ) ;
#1321 = CARTESIAN_POINT ( 'NONE',  ( 0.07587471929610359300, 0.01149097043908620500, 0.1240195679431526500 ) ) ;
#1322 = CARTESIAN_POINT ( 'NONE',  ( 0.07629140301479550600, 0.01096950357043988300, 0.06200000000000001300 ) ) ;
#1323 = CARTESIAN_POINT ( 'NONE',  ( 0.07608290809991219400, 0.01123042854906440000, 0.06199347522382068300 ) ) ;
#1324 = PLANE ( 'NONE',  #1255 ) ;
#1325 = FACE_OUTER_BOUND ( 'NONE', #397, .T. ) ;
#1326 = DIRECTION ( 'NONE',  ( 0.7812266080085461500, -0.6242475365906231500, 0.0000000000000000000 ) ) ;
#1327 = VECTOR ( 'NONE', #1326, 39.37007874015748900 ) ;
#1328 = CARTESIAN_POINT ( 'NONE',  ( -0.07587471929610256600, 0.01149097043908746200, 0.1240195679431533200 ) ) ;
#1329 = CARTESIAN_POINT ( 'NONE',  ( -0.06659313748517510500, 0.007922888162744883000, 0.1312675022365428200 ) ) ;
#1330 = CARTESIAN_POINT ( 'NONE',  ( -0.06650000000000000400, 0.007919999999999989500, 0.1326425629001028200 ) ) ;
#1331 = CARTESIAN_POINT ( 'NONE',  ( -0.06650000000000000400, 0.007919999999999989500, 0.1339999999999999800 ) ) ;
#1332 = B_SPLINE_SURFACE_WITH_KNOTS ( 'NONE', 1, 3, ( 
 ( #1331, #1330, #1329, #1270, #1269, #1268, #1267, #1266, #1265, #1264 ),
 ( #1263, #1262, #1261, #1260, #1298, #1297, #1296, #1295, #1294, #1293 ),
 ( #1292, #1291, #1290, #1289, #1288, #1282, #1281, #1280, #1279, #1278 ),
 ( #1277, #1276, #1275, #1274, #1273, #1272, #1271, #1314, #1313, #1312 ) ),
 .UNSPECIFIED., .F., .F., .F.,
 ( 2, 1, 1, 2 ),
 ( 4, 2, 2, 2, 4 ),
 ( -0.01000000000000000000, 0.0000000000000000000, 1.000000000000000000, 1.010100000000000000 ),
 ( 0.0004147004025103352800, 0.0005183730397615906500, 0.0006220456770128460600, 0.0007257183142641014800, 0.0008293909515153567900 ),
 .UNSPECIFIED. ) ;
#1333 = CARTESIAN_POINT ( 'NONE',  ( 0.06784716224057411900, 0.007695858746568217700, 0.1257998535505784100 ) ) ;
#1334 = CARTESIAN_POINT ( 'NONE',  ( 0.06721354053059849800, 0.007868472293839863500, 0.1276215102521863500 ) ) ;
#1335 = CARTESIAN_POINT ( 'NONE',  ( 0.06694825778955000600, 0.007898353076082139200, 0.1287633872673631100 ) ) ;
#1336 = CARTESIAN_POINT ( 'NONE',  ( 0.06659306395289225900, 0.007922936508836639700, 0.1312655218323122700 ) ) ;
#1337 = CARTESIAN_POINT ( 'NONE',  ( 0.06650000000000000400, 0.007919999999999996500, 0.1326370866326086500 ) ) ;
#1338 = CARTESIAN_POINT ( 'NONE',  ( 0.06650000000000000400, 0.007919999999999996500, 0.1339999999999999800 ) ) ;
#1339 = B_SPLINE_SURFACE_WITH_KNOTS ( 'NONE', 1, 3, ( 
 ( #1338, #1337, #1336, #1335, #1334, #1333, #1252, #1251, #1250, #1249 ),
 ( #1248, #1247, #1246, #1245, #1244, #1243, #1242, #1241, #1240, #1239 ),
 ( #1238, #1237, #1236, #1235, #1234, #998, #1001, #1000, #999, #1164 ),
 ( #1399, #1412, #1382, #1352, #1363, #1362, #1402, #1353, #1360, #1380 ) ),
 .UNSPECIFIED., .F., .F., .F.,
 ( 2, 1, 1, 2 ),
 ( 4, 2, 2, 2, 4 ),
 ( -0.01000000000000000000, 0.0000000000000000000, 1.000000000000000000, 1.010100000000000000 ),
 ( 0.0000000000000000000, 0.0001035688985378419300, 0.0002071377970756838600, 0.0003107066956135257700, 0.0004142755941513677300 ),
 .UNSPECIFIED. ) ;
#1340 =( BOUNDED_CURVE ( )  B_SPLINE_CURVE ( 3, ( #1321, #1320, #1347, #1346 ),
 .UNSPECIFIED., .F., .F. ) 
 B_SPLINE_CURVE_WITH_KNOTS ( ( 4, 4 ),
 ( 1.508227439597871600, 1.570796326794893900 ),
 .UNSPECIFIED. ) 
 CURVE ( )  GEOMETRIC_REPRESENTATION_ITEM ( )  RATIONAL_B_SPLINE_CURVE ( ( 1.000000000000000000, 0.9996737878033150600, 0.9996737878033150600, 1.000000000000000000 ) ) 
 REPRESENTATION_ITEM ( '' )  );
#1341 = FACE_OUTER_BOUND ( 'NONE', #361, .T. ) ;
#1342 = DIRECTION ( 'NONE',  ( 0.7812266080085461500, -0.6242475365906231500, 0.0000000000000000000 ) ) ;
#1343 = VECTOR ( 'NONE', #1342, 39.37007874015748900 ) ;
#1344 = CARTESIAN_POINT ( 'NONE',  ( -0.07587471929610256600, 0.01149097043908746200, 0.06198043205684678600 ) ) ;
#1345 = FACE_OUTER_BOUND ( 'NONE', #394, .T. ) ;
#1346 = CARTESIAN_POINT ( 'NONE',  ( 0.07649999999999995700, 0.01070845085394521400, 0.1240000000000000000 ) ) ;
#1347 = CARTESIAN_POINT ( 'NONE',  ( 0.07629140301479585300, 0.01096950357043945500, 0.1240000000000000000 ) ) ;
#1348 = CARTESIAN_POINT ( 'NONE',  ( 0.07649999999999995700, 0.01070845085394521800, 0.06200000000000000000 ) ) ;
#1349 = DIRECTION ( 'NONE',  ( 1.977950321245186600E-049, -6.162975822039154700E-033, -1.000000000000000000 ) ) ;
#1350 = DIRECTION ( 'NONE',  ( 1.000000000000000000, -7.114187483500686800E-016, 4.582251577551349900E-048 ) ) ;
#1351 = CARTESIAN_POINT ( 'NONE',  ( -0.06649999999999999000, 0.01599999999999998600, 0.1460067300724019500 ) ) ;
#1352 = CARTESIAN_POINT ( 'NONE',  ( 0.06788145732244789400, 0.01601408771467683500, 0.1287633872673631100 ) ) ;
#1353 = CARTESIAN_POINT ( 'NONE',  ( 0.07401922536642674400, 0.01354542189596561600, 0.1242538094104993900 ) ) ;
#1354 = DIRECTION ( 'NONE',  ( -3.128384250892254500E-017, 1.000000000000000000, -6.162975822039154700E-033 ) ) ;
#1355 = LINE ( 'NONE', #1424, #1423 ) ;
#1356 = DIRECTION ( 'NONE',  ( 0.0000000000000000000, -1.000000000000000000, -0.0000000000000000000 ) ) ;
#1357 = VECTOR ( 'NONE', #1356, 39.37007874015748100 ) ;
#1358 = CARTESIAN_POINT ( 'NONE',  ( 0.06650000000000000400, 0.01599999999999999000, 0.1580134601448038900 ) ) ;
#1359 = FACE_OUTER_BOUND ( 'NONE', #398, .T. ) ;
#1360 = CARTESIAN_POINT ( 'NONE',  ( 0.07507703494106469900, 0.01261868372858302400, 0.1240731376230001100 ) ) ;
#1361 = LINE ( 'NONE', #1417, #1416 ) ;
#1362 = CARTESIAN_POINT ( 'NONE',  ( 0.07065173408059378900, 0.01539003325141362900, 0.1257998535505784100 ) ) ;
#1363 = CARTESIAN_POINT ( 'NONE',  ( 0.06869901541889141000, 0.01592200002230120500, 0.1276215102521863500 ) ) ;
#1364 = AXIS2_PLACEMENT_3D ( 'NONE', #1420, #1354, #1418 ) ;
#1365 = CYLINDRICAL_SURFACE ( 'NONE', #1364, 0.09299999999999999900 ) ;
#1366 = CARTESIAN_POINT ( 'NONE',  ( 0.07121340775237425300, 0.004509029560912545000, 0.06200000000000000000 ) ) ;
#1367 = DIRECTION ( 'NONE',  ( -0.0000000000000000000, -0.0000000000000000000, -1.000000000000000000 ) ) ;
#1368 = VECTOR ( 'NONE', #1367, 39.37007874015748100 ) ;
#1369 = CARTESIAN_POINT ( 'NONE',  ( 0.07121340775237423900, 0.004509029560912564100, 0.1860000000000000000 ) ) ;
#1370 = LINE ( 'NONE', #1369, #1368 ) ;
#1371 = DIRECTION ( 'NONE',  ( -1.000000000000000000, 0.0000000000000000000, 0.0000000000000000000 ) ) ;
#1372 = DIRECTION ( 'NONE',  ( -0.0000000000000000000, -0.0000000000000000000, -1.000000000000000000 ) ) ;
#1373 = CARTESIAN_POINT ( 'NONE',  ( 0.06650000000000000400, 0.003999999999999989700, 0.1860000000000000000 ) ) ;
#1374 = CARTESIAN_POINT ( 'NONE',  ( 0.07587471929610258000, 0.01149097043908742800, 0.1860000000000000000 ) ) ;
#1375 = LINE ( 'NONE', #1374, #1384 ) ;
#1376 = DIRECTION ( 'NONE',  ( -3.339373650759739300E-017, -1.000000000000000000, 0.0000000000000000000 ) ) ;
#1377 = VECTOR ( 'NONE', #1376, 39.37007874015748100 ) ;
#1378 = CARTESIAN_POINT ( 'NONE',  ( 0.08058812704847682900, 0.007999999999999998400, 0.1240000000000000100 ) ) ;
#1379 = LINE ( 'NONE', #1378, #1377 ) ;
#1380 = CARTESIAN_POINT ( 'NONE',  ( 0.07593784240603170000, 0.01154140964004147500, 0.1240195679431530700 ) ) ;
#1381 = CARTESIAN_POINT ( 'NONE',  ( 0.06962490643203418600, 0.006496990146362479700, 0.06198043205684671700 ) ) ;
#1382 = CARTESIAN_POINT ( 'NONE',  ( 0.06678680790869917500, 0.01608984984080453000, 0.1312655218323122700 ) ) ;
#1383 = CARTESIAN_POINT ( 'NONE',  ( 0.07587471929610259400, 0.01149097043908744000, 0.06198043205684673100 ) ) ;
#1384 = VECTOR ( 'NONE', #1419, 39.37007874015748100 ) ;
#1385 = CYLINDRICAL_SURFACE ( 'NONE', #1413, 0.01200000000000000200 ) ;
#1386 = DIRECTION ( 'NONE',  ( -1.000000000000000000, 0.0000000000000000000, 0.0000000000000000000 ) ) ;
#1387 = DIRECTION ( 'NONE',  ( 0.0000000000000000000, 0.0000000000000000000, 1.000000000000000000 ) ) ;
#1388 = CARTESIAN_POINT ( 'NONE',  ( 0.08058812704847682900, 0.01200000000000000000, 0.06200000000000000000 ) ) ;
#1389 = AXIS2_PLACEMENT_3D ( 'NONE', #1388, #1387, #1386 ) ;
#1390 = FACE_OUTER_BOUND ( 'NONE', #454, .T. ) ;
#1391 = CARTESIAN_POINT ( 'NONE',  ( -0.08058812704847682900, 8.537024980200822600E-018, 0.1240000000000000100 ) ) ;
#1392 = CARTESIAN_POINT ( 'NONE',  ( 0.07025018713593156300, 0.005714470561220266600, 0.06200000000000000000 ) ) ;
#1393 = CARTESIAN_POINT ( 'NONE',  ( 0.07004159015072709800, 0.005975523277714932600, 0.06200000000000001300 ) ) ;
#1394 = CARTESIAN_POINT ( 'NONE',  ( 0.06983309523584380100, 0.006236448256339452600, 0.06199347522382068300 ) ) ;
#1395 = CARTESIAN_POINT ( 'NONE',  ( 0.07587471929610260800, 0.01149097043908741000, 0.06200000000000000000 ) ) ;
#1396 = LINE ( 'NONE', #1395, #1401 ) ;
#1397 = LINE ( 'NONE', #1391, #1411 ) ;
#1398 =( BOUNDED_CURVE ( )  B_SPLINE_CURVE ( 3, ( #1381, #1394, #1393, #1392 ),
 .UNSPECIFIED., .F., .T. ) 
 B_SPLINE_CURVE_WITH_KNOTS ( ( 4, 4 ),
 ( 1.508227439597768800, 1.570796326794894100 ),
 .UNSPECIFIED. ) 
 CURVE ( )  GEOMETRIC_REPRESENTATION_ITEM ( )  RATIONAL_B_SPLINE_CURVE ( ( 1.000000000000000000, 0.9996737878033139500, 0.9996737878033139500, 1.000000000000000000 ) ) 
 REPRESENTATION_ITEM ( '' )  );
#1399 = CARTESIAN_POINT ( 'NONE',  ( 0.06650000000000000400, 0.01608079999999999900, 0.1339999999999999800 ) ) ;
#1400 = DIRECTION ( 'NONE',  ( 0.6242475365906187100, -0.7812266080085497100, 7.837083549563144800E-017 ) ) ;
#1401 = VECTOR ( 'NONE', #1400, 39.37007874015748100 ) ;
#1402 = CARTESIAN_POINT ( 'NONE',  ( 0.07180383418292259100, 0.01493266537689492400, 0.1251114617888370000 ) ) ;
#1403 = DIRECTION ( 'NONE',  ( -9.784560199739452400E-017, -1.224507639620967300E-016, 1.000000000000000000 ) ) ;
#1404 = AXIS2_PLACEMENT_3D ( 'NONE', #1407, #1403, #1229 ) ;
#1405 = CARTESIAN_POINT ( 'NONE',  ( -0.08058812704847682900, 0.01200000000000000000, 0.06200000000000000000 ) ) ;
#1406 = AXIS2_PLACEMENT_3D ( 'NONE', #1405, #1425, #1455 ) ;
#1407 = CARTESIAN_POINT ( 'NONE',  ( -0.07587471929610255200, 0.01149097043908746900, 0.1240000000000000100 ) ) ;
#1408 = PLANE ( 'NONE',  #1404 ) ;
#1409 = FACE_OUTER_BOUND ( 'NONE', #337, .T. ) ;
#1410 = DIRECTION ( 'NONE',  ( -3.339373650759739900E-017, 1.000000000000000000, -0.0000000000000000000 ) ) ;
#1411 = VECTOR ( 'NONE', #1410, 39.37007874015748100 ) ;
#1412 = CARTESIAN_POINT ( 'NONE',  ( 0.06650000000000000400, 0.01608079999999999900, 0.1326370866326086500 ) ) ;
#1413 = AXIS2_PLACEMENT_3D ( 'NONE', #1373, #1372, #1371 ) ;
#1414 = LINE ( 'NONE', #1358, #1357 ) ;
#1415 = DIRECTION ( 'NONE',  ( 3.339373650759739900E-017, 1.000000000000000000, -0.0000000000000000000 ) ) ;
#1416 = VECTOR ( 'NONE', #1415, 39.37007874015748100 ) ;
#1417 = CARTESIAN_POINT ( 'NONE',  ( 0.1445000000000000200, 0.0000000000000000000, 0.06200000000000000000 ) ) ;
#1418 = DIRECTION ( 'NONE',  ( -1.000000000000000000, -2.294899188226027700E-017, 0.0000000000000000000 ) ) ;
#1419 = DIRECTION ( 'NONE',  ( -0.0000000000000000000, -0.0000000000000000000, -1.000000000000000000 ) ) ;
#1420 = CARTESIAN_POINT ( 'NONE',  ( 1.138921523207038600E-017, 0.01599999999999999000, 0.09299999999999999900 ) ) ;
#1421 = CIRCLE ( 'NONE', #1389, 0.004000000000000003600 ) ;
#1422 = DIRECTION ( 'NONE',  ( -0.7812266080085497100, -0.6242475365906187100, 0.0000000000000000000 ) ) ;
#1423 = VECTOR ( 'NONE', #1422, 39.37007874015748100 ) ;
#1424 = CARTESIAN_POINT ( 'NONE',  ( 0.07587471929610258000, 0.01149097043908742900, 0.06198043205684672400 ) ) ;
#1425 = DIRECTION ( 'NONE',  ( -1.255444850029532700E-016, -4.029234603746840400E-033, -1.000000000000000000 ) ) ;
#1426 = CARTESIAN_POINT ( 'NONE',  ( 0.1445000000000000200, 0.008000000000000007100, 0.1240000000000000000 ) ) ;
#1427 = LINE ( 'NONE', #1426, #1442 ) ;
#1428 = AXIS2_PLACEMENT_3D ( 'NONE', #1468, #1467, #1466 ) ;
#1429 = FACE_OUTER_BOUND ( 'NONE', #102, .T. ) ;
#1430 = FACE_BOUND ( 'NONE', #463, .T. ) ;
#1431 = PLANE ( 'NONE',  #1428 ) ;
#1432 = CYLINDRICAL_SURFACE ( 'NONE', #1458, 0.09299999999999999900 ) ;
#1433 = DIRECTION ( 'NONE',  ( -1.000000000000000000, -3.339373650759739900E-017, 1.255444850029532700E-016 ) ) ;
#1434 = DIRECTION ( 'NONE',  ( 1.255444850029532700E-016, 4.192399452170634700E-033, 1.000000000000000000 ) ) ;
#1435 = CARTESIAN_POINT ( 'NONE',  ( 0.07176764476990972500, 0.01485985520635556100, 0.1251118761318706100 ) ) ;
#1436 = CARTESIAN_POINT ( 'NONE',  ( 0.07062309531637940600, 0.01531411018675524200, 0.1258006143499102200 ) ) ;
#1437 = CARTESIAN_POINT ( 'NONE',  ( 0.06771556357581773300, 0.01610613160407101500, 0.1285314335614982700 ) ) ;
#1438 = CARTESIAN_POINT ( 'NONE',  ( -0.08058812704847684300, 2.134256245050205300E-018, 0.06200000000000000000 ) ) ;
#1439 = CARTESIAN_POINT ( 'NONE',  ( -0.07587471929610256600, 0.01149097043908746200, 0.1860000000000000000 ) ) ;
#1440 = FACE_OUTER_BOUND ( 'NONE', #458, .T. ) ;
#1441 = DIRECTION ( 'NONE',  ( -3.339373650759739300E-017, -1.000000000000000000, 0.0000000000000000000 ) ) ;
#1442 = VECTOR ( 'NONE', #1441, 39.37007874015748100 ) ;
#1443 = FACE_OUTER_BOUND ( 'NONE', #387, .T. ) ;
#1444 = B_SPLINE_CURVE_WITH_KNOTS ( 'NONE', 3,
 ( #1470, #1469, #1437, #1436, #1435, #1487, #1486, #1485 ),
 .UNSPECIFIED., .F., .F.,
 ( 4, 2, 2, 4 ),
 ( 0.0000000000000000000, 0.0002071651118236223700, 0.0003107476677354342200, 0.0004143302236472460400 ),
 .UNSPECIFIED. ) ;
#1445 = DIRECTION ( 'NONE',  ( -1.000000000000000000, 0.0000000000000000000, 0.0000000000000000000 ) ) ;
#1446 = AXIS2_PLACEMENT_3D ( 'NONE', #1471, #1473, #1445 ) ;
#1447 = DIRECTION ( 'NONE',  ( -3.339373650759739900E-017, -1.000000000000000000, 0.0000000000000000000 ) ) ;
#1448 = CARTESIAN_POINT ( 'NONE',  ( -0.07587471929610258000, 0.01149097043908745400, 0.06200000000000000000 ) ) ;
#1449 = LINE ( 'NONE', #1448, #1539 ) ;
#1450 = VECTOR ( 'NONE', #1447, 39.37007874015748100 ) ;
#1451 =( BOUNDED_CURVE ( )  B_SPLINE_CURVE ( 3, ( #1501, #1511, #1535, #1533 ),
 .UNSPECIFIED., .F., .F. ) 
 B_SPLINE_CURVE_WITH_KNOTS ( ( 4, 4 ),
 ( 1.508227439597766200, 1.570796326794896800 ),
 .UNSPECIFIED. ) 
 CURVE ( )  GEOMETRIC_REPRESENTATION_ITEM ( )  RATIONAL_B_SPLINE_CURVE ( ( 1.000000000000000000, 0.9996737878033139500, 0.9996737878033139500, 1.000000000000000000 ) ) 
 REPRESENTATION_ITEM ( '' )  );
#1452 = DIRECTION ( 'NONE',  ( 1.000000000000000000, -3.339373650759739900E-017, 0.0000000000000000000 ) ) ;
#1453 = DIRECTION ( 'NONE',  ( -3.339373650759739900E-017, -1.000000000000000000, 0.0000000000000000000 ) ) ;
#1454 = AXIS2_PLACEMENT_3D ( 'NONE', #1465, #1453, #1452 ) ;
#1455 = DIRECTION ( 'NONE',  ( -1.000000000000000000, 0.0000000000000000000, 1.255444850029532700E-016 ) ) ;
#1456 = DIRECTION ( 'NONE',  ( 0.0000000000000000000, -1.000000000000000000, 0.0000000000000000000 ) ) ;
#1457 = CARTESIAN_POINT ( 'NONE',  ( 1.164596786305387000E-017, 0.007999999999999989800, 0.09299999999999999900 ) ) ;
#1458 = AXIS2_PLACEMENT_3D ( 'NONE', #1457, #1456, #1484 ) ;
#1459 = DIRECTION ( 'NONE',  ( -3.339373650759739900E-017, 1.000000000000000000, -0.0000000000000000000 ) ) ;
#1460 = CARTESIAN_POINT ( 'NONE',  ( -0.1144999999999999900, 0.008000000000000000200, 0.09299999999999999900 ) ) ;
#1461 = AXIS2_PLACEMENT_3D ( 'NONE', #1460, #1459, #1480 ) ;
#1462 = CIRCLE ( 'NONE', #1461, 0.01499999999999999400 ) ;
#1463 = PLANE ( 'NONE',  #1454 ) ;
#1464 = CARTESIAN_POINT ( 'NONE',  ( -0.07649999999999998500, 0.01070845085394518500, 0.1240000000000000100 ) ) ;
#1465 = CARTESIAN_POINT ( 'NONE',  ( 0.08058812704847682900, 2.134256245050205600E-018, 0.1860000000000000000 ) ) ;
#1466 = DIRECTION ( 'NONE',  ( 0.6242475365906187100, -0.7812266080085497100, 0.0000000000000000000 ) ) ;
#1467 = DIRECTION ( 'NONE',  ( -0.7812266080085497100, -0.6242475365906187100, 0.0000000000000000000 ) ) ;
#1468 = CARTESIAN_POINT ( 'NONE',  ( 0.06962490643203420000, 0.006496990146362468400, 0.1860000000000000000 ) ) ;
#1469 = CARTESIAN_POINT ( 'NONE',  ( 0.06649999999999999000, 0.01600000000000000400, 0.1312423601085367900 ) ) ;
#1470 = CARTESIAN_POINT ( 'NONE',  ( 0.06649999999999999000, 0.01599999999999999300, 0.1339999999999999800 ) ) ;
#1471 = CARTESIAN_POINT ( 'NONE',  ( 0.08058812704847682900, 0.01200000000000000000, 0.1860000000000000000 ) ) ;
#1472 = CYLINDRICAL_SURFACE ( 'NONE', #1446, 0.004000000000000003600 ) ;
#1473 = DIRECTION ( 'NONE',  ( -0.0000000000000000000, -0.0000000000000000000, -1.000000000000000000 ) ) ;
#1474 = DIRECTION ( 'NONE',  ( 0.0000000000000000000, 0.0000000000000000000, -1.000000000000000000 ) ) ;
#1475 = DIRECTION ( 'NONE',  ( 0.0000000000000000000, -1.000000000000000000, 0.0000000000000000000 ) ) ;
#1476 = CARTESIAN_POINT ( 'NONE',  ( 1.164596786305387000E-017, 0.007999999999999989800, 0.09299999999999999900 ) ) ;
#1477 = PLANE ( 'NONE',  #1499 ) ;
#1478 = CARTESIAN_POINT ( 'NONE',  ( -0.06649999999999999000, 0.01599999999999998600, 0.02798653985519613400 ) ) ;
#1479 = CARTESIAN_POINT ( 'NONE',  ( -0.1294999999999999800, 0.008000000000000000200, 0.09299999999999999900 ) ) ;
#1480 = DIRECTION ( 'NONE',  ( 1.000000000000000000, 0.0000000000000000000, 0.0000000000000000000 ) ) ;
#1481 = AXIS2_PLACEMENT_3D ( 'NONE', #1476, #1475, #1474 ) ;
#1482 = CIRCLE ( 'NONE', #1481, 0.09299999999999999900 ) ;
#1483 = FACE_OUTER_BOUND ( 'NONE', #432, .T. ) ;
#1484 = DIRECTION ( 'NONE',  ( 0.0000000000000000000, 0.0000000000000000000, -1.000000000000000000 ) ) ;
#1485 = CARTESIAN_POINT ( 'NONE',  ( 0.07587471929610359300, 0.01149097043908620500, 0.1240195679431526500 ) ) ;
#1486 = CARTESIAN_POINT ( 'NONE',  ( 0.07501457559513516300, 0.01256741384738205100, 0.1240734565178891600 ) ) ;
#1487 = CARTESIAN_POINT ( 'NONE',  ( 0.07396782525328204900, 0.01348241121821915100, 0.1242541064840278500 ) ) ;
#1488 = PLANE ( 'NONE',  #1496 ) ;
#1489 = FACE_OUTER_BOUND ( 'NONE', #492, .T. ) ;
#1490 = DIRECTION ( 'NONE',  ( -1.000000000000000000, 8.892734354375856100E-016, 0.0000000000000000000 ) ) ;
#1491 = DIRECTION ( 'NONE',  ( 2.510889700059065400E-016, 8.058469207493680700E-033, 1.000000000000000000 ) ) ;
#1492 = CARTESIAN_POINT ( 'NONE',  ( 0.08058812704847682900, 0.01200000000000000000, 0.1240000000000000100 ) ) ;
#1493 = AXIS2_PLACEMENT_3D ( 'NONE', #1492, #1491, #1490 ) ;
#1494 = CIRCLE ( 'NONE', #1493, 0.01200000000000000200 ) ;
#1495 = FACE_OUTER_BOUND ( 'NONE', #322, .T. ) ;
#1496 = AXIS2_PLACEMENT_3D ( 'NONE', #1439, #1498, #1497 ) ;
#1497 = DIRECTION ( 'NONE',  ( 0.6242475365906231500, 0.7812266080085461500, 0.0000000000000000000 ) ) ;
#1498 = DIRECTION ( 'NONE',  ( 0.7812266080085461500, -0.6242475365906231500, 0.0000000000000000000 ) ) ;
#1499 = AXIS2_PLACEMENT_3D ( 'NONE', #1438, #1434, #1433 ) ;
#1500 = COLOUR_RGB ( '',0.8941176470588234600, 0.9019607843137255100, 0.8941176470588234600 ) ;
#1501 = CARTESIAN_POINT ( 'NONE',  ( -0.07587471929610256600, 0.01149097043908746200, 0.1240195679431532900 ) ) ;
#1502 =( NAMED_UNIT ( * ) PLANE_ANGLE_UNIT ( ) SI_UNIT ( $, .RADIAN. ) );
#1503 = UNCERTAINTY_MEASURE_WITH_UNIT (LENGTH_MEASURE( 1.000000000000000100E-005 ), #1527, 'distance_accuracy_value', 'NONE');
#1504 = LENGTH_MEASURE_WITH_UNIT ( LENGTH_MEASURE( 0.02539999999999999900 ), #1505 );
#1505 =( LENGTH_UNIT ( ) NAMED_UNIT ( * ) SI_UNIT ( $, .METRE. ) );
#1506 = MECHANICAL_DESIGN_GEOMETRIC_PRESENTATION_REPRESENTATION (  '', ( #1536 ), #1529 ) ;
#1507 = PRESENTATION_LAYER_ASSIGNMENT (  '', '', ( #1536 ) ) ;
#1508 = SURFACE_STYLE_USAGE ( .BOTH. , #1509 ) ;
#1509 = SURFACE_SIDE_STYLE ('',( #1510 ) ) ;
#1510 = SURFACE_STYLE_FILL_AREA ( #1512 ) ;
#1511 = CARTESIAN_POINT ( 'NONE',  ( -0.07608290809991219400, 0.01123042854906440700, 0.1240065247761793400 ) ) ;
#1512 = FILL_AREA_STYLE ('',( #1518 ) ) ;
#1513 = CARTESIAN_POINT ( 'NONE',  ( -0.09949999999999999100, 0.008000000000000000200, 0.09299999999999999900 ) ) ;
#1514 = DIRECTION ( 'NONE',  ( 0.0000000000000000000, -1.000000000000000000, 0.0000000000000000000 ) ) ;
#1515 = VECTOR ( 'NONE', #1514, 39.37007874015748100 ) ;
#1516 = CARTESIAN_POINT ( 'NONE',  ( 1.164596786305387000E-017, 0.007999999999999989800, 0.0000000000000000000 ) ) ;
#1517 = LINE ( 'NONE', #1531, #1526 ) ;
#1518 = FILL_AREA_STYLE_COLOUR ( '', #1500 ) ;
#1519 = CARTESIAN_POINT ( 'NONE',  ( 0.1294999999999999800, 0.008000000000000000200, 0.09299999999999999900 ) ) ;
#1520 = CARTESIAN_POINT ( 'NONE',  ( 0.09949999999999999100, 0.008000000000000000200, 0.09299999999999999900 ) ) ;
#1521 = DIRECTION ( 'NONE',  ( 1.000000000000000000, 0.0000000000000000000, 0.0000000000000000000 ) ) ;
#1522 = DIRECTION ( 'NONE',  ( -3.339373650759739900E-017, -1.000000000000000000, 0.0000000000000000000 ) ) ;
#1523 = CARTESIAN_POINT ( 'NONE',  ( 0.1144999999999999900, 0.008000000000000000200, 0.09299999999999999900 ) ) ;
#1524 = AXIS2_PLACEMENT_3D ( 'NONE', #1523, #1522, #1521 ) ;
#1525 = CIRCLE ( 'NONE', #1524, 0.01499999999999999400 ) ;
#1526 = VECTOR ( 'NONE', #1530, 39.37007874015748100 ) ;
#1527 =( CONVERSION_BASED_UNIT ( 'INCH', #1504 ) LENGTH_UNIT ( ) NAMED_UNIT ( #1534 ) );
#1528 = LINE ( 'NONE', #1516, #1515 ) ;
#1529 =( GEOMETRIC_REPRESENTATION_CONTEXT ( 3 ) GLOBAL_UNCERTAINTY_ASSIGNED_CONTEXT ( ( #1503 ) ) GLOBAL_UNIT_ASSIGNED_CONTEXT ( ( #1527, #1502, #1532 ) ) REPRESENTATION_CONTEXT ( 'NONE', 'WORKASPACE' ) );
#1530 = DIRECTION ( 'NONE',  ( -0.6242475365906231500, -0.7812266080085460400, -1.567416709912640300E-016 ) ) ;
#1531 = CARTESIAN_POINT ( 'NONE',  ( -0.07587471929610255200, 0.01149097043908746900, 0.1240000000000000100 ) ) ;
#1532 =( NAMED_UNIT ( * ) SI_UNIT ( $, .STERADIAN. ) SOLID_ANGLE_UNIT ( ) );
#1533 = CARTESIAN_POINT ( 'NONE',  ( -0.07649999999999998500, 0.01070845085394518500, 0.1240000000000000100 ) ) ;
#1534 = DIMENSIONAL_EXPONENTS ( 1.000000000000000000, 0.0000000000000000000, 0.0000000000000000000, 0.0000000000000000000, 0.0000000000000000000, 0.0000000000000000000, 0.0000000000000000000 ) ;
#1535 = CARTESIAN_POINT ( 'NONE',  ( -0.07629140301479552000, 0.01096950357043986700, 0.1240000000000000000 ) ) ;
#1536 = STYLED_ITEM ( 'NONE', ( #1537 ), #484 ) ;
#1537 = PRESENTATION_STYLE_ASSIGNMENT (( #1508 ) ) ;
#1538 = CARTESIAN_POINT ( 'NONE',  ( -0.07649999999999998500, 0.01070845085394518500, 0.06200000000000000000 ) ) ;
#1539 = VECTOR ( 'NONE', #1577, 39.37007874015748100 ) ;
#1540 = CARTESIAN_POINT ( 'NONE',  ( 0.1294999999999999800, -5.009060476139605200E-019, 0.09299999999999999900 ) ) ;
#1541 = LINE ( 'NONE', #1540, #1450 ) ;
#1542 = CARTESIAN_POINT ( 'NONE',  ( 0.09949999999999999100, 5.009060476139605200E-019, 0.09299999999999999900 ) ) ;
#1543 = CARTESIAN_POINT ( 'NONE',  ( 0.08058812704847682900, 0.01200000000000000000, 0.06200000000000000000 ) ) ;
#1544 = AXIS2_PLACEMENT_3D ( 'NONE', #1543, #1581, #1580 ) ;
#1545 = CIRCLE ( 'NONE', #1579, 0.01499999999999999400 ) ;
#1546 = DIRECTION ( 'NONE',  ( -3.339373650759739900E-017, -1.000000000000000000, 0.0000000000000000000 ) ) ;
#1547 = DIRECTION ( 'NONE',  ( 1.000000000000000000, -3.339373650759738000E-017, 0.0000000000000000000 ) ) ;
#1548 = DIRECTION ( 'NONE',  ( -3.339373650759739900E-017, -1.000000000000000000, 0.0000000000000000000 ) ) ;
#1549 = CARTESIAN_POINT ( 'NONE',  ( 0.1144999999999999900, 0.0000000000000000000, 0.09299999999999999900 ) ) ;
#1550 = CARTESIAN_POINT ( 'NONE',  ( -0.06649999999999999000, 0.01599999999999999300, 0.1312420624784808900 ) ) ;
#1551 = CARTESIAN_POINT ( 'NONE',  ( 1.164596786305387000E-017, 0.01599999999999999000, 0.0000000000000000000 ) ) ;
#1552 = CYLINDRICAL_SURFACE ( 'NONE', #1583, 0.01499999999999999400 ) ;
#1553 = CARTESIAN_POINT ( 'NONE',  ( -0.06649999999999999000, 0.01599999999999998600, 0.02798653985519613400 ) ) ;
#1554 = CARTESIAN_POINT ( 'NONE',  ( 0.07121340775237425300, 0.004509029560912545000, 0.1240000000000000100 ) ) ;
#1555 = B_SPLINE_CURVE_WITH_KNOTS ( 'NONE', 3,
 ( #1585, #1550, #1568, #1567, #1566, #1565, #1564, #1563 ),
 .UNSPECIFIED., .F., .F.,
 ( 4, 2, 2, 4 ),
 ( 0.0000000000000000000, 0.0002071854472882754300, 0.0003107781709324136200, 0.0004143708945765517800 ),
 .UNSPECIFIED. ) ;
#1556 = CARTESIAN_POINT ( 'NONE',  ( -0.06649999999999999000, 0.007999999999999989800, 0.02798653985519612300 ) ) ;
#1557 = DIRECTION ( 'NONE',  ( 1.000000000000000000, -3.339373650759738000E-017, 0.0000000000000000000 ) ) ;
#1558 = CARTESIAN_POINT ( 'NONE',  ( 0.1294999999999999800, -5.009060476139605200E-019, 0.09299999999999999900 ) ) ;
#1559 = FACE_OUTER_BOUND ( 'NONE', #461, .T. ) ;
#1560 = VECTOR ( 'NONE', #1571, 39.37007874015748100 ) ;
#1561 = CARTESIAN_POINT ( 'NONE',  ( 0.1144999999999999900, 0.0000000000000000000, 0.09299999999999999900 ) ) ;
#1562 = CARTESIAN_POINT ( 'NONE',  ( 0.07025018713593156300, 0.005714470561220266600, 0.1240000000000000100 ) ) ;
#1563 = CARTESIAN_POINT ( 'NONE',  ( -0.07587471929610256600, 0.01149097043908746200, 0.1240195679431532900 ) ) ;
#1564 = CARTESIAN_POINT ( 'NONE',  ( -0.07501464959430147200, 0.01256732123969879500, 0.1240734518817923600 ) ) ;
#1565 = CARTESIAN_POINT ( 'NONE',  ( -0.07396830307644380900, 0.01348204665037261400, 0.1242539812703118600 ) ) ;
#1566 = CARTESIAN_POINT ( 'NONE',  ( -0.07176803580990849500, 0.01485967578829977200, 0.1251116626381322500 ) ) ;
#1567 = CARTESIAN_POINT ( 'NONE',  ( -0.07062359152477536200, 0.01531394822507169600, 0.1258003103229014300 ) ) ;
#1568 = CARTESIAN_POINT ( 'NONE',  ( -0.06771546472711186000, 0.01610621210405464200, 0.1285312031922420100 ) ) ;
#1569 = CARTESIAN_POINT ( 'NONE',  ( 0.09949999999999999100, 5.009060476139605200E-019, 0.09299999999999999900 ) ) ;
#1570 = LINE ( 'NONE', #1569, #1574 ) ;
#1571 = DIRECTION ( 'NONE',  ( 0.0000000000000000000, -1.000000000000000000, -0.0000000000000000000 ) ) ;
#1572 = CARTESIAN_POINT ( 'NONE',  ( 0.06983309523584517500, 0.006236448256337743900, 0.1240065247761792900 ) ) ;
#1573 = CARTESIAN_POINT ( 'NONE',  ( 0.06962490643203617100, 0.006496990146359986900, 0.1240195679431522200 ) ) ;
#1574 = VECTOR ( 'NONE', #1546, 39.37007874015748100 ) ;
#1575 = CIRCLE ( 'NONE', #1544, 0.01200000000000000200 ) ;
#1576 = DIRECTION ( 'NONE',  ( -3.339373650759739900E-017, -1.000000000000000000, 0.0000000000000000000 ) ) ;
#1577 = DIRECTION ( 'NONE',  ( -0.6242475365906231500, -0.7812266080085460400, 7.837083549563201500E-017 ) ) ;
#1578 =( BOUNDED_CURVE ( )  B_SPLINE_CURVE ( 3, ( #1573, #1572, #1582, #1562 ),
 .UNSPECIFIED., .F., .F. ) 
 B_SPLINE_CURVE_WITH_KNOTS ( ( 4, 4 ),
 ( 1.508227439597974000, 1.570796326794893700 ),
 .UNSPECIFIED. ) 
 CURVE ( )  GEOMETRIC_REPRESENTATION_ITEM ( )  RATIONAL_B_SPLINE_CURVE ( ( 1.000000000000000000, 0.9996737878033160600, 0.9996737878033160600, 1.000000000000000000 ) ) 
 REPRESENTATION_ITEM ( '' )  );
#1579 = AXIS2_PLACEMENT_3D ( 'NONE', #1549, #1548, #1557 ) ;
#1580 = DIRECTION ( 'NONE',  ( -1.000000000000000000, 8.892734354375856100E-016, 0.0000000000000000000 ) ) ;
#1581 = DIRECTION ( 'NONE',  ( -1.255444850029532700E-016, -4.029234603746840400E-033, 1.000000000000000000 ) ) ;
#1582 = CARTESIAN_POINT ( 'NONE',  ( 0.07004159015072780600, 0.005975523277714081700, 0.1240000000000000000 ) ) ;
#1583 = AXIS2_PLACEMENT_3D ( 'NONE', #1561, #1576, #1547 ) ;
#1584 = LINE ( 'NONE', #1553, #1560 ) ;
#1585 = CARTESIAN_POINT ( 'NONE',  ( -0.06649999999999999000, 0.01599999999999998600, 0.1339999999999999800 ) ) ;
#1586 = CARTESIAN_POINT ( 'NONE',  ( -0.07746322061644264600, 0.009503009853637521500, 0.06200000000000000000 ) ) ;
#1587 = CARTESIAN_POINT ( 'NONE',  ( 1.164596786305387000E-017, 0.007999999999999989800, 0.0000000000000000000 ) ) ;
#1588 = AXIS2_PLACEMENT_3D ( 'NONE', #1598, #1604, #1599 ) ;
#1589 = DIRECTION ( 'NONE',  ( -0.0000000000000000000, -0.0000000000000000000, -1.000000000000000000 ) ) ;
#1590 = DIRECTION ( 'NONE',  ( 3.339373650759739900E-017, -1.000000000000000000, 0.0000000000000000000 ) ) ;
#1591 = UNCERTAINTY_MEASURE_WITH_UNIT (LENGTH_MEASURE( 1.000000000000000100E-005 ), #1607, 'distance_accuracy_value', 'NONE');
#1592 = LENGTH_MEASURE_WITH_UNIT ( LENGTH_MEASURE( 0.02539999999999999900 ), #1595 );
#1593 = LINE ( 'NONE', #1597, #1594 ) ;
#1594 = VECTOR ( 'NONE', #1589, 39.37007874015748100 ) ;
#1595 =( LENGTH_UNIT ( ) NAMED_UNIT ( * ) SI_UNIT ( $, .METRE. ) );
#1596 = CYLINDRICAL_SURFACE ( 'NONE', #1608, 0.01499999999999999400 ) ;
#1597 = CARTESIAN_POINT ( 'NONE',  ( -0.07746322061644264600, 0.009503009853637521500, 0.1860000000000000000 ) ) ;
#1598 = CARTESIAN_POINT ( 'NONE',  ( 1.164596786305387000E-017, 0.01599999999999999000, 0.09299999999999999900 ) ) ;
#1599 = DIRECTION ( 'NONE',  ( 0.0000000000000000000, 0.0000000000000000000, -1.000000000000000000 ) ) ;
#1600 =( NAMED_UNIT ( * ) PLANE_ANGLE_UNIT ( ) SI_UNIT ( $, .RADIAN. ) );
#1601 = CIRCLE ( 'NONE', #1588, 0.09299999999999999900 ) ;
#1602 = FACE_OUTER_BOUND ( 'NONE', #456, .T. ) ;
#1603 =( GEOMETRIC_REPRESENTATION_CONTEXT ( 3 ) GLOBAL_UNCERTAINTY_ASSIGNED_CONTEXT ( ( #1591 ) ) GLOBAL_UNIT_ASSIGNED_CONTEXT ( ( #1607, #1600, #1606 ) ) REPRESENTATION_CONTEXT ( 'NONE', 'WORKASPACE' ) );
#1604 = DIRECTION ( 'NONE',  ( 0.0000000000000000000, -1.000000000000000000, 0.0000000000000000000 ) ) ;
#1605 = ADVANCED_BREP_SHAPE_REPRESENTATION ( '2992', ( #484, #1613 ), #1603 ) ;
#1606 =( NAMED_UNIT ( * ) SI_UNIT ( $, .STERADIAN. ) SOLID_ANGLE_UNIT ( ) );
#1607 =( CONVERSION_BASED_UNIT ( 'INCH', #1592 ) LENGTH_UNIT ( ) NAMED_UNIT ( #1616 ) );
#1608 = AXIS2_PLACEMENT_3D ( 'NONE', #1614, #1590, #1615 ) ;
#1609 = CARTESIAN_POINT ( 'NONE',  ( 0.0000000000000000000, 0.0000000000000000000, 0.0000000000000000000 ) ) ;
#1610 = CARTESIAN_POINT ( 'NONE',  ( -0.07746322061644264600, 0.009503009853637516300, 0.1240000000000000100 ) ) ;
#1611 = DIRECTION ( 'NONE',  ( 1.000000000000000000, 0.0000000000000000000, 0.0000000000000000000 ) ) ;
#1612 = DIRECTION ( 'NONE',  ( 0.0000000000000000000, 0.0000000000000000000, 1.000000000000000000 ) ) ;
#1613 = AXIS2_PLACEMENT_3D ( 'NONE', #1609, #1612, #1611 ) ;
#1614 = CARTESIAN_POINT ( 'NONE',  ( -0.1144999999999999900, 0.0000000000000000000, 0.09299999999999999900 ) ) ;
#1615 = DIRECTION ( 'NONE',  ( 1.000000000000000000, 3.339373650759738000E-017, 0.0000000000000000000 ) ) ;
#1616 = DIMENSIONAL_EXPONENTS ( 1.000000000000000000, 0.0000000000000000000, 0.0000000000000000000, 0.0000000000000000000, 0.0000000000000000000, 0.0000000000000000000, 0.0000000000000000000 ) ;
#1617 = APPLICATION_CONTEXT ( 'automotive_design' ) ;
#1618 = PRODUCT_DEFINITION_SHAPE ( 'NONE', 'NONE',  #1621 ) ;
#1619 = PRODUCT_RELATED_PRODUCT_CATEGORY ( 'part', '', ( #1625 ) ) ;
#1620 = PRODUCT_DEFINITION_FORMATION_WITH_SPECIFIED_SOURCE ( 'ANY', '', #1625, .NOT_KNOWN. ) ;
#1621 = PRODUCT_DEFINITION ( 'UNKNOWN', '', #1620, #1622 ) ;
#1622 = PRODUCT_DEFINITION_CONTEXT ( 'detailed design', #1624, 'design' ) ;
#1623 = APPLICATION_PROTOCOL_DEFINITION ( 'draft international standard', 'automotive_design', 1998, #1624 ) ;
#1624 = APPLICATION_CONTEXT ( 'automotive_design' ) ;
#1625 = PRODUCT ( '2992', '2992', '', ( #1626 ) ) ;
#1626 = PRODUCT_CONTEXT ( 'NONE', #1617, 'mechanical' ) ;
#1627 = APPLICATION_PROTOCOL_DEFINITION ( 'draft international standard', 'automotive_design', 1998, #1617 ) ;
#1628 = SHAPE_DEFINITION_REPRESENTATION ( #1618, #1605 ) ;
ENDSEC;
END-ISO-10303-21;
