ISO-10303-21;
HEADER;
FILE_DESCRIPTION(('STEP AP203'),'1');
FILE_NAME('scs05-065-10.stp','2025-09-13T11:29:27',('TraceParts'),('TraceParts S.A.'),'Spatial InterOp 3D',' ',' ');
FILE_SCHEMA(('CONFIG_CONTROL_DESIGN'));
ENDSEC;
DATA;
#1=DESIGN_CONTEXT('',#27,'design');
#2=APPLICATION_PROTOCOL_DEFINITION('INTERNATIONAL STANDARD','config_control_design',1994,#27);
#3=PRODUCT_CATEGORY_RELATIONSHIP('NONE','NONE',#28,#29);
#4=DATE_AND_TIME(#30,#31);
#5=DATE_TIME_ROLE('creation_date');
#6=DATE_TIME_ROLE('classification_date');
#7=PERSON_AND_ORGANIZATION_ROLE('creator');
#8=PERSON_AND_ORGANIZATION_ROLE('design_supplier');
#9=PERSON_AND_ORGANIZATION_ROLE('classification_officer');
#10=PERSON_AND_ORGANIZATION_ROLE('design_owner');
#11=APPROVAL_PERSON_ORGANIZATION(#32,#33,#34);
#12=APPROVAL_DATE_TIME(#4,#33);
#13=CC_DESIGN_APPROVAL(#33,(#35,#36,#37));
#14=CC_DESIGN_DATE_AND_TIME_ASSIGNMENT(#4,#5,(#37));
#15=CC_DESIGN_DATE_AND_TIME_ASSIGNMENT(#4,#6,(#35));
#16=CC_DESIGN_PERSON_AND_ORGANIZATION_ASSIGNMENT(#32,#10,(#38));
#17=CC_DESIGN_PERSON_AND_ORGANIZATION_ASSIGNMENT(#32,#7,(#37));
#18=CC_DESIGN_PERSON_AND_ORGANIZATION_ASSIGNMENT(#32,#7,(#36));
#19=CC_DESIGN_PERSON_AND_ORGANIZATION_ASSIGNMENT(#32,#8,(#36));
#20=CC_DESIGN_SECURITY_CLASSIFICATION(#35,(#36));
#21=CC_DESIGN_PERSON_AND_ORGANIZATION_ASSIGNMENT(#32,#9,(#35));
#22=SHAPE_DEFINITION_REPRESENTATION(#39,#40);
#23= (GEOMETRIC_REPRESENTATION_CONTEXT(3)GLOBAL_UNCERTAINTY_ASSIGNED_CONTEXT((#43))GLOBAL_UNIT_ASSIGNED_CONTEXT((#45,#46,#47))REPRESENTATION_CONTEXT('NONE','WORKSPACE'));
#27=APPLICATION_CONTEXT('CONFIGURATION CONTROLLED 3D DESIGNS OF MECHANICAL PARTS AND ASSEMBLIES');
#28=PRODUCT_CATEGORY('part','NONE');
#29=PRODUCT_RELATED_PRODUCT_CATEGORY('detail',' ',(#38));
#30=CALENDAR_DATE(2025,13,8);
#31=LOCAL_TIME(13,29,27.0,#49);
#32=PERSON_AND_ORGANIZATION(#50,#51);
#33=APPROVAL(#52,'SOLID MODEL');
#34=APPROVAL_ROLE('APPROVED');
#35=SECURITY_CLASSIFICATION('','',#53);
#36=PRODUCT_DEFINITION_FORMATION_WITH_SPECIFIED_SOURCE(' ','NONE',#38,.NOT_KNOWN.);
#37=PRODUCT_DEFINITION('','NONE',#36,#1);
#38=PRODUCT('1','','PART--DESC',(#54));
#39=PRODUCT_DEFINITION_SHAPE('NONE','NONE',#37);
#40=ADVANCED_BREP_SHAPE_REPRESENTATION('1',(#55,#56),#23);
#43=UNCERTAINTY_MEASURE_WITH_UNIT(LENGTH_MEASURE(1.0E-06),#45,'','');
#45= (CONVERSION_BASED_UNIT('MILLIMETRE',#59)LENGTH_UNIT()NAMED_UNIT(#62));
#46= (NAMED_UNIT(#64)PLANE_ANGLE_UNIT()SI_UNIT($,.RADIAN.));
#47= (NAMED_UNIT(#64)SOLID_ANGLE_UNIT()SI_UNIT($,.STERADIAN.));
#49=COORDINATED_UNIVERSAL_TIME_OFFSET(1,0,.AHEAD.);
#50=PERSON('','UNSPECIFIED',$,$,$,$);
#51=ORGANIZATION('UNSPECIFIED','UNSPECIFIED','UNSPECIFIED');
#52=APPROVAL_STATUS('approved');
#53=SECURITY_CLASSIFICATION_LEVEL('unclassified');
#54=MECHANICAL_CONTEXT('',#27,'mechanical');
#55=MANIFOLD_SOLID_BREP('1',#70);
#56=AXIS2_PLACEMENT_3D('',#71,#72,#73);
#59=LENGTH_MEASURE_WITH_UNIT(LENGTH_MEASURE(1.0),#74);
#62=DIMENSIONAL_EXPONENTS(1.0,0.0,0.0,0.0,0.0,0.0,0.0);
#64=DIMENSIONAL_EXPONENTS(0.0,0.0,0.0,0.0,0.0,0.0,0.0);
#70=CLOSED_SHELL('',(#75,#76,#77,#78,#79,#80,#81,#82,#83,#84,#85,#86,#87,#88,#89,#90,#91,#92,#93,#94,#95,#96,#97,#98,#99,#100,#101,#102,#103,#104,#105,#106,#107,#108,#109,#110,#111,#112,#113,#114,#115,#116,#117,#118,#119,#120,#121,#122,#123,#124,#125,#126,#127,#128,#129,#130,#131,#132,#133,#134,#135,#136,#137,#138,#139,#140,#141,#142,#143,#144,#145,#146,#147,#148,#149,#150,#151,#152,#153,#154,#155,#156,#157,#158,#159,#160,#161,#162,#163,#164,#165,#166,#167,#168,#169,#170,#171,#172,#173,#174,#175,#176,#177,#178,#179,#180,#181,#182,#183,#184,#185,#186,#187,#188,#189,#190));
#71=CARTESIAN_POINT('',(0.0,0.0,0.0));
#72=DIRECTION('',(0.0,0.0,1.0));
#73=DIRECTION('',(1.0,0.0,0.0));
#74= (NAMED_UNIT(#62)LENGTH_UNIT()SI_UNIT(.MILLI.,.METRE.));
#75=ADVANCED_FACE('',(#192),#193,.T.);
#76=ADVANCED_FACE('',(#194),#195,.F.);
#77=ADVANCED_FACE('',(#196),#197,.F.);
#78=ADVANCED_FACE('',(#198),#199,.F.);
#79=ADVANCED_FACE('',(#200),#201,.T.);
#80=ADVANCED_FACE('',(#202),#203,.T.);
#81=ADVANCED_FACE('',(#204),#205,.T.);
#82=ADVANCED_FACE('',(#206),#207,.T.);
#83=ADVANCED_FACE('',(#208),#209,.F.);
#84=ADVANCED_FACE('',(#210),#211,.F.);
#85=ADVANCED_FACE('',(#212),#213,.F.);
#86=ADVANCED_FACE('',(#214),#215,.F.);
#87=ADVANCED_FACE('',(#216),#217,.F.);
#88=ADVANCED_FACE('',(#218),#219,.F.);
#89=ADVANCED_FACE('',(#220),#221,.F.);
#90=ADVANCED_FACE('',(#222),#223,.F.);
#91=ADVANCED_FACE('',(#224),#225,.F.);
#92=ADVANCED_FACE('',(#226),#227,.F.);
#93=ADVANCED_FACE('',(#228),#229,.F.);
#94=ADVANCED_FACE('',(#230),#231,.F.);
#95=ADVANCED_FACE('',(#232),#233,.F.);
#96=ADVANCED_FACE('',(#234),#235,.F.);
#97=ADVANCED_FACE('',(#236),#237,.F.);
#98=ADVANCED_FACE('',(#238),#239,.F.);
#99=ADVANCED_FACE('',(#240),#241,.F.);
#100=ADVANCED_FACE('',(#242),#243,.F.);
#101=ADVANCED_FACE('',(#244),#245,.F.);
#102=ADVANCED_FACE('',(#246),#247,.F.);
#103=ADVANCED_FACE('',(#248),#249,.F.);
#104=ADVANCED_FACE('',(#250),#251,.F.);
#105=ADVANCED_FACE('',(#252),#253,.F.);
#106=ADVANCED_FACE('',(#254),#255,.T.);
#107=ADVANCED_FACE('',(#256),#257,.T.);
#108=ADVANCED_FACE('',(#258),#259,.F.);
#109=ADVANCED_FACE('',(#260),#261,.T.);
#110=ADVANCED_FACE('',(#262),#263,.T.);
#111=ADVANCED_FACE('',(#264),#265,.T.);
#112=ADVANCED_FACE('',(#266),#267,.T.);
#113=ADVANCED_FACE('',(#268),#269,.F.);
#114=ADVANCED_FACE('',(#270),#271,.T.);
#115=ADVANCED_FACE('',(#272),#273,.T.);
#116=ADVANCED_FACE('',(#274),#275,.T.);
#117=ADVANCED_FACE('',(#276),#277,.F.);
#118=ADVANCED_FACE('',(#278),#279,.F.);
#119=ADVANCED_FACE('',(#280),#281,.F.);
#120=ADVANCED_FACE('',(#282),#283,.T.);
#121=ADVANCED_FACE('',(#284),#285,.T.);
#122=ADVANCED_FACE('',(#286),#287,.F.);
#123=ADVANCED_FACE('',(#288),#289,.T.);
#124=ADVANCED_FACE('',(#290),#291,.F.);
#125=ADVANCED_FACE('',(#292),#293,.F.);
#126=ADVANCED_FACE('',(#294),#295,.F.);
#127=ADVANCED_FACE('',(#296),#297,.T.);
#128=ADVANCED_FACE('',(#298),#299,.T.);
#129=ADVANCED_FACE('',(#300),#301,.T.);
#130=ADVANCED_FACE('',(#302),#303,.T.);
#131=ADVANCED_FACE('',(#304),#305,.F.);
#132=ADVANCED_FACE('',(#306),#307,.F.);
#133=ADVANCED_FACE('',(#308),#309,.F.);
#134=ADVANCED_FACE('',(#310),#311,.F.);
#135=ADVANCED_FACE('',(#312),#313,.F.);
#136=ADVANCED_FACE('',(#314),#315,.T.);
#137=ADVANCED_FACE('',(#316),#317,.T.);
#138=ADVANCED_FACE('',(#318),#319,.T.);
#139=ADVANCED_FACE('',(#320),#321,.T.);
#140=ADVANCED_FACE('',(#322),#323,.T.);
#141=ADVANCED_FACE('',(#324),#325,.T.);
#142=ADVANCED_FACE('',(#326),#327,.T.);
#143=ADVANCED_FACE('',(#328),#329,.T.);
#144=ADVANCED_FACE('',(#330),#331,.T.);
#145=ADVANCED_FACE('',(#332),#333,.F.);
#146=ADVANCED_FACE('',(#334),#335,.T.);
#147=ADVANCED_FACE('',(#336),#337,.F.);
#148=ADVANCED_FACE('',(#338),#339,.F.);
#149=ADVANCED_FACE('',(#340),#341,.T.);
#150=ADVANCED_FACE('',(#342),#343,.F.);
#151=ADVANCED_FACE('',(#344),#345,.T.);
#152=ADVANCED_FACE('',(#346),#347,.F.);
#153=ADVANCED_FACE('',(#348),#349,.F.);
#154=ADVANCED_FACE('',(#350),#351,.F.);
#155=ADVANCED_FACE('',(#352),#353,.F.);
#156=ADVANCED_FACE('',(#354),#355,.T.);
#157=ADVANCED_FACE('',(#356),#357,.T.);
#158=ADVANCED_FACE('',(#358),#359,.T.);
#159=ADVANCED_FACE('',(#360),#361,.T.);
#160=ADVANCED_FACE('',(#362),#363,.T.);
#161=ADVANCED_FACE('',(#364),#365,.T.);
#162=ADVANCED_FACE('',(#366),#367,.T.);
#163=ADVANCED_FACE('',(#368),#369,.T.);
#164=ADVANCED_FACE('',(#370),#371,.T.);
#165=ADVANCED_FACE('',(#372),#373,.T.);
#166=ADVANCED_FACE('',(#374),#375,.T.);
#167=ADVANCED_FACE('',(#376),#377,.T.);
#168=ADVANCED_FACE('',(#378),#379,.T.);
#169=ADVANCED_FACE('',(#380),#381,.T.);
#170=ADVANCED_FACE('',(#382),#383,.T.);
#171=ADVANCED_FACE('',(#384),#385,.T.);
#172=ADVANCED_FACE('',(#386),#387,.T.);
#173=ADVANCED_FACE('',(#388),#389,.T.);
#174=ADVANCED_FACE('',(#390),#391,.T.);
#175=ADVANCED_FACE('',(#392),#393,.T.);
#176=ADVANCED_FACE('',(#394),#395,.T.);
#177=ADVANCED_FACE('',(#396),#397,.T.);
#178=ADVANCED_FACE('',(#398),#399,.F.);
#179=ADVANCED_FACE('',(#400),#401,.F.);
#180=ADVANCED_FACE('',(#402),#403,.F.);
#181=ADVANCED_FACE('',(#404),#405,.F.);
#182=ADVANCED_FACE('',(#406),#407,.T.);
#183=ADVANCED_FACE('',(#408),#409,.F.);
#184=ADVANCED_FACE('',(#410),#411,.F.);
#185=ADVANCED_FACE('',(#412),#413,.T.);
#186=ADVANCED_FACE('',(#414),#415,.F.);
#187=ADVANCED_FACE('',(#416),#417,.T.);
#188=ADVANCED_FACE('',(#418),#419,.F.);
#189=ADVANCED_FACE('',(#420),#421,.T.);
#190=ADVANCED_FACE('',(#422),#423,.T.);
#192=FACE_OUTER_BOUND('',#424,.T.);
#193=CYLINDRICAL_SURFACE('',#425,0.2);
#194=FACE_OUTER_BOUND('',#426,.T.);
#195=CYLINDRICAL_SURFACE('',#427,0.14);
#196=FACE_OUTER_BOUND('',#428,.T.);
#197=CYLINDRICAL_SURFACE('',#429,0.09);
#198=FACE_OUTER_BOUND('',#430,.T.);
#199=CYLINDRICAL_SURFACE('',#431,0.09);
#200=FACE_OUTER_BOUND('',#432,.T.);
#201=CYLINDRICAL_SURFACE('',#433,0.15);
#202=FACE_OUTER_BOUND('',#434,.T.);
#203=CYLINDRICAL_SURFACE('',#435,0.15);
#204=FACE_OUTER_BOUND('',#436,.T.);
#205=TOROIDAL_SURFACE('',#437,0.0200000000034336,0.159999999996898);
#206=FACE_OUTER_BOUND('',#438,.T.);
#207=TOROIDAL_SURFACE('',#439,0.0200000000038112,0.15999999999693);
#208=FACE_OUTER_BOUND('',#440,.T.);
#209=TOROIDAL_SURFACE('',#441,0.0199999999986545,0.100000000000775);
#210=FACE_OUTER_BOUND('',#442,.T.);
#211=TOROIDAL_SURFACE('',#443,0.0199999999985864,0.100000000000786);
#212=FACE_OUTER_BOUND('',#444,.T.);
#213=PLANE('',#445);
#214=FACE_OUTER_BOUND('',#446,.T.);
#215=TOROIDAL_SURFACE('',#447,0.0199999999985864,0.100000000000786);
#216=FACE_OUTER_BOUND('',#448,.T.);
#217=CYLINDRICAL_SURFACE('',#449,0.12);
#218=FACE_OUTER_BOUND('',#450,.T.);
#219=TOROIDAL_SURFACE('',#451,0.0199999999986545,0.100000000000775);
#220=FACE_OUTER_BOUND('',#452,.T.);
#221=B_SPLINE_SURFACE_WITH_KNOTS('',3,3,((#453,#454,#455,#456,#457),(#458,#459,#460,#461,#462),(#463,#464,#465,#466,#467),(#468,#469,#470,#471,#472)),.UNSPECIFIED.,.F.,.F.,.F.,(4,4),(4,1,4),(0.119636289822236,0.911155324895494),(0.126987483378163,0.5,0.881649872506699),.UNSPECIFIED.);
#222=FACE_OUTER_BOUND('',#473,.T.);
#223=CYLINDRICAL_SURFACE('',#474,0.1);
#224=FACE_OUTER_BOUND('',#475,.T.);
#225=PLANE('',#476);
#226=FACE_OUTER_BOUND('',#477,.T.);
#227=B_SPLINE_SURFACE_WITH_KNOTS('',3,3,((#478,#479,#480,#481),(#482,#483,#484,#485),(#486,#487,#488,#489),(#490,#491,#492,#493),(#494,#495,#496,#497),(#498,#499,#500,#501)),.UNSPECIFIED.,.F.,.F.,.F.,(4,1,1,4),(4,4),(0.0632736421183859,0.0730443527102694,0.918788323810935,0.929103778674204),(0.0822930775292927,0.917706922470707),.UNSPECIFIED.);
#228=FACE_OUTER_BOUND('',#502,.T.);
#229=B_SPLINE_SURFACE_WITH_KNOTS('',3,3,((#503,#504,#505,#506,#507),(#508,#509,#510,#511,#512),(#513,#514,#515,#516,#517),(#518,#519,#520,#521,#522)),.UNSPECIFIED.,.F.,.F.,.F.,(4,4),(4,1,4),(0.0892469428815252,0.884930743173551),(0.128257784758409,0.5,0.881726387824473),.UNSPECIFIED.);
#230=FACE_OUTER_BOUND('',#523,.T.);
#231=CYLINDRICAL_SURFACE('',#524,0.1);
#232=FACE_OUTER_BOUND('',#525,.T.);
#233=PLANE('',#526);
#234=FACE_OUTER_BOUND('',#527,.T.);
#235=CONICAL_SURFACE('',#528,0.0978746462856201,0.540419499653003);
#236=FACE_OUTER_BOUND('',#529,.T.);
#237=B_SPLINE_SURFACE_WITH_KNOTS('',3,3,((#530,#531,#532,#533),(#534,#535,#536,#537),(#538,#539,#540,#541),(#542,#543,#544,#545)),.UNSPECIFIED.,.F.,.F.,.F.,(4,4),(4,4),(0.118125339649609,0.910709295853531),(0.1953695133284,0.755776961764682),.UNSPECIFIED.);
#238=FACE_OUTER_BOUND('',#546,.T.);
#239=CYLINDRICAL_SURFACE('',#547,0.1);
#240=FACE_OUTER_BOUND('',#548,.T.);
#241=PLANE('',#549);
#242=FACE_OUTER_BOUND('',#550,.T.);
#243=B_SPLINE_SURFACE_WITH_KNOTS('',3,3,((#551,#552,#553,#554),(#555,#556,#557,#558),(#559,#560,#561,#562),(#563,#564,#565,#566),(#567,#568,#569,#570),(#571,#572,#573,#574)),.UNSPECIFIED.,.F.,.F.,.F.,(4,1,1,4),(4,4),(0.185214296797127,0.213174928652712,0.791858468958067,0.819487817030854),(0.087020043969168,0.912979956030832),.UNSPECIFIED.);
#244=FACE_OUTER_BOUND('',#575,.T.);
#245=B_SPLINE_SURFACE_WITH_KNOTS('',3,3,((#576,#577,#578,#579),(#580,#581,#582,#583),(#584,#585,#586,#587),(#588,#589,#590,#591)),.UNSPECIFIED.,.F.,.F.,.F.,(4,4),(4,4),(0.0896940971842069,0.886321018007206),(0.195367741341601,0.755846103204196),.UNSPECIFIED.);
#246=FACE_OUTER_BOUND('',#592,.T.);
#247=CYLINDRICAL_SURFACE('',#593,0.1);
#248=FACE_OUTER_BOUND('',#594,.T.);
#249=PLANE('',#595);
#250=FACE_OUTER_BOUND('',#596,.T.);
#251=CONICAL_SURFACE('',#597,0.0978746462856201,0.540419499653003);
#252=FACE_OUTER_BOUND('',#598,.T.);
#253=PLANE('',#599);
#254=FACE_OUTER_BOUND('',#600,.T.);
#255=PLANE('',#601);
#256=FACE_OUTER_BOUND('',#602,.T.);
#257=PLANE('',#603);
#258=FACE_OUTER_BOUND('',#604,.T.);
#259=CYLINDRICAL_SURFACE('',#605,0.0600000000000002);
#260=FACE_OUTER_BOUND('',#606,.T.);
#261=PLANE('',#607);
#262=FACE_OUTER_BOUND('',#608,.T.);
#263=PLANE('',#609);
#264=FACE_OUTER_BOUND('',#610,.T.);
#265=CYLINDRICAL_SURFACE('',#611,0.1);
#266=FACE_OUTER_BOUND('',#612,.T.);
#267=PLANE('',#613);
#268=FACE_OUTER_BOUND('',#614,.T.);
#269=PLANE('',#615);
#270=FACE_OUTER_BOUND('',#616,.T.);
#271=CYLINDRICAL_SURFACE('',#617,0.1);
#272=FACE_OUTER_BOUND('',#618,.T.);
#273=PLANE('',#619);
#274=FACE_OUTER_BOUND('',#620,.T.);
#275=CYLINDRICAL_SURFACE('',#621,0.12);
#276=FACE_OUTER_BOUND('',#622,.T.);
#277=PLANE('',#623);
#278=FACE_OUTER_BOUND('',#624,.T.);
#279=CYLINDRICAL_SURFACE('',#625,0.07);
#280=FACE_OUTER_BOUND('',#626,.T.);
#281=PLANE('',#627);
#282=FACE_OUTER_BOUND('',#628,.T.);
#283=PLANE('',#629);
#284=FACE_OUTER_BOUND('',#630,.T.);
#285=CYLINDRICAL_SURFACE('',#631,0.13);
#286=FACE_OUTER_BOUND('',#632,.T.);
#287=PLANE('',#633);
#288=FACE_OUTER_BOUND('',#634,.T.);
#289=CYLINDRICAL_SURFACE('',#635,0.13);
#290=FACE_OUTER_BOUND('',#636,.T.);
#291=PLANE('',#637);
#292=FACE_OUTER_BOUND('',#638,.T.);
#293=CYLINDRICAL_SURFACE('',#639,0.0600000000000002);
#294=FACE_OUTER_BOUND('',#640,.T.);
#295=PLANE('',#641);
#296=FACE_OUTER_BOUND('',#642,.T.);
#297=CYLINDRICAL_SURFACE('',#643,0.12);
#298=FACE_OUTER_BOUND('',#644,.T.);
#299=PLANE('',#645);
#300=FACE_OUTER_BOUND('',#646,.T.);
#301=CYLINDRICAL_SURFACE('',#647,0.13);
#302=FACE_OUTER_BOUND('',#648,.T.);
#303=PLANE('',#649);
#304=FACE_OUTER_BOUND('',#650,.T.);
#305=PLANE('',#651);
#306=FACE_OUTER_BOUND('',#652,.T.);
#307=CYLINDRICAL_SURFACE('',#653,0.0600000000000002);
#308=FACE_OUTER_BOUND('',#654,.T.);
#309=PLANE('',#655);
#310=FACE_OUTER_BOUND('',#656,.T.);
#311=CYLINDRICAL_SURFACE('',#657,0.07);
#312=FACE_OUTER_BOUND('',#658,.T.);
#313=PLANE('',#659);
#314=FACE_OUTER_BOUND('',#660,.T.);
#315=CYLINDRICAL_SURFACE('',#661,0.13);
#316=FACE_OUTER_BOUND('',#662,.T.);
#317=PLANE('',#663);
#318=FACE_OUTER_BOUND('',#664,.T.);
#319=CYLINDRICAL_SURFACE('',#665,0.13);
#320=FACE_OUTER_BOUND('',#666,.T.);
#321=PLANE('',#667);
#322=FACE_OUTER_BOUND('',#668,.T.);
#323=CYLINDRICAL_SURFACE('',#669,0.12);
#324=FACE_OUTER_BOUND('',#670,.T.);
#325=PLANE('',#671);
#326=FACE_OUTER_BOUND('',#672,.T.);
#327=CYLINDRICAL_SURFACE('',#673,0.13);
#328=FACE_OUTER_BOUND('',#674,.T.);
#329=PLANE('',#675);
#330=FACE_OUTER_BOUND('',#676,.T.);
#331=PLANE('',#677);
#332=FACE_OUTER_BOUND('',#678,.T.);
#333=PLANE('',#679);
#334=FACE_OUTER_BOUND('',#680,.T.);
#335=CYLINDRICAL_SURFACE('',#681,0.26);
#336=FACE_OUTER_BOUND('',#682,.T.);
#337=PLANE('',#683);
#338=FACE_OUTER_BOUND('',#684,.T.);
#339=CYLINDRICAL_SURFACE('',#685,0.14);
#340=FACE_OUTER_BOUND('',#686,.T.);
#341=CYLINDRICAL_SURFACE('',#687,0.2);
#342=FACE_OUTER_BOUND('',#688,.T.);
#343=PLANE('',#689);
#344=FACE_OUTER_BOUND('',#690,.T.);
#345=PLANE('',#691);
#346=FACE_OUTER_BOUND('',#692,.T.);
#347=B_SPLINE_SURFACE_WITH_KNOTS('',3,3,((#693,#694,#695,#696),(#697,#698,#699,#700),(#701,#702,#703,#704),(#705,#706,#707,#708),(#709,#710,#711,#712),(#713,#714,#715,#716),(#717,#718,#719,#720)),.UNSPECIFIED.,.F.,.F.,.F.,(4,1,1,1,4),(4,4),(0.0366797611582028,0.047789760004686,0.499992821279541,0.952195882554395,0.963305881400801),(0.155633421408306,0.844453349890905),.UNSPECIFIED.);
#348=FACE_OUTER_BOUND('',#721,.T.);
#349=PLANE('',#722);
#350=FACE_OUTER_BOUND('',#723,.T.);
#351=CYLINDRICAL_SURFACE('',#724,0.2);
#352=FACE_OUTER_BOUND('',#725,.T.);
#353=PLANE('',#726);
#354=FACE_OUTER_BOUND('',#727,.T.);
#355=TOROIDAL_SURFACE('',#728,0.0200000000038112,0.15999999999693);
#356=FACE_OUTER_BOUND('',#729,.T.);
#357=TOROIDAL_SURFACE('',#730,0.0200000000034336,0.159999999996898);
#358=FACE_OUTER_BOUND('',#731,.T.);
#359=CYLINDRICAL_SURFACE('',#732,0.18);
#360=FACE_OUTER_BOUND('',#733,.T.);
#361=B_SPLINE_SURFACE_WITH_KNOTS('',3,3,((#734,#735,#736,#737),(#738,#739,#740,#741),(#742,#743,#744,#745),(#746,#747,#748,#749),(#750,#751,#752,#753),(#754,#755,#756,#757)),.UNSPECIFIED.,.F.,.F.,.F.,(4,1,1,4),(4,4),(0.0463385220127091,0.0534821689978547,0.94283794475435,0.950225415660793),(0.087837274155018,0.912162725844984),.UNSPECIFIED.);
#362=FACE_OUTER_BOUND('',#758,.T.);
#363=PLANE('',#759);
#364=FACE_OUTER_BOUND('',#760,.T.);
#365=CYLINDRICAL_SURFACE('',#761,0.16);
#366=FACE_OUTER_BOUND('',#762,.T.);
#367=B_SPLINE_SURFACE_WITH_KNOTS('',3,3,((#763,#764,#765,#766,#767),(#768,#769,#770,#771,#772),(#773,#774,#775,#776,#777),(#778,#779,#780,#781,#782)),.UNSPECIFIED.,.F.,.F.,.F.,(4,4),(4,1,4),(0.076024005286347,0.937475569521095),(0.0901190379049035,0.5000000000004,0.907807414403447),.UNSPECIFIED.);
#368=FACE_OUTER_BOUND('',#783,.T.);
#369=PLANE('',#784);
#370=FACE_OUTER_BOUND('',#785,.T.);
#371=CONICAL_SURFACE('',#786,0.153599434057,0.540419499653003);
#372=FACE_OUTER_BOUND('',#787,.T.);
#373=B_SPLINE_SURFACE_WITH_KNOTS('',3,3,((#788,#789,#790,#791),(#792,#793,#794,#795),(#796,#797,#798,#799),(#800,#801,#802,#803)),.UNSPECIFIED.,.F.,.F.,.F.,(4,4),(4,4),(0.0518260026407416,0.930581071085883),(0.170568998647312,0.82952745052766),.UNSPECIFIED.);
#374=FACE_OUTER_BOUND('',#804,.T.);
#375=CYLINDRICAL_SURFACE('',#805,0.16);
#376=FACE_OUTER_BOUND('',#806,.T.);
#377=PLANE('',#807);
#378=FACE_OUTER_BOUND('',#808,.T.);
#379=B_SPLINE_SURFACE_WITH_KNOTS('',3,3,((#809,#810,#811,#812),(#813,#814,#815,#816),(#817,#818,#819,#820),(#821,#822,#823,#824),(#825,#826,#827,#828),(#829,#830,#831,#832)),.UNSPECIFIED.,.F.,.F.,.F.,(4,1,1,4),(4,4),(0.16843601126481,0.19410906126186,0.808243923008797,0.83376098169026),(0.0933682688417656,0.906631731158235),.UNSPECIFIED.);
#380=FACE_OUTER_BOUND('',#833,.T.);
#381=B_SPLINE_SURFACE_WITH_KNOTS('',3,3,((#834,#835,#836,#837),(#838,#839,#840,#841),(#842,#843,#844,#845),(#846,#847,#848,#849)),.UNSPECIFIED.,.F.,.F.,.F.,(4,4),(4,4),(0.0712618655009715,0.939546903563903),(0.170585738736153,0.823508381690239),.UNSPECIFIED.);
#382=FACE_OUTER_BOUND('',#850,.T.);
#383=CYLINDRICAL_SURFACE('',#851,0.16);
#384=FACE_OUTER_BOUND('',#852,.T.);
#385=PLANE('',#853);
#386=FACE_OUTER_BOUND('',#854,.T.);
#387=CONICAL_SURFACE('',#855,0.153599434057,0.540419499653003);
#388=FACE_OUTER_BOUND('',#856,.T.);
#389=B_SPLINE_SURFACE_WITH_KNOTS('',3,3,((#857,#858,#859,#860,#861),(#862,#863,#864,#865,#866),(#867,#868,#869,#870,#871),(#872,#873,#874,#875,#876)),.UNSPECIFIED.,.F.,.F.,.F.,(4,4),(4,1,4),(0.0525550050194277,0.92582702754957),(0.090118223535513,0.4999999999996,0.917895414571588),.UNSPECIFIED.);
#390=FACE_OUTER_BOUND('',#877,.T.);
#391=CYLINDRICAL_SURFACE('',#878,0.16);
#392=FACE_OUTER_BOUND('',#879,.T.);
#393=PLANE('',#880);
#394=FACE_OUTER_BOUND('',#881,.T.);
#395=CYLINDRICAL_SURFACE('',#882,0.15);
#396=FACE_OUTER_BOUND('',#883,.T.);
#397=CYLINDRICAL_SURFACE('',#884,0.15);
#398=FACE_OUTER_BOUND('',#885,.T.);
#399=PLANE('',#886);
#400=FACE_OUTER_BOUND('',#887,.T.);
#401=CYLINDRICAL_SURFACE('',#888,0.09);
#402=FACE_OUTER_BOUND('',#889,.T.);
#403=CYLINDRICAL_SURFACE('',#890,0.09);
#404=FACE_OUTER_BOUND('',#891,.T.);
#405=PLANE('',#892);
#406=FACE_OUTER_BOUND('',#893,.T.);
#407=PLANE('',#894);
#408=FACE_OUTER_BOUND('',#895,.T.);
#409=CYLINDRICAL_SURFACE('',#896,0.2);
#410=FACE_OUTER_BOUND('',#897,.T.);
#411=PLANE('',#898);
#412=FACE_OUTER_BOUND('',#899,.T.);
#413=PLANE('',#900);
#414=FACE_OUTER_BOUND('',#901,.T.);
#415=CYLINDRICAL_SURFACE('',#902,0.2);
#416=FACE_OUTER_BOUND('',#903,.T.);
#417=B_SPLINE_SURFACE_WITH_KNOTS('',3,3,((#904,#905,#906,#907),(#908,#909,#910,#911),(#912,#913,#914,#915),(#916,#917,#918,#919),(#920,#921,#922,#923),(#924,#925,#926,#927),(#928,#929,#930,#931)),.UNSPECIFIED.,.F.,.F.,.F.,(4,1,1,1,4),(4,4),(0.0366797611581966,0.0477897600046774,0.499992821279536,0.952195882554395,0.963305881400801),(0.155633421408311,0.844453349890895),.UNSPECIFIED.);
#418=FACE_OUTER_BOUND('',#932,.T.);
#419=PLANE('',#933);
#420=FACE_OUTER_BOUND('',#934,.T.);
#421=PLANE('',#935);
#422=FACE_OUTER_BOUND('',#936,.T.);
#423=PLANE('',#937);
#424=EDGE_LOOP('',(#938,#939,#940,#941));
#425=AXIS2_PLACEMENT_3D('',#942,#943,#944);
#426=EDGE_LOOP('',(#945,#946,#947,#948));
#427=AXIS2_PLACEMENT_3D('',#949,#950,#951);
#428=EDGE_LOOP('',(#952,#953,#954,#955));
#429=AXIS2_PLACEMENT_3D('',#956,#957,#958);
#430=EDGE_LOOP('',(#959,#960,#961,#962));
#431=AXIS2_PLACEMENT_3D('',#963,#964,#965);
#432=EDGE_LOOP('',(#966,#967,#968,#969));
#433=AXIS2_PLACEMENT_3D('',#970,#971,#972);
#434=EDGE_LOOP('',(#973,#974,#975,#976));
#435=AXIS2_PLACEMENT_3D('',#977,#978,#979);
#436=EDGE_LOOP('',(#980,#981,#982,#983));
#437=AXIS2_PLACEMENT_3D('',#984,#985,#986);
#438=EDGE_LOOP('',(#987,#988,#989,#990));
#439=AXIS2_PLACEMENT_3D('',#991,#992,#993);
#440=EDGE_LOOP('',(#994,#995,#996,#997));
#441=AXIS2_PLACEMENT_3D('',#998,#999,#1000);
#442=EDGE_LOOP('',(#1001,#1002,#1003,#1004));
#443=AXIS2_PLACEMENT_3D('',#1005,#1006,#1007);
#444=EDGE_LOOP('',(#1008,#1009,#1010));
#445=AXIS2_PLACEMENT_3D('',#1011,#1012,#1013);
#446=EDGE_LOOP('',(#1014,#1015,#1016,#1017));
#447=AXIS2_PLACEMENT_3D('',#1018,#1019,#1020);
#448=EDGE_LOOP('',(#1021,#1022,#1023,#1024,#1025,#1026,#1027,#1028,#1029,#1030));
#449=AXIS2_PLACEMENT_3D('',#1031,#1032,#1033);
#450=EDGE_LOOP('',(#1034,#1035,#1036,#1037));
#451=AXIS2_PLACEMENT_3D('',#1038,#1039,#1040);
#452=EDGE_LOOP('',(#1041,#1042,#1043,#1044,#1045));
#453=CARTESIAN_POINT('',(0.866814284572839,4.20527687907358,0.619730716951968));
#454=CARTESIAN_POINT('',(0.85527548172626,4.21618531143452,0.615674801572507));
#455=CARTESIAN_POINT('',(0.836148701648107,4.24430587982755,0.607469053363045));
#456=CARTESIAN_POINT('',(0.831400186343895,4.28037512358044,0.599263305153603));
#457=CARTESIAN_POINT('',(0.833314208466598,4.29871802654564,0.595113472323633));
#458=CARTESIAN_POINT('',(0.863636397364906,4.20830372082068,0.638096127810777));
#459=CARTESIAN_POINT('',(0.852487846911962,4.21976378713352,0.634040212431325));
#460=CARTESIAN_POINT('',(0.834434159914733,4.24885318749858,0.625834464221897));
#461=CARTESIAN_POINT('',(0.831174618004754,4.2853180404425,0.617628716012421));
#462=CARTESIAN_POINT('',(0.833867600441157,4.30367782302569,0.613478883182442));
#463=CARTESIAN_POINT('',(0.864478962424857,4.21554603603917,0.656432448681046));
#464=CARTESIAN_POINT('',(0.854340916959019,4.22697700798705,0.652376533301595));
#465=CARTESIAN_POINT('',(0.838362941747747,4.25558355416637,0.644170785092171));
#466=CARTESIAN_POINT('',(0.836869908939221,4.29069030792067,0.635965036882697));
#467=CARTESIAN_POINT('',(0.840286358148036,4.30819065904893,0.631815204052715));
#468=CARTESIAN_POINT('',(0.870450626667207,4.22414039406139,0.671918537223706));
#469=CARTESIAN_POINT('',(0.861530889984801,4.23478356530806,0.667862621844256));
#470=CARTESIAN_POINT('',(0.847710276029885,4.26127449666208,0.659656873634839));
#471=CARTESIAN_POINT('',(0.847335031443469,4.29351105667526,0.651451125425408));
#472=CARTESIAN_POINT('',(0.850996612115444,4.30949457273064,0.647301292595406));
#473=EDGE_LOOP('',(#1046,#1047,#1048,#1049));
#474=AXIS2_PLACEMENT_3D('',#1050,#1051,#1052);
#475=EDGE_LOOP('',(#1053,#1054,#1055,#1056));
#476=AXIS2_PLACEMENT_3D('',#1057,#1058,#1059);
#477=EDGE_LOOP('',(#1060,#1061,#1062,#1063));
#478=CARTESIAN_POINT('',(0.833240254502426,4.29830721693319,0.482340419296551));
#479=CARTESIAN_POINT('',(0.833240254502426,4.29830721693319,0.527446806432164));
#480=CARTESIAN_POINT('',(0.833240254502426,4.29830721693319,0.572553193567836));
#481=CARTESIAN_POINT('',(0.833240254502426,4.29830721693319,0.617659580703449));
#482=CARTESIAN_POINT('',(0.833204166300482,4.29795748783582,0.482340419296551));
#483=CARTESIAN_POINT('',(0.833204166300482,4.29795748783582,0.527446806432164));
#484=CARTESIAN_POINT('',(0.833204166300482,4.29795748783582,0.572553193567836));
#485=CARTESIAN_POINT('',(0.833204166300482,4.29795748783582,0.617659580703449));
#486=CARTESIAN_POINT('',(0.830187782661474,4.26734338714384,0.482340419296551));
#487=CARTESIAN_POINT('',(0.830187782661474,4.26734338714384,0.527446806432164));
#488=CARTESIAN_POINT('',(0.830187782661474,4.26734338714384,0.572553193567836));
#489=CARTESIAN_POINT('',(0.830187782661474,4.26734338714384,0.617659580703449));
#490=CARTESIAN_POINT('',(0.839794003630527,4.23714566915061,0.482340419296551));
#491=CARTESIAN_POINT('',(0.839794003630527,4.23714566915061,0.527446806432164));
#492=CARTESIAN_POINT('',(0.839794003630527,4.23714566915061,0.572553193567836));
#493=CARTESIAN_POINT('',(0.839794003630527,4.23714566915061,0.617659580703449));
#494=CARTESIAN_POINT('',(0.857162629069793,4.21563980993309,0.482340419296551));
#495=CARTESIAN_POINT('',(0.857162629069793,4.21563980993309,0.527446806432164));
#496=CARTESIAN_POINT('',(0.857162629069793,4.21563980993309,0.572553193567836));
#497=CARTESIAN_POINT('',(0.857162629069793,4.21563980993309,0.617659580703449));
#498=CARTESIAN_POINT('',(0.857373054370818,4.21538189186478,0.482340419296551));
#499=CARTESIAN_POINT('',(0.857373054370818,4.21538189186478,0.527446806432164));
#500=CARTESIAN_POINT('',(0.857373054370818,4.21538189186478,0.572553193567836));
#501=CARTESIAN_POINT('',(0.857373054370818,4.21538189186478,0.617659580703449));
#502=EDGE_LOOP('',(#1064,#1065,#1066,#1067,#1068));
#503=CARTESIAN_POINT('',(0.870359801877755,4.22424955930869,0.428122214463383));
#504=CARTESIAN_POINT('',(0.861484679853244,4.23487307769816,0.432164317344123));
#505=CARTESIAN_POINT('',(0.84770861041864,4.26133167833046,0.440357085036709));
#506=CARTESIAN_POINT('',(0.847335366502249,4.29351771438627,0.448549852729307));
#507=CARTESIAN_POINT('',(0.850999236847983,4.30950424765116,0.452700517541187));
#508=CARTESIAN_POINT('',(0.864374609308729,4.21566192451263,0.443610184361943));
#509=CARTESIAN_POINT('',(0.854286168071663,4.22707245715784,0.447652287242686));
#510=CARTESIAN_POINT('',(0.838357566806593,4.25564497534075,0.455845054935286));
#511=CARTESIAN_POINT('',(0.836868264714653,4.29069723431455,0.46403782262792));
#512=CARTESIAN_POINT('',(0.8402870653238,4.30820118853393,0.468188487439778));
#513=CARTESIAN_POINT('',(0.863521348307481,4.20841811959337,0.461949151801127));
#514=CARTESIAN_POINT('',(0.852425474844888,4.21985910609911,0.465991254681882));
#515=CARTESIAN_POINT('',(0.834424435936998,4.24891537660708,0.474184022374514));
#516=CARTESIAN_POINT('',(0.831171043333813,4.28532409063003,0.482376790067116));
#517=CARTESIAN_POINT('',(0.833866147648374,4.30368796639782,0.486527454878963));
#518=CARTESIAN_POINT('',(0.866697166831873,4.20538695576328,0.480316900115202));
#519=CARTESIAN_POINT('',(0.855211625714663,4.21627839595031,0.484359002995975));
#520=CARTESIAN_POINT('',(0.836138783119479,4.24436765277333,0.492551770688576));
#521=CARTESIAN_POINT('',(0.831398685345899,4.28038069434856,0.500744538381163));
#522=CARTESIAN_POINT('',(0.833314556572555,4.29872740466503,0.504895203193007));
#523=EDGE_LOOP('',(#1069,#1070,#1071,#1072));
#524=AXIS2_PLACEMENT_3D('',#1073,#1074,#1075);
#525=EDGE_LOOP('',(#1076,#1077,#1078));
#526=AXIS2_PLACEMENT_3D('',#1079,#1080,#1081);
#527=EDGE_LOOP('',(#1082,#1083,#1084,#1085,#1086,#1087,#1088,#1089));
#528=AXIS2_PLACEMENT_3D('',#1090,#1091,#1092);
#529=EDGE_LOOP('',(#1093,#1094,#1095,#1096,#1097));
#530=CARTESIAN_POINT('',(1.03263016752532,4.34982161379846,0.496078432398896));
#531=CARTESIAN_POINT('',(1.02547332105744,4.35967490606274,0.498939363885423));
#532=CARTESIAN_POINT('',(1.01657461779334,4.36859670907909,0.501800295371937));
#533=CARTESIAN_POINT('',(1.00627491464599,4.37602583551726,0.504661226858462));
#534=CARTESIAN_POINT('',(1.02981381520116,4.35367228554416,0.477730474350366));
#535=CARTESIAN_POINT('',(1.02220410675367,4.36327997033743,0.480591405836903));
#536=CARTESIAN_POINT('',(1.0128831860093,4.37187700961699,0.48345233732344));
#537=CARTESIAN_POINT('',(1.0022177083618,4.37891428429819,0.486313268809977));
#538=CARTESIAN_POINT('',(1.02219770302833,4.35417526199173,0.459411167466261));
#539=CARTESIAN_POINT('',(1.01447471439447,4.36304024976697,0.462272098952799));
#540=CARTESIAN_POINT('',(1.00514859535389,4.37086697252271,0.465133030439334));
#541=CARTESIAN_POINT('',(0.994592532606237,4.37713937796944,0.467993961925871));
#542=CARTESIAN_POINT('',(1.01249896914511,4.34977295193629,0.443933615240288));
#543=CARTESIAN_POINT('',(1.00517347830579,4.35767241063684,0.446794546726814));
#544=CARTESIAN_POINT('',(0.996388913161281,4.36458581917472,0.449655478213325));
#545=CARTESIAN_POINT('',(0.986498663392595,4.37003732878359,0.452516409699849));
#546=EDGE_LOOP('',(#1098,#1099,#1100,#1101));
#547=AXIS2_PLACEMENT_3D('',#1102,#1103,#1104);
#548=EDGE_LOOP('',(#1105,#1106,#1107,#1108));
#549=AXIS2_PLACEMENT_3D('',#1109,#1110,#1111);
#550=EDGE_LOOP('',(#1112,#1113,#1114,#1115));
#551=CARTESIAN_POINT('',(1.02311194477154,4.36134099131763,0.496121840962355));
#552=CARTESIAN_POINT('',(1.02311194477154,4.36134099131763,0.532040613654152));
#553=CARTESIAN_POINT('',(1.02311194477154,4.36134099131763,0.567959386345948));
#554=CARTESIAN_POINT('',(1.02311194477154,4.36134099131763,0.603878159037745));
#555=CARTESIAN_POINT('',(1.02288334658313,4.36158305507659,0.496121840962355));
#556=CARTESIAN_POINT('',(1.02288334658313,4.36158305507659,0.532040613654152));
#557=CARTESIAN_POINT('',(1.02288334658313,4.36158305507659,0.567959386345948));
#558=CARTESIAN_POINT('',(1.02288334658313,4.36158305507659,0.603878159037745));
#559=CARTESIAN_POINT('',(1.01789798771843,4.36681658313361,0.496121840962355));
#560=CARTESIAN_POINT('',(1.01789798771843,4.36681658313361,0.532040613654152));
#561=CARTESIAN_POINT('',(1.01789798771843,4.36681658313361,0.567959386345948));
#562=CARTESIAN_POINT('',(1.01789798771843,4.36681658313361,0.603878159037745));
#563=CARTESIAN_POINT('',(1.01210824624674,4.37186635976695,0.496121840962355));
#564=CARTESIAN_POINT('',(1.01210824624674,4.37186635976695,0.532040613654152));
#565=CARTESIAN_POINT('',(1.01210824624674,4.37186635976695,0.567959386345948));
#566=CARTESIAN_POINT('',(1.01210824624674,4.37186635976695,0.603878159037745));
#567=CARTESIAN_POINT('',(1.00609306775967,4.37618645408149,0.496121840962355));
#568=CARTESIAN_POINT('',(1.00609306775967,4.37618645408149,0.532040613654152));
#569=CARTESIAN_POINT('',(1.00609306775967,4.37618645408149,0.567959386345948));
#570=CARTESIAN_POINT('',(1.00609306775967,4.37618645408149,0.603878159037745));
#571=CARTESIAN_POINT('',(1.00581796824419,4.37638225515969,0.496121840962355));
#572=CARTESIAN_POINT('',(1.00581796824419,4.37638225515969,0.532040613654152));
#573=CARTESIAN_POINT('',(1.00581796824419,4.37638225515969,0.567959386345948));
#574=CARTESIAN_POINT('',(1.00581796824419,4.37638225515969,0.603878159037745));
#575=EDGE_LOOP('',(#1116,#1117,#1118,#1119,#1120));
#576=CARTESIAN_POINT('',(1.01249874331077,4.34977275271292,0.656066950403698));
#577=CARTESIAN_POINT('',(1.00517234577609,4.3576731882573,0.653205656897607));
#578=CARTESIAN_POINT('',(0.996386507789536,4.36458732699571,0.650344363391521));
#579=CARTESIAN_POINT('',(0.986494752668677,4.37003914067284,0.647483069885453));
#580=CARTESIAN_POINT('',(1.02219787761381,4.35417536963204,0.640589278076938));
#581=CARTESIAN_POINT('',(1.01447390186203,4.36304149889173,0.637727984570846));
#582=CARTESIAN_POINT('',(1.00514638630206,4.37086909885786,0.634866691064756));
#583=CARTESIAN_POINT('',(0.994588660447134,4.3771419205976,0.632005397558671));
#584=CARTESIAN_POINT('',(1.02981521363091,4.35367307010887,0.622269750158392));
#585=CARTESIAN_POINT('',(1.02220446790891,4.3632821226488,0.619408456652302));
#586=CARTESIAN_POINT('',(1.01288205163416,4.37188026330909,0.616547163146216));
#587=CARTESIAN_POINT('',(1.00221476424794,4.37891815738263,0.613685869640149));
#588=CARTESIAN_POINT('',(1.03263074226773,4.34982182438385,0.603921571570866));
#589=CARTESIAN_POINT('',(1.02547297204258,4.35967642468568,0.601060278064775));
#590=CARTESIAN_POINT('',(1.01657289402257,4.36859929761822,0.598198984558691));
#591=CARTESIAN_POINT('',(1.00627149618929,4.37602904007355,0.595337691052629));
#592=EDGE_LOOP('',(#1121,#1122,#1123,#1124));
#593=AXIS2_PLACEMENT_3D('',#1125,#1126,#1127);
#594=EDGE_LOOP('',(#1128,#1129,#1130));
#595=AXIS2_PLACEMENT_3D('',#1131,#1132,#1133);
#596=EDGE_LOOP('',(#1134,#1135,#1136,#1137,#1138,#1139,#1140,#1141));
#597=AXIS2_PLACEMENT_3D('',#1142,#1143,#1144);
#598=EDGE_LOOP('',(#1145,#1146,#1147));
#599=AXIS2_PLACEMENT_3D('',#1148,#1149,#1150);
#600=EDGE_LOOP('',(#1151,#1152,#1153,#1154));
#601=AXIS2_PLACEMENT_3D('',#1155,#1156,#1157);
#602=EDGE_LOOP('',(#1158,#1159,#1160,#1161));
#603=AXIS2_PLACEMENT_3D('',#1162,#1163,#1164);
#604=EDGE_LOOP('',(#1165,#1166,#1167,#1168));
#605=AXIS2_PLACEMENT_3D('',#1169,#1170,#1171);
#606=EDGE_LOOP('',(#1172,#1173,#1174,#1175));
#607=AXIS2_PLACEMENT_3D('',#1176,#1177,#1178);
#608=EDGE_LOOP('',(#1179,#1180,#1181,#1182));
#609=AXIS2_PLACEMENT_3D('',#1183,#1184,#1185);
#610=EDGE_LOOP('',(#1186,#1187,#1188,#1189));
#611=AXIS2_PLACEMENT_3D('',#1190,#1191,#1192);
#612=EDGE_LOOP('',(#1193,#1194,#1195,#1196));
#613=AXIS2_PLACEMENT_3D('',#1197,#1198,#1199);
#614=EDGE_LOOP('',(#1200,#1201,#1202,#1203,#1204,#1205,#1206,#1207));
#615=AXIS2_PLACEMENT_3D('',#1208,#1209,#1210);
#616=EDGE_LOOP('',(#1211,#1212,#1213,#1214));
#617=AXIS2_PLACEMENT_3D('',#1215,#1216,#1217);
#618=EDGE_LOOP('',(#1218,#1219,#1220,#1221,#1222,#1223,#1224,#1225));
#619=AXIS2_PLACEMENT_3D('',#1226,#1227,#1228);
#620=EDGE_LOOP('',(#1229,#1230,#1231,#1232));
#621=AXIS2_PLACEMENT_3D('',#1233,#1234,#1235);
#622=EDGE_LOOP('',(#1236,#1237,#1238,#1239));
#623=AXIS2_PLACEMENT_3D('',#1240,#1241,#1242);
#624=EDGE_LOOP('',(#1243,#1244,#1245,#1246));
#625=AXIS2_PLACEMENT_3D('',#1247,#1248,#1249);
#626=EDGE_LOOP('',(#1250,#1251,#1252,#1253));
#627=AXIS2_PLACEMENT_3D('',#1254,#1255,#1256);
#628=EDGE_LOOP('',(#1257,#1258,#1259,#1260));
#629=AXIS2_PLACEMENT_3D('',#1261,#1262,#1263);
#630=EDGE_LOOP('',(#1264,#1265,#1266,#1267,#1268,#1269));
#631=AXIS2_PLACEMENT_3D('',#1270,#1271,#1272);
#632=EDGE_LOOP('',(#1273,#1274,#1275,#1276));
#633=AXIS2_PLACEMENT_3D('',#1277,#1278,#1279);
#634=EDGE_LOOP('',(#1280,#1281,#1282,#1283,#1284,#1285));
#635=AXIS2_PLACEMENT_3D('',#1286,#1287,#1288);
#636=EDGE_LOOP('',(#1289,#1290,#1291,#1292,#1293,#1294,#1295,#1296));
#637=AXIS2_PLACEMENT_3D('',#1297,#1298,#1299);
#638=EDGE_LOOP('',(#1300,#1301,#1302,#1303,#1304,#1305));
#639=AXIS2_PLACEMENT_3D('',#1306,#1307,#1308);
#640=EDGE_LOOP('',(#1309,#1310,#1311,#1312));
#641=AXIS2_PLACEMENT_3D('',#1313,#1314,#1315);
#642=EDGE_LOOP('',(#1316,#1317,#1318,#1319,#1320,#1321));
#643=AXIS2_PLACEMENT_3D('',#1322,#1323,#1324);
#644=EDGE_LOOP('',(#1325,#1326,#1327,#1328));
#645=AXIS2_PLACEMENT_3D('',#1329,#1330,#1331);
#646=EDGE_LOOP('',(#1332,#1333,#1334,#1335));
#647=AXIS2_PLACEMENT_3D('',#1336,#1337,#1338);
#648=EDGE_LOOP('',(#1339,#1340,#1341,#1342));
#649=AXIS2_PLACEMENT_3D('',#1343,#1344,#1345);
#650=EDGE_LOOP('',(#1346,#1347,#1348,#1349));
#651=AXIS2_PLACEMENT_3D('',#1350,#1351,#1352);
#652=EDGE_LOOP('',(#1353,#1354,#1355,#1356,#1357,#1358));
#653=AXIS2_PLACEMENT_3D('',#1359,#1360,#1361);
#654=EDGE_LOOP('',(#1362,#1363,#1364,#1365));
#655=AXIS2_PLACEMENT_3D('',#1366,#1367,#1368);
#656=EDGE_LOOP('',(#1369,#1370,#1371,#1372));
#657=AXIS2_PLACEMENT_3D('',#1373,#1374,#1375);
#658=EDGE_LOOP('',(#1376,#1377,#1378,#1379,#1380,#1381,#1382,#1383));
#659=AXIS2_PLACEMENT_3D('',#1384,#1385,#1386);
#660=EDGE_LOOP('',(#1387,#1388,#1389,#1390,#1391,#1392));
#661=AXIS2_PLACEMENT_3D('',#1393,#1394,#1395);
#662=EDGE_LOOP('',(#1396,#1397,#1398,#1399));
#663=AXIS2_PLACEMENT_3D('',#1400,#1401,#1402);
#664=EDGE_LOOP('',(#1403,#1404,#1405,#1406,#1407,#1408));
#665=AXIS2_PLACEMENT_3D('',#1409,#1410,#1411);
#666=EDGE_LOOP('',(#1412,#1413,#1414,#1415,#1416,#1417,#1418,#1419,#1420,#1421,#1422,#1423,#1424,#1425,#1426,#1427));
#667=AXIS2_PLACEMENT_3D('',#1428,#1429,#1430);
#668=EDGE_LOOP('',(#1431,#1432,#1433,#1434,#1435,#1436));
#669=AXIS2_PLACEMENT_3D('',#1437,#1438,#1439);
#670=EDGE_LOOP('',(#1440,#1441,#1442,#1443));
#671=AXIS2_PLACEMENT_3D('',#1444,#1445,#1446);
#672=EDGE_LOOP('',(#1447,#1448,#1449,#1450));
#673=AXIS2_PLACEMENT_3D('',#1451,#1452,#1453);
#674=EDGE_LOOP('',(#1454,#1455,#1456,#1457,#1458,#1459,#1460,#1461));
#675=AXIS2_PLACEMENT_3D('',#1462,#1463,#1464);
#676=EDGE_LOOP('',(#1465,#1466,#1467,#1468));
#677=AXIS2_PLACEMENT_3D('',#1469,#1470,#1471);
#678=EDGE_LOOP('',(#1472,#1473,#1474,#1475,#1476,#1477,#1478,#1479));
#679=AXIS2_PLACEMENT_3D('',#1480,#1481,#1482);
#680=EDGE_LOOP('',(#1483,#1484,#1485,#1486));
#681=AXIS2_PLACEMENT_3D('',#1487,#1488,#1489);
#682=EDGE_LOOP('',(#1490,#1491,#1492,#1493,#1494,#1495));
#683=AXIS2_PLACEMENT_3D('',#1496,#1497,#1498);
#684=EDGE_LOOP('',(#1499,#1500,#1501,#1502));
#685=AXIS2_PLACEMENT_3D('',#1503,#1504,#1505);
#686=EDGE_LOOP('',(#1506,#1507,#1508,#1509));
#687=AXIS2_PLACEMENT_3D('',#1510,#1511,#1512);
#688=EDGE_LOOP('',(#1513,#1514,#1515,#1516,#1517,#1518,#1519,#1520,#1521,#1522));
#689=AXIS2_PLACEMENT_3D('',#1523,#1524,#1525);
#690=EDGE_LOOP('',(#1526,#1527,#1528,#1529));
#691=AXIS2_PLACEMENT_3D('',#1530,#1531,#1532);
#692=EDGE_LOOP('',(#1533,#1534,#1535,#1536));
#693=CARTESIAN_POINT('',(2.05213706721091,3.58900883218333,0.94705248317526));
#694=CARTESIAN_POINT('',(2.05196786968939,3.60967486039445,0.94705248317526));
#695=CARTESIAN_POINT('',(2.05179867216791,3.63034088860528,0.94705248317526));
#696=CARTESIAN_POINT('',(2.05162947464643,3.6510069168164,0.94705248317526));
#697=CARTESIAN_POINT('',(2.05142472567152,3.58900294274599,0.946853150448473));
#698=CARTESIAN_POINT('',(2.05131191905882,3.60966939637127,0.946853150448473));
#699=CARTESIAN_POINT('',(2.05119911244615,3.63033584999626,0.946853150448473));
#700=CARTESIAN_POINT('',(2.05108630583349,3.65100230362154,0.946853150448473));
#701=CARTESIAN_POINT('',(2.02171748901503,3.58888022332304,0.938540507314442));
#702=CARTESIAN_POINT('',(2.02395669121466,3.60955556128298,0.938540507314442));
#703=CARTESIAN_POINT('',(2.02619589341432,3.63023089924292,0.938540507314442));
#704=CARTESIAN_POINT('',(2.02843509561393,3.65090623720286,0.938540507314442));
#705=CARTESIAN_POINT('',(1.96302071422222,3.59875038441722,0.9221145537733));
#706=CARTESIAN_POINT('',(1.96993087253391,3.61871116707778,0.9221145537733));
#707=CARTESIAN_POINT('',(1.97684103084553,3.63867194973835,0.9221145537733));
#708=CARTESIAN_POINT('',(1.98375118915675,3.65863273239891,0.9221145537733));
#709=CARTESIAN_POINT('',(1.91078485231503,3.62728363137311,0.905688600232152));
#710=CARTESIAN_POINT('',(1.92180799254207,3.64491808644802,0.905688600232152));
#711=CARTESIAN_POINT('',(1.9328311327688,3.66255254152286,0.905688600232152));
#712=CARTESIAN_POINT('',(1.94385427299582,3.68018699659731,0.905688600232152));
#713=CARTESIAN_POINT('',(1.88751199631889,3.64574735644744,0.897375957098116));
#714=CARTESIAN_POINT('',(1.90037823085575,3.66192063810648,0.897375957098116));
#715=CARTESIAN_POINT('',(1.91324446539221,3.6780939197658,0.897375957098116));
#716=CARTESIAN_POINT('',(1.92611069992866,3.69426720142477,0.897375957098116));
#717=CARTESIAN_POINT('',(1.88695576492317,3.64619240901582,0.89717662437133));
#718=CARTESIAN_POINT('',(1.89986605749371,3.66233049116859,0.89717662437133));
#719=CARTESIAN_POINT('',(1.91277635006387,3.67846857332162,0.89717662437133));
#720=CARTESIAN_POINT('',(1.925686642634,3.69460665547433,0.89717662437133));
#721=EDGE_LOOP('',(#1537,#1538,#1539,#1540));
#722=AXIS2_PLACEMENT_3D('',#1541,#1542,#1543);
#723=EDGE_LOOP('',(#1544,#1545,#1546,#1547));
#724=AXIS2_PLACEMENT_3D('',#1548,#1549,#1550);
#725=EDGE_LOOP('',(#1551,#1552,#1553,#1554,#1555,#1556,#1557,#1558,#1559,#1560,#1561,#1562));
#726=AXIS2_PLACEMENT_3D('',#1563,#1564,#1565);
#727=EDGE_LOOP('',(#1566,#1567,#1568,#1569));
#728=AXIS2_PLACEMENT_3D('',#1570,#1571,#1572);
#729=EDGE_LOOP('',(#1573,#1574,#1575,#1576));
#730=AXIS2_PLACEMENT_3D('',#1577,#1578,#1579);
#731=EDGE_LOOP('',(#1580,#1581,#1582,#1583,#1584,#1585,#1586,#1587,#1588,#1589));
#732=AXIS2_PLACEMENT_3D('',#1590,#1591,#1592);
#733=EDGE_LOOP('',(#1593,#1594,#1595,#1596));
#734=CARTESIAN_POINT('',(0.77327981253181,4.30469332726739,0.485072672643133));
#735=CARTESIAN_POINT('',(0.77327981253181,4.30469332726739,0.528357557547711));
#736=CARTESIAN_POINT('',(0.77327981253181,4.30469332726739,0.571642442452289));
#737=CARTESIAN_POINT('',(0.77327981253181,4.30469332726739,0.614927327356867));
#738=CARTESIAN_POINT('',(0.773244222391844,4.30435051644122,0.485072672643133));
#739=CARTESIAN_POINT('',(0.773244222391844,4.30435051644122,0.528357557547711));
#740=CARTESIAN_POINT('',(0.773244222391844,4.30435051644122,0.571642442452289));
#741=CARTESIAN_POINT('',(0.773244222391844,4.30435051644122,0.614927327356867));
#742=CARTESIAN_POINT('',(0.768907966362354,4.2613297830615,0.485072672643133));
#743=CARTESIAN_POINT('',(0.768907966362354,4.2613297830615,0.528357557547711));
#744=CARTESIAN_POINT('',(0.768907966362354,4.2613297830615,0.571642442452289));
#745=CARTESIAN_POINT('',(0.768907966362354,4.2613297830615,0.614927327356867));
#746=CARTESIAN_POINT('',(0.780968231678969,4.21811900955678,0.485072672643133));
#747=CARTESIAN_POINT('',(0.780968231678969,4.21811900955678,0.528357557547711));
#748=CARTESIAN_POINT('',(0.780968231678969,4.21811900955678,0.571642442452289));
#749=CARTESIAN_POINT('',(0.780968231678969,4.21811900955678,0.614927327356867));
#750=CARTESIAN_POINT('',(0.804590769915402,4.18528197689465,0.485072672643133));
#751=CARTESIAN_POINT('',(0.804590769915402,4.18528197689465,0.528357557547711));
#752=CARTESIAN_POINT('',(0.804590769915402,4.18528197689465,0.571642442452289));
#753=CARTESIAN_POINT('',(0.804590769915402,4.18528197689465,0.614927327356867));
#754=CARTESIAN_POINT('',(0.804786163559283,4.18501214817232,0.485072672643133));
#755=CARTESIAN_POINT('',(0.804786163559283,4.18501214817232,0.528357557547711));
#756=CARTESIAN_POINT('',(0.804786163559283,4.18501214817232,0.571642442452289));
#757=CARTESIAN_POINT('',(0.804786163559283,4.18501214817232,0.614927327356867));
#758=EDGE_LOOP('',(#1597,#1598,#1599,#1600));
#759=AXIS2_PLACEMENT_3D('',#1601,#1602,#1603);
#760=EDGE_LOOP('',(#1604,#1605,#1606));
#761=AXIS2_PLACEMENT_3D('',#1607,#1608,#1609);
#762=EDGE_LOOP('',(#1610,#1611,#1612,#1613,#1614,#1615));
#763=CARTESIAN_POINT('',(0.824915304047599,4.16202253449447,0.618667620493811));
#764=CARTESIAN_POINT('',(0.806832939111507,4.17925590244595,0.614566660438173));
#765=CARTESIAN_POINT('',(0.777790962498389,4.22265425264881,0.606385486682569));
#766=CARTESIAN_POINT('',(0.770614485634912,4.27668714739961,0.598204312926964));
#767=CARTESIAN_POINT('',(0.773194788296909,4.30358890782265,0.594124099227041));
#768=CARTESIAN_POINT('',(0.817073945046051,4.16949811862559,0.647803731458901));
#769=CARTESIAN_POINT('',(0.800013312026825,4.18803141278374,0.643702771403224));
#770=CARTESIAN_POINT('',(0.773652339376275,4.23361059445343,0.635521597647629));
#771=CARTESIAN_POINT('',(0.76999121716349,4.28843431886705,0.627340423892025));
#772=CARTESIAN_POINT('',(0.77435638055913,4.31532180708206,0.623260210192102));
#773=CARTESIAN_POINT('',(0.815314801302505,4.18505313812194,0.676904257746731));
#774=CARTESIAN_POINT('',(0.800483882153531,4.20400332928735,0.672803297691063));
#775=CARTESIAN_POINT('',(0.778831085319659,4.24945852685782,0.664622123935519));
#776=CARTESIAN_POINT('',(0.779525727193905,4.30209867251735,0.65644095017992));
#777=CARTESIAN_POINT('',(0.785761318266494,4.32746468211447,0.652360736479997));
#778=CARTESIAN_POINT('',(0.823136482377678,4.20184909669524,0.70156902967709));
#779=CARTESIAN_POINT('',(0.810740513194336,4.21978690029,0.697468069621455));
#780=CARTESIAN_POINT('',(0.79356563767509,4.26216377857221,0.689286895865862));
#781=CARTESIAN_POINT('',(0.797111924462616,4.31004399766702,0.681105722110258));
#782=CARTESIAN_POINT('',(0.804226183206469,4.33282226308509,0.677025508410335));
#783=EDGE_LOOP('',(#1616,#1617,#1618));
#784=AXIS2_PLACEMENT_3D('',#1619,#1620,#1621);
#785=EDGE_LOOP('',(#1622,#1623,#1624,#1625,#1626,#1627,#1628));
#786=AXIS2_PLACEMENT_3D('',#1629,#1630,#1631);
#787=EDGE_LOOP('',(#1632,#1633,#1634,#1635,#1636));
#788=CARTESIAN_POINT('',(1.04413754072068,4.38984150767901,0.687587841871086));
#789=CARTESIAN_POINT('',(1.03102327411874,4.40259588366484,0.684333309660103));
#790=CARTESIAN_POINT('',(1.01533896322567,4.41321280134358,0.681078777449148));
#791=CARTESIAN_POINT('',(0.997952993679756,4.42081302252222,0.677824245238165));
#792=CARTESIAN_POINT('',(1.06295163698734,4.39447952762541,0.662630541069556));
#793=CARTESIAN_POINT('',(1.0494016028313,4.40938404541657,0.659376008858575));
#794=CARTESIAN_POINT('',(1.03291230776121,4.42209461880089,0.656121476647618));
#795=CARTESIAN_POINT('',(1.01438576579186,4.43160983683968,0.652866944436637));
#796=CARTESIAN_POINT('',(1.07879603612833,4.38947211696523,0.633037465189736));
#797=CARTESIAN_POINT('',(1.06594930777022,4.40615863662186,0.629782932978777));
#798=CARTESIAN_POINT('',(1.04986303779536,4.42079714769061,0.626528400767798));
#799=CARTESIAN_POINT('',(1.03139839892413,4.43227657328936,0.623273868556839));
#800=CARTESIAN_POINT('',(1.08517654431254,4.37979931069227,0.6034270735291));
#801=CARTESIAN_POINT('',(1.07356510121171,4.39714879648829,0.600172541318144));
#802=CARTESIAN_POINT('',(1.05861318011141,4.41268703578609,0.596918009107162));
#803=CARTESIAN_POINT('',(1.04109872027068,4.42525706893371,0.593663476896206));
#804=EDGE_LOOP('',(#1637,#1638,#1639,#1640));
#805=AXIS2_PLACEMENT_3D('',#1641,#1642,#1643);
#806=EDGE_LOOP('',(#1644,#1645,#1646,#1647));
#807=AXIS2_PLACEMENT_3D('',#1648,#1649,#1650);
#808=EDGE_LOOP('',(#1651,#1652,#1653,#1654));
#809=CARTESIAN_POINT('',(1.06065804747309,4.40906028647469,0.498759640639225));
#810=CARTESIAN_POINT('',(1.06065804747309,4.40906028647469,0.532919880213075));
#811=CARTESIAN_POINT('',(1.06065804747309,4.40906028647469,0.567080119786925));
#812=CARTESIAN_POINT('',(1.06065804747309,4.40906028647469,0.601240359360775));
#813=CARTESIAN_POINT('',(1.06041747545782,4.40929076904972,0.498759640639225));
#814=CARTESIAN_POINT('',(1.06041747545782,4.40929076904972,0.532919880213075));
#815=CARTESIAN_POINT('',(1.06041747545782,4.40929076904972,0.567080119786925));
#816=CARTESIAN_POINT('',(1.06041747545782,4.40929076904972,0.601240359360775));
#817=CARTESIAN_POINT('',(1.05440429744282,4.41501922608433,0.498759640639225));
#818=CARTESIAN_POINT('',(1.05440429744282,4.41501922608433,0.532919880213075));
#819=CARTESIAN_POINT('',(1.05440429744282,4.41501922608433,0.567080119786925));
#820=CARTESIAN_POINT('',(1.05440429744282,4.41501922608432,0.601240359360775));
#821=CARTESIAN_POINT('',(1.04769251654673,4.4205721108164,0.498759640639225));
#822=CARTESIAN_POINT('',(1.04769251654673,4.4205721108164,0.532919880213075));
#823=CARTESIAN_POINT('',(1.04769251654673,4.4205721108164,0.567080119786925));
#824=CARTESIAN_POINT('',(1.04769251654673,4.4205721108164,0.601240359360775));
#825=CARTESIAN_POINT('',(1.04085089897141,4.4254608991334,0.498759640639225));
#826=CARTESIAN_POINT('',(1.04085089897141,4.4254608991334,0.532919880213075));
#827=CARTESIAN_POINT('',(1.04085089897141,4.4254608991334,0.567080119786925));
#828=CARTESIAN_POINT('',(1.04085089897141,4.4254608991334,0.601240359360775));
#829=CARTESIAN_POINT('',(1.04057735715428,4.42565520325951,0.498759640639225));
#830=CARTESIAN_POINT('',(1.04057735715428,4.42565520325951,0.532919880213075));
#831=CARTESIAN_POINT('',(1.04057735715428,4.42565520325951,0.567080119786925));
#832=CARTESIAN_POINT('',(1.04057735715428,4.42565520325951,0.601240359360775));
#833=EDGE_LOOP('',(#1655,#1656,#1657,#1658,#1659));
#834=CARTESIAN_POINT('',(1.08517518923977,4.37980055396848,0.496572672713053));
#835=CARTESIAN_POINT('',(1.07366994073129,4.39699097893978,0.499797394646144));
#836=CARTESIAN_POINT('',(1.05888515804956,4.41240315783796,0.503022116579208));
#837=CARTESIAN_POINT('',(1.04157759816525,4.42491163596125,0.506246838512298));
#838=CARTESIAN_POINT('',(1.07885664932478,4.38937624350152,0.4672566600125));
#839=CARTESIAN_POINT('',(1.06613970446163,4.40591612808438,0.470481381945588));
#840=CARTESIAN_POINT('',(1.05024136819717,4.42044765080288,0.473706103878654));
#841=CARTESIAN_POINT('',(1.03199855233355,4.43188955639582,0.476930825811742));
#842=CARTESIAN_POINT('',(1.06326420846185,4.39438051641403,0.437957646078937));
#843=CARTESIAN_POINT('',(1.049852059187,4.40918334404763,0.441182368012005));
#844=CARTESIAN_POINT('',(1.0335484376938,4.42183506875953,0.444407089945091));
#845=CARTESIAN_POINT('',(1.0152300030034,4.43135943434611,0.447631811878159));
#846=CARTESIAN_POINT('',(1.0446964477522,4.38997786742942,0.413157708570048));
#847=CARTESIAN_POINT('',(1.031689637965,4.40267870397543,0.416382430503135));
#848=CARTESIAN_POINT('',(1.01614888685097,4.41327944349147,0.419607152436202));
#849=CARTESIAN_POINT('',(0.998919889254674,4.42092124883133,0.422831874369289));
#850=EDGE_LOOP('',(#1660,#1661,#1662,#1663));
#851=AXIS2_PLACEMENT_3D('',#1664,#1665,#1666);
#852=EDGE_LOOP('',(#1667,#1668,#1669));
#853=AXIS2_PLACEMENT_3D('',#1670,#1671,#1672);
#854=EDGE_LOOP('',(#1673,#1674,#1675,#1676,#1677,#1678,#1679));
#855=AXIS2_PLACEMENT_3D('',#1680,#1681,#1682);
#856=EDGE_LOOP('',(#1683,#1684,#1685,#1686,#1687,#1688));
#857=CARTESIAN_POINT('',(0.823414375615369,4.20243796720235,0.397568777352546));
#858=CARTESIAN_POINT('',(0.811103775042306,4.22033974179247,0.401669741206282));
#859=CARTESIAN_POINT('',(0.79387572141503,4.26312905597951,0.409951847253235));
#860=CARTESIAN_POINT('',(0.797824352379556,4.31149811840434,0.418233953300238));
#861=CARTESIAN_POINT('',(0.805415875923484,4.33468874831212,0.422415095493451));
#862=CARTESIAN_POINT('',(0.815274393897207,4.18541742323833,0.422416055705648));
#863=CARTESIAN_POINT('',(0.800495683744279,4.2043772705666,0.426517019559392));
#864=CARTESIAN_POINT('',(0.778687333610191,4.25039006789853,0.434799125606393));
#865=CARTESIAN_POINT('',(0.779772659686601,4.30371679701386,0.443081231653347));
#866=CARTESIAN_POINT('',(0.78650569109956,4.32962649406731,0.447262373846552));
#867=CARTESIAN_POINT('',(0.816980996688083,4.1695841372146,0.451855837123414));
#868=CARTESIAN_POINT('',(0.799932078569749,4.18813282902701,0.45595680097715));
#869=CARTESIAN_POINT('',(0.773277272087674,4.23430061878978,0.464238907024103));
#870=CARTESIAN_POINT('',(0.7698961169279,4.28992591571565,0.472521013071106));
#871=CARTESIAN_POINT('',(0.774704887147361,4.31745359145235,0.47670215526432));
#872=CARTESIAN_POINT('',(0.824914877950901,4.16202230408719,0.481332055729428));
#873=CARTESIAN_POINT('',(0.806832458449499,4.17925575156838,0.485433019583162));
#874=CARTESIAN_POINT('',(0.777432147047935,4.22318967055895,0.493715125630107));
#875=CARTESIAN_POINT('',(0.770440255324739,4.27802215111831,0.501997231677118));
#876=CARTESIAN_POINT('',(0.77339713662178,4.30558539940761,0.506178373870333));
#877=EDGE_LOOP('',(#1689,#1690,#1691));
#878=AXIS2_PLACEMENT_3D('',#1692,#1693,#1694);
#879=EDGE_LOOP('',(#1695,#1696,#1697,#1698,#1699,#1700,#1701,#1702));
#880=AXIS2_PLACEMENT_3D('',#1703,#1704,#1705);
#881=EDGE_LOOP('',(#1706,#1707,#1708,#1709,#1710));
#882=AXIS2_PLACEMENT_3D('',#1711,#1712,#1713);
#883=EDGE_LOOP('',(#1714,#1715,#1716,#1717,#1718));
#884=AXIS2_PLACEMENT_3D('',#1719,#1720,#1721);
#885=EDGE_LOOP('',(#1722,#1723,#1724,#1725,#1726,#1727,#1728,#1729,#1730,#1731));
#886=AXIS2_PLACEMENT_3D('',#1732,#1733,#1734);
#887=EDGE_LOOP('',(#1735,#1736,#1737,#1738));
#888=AXIS2_PLACEMENT_3D('',#1739,#1740,#1741);
#889=EDGE_LOOP('',(#1742,#1743,#1744,#1745));
#890=AXIS2_PLACEMENT_3D('',#1746,#1747,#1748);
#891=EDGE_LOOP('',(#1749,#1750,#1751,#1752,#1753,#1754,#1755,#1756,#1757,#1758,#1759,#1760,#1761,#1762));
#892=AXIS2_PLACEMENT_3D('',#1763,#1764,#1765);
#893=EDGE_LOOP('',(#1766,#1767,#1768,#1769));
#894=AXIS2_PLACEMENT_3D('',#1770,#1771,#1772);
#895=EDGE_LOOP('',(#1773,#1774,#1775,#1776));
#896=AXIS2_PLACEMENT_3D('',#1777,#1778,#1779);
#897=EDGE_LOOP('',(#1780,#1781,#1782,#1783,#1784,#1785,#1786,#1787,#1788,#1789,#1790,#1791));
#898=AXIS2_PLACEMENT_3D('',#1792,#1793,#1794);
#899=EDGE_LOOP('',(#1795,#1796,#1797,#1798,#1799,#1800,#1801,#1802,#1803,#1804,#1805,#1806,#1807,#1808));
#900=AXIS2_PLACEMENT_3D('',#1809,#1810,#1811);
#901=EDGE_LOOP('',(#1812,#1813,#1814,#1815));
#902=AXIS2_PLACEMENT_3D('',#1816,#1817,#1818);
#903=EDGE_LOOP('',(#1819,#1820,#1821,#1822));
#904=CARTESIAN_POINT('',(2.05213706721091,3.58900883218333,0.15294751682474));
#905=CARTESIAN_POINT('',(2.05196786968939,3.60967486039445,0.15294751682474));
#906=CARTESIAN_POINT('',(2.05179867216791,3.63034088860528,0.15294751682474));
#907=CARTESIAN_POINT('',(2.05162947464643,3.6510069168164,0.15294751682474));
#908=CARTESIAN_POINT('',(2.05142472567152,3.58900294274599,0.153146849551527));
#909=CARTESIAN_POINT('',(2.05131191905882,3.60966939637127,0.153146849551527));
#910=CARTESIAN_POINT('',(2.05119911244615,3.63033584999626,0.153146849551527));
#911=CARTESIAN_POINT('',(2.05108630583349,3.65100230362154,0.153146849551527));
#912=CARTESIAN_POINT('',(2.02171748901503,3.58888022332304,0.161459492685558));
#913=CARTESIAN_POINT('',(2.02395669121466,3.60955556128298,0.161459492685558));
#914=CARTESIAN_POINT('',(2.02619589341432,3.63023089924292,0.161459492685558));
#915=CARTESIAN_POINT('',(2.02843509561393,3.65090623720285,0.161459492685558));
#916=CARTESIAN_POINT('',(1.96302071422221,3.59875038441722,0.1778854462267));
#917=CARTESIAN_POINT('',(1.96993087253391,3.61871116707778,0.1778854462267));
#918=CARTESIAN_POINT('',(1.97684103084553,3.63867194973834,0.1778854462267));
#919=CARTESIAN_POINT('',(1.98375118915675,3.65863273239891,0.1778854462267));
#920=CARTESIAN_POINT('',(1.91078485231503,3.62728363137311,0.194311399767848));
#921=CARTESIAN_POINT('',(1.92180799254207,3.64491808644802,0.194311399767848));
#922=CARTESIAN_POINT('',(1.9328311327688,3.66255254152286,0.194311399767848));
#923=CARTESIAN_POINT('',(1.94385427299582,3.68018699659731,0.194311399767848));
#924=CARTESIAN_POINT('',(1.88751199631889,3.64574735644744,0.202624042901884));
#925=CARTESIAN_POINT('',(1.90037823085575,3.66192063810648,0.202624042901884));
#926=CARTESIAN_POINT('',(1.91324446539221,3.6780939197658,0.202624042901884));
#927=CARTESIAN_POINT('',(1.92611069992866,3.69426720142477,0.202624042901884));
#928=CARTESIAN_POINT('',(1.88695576492317,3.64619240901582,0.20282337562867));
#929=CARTESIAN_POINT('',(1.89986605749371,3.66233049116859,0.20282337562867));
#930=CARTESIAN_POINT('',(1.91277635006386,3.67846857332162,0.20282337562867));
#931=CARTESIAN_POINT('',(1.925686642634,3.69460665547433,0.20282337562867));
#932=EDGE_LOOP('',(#1823,#1824,#1825,#1826));
#933=AXIS2_PLACEMENT_3D('',#1827,#1828,#1829);
#934=EDGE_LOOP('',(#1830,#1831,#1832,#1833,#1834,#1835,#1836,#1837,#1838,#1839));
#935=AXIS2_PLACEMENT_3D('',#1840,#1841,#1842);
#936=EDGE_LOOP('',(#1843,#1844,#1845,#1846,#1847,#1848));
#937=AXIS2_PLACEMENT_3D('',#1849,#1850,#1851);
#938=ORIENTED_EDGE('',*,*,#1852,.F.);
#939=ORIENTED_EDGE('',*,*,#1853,.F.);
#940=ORIENTED_EDGE('',*,*,#1854,.F.);
#941=ORIENTED_EDGE('',*,*,#1855,.T.);
#942=CARTESIAN_POINT('',(2.55,3.45,0.0));
#943=DIRECTION('',(-0.0,0.0,-1.0));
#944=DIRECTION('',(-1.0,0.0,0.0));
#945=ORIENTED_EDGE('',*,*,#1856,.F.);
#946=ORIENTED_EDGE('',*,*,#1857,.F.);
#947=ORIENTED_EDGE('',*,*,#1858,.T.);
#948=ORIENTED_EDGE('',*,*,#1859,.T.);
#949=CARTESIAN_POINT('',(2.55,3.45,0.0));
#950=DIRECTION('',(-0.0,0.0,-1.0));
#951=DIRECTION('',(-1.0,0.0,0.0));
#952=ORIENTED_EDGE('',*,*,#1860,.T.);
#953=ORIENTED_EDGE('',*,*,#1861,.T.);
#954=ORIENTED_EDGE('',*,*,#1862,.T.);
#955=ORIENTED_EDGE('',*,*,#1863,.F.);
#956=CARTESIAN_POINT('',(0.95,4.27,0.0));
#957=DIRECTION('',(-0.0,0.0,-1.0));
#958=DIRECTION('',(-1.0,0.0,0.0));
#959=ORIENTED_EDGE('',*,*,#1864,.F.);
#960=ORIENTED_EDGE('',*,*,#1865,.T.);
#961=ORIENTED_EDGE('',*,*,#1866,.F.);
#962=ORIENTED_EDGE('',*,*,#1867,.F.);
#963=CARTESIAN_POINT('',(0.95,4.27,0.0));
#964=DIRECTION('',(-0.0,0.0,-1.0));
#965=DIRECTION('',(-1.0,0.0,0.0));
#966=ORIENTED_EDGE('',*,*,#1868,.F.);
#967=ORIENTED_EDGE('',*,*,#1869,.T.);
#968=ORIENTED_EDGE('',*,*,#1870,.F.);
#969=ORIENTED_EDGE('',*,*,#1871,.F.);
#970=CARTESIAN_POINT('',(0.95,4.27,0.0));
#971=DIRECTION('',(-0.0,0.0,-1.0));
#972=DIRECTION('',(-1.0,0.0,0.0));
#973=ORIENTED_EDGE('',*,*,#1872,.T.);
#974=ORIENTED_EDGE('',*,*,#1873,.T.);
#975=ORIENTED_EDGE('',*,*,#1874,.T.);
#976=ORIENTED_EDGE('',*,*,#1875,.F.);
#977=CARTESIAN_POINT('',(0.95,4.27,0.0));
#978=DIRECTION('',(-0.0,0.0,-1.0));
#979=DIRECTION('',(-1.0,0.0,0.0));
#980=ORIENTED_EDGE('',*,*,#1876,.T.);
#981=ORIENTED_EDGE('',*,*,#1877,.T.);
#982=ORIENTED_EDGE('',*,*,#1878,.F.);
#983=ORIENTED_EDGE('',*,*,#1879,.F.);
#984=CARTESIAN_POINT('',(0.949999999999764,4.26999999999994,0.502698396494706));
#985=DIRECTION('',(3.9099145467202E-16,-8.6381558689054E-16,1.0));
#986=DIRECTION('',(-1.02236854787869E-31,-1.0,-8.6381558689054E-16));
#987=ORIENTED_EDGE('',*,*,#1880,.F.);
#988=ORIENTED_EDGE('',*,*,#1881,.T.);
#989=ORIENTED_EDGE('',*,*,#1882,.T.);
#990=ORIENTED_EDGE('',*,*,#1883,.F.);
#991=CARTESIAN_POINT('',(0.949999999999073,4.26999999999995,0.597301603505241));
#992=DIRECTION('',(-8.96929810690369E-16,1.98158282378565E-15,1.0));
#993=DIRECTION('',(-1.56585291482838E-31,-1.0,1.98158282378565E-15));
#994=ORIENTED_EDGE('',*,*,#1884,.T.);
#995=ORIENTED_EDGE('',*,*,#1885,.T.);
#996=ORIENTED_EDGE('',*,*,#1886,.F.);
#997=ORIENTED_EDGE('',*,*,#1887,.T.);
#998=CARTESIAN_POINT('',(0.950000000000088,4.27000000000062,0.597301603504955));
#999=DIRECTION('',(-1.92416378373162E-15,4.25104602227125E-15,1.0));
#1000=DIRECTION('',(5.12718511592978E-31,-1.0,4.25104602227125E-15));
#1001=ORIENTED_EDGE('',*,*,#1888,.F.);
#1002=ORIENTED_EDGE('',*,*,#1889,.T.);
#1003=ORIENTED_EDGE('',*,*,#1890,.T.);
#1004=ORIENTED_EDGE('',*,*,#1891,.T.);
#1005=CARTESIAN_POINT('',(0.950000000001122,4.26999999999993,0.502698396495035));
#1006=DIRECTION('',(3.64485510986474E-16,-8.05256129826932E-16,1.0));
#1007=DIRECTION('',(3.58091270892831E-32,-1.0,-8.05256129826932E-16));
#1008=ORIENTED_EDGE('',*,*,#1892,.T.);
#1009=ORIENTED_EDGE('',*,*,#1893,.T.);
#1010=ORIENTED_EDGE('',*,*,#1894,.T.);
#1011=CARTESIAN_POINT('',(0.921318258227,4.426156893276,0.45));
#1012=DIRECTION('',(0.530167323232404,0.673956027514904,-0.514495755427503));
#1013=DIRECTION('',(-0.696420722691083,0.0,-0.717633734579437));
#1014=ORIENTED_EDGE('',*,*,#1889,.F.);
#1015=ORIENTED_EDGE('',*,*,#1895,.F.);
#1016=ORIENTED_EDGE('',*,*,#1896,.T.);
#1017=ORIENTED_EDGE('',*,*,#1897,.T.);
#1018=CARTESIAN_POINT('',(0.950000000001122,4.26999999999993,0.502698396495035));
#1019=DIRECTION('',(3.64485510986474E-16,-8.05256129826932E-16,1.0));
#1020=DIRECTION('',(3.58091270892831E-32,-1.0,-8.05256129826932E-16));
#1021=ORIENTED_EDGE('',*,*,#1897,.F.);
#1022=ORIENTED_EDGE('',*,*,#1898,.F.);
#1023=ORIENTED_EDGE('',*,*,#1899,.F.);
#1024=ORIENTED_EDGE('',*,*,#1900,.F.);
#1025=ORIENTED_EDGE('',*,*,#1901,.F.);
#1026=ORIENTED_EDGE('',*,*,#1884,.F.);
#1027=ORIENTED_EDGE('',*,*,#1902,.F.);
#1028=ORIENTED_EDGE('',*,*,#1903,.F.);
#1029=ORIENTED_EDGE('',*,*,#1904,.F.);
#1030=ORIENTED_EDGE('',*,*,#1890,.F.);
#1031=CARTESIAN_POINT('',(0.95,4.27,0.3));
#1032=DIRECTION('',(0.0,-0.0,-1.0));
#1033=DIRECTION('',(-0.618276031597387,-0.785961035136085,0.0));
#1034=ORIENTED_EDGE('',*,*,#1885,.F.);
#1035=ORIENTED_EDGE('',*,*,#1901,.T.);
#1036=ORIENTED_EDGE('',*,*,#1905,.T.);
#1037=ORIENTED_EDGE('',*,*,#1906,.F.);
#1038=CARTESIAN_POINT('',(0.950000000000088,4.27000000000062,0.597301603504955));
#1039=DIRECTION('',(-1.92416378373162E-15,4.25104602227125E-15,1.0));
#1040=DIRECTION('',(5.12718511592978E-31,-1.0,4.25104602227125E-15));
#1041=ORIENTED_EDGE('',*,*,#1907,.T.);
#1042=ORIENTED_EDGE('',*,*,#1902,.T.);
#1043=ORIENTED_EDGE('',*,*,#1887,.F.);
#1044=ORIENTED_EDGE('',*,*,#1908,.F.);
#1045=ORIENTED_EDGE('',*,*,#1909,.F.);
#1046=ORIENTED_EDGE('',*,*,#1910,.F.);
#1047=ORIENTED_EDGE('',*,*,#1911,.F.);
#1048=ORIENTED_EDGE('',*,*,#1912,.T.);
#1049=ORIENTED_EDGE('',*,*,#1909,.T.);
#1050=CARTESIAN_POINT('',(1.389073347224,3.708198654359,0.7962149368385));
#1051=DIRECTION('',(0.604727009718913,-0.759408689099918,0.240007680368705));
#1052=DIRECTION('',(0.782273777844742,0.622934777080647,-1.84355664262863E-14));
#1053=ORIENTED_EDGE('',*,*,#1912,.F.);
#1054=ORIENTED_EDGE('',*,*,#1913,.F.);
#1055=ORIENTED_EDGE('',*,*,#1914,.T.);
#1056=ORIENTED_EDGE('',*,*,#1915,.T.);
#1057=CARTESIAN_POINT('',(0.868005261614,4.202019052838,0.55));
#1058=DIRECTION('',(-0.782273777844787,-0.62293477708059,0.0));
#1059=DIRECTION('',(-0.62293477708059,0.782273777844787,0.0));
#1060=ORIENTED_EDGE('',*,*,#1916,.T.);
#1061=ORIENTED_EDGE('',*,*,#1903,.T.);
#1062=ORIENTED_EDGE('',*,*,#1907,.F.);
#1063=ORIENTED_EDGE('',*,*,#1915,.F.);
#1064=ORIENTED_EDGE('',*,*,#1917,.T.);
#1065=ORIENTED_EDGE('',*,*,#1891,.F.);
#1066=ORIENTED_EDGE('',*,*,#1904,.T.);
#1067=ORIENTED_EDGE('',*,*,#1916,.F.);
#1068=ORIENTED_EDGE('',*,*,#1918,.F.);
#1069=ORIENTED_EDGE('',*,*,#1914,.F.);
#1070=ORIENTED_EDGE('',*,*,#1919,.F.);
#1071=ORIENTED_EDGE('',*,*,#1920,.T.);
#1072=ORIENTED_EDGE('',*,*,#1918,.T.);
#1073=CARTESIAN_POINT('',(1.389073347224,3.708198654359,0.3037850631615));
#1074=DIRECTION('',(0.604727009718915,-0.759408689099916,-0.240007680368705));
#1075=DIRECTION('',(0.742610657232516,0.428746462856288,0.514495755427498));
#1076=ORIENTED_EDGE('',*,*,#1920,.F.);
#1077=ORIENTED_EDGE('',*,*,#1921,.F.);
#1078=ORIENTED_EDGE('',*,*,#1922,.F.);
#1079=CARTESIAN_POINT('',(0.768005261614,4.375224133595,0.45));
#1080=DIRECTION('',(-0.742610657232504,-0.428746462856303,-0.514495755427503));
#1081=DIRECTION('',(-0.569494797451483,0.0,0.821994936526798));
#1082=ORIENTED_EDGE('',*,*,#1923,.F.);
#1083=ORIENTED_EDGE('',*,*,#1894,.F.);
#1084=ORIENTED_EDGE('',*,*,#1924,.T.);
#1085=ORIENTED_EDGE('',*,*,#1895,.T.);
#1086=ORIENTED_EDGE('',*,*,#1888,.T.);
#1087=ORIENTED_EDGE('',*,*,#1917,.F.);
#1088=ORIENTED_EDGE('',*,*,#1922,.T.);
#1089=ORIENTED_EDGE('',*,*,#1862,.F.);
#1090=CARTESIAN_POINT('',(0.95,4.27,0.438124410932766));
#1091=DIRECTION('',(-2.42192942830428E-32,1.90521011704051E-32,1.0));
#1092=DIRECTION('',(-0.618276031597387,-0.785961035136085,0.0));
#1093=ORIENTED_EDGE('',*,*,#1925,.T.);
#1094=ORIENTED_EDGE('',*,*,#1898,.T.);
#1095=ORIENTED_EDGE('',*,*,#1896,.F.);
#1096=ORIENTED_EDGE('',*,*,#1924,.F.);
#1097=ORIENTED_EDGE('',*,*,#1926,.F.);
#1098=ORIENTED_EDGE('',*,*,#1893,.F.);
#1099=ORIENTED_EDGE('',*,*,#1927,.F.);
#1100=ORIENTED_EDGE('',*,*,#1928,.T.);
#1101=ORIENTED_EDGE('',*,*,#1926,.T.);
#1102=CARTESIAN_POINT('',(1.49306149082,3.716397615141,0.3037850631615));
#1103=DIRECTION('',(0.665512141909903,-0.706745995626808,-0.240007680368702));
#1104=DIRECTION('',(-0.728025459691417,-0.685550093021,2.16007340869732E-15));
#1105=ORIENTED_EDGE('',*,*,#1928,.F.);
#1106=ORIENTED_EDGE('',*,*,#1929,.F.);
#1107=ORIENTED_EDGE('',*,*,#1930,.T.);
#1108=ORIENTED_EDGE('',*,*,#1931,.T.);
#1109=CARTESIAN_POINT('',(1.078510465254,4.302501686956,0.55));
#1110=DIRECTION('',(0.728025459691409,0.685550093021008,0.0));
#1111=DIRECTION('',(0.0,0.0,-1.0));
#1112=ORIENTED_EDGE('',*,*,#1932,.T.);
#1113=ORIENTED_EDGE('',*,*,#1899,.T.);
#1114=ORIENTED_EDGE('',*,*,#1925,.F.);
#1115=ORIENTED_EDGE('',*,*,#1931,.F.);
#1116=ORIENTED_EDGE('',*,*,#1933,.T.);
#1117=ORIENTED_EDGE('',*,*,#1905,.F.);
#1118=ORIENTED_EDGE('',*,*,#1900,.T.);
#1119=ORIENTED_EDGE('',*,*,#1932,.F.);
#1120=ORIENTED_EDGE('',*,*,#1934,.F.);
#1121=ORIENTED_EDGE('',*,*,#1930,.F.);
#1122=ORIENTED_EDGE('',*,*,#1935,.F.);
#1123=ORIENTED_EDGE('',*,*,#1936,.T.);
#1124=ORIENTED_EDGE('',*,*,#1934,.T.);
#1125=CARTESIAN_POINT('',(1.49306149082,3.716397615141,0.7962149368385));
#1126=DIRECTION('',(0.665512141909905,-0.706745995626806,0.240007680368702));
#1127=DIRECTION('',(-0.530167323232384,-0.673956027514924,-0.514495755427497));
#1128=ORIENTED_EDGE('',*,*,#1936,.F.);
#1129=ORIENTED_EDGE('',*,*,#1937,.F.);
#1130=ORIENTED_EDGE('',*,*,#1938,.F.);
#1131=CARTESIAN_POINT('',(0.921318258227,4.426156893276,0.65));
#1132=DIRECTION('',(0.530167323232404,0.673956027514904,0.514495755427503));
#1133=DIRECTION('',(0.696420722691083,0.0,-0.717633734579437));
#1134=ORIENTED_EDGE('',*,*,#1908,.T.);
#1135=ORIENTED_EDGE('',*,*,#1886,.T.);
#1136=ORIENTED_EDGE('',*,*,#1906,.T.);
#1137=ORIENTED_EDGE('',*,*,#1933,.F.);
#1138=ORIENTED_EDGE('',*,*,#1938,.T.);
#1139=ORIENTED_EDGE('',*,*,#1939,.T.);
#1140=ORIENTED_EDGE('',*,*,#1864,.T.);
#1141=ORIENTED_EDGE('',*,*,#1940,.F.);
#1142=CARTESIAN_POINT('',(0.95,4.27,0.661875589067234));
#1143=DIRECTION('',(0.0,-0.0,-1.0));
#1144=DIRECTION('',(0.618276031597388,0.785961035136085,0.0));
#1145=ORIENTED_EDGE('',*,*,#1941,.T.);
#1146=ORIENTED_EDGE('',*,*,#1910,.T.);
#1147=ORIENTED_EDGE('',*,*,#1940,.T.);
#1148=CARTESIAN_POINT('',(0.768005261614,4.375224133595,0.65));
#1149=DIRECTION('',(-0.742610657232504,-0.428746462856303,0.514495755427503));
#1150=DIRECTION('',(-0.500000000000028,0.866025403784423,2.85602516873764E-17));
#1151=ORIENTED_EDGE('',*,*,#1942,.T.);
#1152=ORIENTED_EDGE('',*,*,#1943,.F.);
#1153=ORIENTED_EDGE('',*,*,#1944,.F.);
#1154=ORIENTED_EDGE('',*,*,#1945,.F.);
#1155=CARTESIAN_POINT('',(1.332397247075,3.526663488758,0.1));
#1156=DIRECTION('',(0.0,0.0,-1.0));
#1157=DIRECTION('',(0.0,-1.0,0.0));
#1158=ORIENTED_EDGE('',*,*,#1943,.T.);
#1159=ORIENTED_EDGE('',*,*,#1946,.T.);
#1160=ORIENTED_EDGE('',*,*,#1947,.F.);
#1161=ORIENTED_EDGE('',*,*,#1948,.F.);
#1162=CARTESIAN_POINT('',(1.259810639096,3.546113011747,0.2));
#1163=DIRECTION('',(-0.965925826289076,0.258819045102493,0.0));
#1164=DIRECTION('',(0.0,0.0,1.0));
#1165=ORIENTED_EDGE('',*,*,#1949,.T.);
#1166=ORIENTED_EDGE('',*,*,#1950,.F.);
#1167=ORIENTED_EDGE('',*,*,#1951,.F.);
#1168=ORIENTED_EDGE('',*,*,#1952,.T.);
#1169=CARTESIAN_POINT('',(1.283104353155,3.633046336113,0.8));
#1170=DIRECTION('',(-0.0,0.0,1.0));
#1171=DIRECTION('',(0.258819045102493,0.965925826289076,0.0));
#1172=ORIENTED_EDGE('',*,*,#1953,.T.);
#1173=ORIENTED_EDGE('',*,*,#1954,.T.);
#1174=ORIENTED_EDGE('',*,*,#1955,.F.);
#1175=ORIENTED_EDGE('',*,*,#1956,.F.);
#1176=CARTESIAN_POINT('',(1.259810639096,3.546113011747,0.9));
#1177=DIRECTION('',(-0.965925826289076,0.258819045102493,0.0));
#1178=DIRECTION('',(0.0,0.0,1.0));
#1179=ORIENTED_EDGE('',*,*,#1957,.F.);
#1180=ORIENTED_EDGE('',*,*,#1955,.T.);
#1181=ORIENTED_EDGE('',*,*,#1958,.T.);
#1182=ORIENTED_EDGE('',*,*,#1959,.T.);
#1183=CARTESIAN_POINT('',(1.332397247075,3.526663488758,1.0));
#1184=DIRECTION('',(0.0,0.0,1.0));
#1185=DIRECTION('',(1.0,0.0,0.0));
#1186=ORIENTED_EDGE('',*,*,#1959,.F.);
#1187=ORIENTED_EDGE('',*,*,#1960,.F.);
#1188=ORIENTED_EDGE('',*,*,#1961,.T.);
#1189=ORIENTED_EDGE('',*,*,#1962,.F.);
#1190=CARTESIAN_POINT('',(0.794720162559,1.616049189878,0.9));
#1191=DIRECTION('',(-0.258819045102493,-0.965925826289076,-0.0));
#1192=DIRECTION('',(0.0,0.0,-1.0));
#1193=ORIENTED_EDGE('',*,*,#1963,.F.);
#1194=ORIENTED_EDGE('',*,*,#1961,.F.);
#1195=ORIENTED_EDGE('',*,*,#1964,.F.);
#1196=ORIENTED_EDGE('',*,*,#1965,.T.);
#1197=CARTESIAN_POINT('',(1.404983855054,3.507213965768,0.55));
#1198=DIRECTION('',(0.965925826289076,-0.258819045102493,0.0));
#1199=DIRECTION('',(0.0,0.0,-1.0));
#1200=ORIENTED_EDGE('',*,*,#1944,.T.);
#1201=ORIENTED_EDGE('',*,*,#1948,.T.);
#1202=ORIENTED_EDGE('',*,*,#1952,.F.);
#1203=ORIENTED_EDGE('',*,*,#1956,.T.);
#1204=ORIENTED_EDGE('',*,*,#1957,.T.);
#1205=ORIENTED_EDGE('',*,*,#1962,.T.);
#1206=ORIENTED_EDGE('',*,*,#1963,.T.);
#1207=ORIENTED_EDGE('',*,*,#1966,.T.);
#1208=CARTESIAN_POINT('',(1.21956326115,3.587955549577,0.3));
#1209=DIRECTION('',(-0.258819045102493,-0.965925826289076,0.0));
#1210=DIRECTION('',(-0.965925826289076,0.258819045102493,0.0));
#1211=ORIENTED_EDGE('',*,*,#1965,.F.);
#1212=ORIENTED_EDGE('',*,*,#1967,.F.);
#1213=ORIENTED_EDGE('',*,*,#1945,.T.);
#1214=ORIENTED_EDGE('',*,*,#1966,.F.);
#1215=CARTESIAN_POINT('',(0.794720162559,1.616049189878,0.2));
#1216=DIRECTION('',(-0.258819045102494,-0.965925826289075,0.0));
#1217=DIRECTION('',(-0.965925826289075,0.258819045102494,0.0));
#1218=ORIENTED_EDGE('',*,*,#1964,.T.);
#1219=ORIENTED_EDGE('',*,*,#1960,.T.);
#1220=ORIENTED_EDGE('',*,*,#1958,.F.);
#1221=ORIENTED_EDGE('',*,*,#1954,.F.);
#1222=ORIENTED_EDGE('',*,*,#1968,.T.);
#1223=ORIENTED_EDGE('',*,*,#1946,.F.);
#1224=ORIENTED_EDGE('',*,*,#1942,.F.);
#1225=ORIENTED_EDGE('',*,*,#1967,.T.);
#1226=CARTESIAN_POINT('',(1.204034118443,3.53,0.3));
#1227=DIRECTION('',(-0.258819045102493,-0.965925826289076,0.0));
#1228=DIRECTION('',(-0.965925826289076,0.258819045102493,0.0));
#1229=ORIENTED_EDGE('',*,*,#1969,.T.);
#1230=ORIENTED_EDGE('',*,*,#1970,.T.);
#1231=ORIENTED_EDGE('',*,*,#1971,.F.);
#1232=ORIENTED_EDGE('',*,*,#1968,.F.);
#1233=CARTESIAN_POINT('',(1.283104353155,3.633046336113,0.8));
#1234=DIRECTION('',(-0.0,0.0,1.0));
#1235=DIRECTION('',(0.258819045102494,0.965925826289075,0.0));
#1236=ORIENTED_EDGE('',*,*,#1972,.T.);
#1237=ORIENTED_EDGE('',*,*,#1973,.F.);
#1238=ORIENTED_EDGE('',*,*,#1974,.F.);
#1239=ORIENTED_EDGE('',*,*,#1975,.T.);
#1240=CARTESIAN_POINT('',(1.75,3.28,1.035));
#1241=DIRECTION('',(1.0,0.0,0.0));
#1242=DIRECTION('',(0.0,1.0,0.0));
#1243=ORIENTED_EDGE('',*,*,#1976,.T.);
#1244=ORIENTED_EDGE('',*,*,#1977,.F.);
#1245=ORIENTED_EDGE('',*,*,#1978,.F.);
#1246=ORIENTED_EDGE('',*,*,#1979,.T.);
#1247=CARTESIAN_POINT('',(0.55,3.38,0.97));
#1248=DIRECTION('',(-1.0,0.0,-0.0));
#1249=DIRECTION('',(0.0,0.0,-1.0));
#1250=ORIENTED_EDGE('',*,*,#1980,.F.);
#1251=ORIENTED_EDGE('',*,*,#1981,.F.);
#1252=ORIENTED_EDGE('',*,*,#1982,.T.);
#1253=ORIENTED_EDGE('',*,*,#1983,.T.);
#1254=CARTESIAN_POINT('',(1.15,3.62,0.875));
#1255=DIRECTION('',(0.0,0.0,1.0));
#1256=DIRECTION('',(1.0,0.0,0.0));
#1257=ORIENTED_EDGE('',*,*,#1984,.T.);
#1258=ORIENTED_EDGE('',*,*,#1981,.T.);
#1259=ORIENTED_EDGE('',*,*,#1985,.T.);
#1260=ORIENTED_EDGE('',*,*,#1986,.F.);
#1261=CARTESIAN_POINT('',(0.55,3.59,0.98));
#1262=DIRECTION('',(0.0,-1.0,0.0));
#1263=DIRECTION('',(0.0,0.0,-1.0));
#1264=ORIENTED_EDGE('',*,*,#1982,.F.);
#1265=ORIENTED_EDGE('',*,*,#1984,.F.);
#1266=ORIENTED_EDGE('',*,*,#1987,.F.);
#1267=ORIENTED_EDGE('',*,*,#1988,.T.);
#1268=ORIENTED_EDGE('',*,*,#1989,.F.);
#1269=ORIENTED_EDGE('',*,*,#1990,.F.);
#1270=CARTESIAN_POINT('',(0.68,1.616049189878,1.005));
#1271=DIRECTION('',(0.0,-1.0,0.0));
#1272=DIRECTION('',(0.0,0.0,1.0));
#1273=ORIENTED_EDGE('',*,*,#1991,.T.);
#1274=ORIENTED_EDGE('',*,*,#1983,.F.);
#1275=ORIENTED_EDGE('',*,*,#1990,.T.);
#1276=ORIENTED_EDGE('',*,*,#1992,.T.);
#1277=CARTESIAN_POINT('',(0.55,3.65,0.98));
#1278=DIRECTION('',(0.0,-1.0,0.0));
#1279=DIRECTION('',(0.0,0.0,-1.0));
#1280=ORIENTED_EDGE('',*,*,#1993,.F.);
#1281=ORIENTED_EDGE('',*,*,#1994,.F.);
#1282=ORIENTED_EDGE('',*,*,#1985,.F.);
#1283=ORIENTED_EDGE('',*,*,#1980,.T.);
#1284=ORIENTED_EDGE('',*,*,#1991,.F.);
#1285=ORIENTED_EDGE('',*,*,#1995,.F.);
#1286=CARTESIAN_POINT('',(1.62,1.616049189878,1.005));
#1287=DIRECTION('',(-0.0,-1.0,0.0));
#1288=DIRECTION('',(-1.0,0.0,0.0));
#1289=ORIENTED_EDGE('',*,*,#1996,.F.);
#1290=ORIENTED_EDGE('',*,*,#1997,.F.);
#1291=ORIENTED_EDGE('',*,*,#1998,.T.);
#1292=ORIENTED_EDGE('',*,*,#1974,.T.);
#1293=ORIENTED_EDGE('',*,*,#1976,.F.);
#1294=ORIENTED_EDGE('',*,*,#1999,.T.);
#1295=ORIENTED_EDGE('',*,*,#2000,.T.);
#1296=ORIENTED_EDGE('',*,*,#1993,.T.);
#1297=CARTESIAN_POINT('',(1.75,3.593639610307,1.043639610307));
#1298=DIRECTION('',(-1.0,0.0,0.0));
#1299=DIRECTION('',(0.0,0.0,1.0));
#1300=ORIENTED_EDGE('',*,*,#1987,.T.);
#1301=ORIENTED_EDGE('',*,*,#1986,.T.);
#1302=ORIENTED_EDGE('',*,*,#1994,.T.);
#1303=ORIENTED_EDGE('',*,*,#2000,.F.);
#1304=ORIENTED_EDGE('',*,*,#2001,.F.);
#1305=ORIENTED_EDGE('',*,*,#2002,.T.);
#1306=CARTESIAN_POINT('',(0.55,3.53,0.98));
#1307=DIRECTION('',(-1.0,-0.0,0.0));
#1308=DIRECTION('',(0.0,-1.0,0.0));
#1309=ORIENTED_EDGE('',*,*,#1999,.F.);
#1310=ORIENTED_EDGE('',*,*,#1979,.F.);
#1311=ORIENTED_EDGE('',*,*,#2003,.F.);
#1312=ORIENTED_EDGE('',*,*,#2001,.T.);
#1313=CARTESIAN_POINT('',(2.55,3.25,1.04));
#1314=DIRECTION('',(0.0,0.0,1.0));
#1315=DIRECTION('',(1.0,0.0,0.0));
#1316=ORIENTED_EDGE('',*,*,#2004,.T.);
#1317=ORIENTED_EDGE('',*,*,#1996,.T.);
#1318=ORIENTED_EDGE('',*,*,#1995,.T.);
#1319=ORIENTED_EDGE('',*,*,#1992,.F.);
#1320=ORIENTED_EDGE('',*,*,#1989,.T.);
#1321=ORIENTED_EDGE('',*,*,#2005,.F.);
#1322=CARTESIAN_POINT('',(0.55,3.53,0.98));
#1323=DIRECTION('',(-1.0,-0.0,0.0));
#1324=DIRECTION('',(0.0,-1.0,0.0));
#1325=ORIENTED_EDGE('',*,*,#2006,.T.);
#1326=ORIENTED_EDGE('',*,*,#2007,.T.);
#1327=ORIENTED_EDGE('',*,*,#1997,.T.);
#1328=ORIENTED_EDGE('',*,*,#2004,.F.);
#1329=CARTESIAN_POINT('',(2.55,3.25,1.1));
#1330=DIRECTION('',(0.0,0.0,1.0));
#1331=DIRECTION('',(1.0,0.0,0.0));
#1332=ORIENTED_EDGE('',*,*,#2008,.T.);
#1333=ORIENTED_EDGE('',*,*,#2009,.T.);
#1334=ORIENTED_EDGE('',*,*,#1998,.F.);
#1335=ORIENTED_EDGE('',*,*,#2007,.F.);
#1336=CARTESIAN_POINT('',(0.55,3.38,0.97));
#1337=DIRECTION('',(-1.0,0.0,-0.0));
#1338=DIRECTION('',(0.0,0.0,-1.0));
#1339=ORIENTED_EDGE('',*,*,#2010,.F.);
#1340=ORIENTED_EDGE('',*,*,#2011,.T.);
#1341=ORIENTED_EDGE('',*,*,#2012,.T.);
#1342=ORIENTED_EDGE('',*,*,#2013,.F.);
#1343=CARTESIAN_POINT('',(1.15,3.62,0.225));
#1344=DIRECTION('',(0.0,0.0,1.0));
#1345=DIRECTION('',(1.0,0.0,0.0));
#1346=ORIENTED_EDGE('',*,*,#2014,.T.);
#1347=ORIENTED_EDGE('',*,*,#2011,.F.);
#1348=ORIENTED_EDGE('',*,*,#2015,.T.);
#1349=ORIENTED_EDGE('',*,*,#2016,.T.);
#1350=CARTESIAN_POINT('',(0.55,3.59,0.12));
#1351=DIRECTION('',(0.0,1.0,0.0));
#1352=DIRECTION('',(1.0,0.0,-0.0));
#1353=ORIENTED_EDGE('',*,*,#2017,.T.);
#1354=ORIENTED_EDGE('',*,*,#2018,.T.);
#1355=ORIENTED_EDGE('',*,*,#2019,.T.);
#1356=ORIENTED_EDGE('',*,*,#2016,.F.);
#1357=ORIENTED_EDGE('',*,*,#2020,.T.);
#1358=ORIENTED_EDGE('',*,*,#2021,.F.);
#1359=CARTESIAN_POINT('',(0.55,3.53,0.12));
#1360=DIRECTION('',(-1.0,0.0,0.0));
#1361=DIRECTION('',(0.0,1.0,0.0));
#1362=ORIENTED_EDGE('',*,*,#2022,.F.);
#1363=ORIENTED_EDGE('',*,*,#2023,.F.);
#1364=ORIENTED_EDGE('',*,*,#2024,.F.);
#1365=ORIENTED_EDGE('',*,*,#2017,.F.);
#1366=CARTESIAN_POINT('',(0.55,3.25,0.06));
#1367=DIRECTION('',(0.0,0.0,-1.0));
#1368=DIRECTION('',(0.0,-1.0,0.0));
#1369=ORIENTED_EDGE('',*,*,#2025,.T.);
#1370=ORIENTED_EDGE('',*,*,#2026,.F.);
#1371=ORIENTED_EDGE('',*,*,#2027,.F.);
#1372=ORIENTED_EDGE('',*,*,#2023,.T.);
#1373=CARTESIAN_POINT('',(1.75,3.38,0.13));
#1374=DIRECTION('',(1.0,-0.0,0.0));
#1375=DIRECTION('',(0.0,0.0,1.0));
#1376=ORIENTED_EDGE('',*,*,#2028,.F.);
#1377=ORIENTED_EDGE('',*,*,#2018,.F.);
#1378=ORIENTED_EDGE('',*,*,#2024,.T.);
#1379=ORIENTED_EDGE('',*,*,#2027,.T.);
#1380=ORIENTED_EDGE('',*,*,#2029,.F.);
#1381=ORIENTED_EDGE('',*,*,#2030,.F.);
#1382=ORIENTED_EDGE('',*,*,#2031,.F.);
#1383=ORIENTED_EDGE('',*,*,#2032,.T.);
#1384=CARTESIAN_POINT('',(1.75,3.593639610307,0.05636038969321));
#1385=DIRECTION('',(-1.0,0.0,0.0));
#1386=DIRECTION('',(0.0,0.0,1.0));
#1387=ORIENTED_EDGE('',*,*,#2012,.F.);
#1388=ORIENTED_EDGE('',*,*,#2014,.F.);
#1389=ORIENTED_EDGE('',*,*,#2019,.F.);
#1390=ORIENTED_EDGE('',*,*,#2028,.T.);
#1391=ORIENTED_EDGE('',*,*,#2033,.F.);
#1392=ORIENTED_EDGE('',*,*,#2034,.F.);
#1393=CARTESIAN_POINT('',(1.62,1.616049189878,0.095));
#1394=DIRECTION('',(0.0,-1.0,-0.0));
#1395=DIRECTION('',(0.0,0.0,-1.0));
#1396=ORIENTED_EDGE('',*,*,#2035,.T.);
#1397=ORIENTED_EDGE('',*,*,#2013,.T.);
#1398=ORIENTED_EDGE('',*,*,#2034,.T.);
#1399=ORIENTED_EDGE('',*,*,#2036,.F.);
#1400=CARTESIAN_POINT('',(0.55,3.65,0.12));
#1401=DIRECTION('',(0.0,1.0,0.0));
#1402=DIRECTION('',(1.0,0.0,-0.0));
#1403=ORIENTED_EDGE('',*,*,#2037,.F.);
#1404=ORIENTED_EDGE('',*,*,#2020,.F.);
#1405=ORIENTED_EDGE('',*,*,#2015,.F.);
#1406=ORIENTED_EDGE('',*,*,#2010,.T.);
#1407=ORIENTED_EDGE('',*,*,#2035,.F.);
#1408=ORIENTED_EDGE('',*,*,#2038,.F.);
#1409=CARTESIAN_POINT('',(0.68,1.616049189878,0.095));
#1410=DIRECTION('',(0.0,-1.0,0.0));
#1411=DIRECTION('',(1.0,0.0,0.0));
#1412=ORIENTED_EDGE('',*,*,#2039,.F.);
#1413=ORIENTED_EDGE('',*,*,#2040,.F.);
#1414=ORIENTED_EDGE('',*,*,#2041,.T.);
#1415=ORIENTED_EDGE('',*,*,#2042,.T.);
#1416=ORIENTED_EDGE('',*,*,#2008,.F.);
#1417=ORIENTED_EDGE('',*,*,#2006,.F.);
#1418=ORIENTED_EDGE('',*,*,#2005,.T.);
#1419=ORIENTED_EDGE('',*,*,#1988,.F.);
#1420=ORIENTED_EDGE('',*,*,#2002,.F.);
#1421=ORIENTED_EDGE('',*,*,#2003,.T.);
#1422=ORIENTED_EDGE('',*,*,#1978,.T.);
#1423=ORIENTED_EDGE('',*,*,#2043,.F.);
#1424=ORIENTED_EDGE('',*,*,#2025,.F.);
#1425=ORIENTED_EDGE('',*,*,#2022,.T.);
#1426=ORIENTED_EDGE('',*,*,#2021,.T.);
#1427=ORIENTED_EDGE('',*,*,#2037,.T.);
#1428=CARTESIAN_POINT('',(0.55,3.593639610307,0.05636038969321));
#1429=DIRECTION('',(-1.0,0.0,0.0));
#1430=DIRECTION('',(0.0,0.0,1.0));
#1431=ORIENTED_EDGE('',*,*,#2038,.T.);
#1432=ORIENTED_EDGE('',*,*,#2036,.T.);
#1433=ORIENTED_EDGE('',*,*,#2033,.T.);
#1434=ORIENTED_EDGE('',*,*,#2032,.F.);
#1435=ORIENTED_EDGE('',*,*,#2044,.F.);
#1436=ORIENTED_EDGE('',*,*,#2039,.T.);
#1437=CARTESIAN_POINT('',(0.55,3.53,0.12));
#1438=DIRECTION('',(-1.0,0.0,0.0));
#1439=DIRECTION('',(0.0,1.0,0.0));
#1440=ORIENTED_EDGE('',*,*,#2031,.T.);
#1441=ORIENTED_EDGE('',*,*,#2045,.T.);
#1442=ORIENTED_EDGE('',*,*,#2040,.T.);
#1443=ORIENTED_EDGE('',*,*,#2044,.T.);
#1444=CARTESIAN_POINT('',(0.55,3.25,0.0));
#1445=DIRECTION('',(0.0,0.0,-1.0));
#1446=DIRECTION('',(0.0,-1.0,0.0));
#1447=ORIENTED_EDGE('',*,*,#2030,.T.);
#1448=ORIENTED_EDGE('',*,*,#2046,.T.);
#1449=ORIENTED_EDGE('',*,*,#2041,.F.);
#1450=ORIENTED_EDGE('',*,*,#2045,.F.);
#1451=CARTESIAN_POINT('',(1.75,3.38,0.13));
#1452=DIRECTION('',(1.0,-0.0,0.0));
#1453=DIRECTION('',(0.0,0.0,1.0));
#1454=ORIENTED_EDGE('',*,*,#1854,.T.);
#1455=ORIENTED_EDGE('',*,*,#2047,.F.);
#1456=ORIENTED_EDGE('',*,*,#1975,.F.);
#1457=ORIENTED_EDGE('',*,*,#2009,.F.);
#1458=ORIENTED_EDGE('',*,*,#2042,.F.);
#1459=ORIENTED_EDGE('',*,*,#2046,.F.);
#1460=ORIENTED_EDGE('',*,*,#2048,.T.);
#1461=ORIENTED_EDGE('',*,*,#2049,.T.);
#1462=CARTESIAN_POINT('',(0.55,3.25,0.0));
#1463=DIRECTION('',(0.0,-1.0,0.0));
#1464=DIRECTION('',(0.0,0.0,-1.0));
#1465=ORIENTED_EDGE('',*,*,#2029,.T.);
#1466=ORIENTED_EDGE('',*,*,#2050,.T.);
#1467=ORIENTED_EDGE('',*,*,#2051,.F.);
#1468=ORIENTED_EDGE('',*,*,#2048,.F.);
#1469=CARTESIAN_POINT('',(1.75,3.28,0.065));
#1470=DIRECTION('',(-1.0,0.0,0.0));
#1471=DIRECTION('',(0.0,0.0,1.0));
#1472=ORIENTED_EDGE('',*,*,#2050,.F.);
#1473=ORIENTED_EDGE('',*,*,#2026,.T.);
#1474=ORIENTED_EDGE('',*,*,#2043,.T.);
#1475=ORIENTED_EDGE('',*,*,#1977,.T.);
#1476=ORIENTED_EDGE('',*,*,#1973,.T.);
#1477=ORIENTED_EDGE('',*,*,#2052,.T.);
#1478=ORIENTED_EDGE('',*,*,#1858,.F.);
#1479=ORIENTED_EDGE('',*,*,#2053,.F.);
#1480=CARTESIAN_POINT('',(0.55,3.31,0.0));
#1481=DIRECTION('',(0.0,-1.0,0.0));
#1482=DIRECTION('',(0.0,0.0,-1.0));
#1483=ORIENTED_EDGE('',*,*,#2054,.F.);
#1484=ORIENTED_EDGE('',*,*,#2055,.T.);
#1485=ORIENTED_EDGE('',*,*,#2056,.T.);
#1486=ORIENTED_EDGE('',*,*,#2057,.F.);
#1487=CARTESIAN_POINT('',(2.05,3.85,0.0));
#1488=DIRECTION('',(-0.0,0.0,-1.0));
#1489=DIRECTION('',(-1.0,0.0,0.0));
#1490=ORIENTED_EDGE('',*,*,#2058,.T.);
#1491=ORIENTED_EDGE('',*,*,#2059,.T.);
#1492=ORIENTED_EDGE('',*,*,#2060,.F.);
#1493=ORIENTED_EDGE('',*,*,#2055,.F.);
#1494=ORIENTED_EDGE('',*,*,#2061,.T.);
#1495=ORIENTED_EDGE('',*,*,#2062,.F.);
#1496=CARTESIAN_POINT('',(2.55,3.59,0.0));
#1497=DIRECTION('',(0.0,1.0,0.0));
#1498=DIRECTION('',(1.0,0.0,-0.0));
#1499=ORIENTED_EDGE('',*,*,#1856,.T.);
#1500=ORIENTED_EDGE('',*,*,#2063,.T.);
#1501=ORIENTED_EDGE('',*,*,#2058,.F.);
#1502=ORIENTED_EDGE('',*,*,#2064,.F.);
#1503=CARTESIAN_POINT('',(2.55,3.45,0.0));
#1504=DIRECTION('',(-0.0,0.0,-1.0));
#1505=DIRECTION('',(-1.0,0.0,0.0));
#1506=ORIENTED_EDGE('',*,*,#1852,.T.);
#1507=ORIENTED_EDGE('',*,*,#2065,.T.);
#1508=ORIENTED_EDGE('',*,*,#2066,.T.);
#1509=ORIENTED_EDGE('',*,*,#2067,.F.);
#1510=CARTESIAN_POINT('',(2.55,3.45,0.0));
#1511=DIRECTION('',(-0.0,0.0,-1.0));
#1512=DIRECTION('',(-1.0,0.0,0.0));
#1513=ORIENTED_EDGE('',*,*,#2059,.F.);
#1514=ORIENTED_EDGE('',*,*,#2063,.F.);
#1515=ORIENTED_EDGE('',*,*,#1859,.F.);
#1516=ORIENTED_EDGE('',*,*,#2052,.F.);
#1517=ORIENTED_EDGE('',*,*,#1972,.F.);
#1518=ORIENTED_EDGE('',*,*,#2047,.T.);
#1519=ORIENTED_EDGE('',*,*,#1853,.T.);
#1520=ORIENTED_EDGE('',*,*,#2067,.T.);
#1521=ORIENTED_EDGE('',*,*,#2068,.T.);
#1522=ORIENTED_EDGE('',*,*,#2069,.T.);
#1523=CARTESIAN_POINT('',(2.3,3.62,1.1));
#1524=DIRECTION('',(0.0,0.0,-1.0));
#1525=DIRECTION('',(0.0,-1.0,0.0));
#1526=ORIENTED_EDGE('',*,*,#2070,.T.);
#1527=ORIENTED_EDGE('',*,*,#2060,.T.);
#1528=ORIENTED_EDGE('',*,*,#2069,.F.);
#1529=ORIENTED_EDGE('',*,*,#2071,.F.);
#1530=CARTESIAN_POINT('',(2.2803182725076,3.62,1.023227242497));
#1531=DIRECTION('',(-0.316227766016808,0.0,0.948683298050524));
#1532=DIRECTION('',(0.0,1.0,0.0));
#1533=ORIENTED_EDGE('',*,*,#2072,.T.);
#1534=ORIENTED_EDGE('',*,*,#2056,.F.);
#1535=ORIENTED_EDGE('',*,*,#2070,.F.);
#1536=ORIENTED_EDGE('',*,*,#2073,.T.);
#1537=ORIENTED_EDGE('',*,*,#2074,.F.);
#1538=ORIENTED_EDGE('',*,*,#2072,.F.);
#1539=ORIENTED_EDGE('',*,*,#2075,.T.);
#1540=ORIENTED_EDGE('',*,*,#2076,.T.);
#1541=CARTESIAN_POINT('',(1.792525947406,3.759906520352,0.8488873112758));
#1542=DIRECTION('',(0.248542702317401,-0.195516048253801,-0.948683298050504));
#1543=DIRECTION('',(6.89844576788337E-18,-0.979416466252458,0.201849908678574));
#1544=ORIENTED_EDGE('',*,*,#2077,.F.);
#1545=ORIENTED_EDGE('',*,*,#2076,.F.);
#1546=ORIENTED_EDGE('',*,*,#2078,.F.);
#1547=ORIENTED_EDGE('',*,*,#2079,.T.);
#1548=CARTESIAN_POINT('',(3.4068218074609,6.101726414784,1.0));
#1549=DIRECTION('',(0.618276031597388,0.785961035136085,-0.0));
#1550=DIRECTION('',(0.0,0.0,1.0));
#1551=ORIENTED_EDGE('',*,*,#2080,.T.);
#1552=ORIENTED_EDGE('',*,*,#1969,.F.);
#1553=ORIENTED_EDGE('',*,*,#1953,.F.);
#1554=ORIENTED_EDGE('',*,*,#1951,.T.);
#1555=ORIENTED_EDGE('',*,*,#2081,.F.);
#1556=ORIENTED_EDGE('',*,*,#1866,.T.);
#1557=ORIENTED_EDGE('',*,*,#2082,.T.);
#1558=ORIENTED_EDGE('',*,*,#2083,.T.);
#1559=ORIENTED_EDGE('',*,*,#2079,.F.);
#1560=ORIENTED_EDGE('',*,*,#2084,.F.);
#1561=ORIENTED_EDGE('',*,*,#1874,.F.);
#1562=ORIENTED_EDGE('',*,*,#2085,.F.);
#1563=CARTESIAN_POINT('',(1.038045916051,3.8775,0.8));
#1564=DIRECTION('',(0.0,0.0,-1.0));
#1565=DIRECTION('',(0.0,-1.0,0.0));
#1566=ORIENTED_EDGE('',*,*,#1881,.F.);
#1567=ORIENTED_EDGE('',*,*,#2086,.F.);
#1568=ORIENTED_EDGE('',*,*,#2087,.F.);
#1569=ORIENTED_EDGE('',*,*,#2088,.T.);
#1570=CARTESIAN_POINT('',(0.949999999999073,4.26999999999995,0.597301603505241));
#1571=DIRECTION('',(-8.96929810690369E-16,1.98158282378565E-15,1.0));
#1572=DIRECTION('',(-1.56585291482838E-31,-1.0,1.98158282378565E-15));
#1573=ORIENTED_EDGE('',*,*,#1877,.F.);
#1574=ORIENTED_EDGE('',*,*,#2089,.T.);
#1575=ORIENTED_EDGE('',*,*,#2090,.F.);
#1576=ORIENTED_EDGE('',*,*,#2091,.F.);
#1577=CARTESIAN_POINT('',(0.949999999999764,4.26999999999994,0.502698396494706));
#1578=DIRECTION('',(3.9099145467202E-16,-8.6381558689054E-16,1.0));
#1579=DIRECTION('',(-1.02236854787869E-31,-1.0,-8.6381558689054E-16));
#1580=ORIENTED_EDGE('',*,*,#2092,.T.);
#1581=ORIENTED_EDGE('',*,*,#2093,.T.);
#1582=ORIENTED_EDGE('',*,*,#2086,.T.);
#1583=ORIENTED_EDGE('',*,*,#1880,.T.);
#1584=ORIENTED_EDGE('',*,*,#2094,.T.);
#1585=ORIENTED_EDGE('',*,*,#2095,.T.);
#1586=ORIENTED_EDGE('',*,*,#2096,.T.);
#1587=ORIENTED_EDGE('',*,*,#1878,.T.);
#1588=ORIENTED_EDGE('',*,*,#2091,.T.);
#1589=ORIENTED_EDGE('',*,*,#2097,.T.);
#1590=CARTESIAN_POINT('',(0.95,4.27,0.3));
#1591=DIRECTION('',(0.0,-0.0,-1.0));
#1592=DIRECTION('',(-0.618276031597388,-0.785961035136085,0.0));
#1593=ORIENTED_EDGE('',*,*,#2098,.T.);
#1594=ORIENTED_EDGE('',*,*,#2092,.F.);
#1595=ORIENTED_EDGE('',*,*,#2099,.F.);
#1596=ORIENTED_EDGE('',*,*,#2100,.T.);
#1597=ORIENTED_EDGE('',*,*,#2101,.F.);
#1598=ORIENTED_EDGE('',*,*,#2102,.T.);
#1599=ORIENTED_EDGE('',*,*,#2103,.T.);
#1600=ORIENTED_EDGE('',*,*,#2100,.F.);
#1601=CARTESIAN_POINT('',(0.821068834943,4.164642966213,0.55));
#1602=DIRECTION('',(-0.782273777844787,-0.62293477708059,0.0));
#1603=DIRECTION('',(-0.62293477708059,0.782273777844787,0.0));
#1604=ORIENTED_EDGE('',*,*,#2103,.F.);
#1605=ORIENTED_EDGE('',*,*,#2104,.T.);
#1606=ORIENTED_EDGE('',*,*,#2105,.F.);
#1607=CARTESIAN_POINT('',(1.389073347224,3.708198654359,0.7962149368385));
#1608=DIRECTION('',(0.604727009718913,-0.759408689099918,0.240007680368705));
#1609=DIRECTION('',(0.782273777844742,0.622934777080647,-1.82828670925468E-14));
#1610=ORIENTED_EDGE('',*,*,#2106,.T.);
#1611=ORIENTED_EDGE('',*,*,#2107,.T.);
#1612=ORIENTED_EDGE('',*,*,#2087,.T.);
#1613=ORIENTED_EDGE('',*,*,#2093,.F.);
#1614=ORIENTED_EDGE('',*,*,#2098,.F.);
#1615=ORIENTED_EDGE('',*,*,#2105,.T.);
#1616=ORIENTED_EDGE('',*,*,#2108,.T.);
#1617=ORIENTED_EDGE('',*,*,#2109,.T.);
#1618=ORIENTED_EDGE('',*,*,#2110,.T.);
#1619=CARTESIAN_POINT('',(0.953128297621,4.466594254927,0.6808697453257));
#1620=DIRECTION('',(0.530167323232404,0.673956027514904,0.514495755427503));
#1621=DIRECTION('',(0.696420722691083,0.0,-0.717633734579437));
#1622=ORIENTED_EDGE('',*,*,#2111,.T.);
#1623=ORIENTED_EDGE('',*,*,#1882,.F.);
#1624=ORIENTED_EDGE('',*,*,#2088,.F.);
#1625=ORIENTED_EDGE('',*,*,#2107,.F.);
#1626=ORIENTED_EDGE('',*,*,#2112,.F.);
#1627=ORIENTED_EDGE('',*,*,#1872,.F.);
#1628=ORIENTED_EDGE('',*,*,#2110,.F.);
#1629=CARTESIAN_POINT('',(0.95,4.27,0.685619980418946));
#1630=DIRECTION('',(-6.78140239925198E-32,5.33458832771342E-32,-1.0));
#1631=DIRECTION('',(0.618276031597388,0.785961035136085,0.0));
#1632=ORIENTED_EDGE('',*,*,#2113,.T.);
#1633=ORIENTED_EDGE('',*,*,#2094,.F.);
#1634=ORIENTED_EDGE('',*,*,#1883,.T.);
#1635=ORIENTED_EDGE('',*,*,#2111,.F.);
#1636=ORIENTED_EDGE('',*,*,#2114,.T.);
#1637=ORIENTED_EDGE('',*,*,#2109,.F.);
#1638=ORIENTED_EDGE('',*,*,#2115,.T.);
#1639=ORIENTED_EDGE('',*,*,#2116,.T.);
#1640=ORIENTED_EDGE('',*,*,#2114,.F.);
#1641=CARTESIAN_POINT('',(1.49306149082,3.716397615141,0.7962149368385));
#1642=DIRECTION('',(0.665512141909905,-0.706745995626806,0.240007680368702));
#1643=DIRECTION('',(-0.530167323232385,-0.673956027514924,-0.514495755427497));
#1644=ORIENTED_EDGE('',*,*,#2116,.F.);
#1645=ORIENTED_EDGE('',*,*,#2117,.T.);
#1646=ORIENTED_EDGE('',*,*,#2118,.T.);
#1647=ORIENTED_EDGE('',*,*,#2119,.F.);
#1648=CARTESIAN_POINT('',(1.122191992836,4.343634692538,0.55));
#1649=DIRECTION('',(0.728025459691409,0.685550093021008,0.0));
#1650=DIRECTION('',(0.0,0.0,-1.0));
#1651=ORIENTED_EDGE('',*,*,#2120,.T.);
#1652=ORIENTED_EDGE('',*,*,#2095,.F.);
#1653=ORIENTED_EDGE('',*,*,#2113,.F.);
#1654=ORIENTED_EDGE('',*,*,#2119,.T.);
#1655=ORIENTED_EDGE('',*,*,#2121,.T.);
#1656=ORIENTED_EDGE('',*,*,#1879,.T.);
#1657=ORIENTED_EDGE('',*,*,#2096,.F.);
#1658=ORIENTED_EDGE('',*,*,#2120,.F.);
#1659=ORIENTED_EDGE('',*,*,#2122,.T.);
#1660=ORIENTED_EDGE('',*,*,#2118,.F.);
#1661=ORIENTED_EDGE('',*,*,#2123,.T.);
#1662=ORIENTED_EDGE('',*,*,#2124,.T.);
#1663=ORIENTED_EDGE('',*,*,#2122,.F.);
#1664=CARTESIAN_POINT('',(1.49306149082,3.716397615141,0.3037850631615));
#1665=DIRECTION('',(0.665512141909905,-0.706745995626806,-0.240007680368702));
#1666=DIRECTION('',(-0.728025459691415,-0.685550093021002,2.04068183156188E-15));
#1667=ORIENTED_EDGE('',*,*,#2124,.F.);
#1668=ORIENTED_EDGE('',*,*,#2125,.F.);
#1669=ORIENTED_EDGE('',*,*,#2126,.F.);
#1670=CARTESIAN_POINT('',(0.953128297621,4.466594254927,0.4191302546744));
#1671=DIRECTION('',(0.530167323232404,0.673956027514904,-0.514495755427503));
#1672=DIRECTION('',(-0.696420722691083,0.0,-0.717633734579437));
#1673=ORIENTED_EDGE('',*,*,#1870,.T.);
#1674=ORIENTED_EDGE('',*,*,#2127,.T.);
#1675=ORIENTED_EDGE('',*,*,#2128,.T.);
#1676=ORIENTED_EDGE('',*,*,#2089,.F.);
#1677=ORIENTED_EDGE('',*,*,#1876,.F.);
#1678=ORIENTED_EDGE('',*,*,#2121,.F.);
#1679=ORIENTED_EDGE('',*,*,#2126,.T.);
#1680=CARTESIAN_POINT('',(0.95,4.27,0.414380019581494));
#1681=DIRECTION('',(-2.42192942830428E-32,1.90521011704051E-32,1.0));
#1682=DIRECTION('',(-0.618276031597387,-0.785961035136085,0.0));
#1683=ORIENTED_EDGE('',*,*,#2099,.T.);
#1684=ORIENTED_EDGE('',*,*,#2097,.F.);
#1685=ORIENTED_EDGE('',*,*,#2090,.T.);
#1686=ORIENTED_EDGE('',*,*,#2128,.F.);
#1687=ORIENTED_EDGE('',*,*,#2129,.T.);
#1688=ORIENTED_EDGE('',*,*,#2130,.T.);
#1689=ORIENTED_EDGE('',*,*,#2131,.T.);
#1690=ORIENTED_EDGE('',*,*,#2101,.T.);
#1691=ORIENTED_EDGE('',*,*,#2130,.F.);
#1692=CARTESIAN_POINT('',(1.389073347224,3.708198654359,0.3037850631615));
#1693=DIRECTION('',(0.604727009718914,-0.759408689099917,-0.240007680368705));
#1694=DIRECTION('',(0.742610657232517,0.428746462856287,0.514495755427498));
#1695=ORIENTED_EDGE('',*,*,#2132,.T.);
#1696=ORIENTED_EDGE('',*,*,#1970,.F.);
#1697=ORIENTED_EDGE('',*,*,#2080,.F.);
#1698=ORIENTED_EDGE('',*,*,#2133,.F.);
#1699=ORIENTED_EDGE('',*,*,#2104,.F.);
#1700=ORIENTED_EDGE('',*,*,#2102,.F.);
#1701=ORIENTED_EDGE('',*,*,#2131,.F.);
#1702=ORIENTED_EDGE('',*,*,#2134,.F.);
#1703=CARTESIAN_POINT('',(0.820096189432,4.195,0.0));
#1704=DIRECTION('',(-0.866025403784429,-0.500000000000017,0.0));
#1705=DIRECTION('',(-0.500000000000017,0.866025403784429,0.0));
#1706=ORIENTED_EDGE('',*,*,#1873,.F.);
#1707=ORIENTED_EDGE('',*,*,#2112,.T.);
#1708=ORIENTED_EDGE('',*,*,#2106,.F.);
#1709=ORIENTED_EDGE('',*,*,#2133,.T.);
#1710=ORIENTED_EDGE('',*,*,#2085,.T.);
#1711=CARTESIAN_POINT('',(0.95,4.27,0.0));
#1712=DIRECTION('',(-0.0,0.0,-1.0));
#1713=DIRECTION('',(-1.0,0.0,0.0));
#1714=ORIENTED_EDGE('',*,*,#1869,.F.);
#1715=ORIENTED_EDGE('',*,*,#2135,.F.);
#1716=ORIENTED_EDGE('',*,*,#2134,.T.);
#1717=ORIENTED_EDGE('',*,*,#2129,.F.);
#1718=ORIENTED_EDGE('',*,*,#2127,.F.);
#1719=CARTESIAN_POINT('',(0.95,4.27,0.0));
#1720=DIRECTION('',(-0.0,0.0,-1.0));
#1721=DIRECTION('',(-1.0,0.0,0.0));
#1722=ORIENTED_EDGE('',*,*,#1921,.T.);
#1723=ORIENTED_EDGE('',*,*,#1919,.T.);
#1724=ORIENTED_EDGE('',*,*,#1913,.T.);
#1725=ORIENTED_EDGE('',*,*,#1911,.T.);
#1726=ORIENTED_EDGE('',*,*,#1941,.F.);
#1727=ORIENTED_EDGE('',*,*,#1867,.T.);
#1728=ORIENTED_EDGE('',*,*,#2081,.T.);
#1729=ORIENTED_EDGE('',*,*,#1950,.T.);
#1730=ORIENTED_EDGE('',*,*,#2136,.F.);
#1731=ORIENTED_EDGE('',*,*,#1863,.T.);
#1732=CARTESIAN_POINT('',(0.872057713659,4.225,0.0));
#1733=DIRECTION('',(-0.866025403784429,-0.500000000000017,0.0));
#1734=DIRECTION('',(-0.500000000000017,0.866025403784429,0.0));
#1735=ORIENTED_EDGE('',*,*,#1865,.F.);
#1736=ORIENTED_EDGE('',*,*,#1939,.F.);
#1737=ORIENTED_EDGE('',*,*,#2137,.T.);
#1738=ORIENTED_EDGE('',*,*,#2082,.F.);
#1739=CARTESIAN_POINT('',(0.95,4.27,0.0));
#1740=DIRECTION('',(-0.0,0.0,-1.0));
#1741=DIRECTION('',(-1.0,0.0,0.0));
#1742=ORIENTED_EDGE('',*,*,#1861,.F.);
#1743=ORIENTED_EDGE('',*,*,#2138,.T.);
#1744=ORIENTED_EDGE('',*,*,#2139,.T.);
#1745=ORIENTED_EDGE('',*,*,#1923,.T.);
#1746=CARTESIAN_POINT('',(0.95,4.27,0.0));
#1747=DIRECTION('',(-0.0,0.0,-1.0));
#1748=DIRECTION('',(-1.0,0.0,0.0));
#1749=ORIENTED_EDGE('',*,*,#2057,.T.);
#1750=ORIENTED_EDGE('',*,*,#2074,.T.);
#1751=ORIENTED_EDGE('',*,*,#2077,.T.);
#1752=ORIENTED_EDGE('',*,*,#2083,.F.);
#1753=ORIENTED_EDGE('',*,*,#2137,.F.);
#1754=ORIENTED_EDGE('',*,*,#1937,.T.);
#1755=ORIENTED_EDGE('',*,*,#1935,.T.);
#1756=ORIENTED_EDGE('',*,*,#1929,.T.);
#1757=ORIENTED_EDGE('',*,*,#1927,.T.);
#1758=ORIENTED_EDGE('',*,*,#1892,.F.);
#1759=ORIENTED_EDGE('',*,*,#2139,.F.);
#1760=ORIENTED_EDGE('',*,*,#2140,.T.);
#1761=ORIENTED_EDGE('',*,*,#2141,.T.);
#1762=ORIENTED_EDGE('',*,*,#2142,.F.);
#1763=CARTESIAN_POINT('',(1.889248231785,3.645650130865,0.0));
#1764=DIRECTION('',(0.618276031597388,0.785961035136085,0.0));
#1765=DIRECTION('',(0.0,0.0,-1.0));
#1766=ORIENTED_EDGE('',*,*,#2143,.F.);
#1767=ORIENTED_EDGE('',*,*,#2144,.T.);
#1768=ORIENTED_EDGE('',*,*,#2142,.T.);
#1769=ORIENTED_EDGE('',*,*,#2145,.F.);
#1770=CARTESIAN_POINT('',(1.792525947406,3.759906520352,0.2511126887242));
#1771=DIRECTION('',(-0.248542702317401,0.195516048253801,-0.948683298050504));
#1772=DIRECTION('',(-0.967352719807354,-5.42666046137733E-18,0.253433848333871));
#1773=ORIENTED_EDGE('',*,*,#2141,.F.);
#1774=ORIENTED_EDGE('',*,*,#2146,.F.);
#1775=ORIENTED_EDGE('',*,*,#2147,.F.);
#1776=ORIENTED_EDGE('',*,*,#2145,.T.);
#1777=CARTESIAN_POINT('',(3.4068218074609,6.101726414784,0.1));
#1778=DIRECTION('',(0.618276031597388,0.785961035136085,6.28837260041593E-16));
#1779=DIRECTION('',(-0.248542702317388,0.195516048253817,-0.948683298050504));
#1780=ORIENTED_EDGE('',*,*,#2140,.F.);
#1781=ORIENTED_EDGE('',*,*,#2138,.F.);
#1782=ORIENTED_EDGE('',*,*,#1860,.F.);
#1783=ORIENTED_EDGE('',*,*,#2136,.T.);
#1784=ORIENTED_EDGE('',*,*,#1949,.F.);
#1785=ORIENTED_EDGE('',*,*,#1947,.T.);
#1786=ORIENTED_EDGE('',*,*,#1971,.T.);
#1787=ORIENTED_EDGE('',*,*,#2132,.F.);
#1788=ORIENTED_EDGE('',*,*,#2135,.T.);
#1789=ORIENTED_EDGE('',*,*,#1868,.T.);
#1790=ORIENTED_EDGE('',*,*,#2148,.T.);
#1791=ORIENTED_EDGE('',*,*,#2146,.T.);
#1792=CARTESIAN_POINT('',(1.350724252936,4.107449701501,0.3));
#1793=DIRECTION('',(0.0,0.0,1.0));
#1794=DIRECTION('',(1.0,0.0,0.0));
#1795=ORIENTED_EDGE('',*,*,#1871,.T.);
#1796=ORIENTED_EDGE('',*,*,#2125,.T.);
#1797=ORIENTED_EDGE('',*,*,#2123,.F.);
#1798=ORIENTED_EDGE('',*,*,#2117,.F.);
#1799=ORIENTED_EDGE('',*,*,#2115,.F.);
#1800=ORIENTED_EDGE('',*,*,#2108,.F.);
#1801=ORIENTED_EDGE('',*,*,#1875,.T.);
#1802=ORIENTED_EDGE('',*,*,#2084,.T.);
#1803=ORIENTED_EDGE('',*,*,#2078,.T.);
#1804=ORIENTED_EDGE('',*,*,#2075,.F.);
#1805=ORIENTED_EDGE('',*,*,#2149,.F.);
#1806=ORIENTED_EDGE('',*,*,#2143,.T.);
#1807=ORIENTED_EDGE('',*,*,#2147,.T.);
#1808=ORIENTED_EDGE('',*,*,#2148,.F.);
#1809=CARTESIAN_POINT('',(1.926344793681,3.692807792973,0.0));
#1810=DIRECTION('',(0.618276031597388,0.785961035136085,0.0));
#1811=DIRECTION('',(0.0,0.0,-1.0));
#1812=ORIENTED_EDGE('',*,*,#2073,.F.);
#1813=ORIENTED_EDGE('',*,*,#2150,.F.);
#1814=ORIENTED_EDGE('',*,*,#2151,.T.);
#1815=ORIENTED_EDGE('',*,*,#2149,.T.);
#1816=CARTESIAN_POINT('',(2.05,3.85,0.0));
#1817=DIRECTION('',(-0.0,0.0,-1.0));
#1818=DIRECTION('',(-1.0,0.0,0.0));
#1819=ORIENTED_EDGE('',*,*,#2152,.T.);
#1820=ORIENTED_EDGE('',*,*,#2054,.T.);
#1821=ORIENTED_EDGE('',*,*,#2144,.F.);
#1822=ORIENTED_EDGE('',*,*,#2151,.F.);
#1823=ORIENTED_EDGE('',*,*,#2153,.T.);
#1824=ORIENTED_EDGE('',*,*,#2061,.F.);
#1825=ORIENTED_EDGE('',*,*,#2152,.F.);
#1826=ORIENTED_EDGE('',*,*,#2154,.T.);
#1827=CARTESIAN_POINT('',(2.2803182725076,3.62,0.07677275750255));
#1828=DIRECTION('',(0.316227766016808,0.0,0.948683298050524));
#1829=DIRECTION('',(0.0,-1.0,0.0));
#1830=ORIENTED_EDGE('',*,*,#2155,.F.);
#1831=ORIENTED_EDGE('',*,*,#2065,.F.);
#1832=ORIENTED_EDGE('',*,*,#1855,.F.);
#1833=ORIENTED_EDGE('',*,*,#2049,.F.);
#1834=ORIENTED_EDGE('',*,*,#2051,.T.);
#1835=ORIENTED_EDGE('',*,*,#2053,.T.);
#1836=ORIENTED_EDGE('',*,*,#1857,.T.);
#1837=ORIENTED_EDGE('',*,*,#2064,.T.);
#1838=ORIENTED_EDGE('',*,*,#2062,.T.);
#1839=ORIENTED_EDGE('',*,*,#2153,.F.);
#1840=CARTESIAN_POINT('',(2.3,3.62,0.0));
#1841=DIRECTION('',(0.0,0.0,-1.0));
#1842=DIRECTION('',(0.0,-1.0,0.0));
#1843=ORIENTED_EDGE('',*,*,#2154,.F.);
#1844=ORIENTED_EDGE('',*,*,#2150,.T.);
#1845=ORIENTED_EDGE('',*,*,#2071,.T.);
#1846=ORIENTED_EDGE('',*,*,#2068,.F.);
#1847=ORIENTED_EDGE('',*,*,#2066,.F.);
#1848=ORIENTED_EDGE('',*,*,#2155,.T.);
#1849=CARTESIAN_POINT('',(2.55,3.65,0.0));
#1850=DIRECTION('',(0.0,1.0,0.0));
#1851=DIRECTION('',(1.0,0.0,-0.0));
#1852=EDGE_CURVE('',#2156,#2157,#2158,.T.);
#1853=EDGE_CURVE('',#2159,#2156,#2160,.T.);
#1854=EDGE_CURVE('',#2161,#2159,#2162,.T.);
#1855=EDGE_CURVE('',#2161,#2157,#2163,.T.);
#1856=EDGE_CURVE('',#2164,#2165,#2166,.T.);
#1857=EDGE_CURVE('',#2167,#2164,#2168,.T.);
#1858=EDGE_CURVE('',#2167,#2169,#2170,.T.);
#1859=EDGE_CURVE('',#2169,#2165,#2171,.T.);
#1860=EDGE_CURVE('',#2172,#2173,#2174,.T.);
#1861=EDGE_CURVE('',#2173,#2175,#2176,.T.);
#1862=EDGE_CURVE('',#2175,#2177,#2178,.T.);
#1863=EDGE_CURVE('',#2172,#2177,#2179,.T.);
#1864=EDGE_CURVE('',#2180,#2181,#2182,.T.);
#1865=EDGE_CURVE('',#2180,#2183,#2184,.T.);
#1866=EDGE_CURVE('',#2185,#2183,#2186,.T.);
#1867=EDGE_CURVE('',#2181,#2185,#2187,.T.);
#1868=EDGE_CURVE('',#2188,#2189,#2190,.T.);
#1869=EDGE_CURVE('',#2188,#2191,#2192,.T.);
#1870=EDGE_CURVE('',#2193,#2191,#2194,.T.);
#1871=EDGE_CURVE('',#2189,#2193,#2195,.T.);
#1872=EDGE_CURVE('',#2196,#2197,#2198,.T.);
#1873=EDGE_CURVE('',#2197,#2199,#2200,.T.);
#1874=EDGE_CURVE('',#2199,#2201,#2202,.T.);
#1875=EDGE_CURVE('',#2196,#2201,#2203,.T.);
#1876=EDGE_CURVE('',#2204,#2205,#2206,.T.);
#1877=EDGE_CURVE('',#2205,#2207,#2208,.T.);
#1878=EDGE_CURVE('',#2209,#2207,#2210,.T.);
#1879=EDGE_CURVE('',#2204,#2209,#2211,.T.);
#1880=EDGE_CURVE('',#2212,#2213,#2214,.T.);
#1881=EDGE_CURVE('',#2212,#2215,#2216,.T.);
#1882=EDGE_CURVE('',#2215,#2217,#2218,.T.);
#1883=EDGE_CURVE('',#2213,#2217,#2219,.T.);
#1884=EDGE_CURVE('',#2220,#2221,#2222,.T.);
#1885=EDGE_CURVE('',#2221,#2223,#2224,.T.);
#1886=EDGE_CURVE('',#2225,#2223,#2226,.T.);
#1887=EDGE_CURVE('',#2225,#2220,#2227,.T.);
#1888=EDGE_CURVE('',#2228,#2229,#2230,.T.);
#1889=EDGE_CURVE('',#2228,#2231,#2232,.T.);
#1890=EDGE_CURVE('',#2231,#2233,#2234,.T.);
#1891=EDGE_CURVE('',#2233,#2229,#2235,.T.);
#1892=EDGE_CURVE('',#2236,#2237,#2238,.T.);
#1893=EDGE_CURVE('',#2237,#2239,#2240,.T.);
#1894=EDGE_CURVE('',#2239,#2236,#2241,.T.);
#1895=EDGE_CURVE('',#2242,#2228,#2243,.T.);
#1896=EDGE_CURVE('',#2242,#2244,#2245,.T.);
#1897=EDGE_CURVE('',#2244,#2231,#2246,.T.);
#1898=EDGE_CURVE('',#2247,#2244,#2248,.T.);
#1899=EDGE_CURVE('',#2249,#2247,#2250,.T.);
#1900=EDGE_CURVE('',#2251,#2249,#2252,.T.);
#1901=EDGE_CURVE('',#2221,#2251,#2253,.T.);
#1902=EDGE_CURVE('',#2254,#2220,#2255,.T.);
#1903=EDGE_CURVE('',#2256,#2254,#2257,.T.);
#1904=EDGE_CURVE('',#2233,#2256,#2258,.T.);
#1905=EDGE_CURVE('',#2251,#2259,#2260,.T.);
#1906=EDGE_CURVE('',#2223,#2259,#2261,.T.);
#1907=EDGE_CURVE('',#2262,#2254,#2263,.T.);
#1908=EDGE_CURVE('',#2264,#2225,#2265,.T.);
#1909=EDGE_CURVE('',#2262,#2264,#2266,.T.);
#1910=EDGE_CURVE('',#2267,#2264,#2268,.T.);
#1911=EDGE_CURVE('',#2269,#2267,#2270,.T.);
#1912=EDGE_CURVE('',#2269,#2262,#2271,.T.);
#1913=EDGE_CURVE('',#2272,#2269,#2273,.T.);
#1914=EDGE_CURVE('',#2272,#2274,#2275,.T.);
#1915=EDGE_CURVE('',#2274,#2262,#2276,.T.);
#1916=EDGE_CURVE('',#2274,#2256,#2277,.T.);
#1917=EDGE_CURVE('',#2278,#2229,#2279,.T.);
#1918=EDGE_CURVE('',#2278,#2274,#2280,.T.);
#1919=EDGE_CURVE('',#2281,#2272,#2282,.T.);
#1920=EDGE_CURVE('',#2281,#2278,#2283,.T.);
#1921=EDGE_CURVE('',#2177,#2281,#2284,.T.);
#1922=EDGE_CURVE('',#2278,#2177,#2285,.T.);
#1923=EDGE_CURVE('',#2236,#2175,#2286,.T.);
#1924=EDGE_CURVE('',#2239,#2242,#2287,.T.);
#1925=EDGE_CURVE('',#2288,#2247,#2289,.T.);
#1926=EDGE_CURVE('',#2288,#2239,#2290,.T.);
#1927=EDGE_CURVE('',#2291,#2237,#2292,.T.);
#1928=EDGE_CURVE('',#2291,#2288,#2293,.T.);
#1929=EDGE_CURVE('',#2294,#2291,#2295,.T.);
#1930=EDGE_CURVE('',#2294,#2296,#2297,.T.);
#1931=EDGE_CURVE('',#2296,#2288,#2298,.T.);
#1932=EDGE_CURVE('',#2296,#2249,#2299,.T.);
#1933=EDGE_CURVE('',#2300,#2259,#2301,.T.);
#1934=EDGE_CURVE('',#2300,#2296,#2302,.T.);
#1935=EDGE_CURVE('',#2303,#2294,#2304,.T.);
#1936=EDGE_CURVE('',#2303,#2300,#2305,.T.);
#1937=EDGE_CURVE('',#2306,#2303,#2307,.T.);
#1938=EDGE_CURVE('',#2300,#2306,#2308,.T.);
#1939=EDGE_CURVE('',#2306,#2180,#2309,.T.);
#1940=EDGE_CURVE('',#2264,#2181,#2310,.T.);
#1941=EDGE_CURVE('',#2181,#2267,#2311,.T.);
#1942=EDGE_CURVE('',#2312,#2313,#2314,.T.);
#1943=EDGE_CURVE('',#2315,#2313,#2316,.T.);
#1944=EDGE_CURVE('',#2317,#2315,#2318,.T.);
#1945=EDGE_CURVE('',#2312,#2317,#2319,.T.);
#1946=EDGE_CURVE('',#2313,#2320,#2321,.T.);
#1947=EDGE_CURVE('',#2322,#2320,#2323,.T.);
#1948=EDGE_CURVE('',#2315,#2322,#2324,.T.);
#1949=EDGE_CURVE('',#2322,#2325,#2326,.T.);
#1950=EDGE_CURVE('',#2327,#2325,#2328,.T.);
#1951=EDGE_CURVE('',#2329,#2327,#2330,.T.);
#1952=EDGE_CURVE('',#2329,#2322,#2331,.T.);
#1953=EDGE_CURVE('',#2329,#2332,#2333,.T.);
#1954=EDGE_CURVE('',#2332,#2334,#2335,.T.);
#1955=EDGE_CURVE('',#2336,#2334,#2337,.T.);
#1956=EDGE_CURVE('',#2329,#2336,#2338,.T.);
#1957=EDGE_CURVE('',#2336,#2339,#2340,.T.);
#1958=EDGE_CURVE('',#2334,#2341,#2342,.T.);
#1959=EDGE_CURVE('',#2341,#2339,#2343,.T.);
#1960=EDGE_CURVE('',#2344,#2341,#2345,.T.);
#1961=EDGE_CURVE('',#2344,#2346,#2347,.T.);
#1962=EDGE_CURVE('',#2339,#2346,#2348,.T.);
#1963=EDGE_CURVE('',#2346,#2349,#2350,.T.);
#1964=EDGE_CURVE('',#2351,#2344,#2352,.T.);
#1965=EDGE_CURVE('',#2351,#2349,#2353,.T.);
#1966=EDGE_CURVE('',#2349,#2317,#2354,.T.);
#1967=EDGE_CURVE('',#2312,#2351,#2355,.T.);
#1968=EDGE_CURVE('',#2332,#2320,#2356,.T.);
#1969=EDGE_CURVE('',#2332,#2357,#2358,.T.);
#1970=EDGE_CURVE('',#2357,#2359,#2360,.T.);
#1971=EDGE_CURVE('',#2320,#2359,#2361,.T.);
#1972=EDGE_CURVE('',#2362,#2363,#2364,.T.);
#1973=EDGE_CURVE('',#2365,#2363,#2366,.T.);
#1974=EDGE_CURVE('',#2367,#2365,#2368,.T.);
#1975=EDGE_CURVE('',#2367,#2362,#2369,.T.);
#1976=EDGE_CURVE('',#2370,#2365,#2371,.T.);
#1977=EDGE_CURVE('',#2372,#2365,#2373,.T.);
#1978=EDGE_CURVE('',#2374,#2372,#2375,.T.);
#1979=EDGE_CURVE('',#2374,#2370,#2376,.T.);
#1980=EDGE_CURVE('',#2377,#2378,#2379,.T.);
#1981=EDGE_CURVE('',#2380,#2377,#2381,.T.);
#1982=EDGE_CURVE('',#2380,#2382,#2383,.T.);
#1983=EDGE_CURVE('',#2382,#2378,#2384,.T.);
#1984=EDGE_CURVE('',#2385,#2380,#2386,.T.);
#1985=EDGE_CURVE('',#2377,#2387,#2388,.T.);
#1986=EDGE_CURVE('',#2385,#2387,#2389,.T.);
#1987=EDGE_CURVE('',#2390,#2385,#2391,.T.);
#1988=EDGE_CURVE('',#2390,#2392,#2393,.T.);
#1989=EDGE_CURVE('',#2394,#2392,#2395,.T.);
#1990=EDGE_CURVE('',#2382,#2394,#2396,.T.);
#1991=EDGE_CURVE('',#2397,#2378,#2398,.T.);
#1992=EDGE_CURVE('',#2394,#2397,#2399,.T.);
#1993=EDGE_CURVE('',#2400,#2401,#2402,.T.);
#1994=EDGE_CURVE('',#2387,#2400,#2403,.T.);
#1995=EDGE_CURVE('',#2401,#2397,#2404,.T.);
#1996=EDGE_CURVE('',#2405,#2401,#2406,.T.);
#1997=EDGE_CURVE('',#2407,#2405,#2408,.T.);
#1998=EDGE_CURVE('',#2407,#2367,#2409,.T.);
#1999=EDGE_CURVE('',#2370,#2410,#2411,.T.);
#2000=EDGE_CURVE('',#2410,#2400,#2412,.T.);
#2001=EDGE_CURVE('',#2413,#2410,#2414,.T.);
#2002=EDGE_CURVE('',#2413,#2390,#2415,.T.);
#2003=EDGE_CURVE('',#2413,#2374,#2416,.T.);
#2004=EDGE_CURVE('',#2417,#2405,#2418,.T.);
#2005=EDGE_CURVE('',#2417,#2392,#2419,.T.);
#2006=EDGE_CURVE('',#2417,#2420,#2421,.T.);
#2007=EDGE_CURVE('',#2420,#2407,#2422,.T.);
#2008=EDGE_CURVE('',#2420,#2423,#2424,.T.);
#2009=EDGE_CURVE('',#2423,#2367,#2425,.T.);
#2010=EDGE_CURVE('',#2426,#2427,#2428,.T.);
#2011=EDGE_CURVE('',#2426,#2429,#2430,.T.);
#2012=EDGE_CURVE('',#2429,#2431,#2432,.T.);
#2013=EDGE_CURVE('',#2427,#2431,#2433,.T.);
#2014=EDGE_CURVE('',#2434,#2429,#2435,.T.);
#2015=EDGE_CURVE('',#2426,#2436,#2437,.T.);
#2016=EDGE_CURVE('',#2436,#2434,#2438,.T.);
#2017=EDGE_CURVE('',#2439,#2440,#2441,.T.);
#2018=EDGE_CURVE('',#2440,#2442,#2443,.T.);
#2019=EDGE_CURVE('',#2442,#2434,#2444,.T.);
#2020=EDGE_CURVE('',#2436,#2445,#2446,.T.);
#2021=EDGE_CURVE('',#2439,#2445,#2447,.T.);
#2022=EDGE_CURVE('',#2448,#2439,#2449,.T.);
#2023=EDGE_CURVE('',#2450,#2448,#2451,.T.);
#2024=EDGE_CURVE('',#2440,#2450,#2452,.T.);
#2025=EDGE_CURVE('',#2448,#2453,#2454,.T.);
#2026=EDGE_CURVE('',#2455,#2453,#2456,.T.);
#2027=EDGE_CURVE('',#2450,#2455,#2457,.T.);
#2028=EDGE_CURVE('',#2442,#2458,#2459,.T.);
#2029=EDGE_CURVE('',#2460,#2455,#2461,.T.);
#2030=EDGE_CURVE('',#2462,#2460,#2463,.T.);
#2031=EDGE_CURVE('',#2464,#2462,#2465,.T.);
#2032=EDGE_CURVE('',#2464,#2458,#2466,.T.);
#2033=EDGE_CURVE('',#2467,#2458,#2468,.T.);
#2034=EDGE_CURVE('',#2431,#2467,#2469,.T.);
#2035=EDGE_CURVE('',#2470,#2427,#2471,.T.);
#2036=EDGE_CURVE('',#2470,#2467,#2472,.T.);
#2037=EDGE_CURVE('',#2445,#2473,#2474,.T.);
#2038=EDGE_CURVE('',#2473,#2470,#2475,.T.);
#2039=EDGE_CURVE('',#2476,#2473,#2477,.T.);
#2040=EDGE_CURVE('',#2478,#2476,#2479,.T.);
#2041=EDGE_CURVE('',#2478,#2480,#2481,.T.);
#2042=EDGE_CURVE('',#2480,#2423,#2482,.T.);
#2043=EDGE_CURVE('',#2453,#2372,#2483,.T.);
#2044=EDGE_CURVE('',#2476,#2464,#2484,.T.);
#2045=EDGE_CURVE('',#2462,#2478,#2485,.T.);
#2046=EDGE_CURVE('',#2460,#2480,#2486,.T.);
#2047=EDGE_CURVE('',#2362,#2159,#2487,.T.);
#2048=EDGE_CURVE('',#2460,#2488,#2489,.T.);
#2049=EDGE_CURVE('',#2488,#2161,#2490,.T.);
#2050=EDGE_CURVE('',#2455,#2491,#2492,.T.);
#2051=EDGE_CURVE('',#2488,#2491,#2493,.T.);
#2052=EDGE_CURVE('',#2363,#2169,#2494,.T.);
#2053=EDGE_CURVE('',#2491,#2167,#2495,.T.);
#2054=EDGE_CURVE('',#2496,#2497,#2498,.T.);
#2055=EDGE_CURVE('',#2496,#2499,#2500,.T.);
#2056=EDGE_CURVE('',#2499,#2501,#2502,.T.);
#2057=EDGE_CURVE('',#2497,#2501,#2503,.T.);
#2058=EDGE_CURVE('',#2504,#2505,#2506,.T.);
#2059=EDGE_CURVE('',#2505,#2507,#2508,.T.);
#2060=EDGE_CURVE('',#2499,#2507,#2509,.T.);
#2061=EDGE_CURVE('',#2496,#2510,#2511,.T.);
#2062=EDGE_CURVE('',#2504,#2510,#2512,.T.);
#2063=EDGE_CURVE('',#2165,#2505,#2513,.T.);
#2064=EDGE_CURVE('',#2164,#2504,#2514,.T.);
#2065=EDGE_CURVE('',#2157,#2515,#2516,.T.);
#2066=EDGE_CURVE('',#2515,#2517,#2518,.T.);
#2067=EDGE_CURVE('',#2156,#2517,#2519,.T.);
#2068=EDGE_CURVE('',#2517,#2520,#2521,.T.);
#2069=EDGE_CURVE('',#2520,#2507,#2522,.T.);
#2070=EDGE_CURVE('',#2523,#2499,#2524,.T.);
#2071=EDGE_CURVE('',#2523,#2520,#2525,.T.);
#2072=EDGE_CURVE('',#2526,#2501,#2527,.T.);
#2073=EDGE_CURVE('',#2523,#2526,#2528,.T.);
#2074=EDGE_CURVE('',#2501,#2529,#2530,.T.);
#2075=EDGE_CURVE('',#2526,#2531,#2532,.T.);
#2076=EDGE_CURVE('',#2531,#2529,#2533,.T.);
#2077=EDGE_CURVE('',#2529,#2534,#2535,.T.);
#2078=EDGE_CURVE('',#2536,#2531,#2537,.T.);
#2079=EDGE_CURVE('',#2536,#2534,#2538,.T.);
#2080=EDGE_CURVE('',#2539,#2357,#2540,.T.);
#2081=EDGE_CURVE('',#2185,#2327,#2541,.T.);
#2082=EDGE_CURVE('',#2183,#2542,#2543,.T.);
#2083=EDGE_CURVE('',#2542,#2534,#2544,.T.);
#2084=EDGE_CURVE('',#2201,#2536,#2545,.T.);
#2085=EDGE_CURVE('',#2539,#2199,#2546,.T.);
#2086=EDGE_CURVE('',#2547,#2212,#2548,.T.);
#2087=EDGE_CURVE('',#2549,#2547,#2550,.T.);
#2088=EDGE_CURVE('',#2549,#2215,#2551,.T.);
#2089=EDGE_CURVE('',#2205,#2552,#2553,.T.);
#2090=EDGE_CURVE('',#2554,#2552,#2555,.T.);
#2091=EDGE_CURVE('',#2207,#2554,#2556,.T.);
#2092=EDGE_CURVE('',#2557,#2558,#2559,.T.);
#2093=EDGE_CURVE('',#2558,#2547,#2560,.T.);
#2094=EDGE_CURVE('',#2213,#2561,#2562,.T.);
#2095=EDGE_CURVE('',#2561,#2563,#2564,.T.);
#2096=EDGE_CURVE('',#2563,#2209,#2565,.T.);
#2097=EDGE_CURVE('',#2554,#2557,#2566,.T.);
#2098=EDGE_CURVE('',#2567,#2558,#2568,.T.);
#2099=EDGE_CURVE('',#2569,#2557,#2570,.T.);
#2100=EDGE_CURVE('',#2569,#2567,#2571,.T.);
#2101=EDGE_CURVE('',#2572,#2569,#2573,.T.);
#2102=EDGE_CURVE('',#2572,#2574,#2575,.T.);
#2103=EDGE_CURVE('',#2574,#2567,#2576,.T.);
#2104=EDGE_CURVE('',#2574,#2577,#2578,.T.);
#2105=EDGE_CURVE('',#2567,#2577,#2579,.T.);
#2106=EDGE_CURVE('',#2577,#2580,#2581,.T.);
#2107=EDGE_CURVE('',#2580,#2549,#2582,.T.);
#2108=EDGE_CURVE('',#2196,#2583,#2584,.T.);
#2109=EDGE_CURVE('',#2583,#2585,#2586,.T.);
#2110=EDGE_CURVE('',#2585,#2196,#2587,.T.);
#2111=EDGE_CURVE('',#2585,#2217,#2588,.T.);
#2112=EDGE_CURVE('',#2197,#2580,#2589,.T.);
#2113=EDGE_CURVE('',#2590,#2561,#2591,.T.);
#2114=EDGE_CURVE('',#2585,#2590,#2592,.T.);
#2115=EDGE_CURVE('',#2583,#2593,#2594,.T.);
#2116=EDGE_CURVE('',#2593,#2590,#2595,.T.);
#2117=EDGE_CURVE('',#2593,#2596,#2597,.T.);
#2118=EDGE_CURVE('',#2596,#2598,#2599,.T.);
#2119=EDGE_CURVE('',#2590,#2598,#2600,.T.);
#2120=EDGE_CURVE('',#2598,#2563,#2601,.T.);
#2121=EDGE_CURVE('',#2602,#2204,#2603,.T.);
#2122=EDGE_CURVE('',#2598,#2602,#2604,.T.);
#2123=EDGE_CURVE('',#2596,#2605,#2606,.T.);
#2124=EDGE_CURVE('',#2605,#2602,#2607,.T.);
#2125=EDGE_CURVE('',#2193,#2605,#2608,.T.);
#2126=EDGE_CURVE('',#2602,#2193,#2609,.T.);
#2127=EDGE_CURVE('',#2191,#2610,#2611,.T.);
#2128=EDGE_CURVE('',#2610,#2552,#2612,.T.);
#2129=EDGE_CURVE('',#2610,#2613,#2614,.T.);
#2130=EDGE_CURVE('',#2613,#2569,#2615,.T.);
#2131=EDGE_CURVE('',#2613,#2572,#2616,.T.);
#2132=EDGE_CURVE('',#2617,#2359,#2618,.T.);
#2133=EDGE_CURVE('',#2577,#2539,#2619,.T.);
#2134=EDGE_CURVE('',#2617,#2613,#2620,.T.);
#2135=EDGE_CURVE('',#2617,#2188,#2621,.T.);
#2136=EDGE_CURVE('',#2172,#2325,#2622,.T.);
#2137=EDGE_CURVE('',#2306,#2542,#2623,.T.);
#2138=EDGE_CURVE('',#2173,#2624,#2625,.T.);
#2139=EDGE_CURVE('',#2624,#2236,#2626,.T.);
#2140=EDGE_CURVE('',#2624,#2627,#2628,.T.);
#2141=EDGE_CURVE('',#2627,#2629,#2630,.T.);
#2142=EDGE_CURVE('',#2497,#2629,#2631,.T.);
#2143=EDGE_CURVE('',#2632,#2633,#2634,.T.);
#2144=EDGE_CURVE('',#2632,#2497,#2635,.T.);
#2145=EDGE_CURVE('',#2633,#2629,#2636,.T.);
#2146=EDGE_CURVE('',#2637,#2627,#2638,.T.);
#2147=EDGE_CURVE('',#2633,#2637,#2639,.T.);
#2148=EDGE_CURVE('',#2189,#2637,#2640,.T.);
#2149=EDGE_CURVE('',#2632,#2526,#2641,.T.);
#2150=EDGE_CURVE('',#2642,#2523,#2643,.T.);
#2151=EDGE_CURVE('',#2642,#2632,#2644,.T.);
#2152=EDGE_CURVE('',#2642,#2496,#2645,.T.);
#2153=EDGE_CURVE('',#2646,#2510,#2647,.T.);
#2154=EDGE_CURVE('',#2642,#2646,#2648,.T.);
#2155=EDGE_CURVE('',#2515,#2646,#2649,.T.);
#2156=VERTEX_POINT('',#2650);
#2157=VERTEX_POINT('',#2651);
#2158=LINE('',#2652,#2653);
#2159=VERTEX_POINT('',#2654);
#2160=CIRCLE('',#2655,0.2);
#2161=VERTEX_POINT('',#2656);
#2162=LINE('',#2657,#2658);
#2163=CIRCLE('',#2659,0.2);
#2164=VERTEX_POINT('',#2660);
#2165=VERTEX_POINT('',#2661);
#2166=LINE('',#2662,#2663);
#2167=VERTEX_POINT('',#2664);
#2168=CIRCLE('',#2665,0.14);
#2169=VERTEX_POINT('',#2666);
#2170=LINE('',#2667,#2668);
#2171=CIRCLE('',#2669,0.14);
#2172=VERTEX_POINT('',#2670);
#2173=VERTEX_POINT('',#2671);
#2174=CIRCLE('',#2672,0.0900000000000001);
#2175=VERTEX_POINT('',#2673);
#2176=LINE('',#2674,#2675);
#2177=VERTEX_POINT('',#2676);
#2178=CIRCLE('',#2677,0.0899999999999998);
#2179=LINE('',#2678,#2679);
#2180=VERTEX_POINT('',#2680);
#2181=VERTEX_POINT('',#2681);
#2182=CIRCLE('',#2682,0.0899999999999998);
#2183=VERTEX_POINT('',#2683);
#2184=LINE('',#2684,#2685);
#2185=VERTEX_POINT('',#2686);
#2186=CIRCLE('',#2687,0.0900000000000001);
#2187=LINE('',#2688,#2689);
#2188=VERTEX_POINT('',#2690);
#2189=VERTEX_POINT('',#2691);
#2190=CIRCLE('',#2692,0.15);
#2191=VERTEX_POINT('',#2693);
#2192=LINE('',#2694,#2695);
#2193=VERTEX_POINT('',#2696);
#2194=CIRCLE('',#2697,0.15);
#2195=LINE('',#2698,#2699);
#2196=VERTEX_POINT('',#2700);
#2197=VERTEX_POINT('',#2701);
#2198=CIRCLE('',#2702,0.15);
#2199=VERTEX_POINT('',#2703);
#2200=LINE('',#2704,#2705);
#2201=VERTEX_POINT('',#2706);
#2202=CIRCLE('',#2707,0.15);
#2203=LINE('',#2708,#2709);
#2204=VERTEX_POINT('',#2710);
#2205=VERTEX_POINT('',#2711);
#2206=CIRCLE('',#2712,0.157198868114);
#2207=VERTEX_POINT('',#2713);
#2208=CIRCLE('',#2714,0.159999999996898);
#2209=VERTEX_POINT('',#2715);
#2210=CIRCLE('',#2716,0.18);
#2211=B_SPLINE_CURVE_WITH_KNOTS('',3,(#2717,#2718,#2719,#2720),.UNSPECIFIED.,.F.,.F.,(4,4),(0.0,1.0),.UNSPECIFIED.);
#2212=VERTEX_POINT('',#2721);
#2213=VERTEX_POINT('',#2722);
#2214=CIRCLE('',#2723,0.18);
#2215=VERTEX_POINT('',#2724);
#2216=CIRCLE('',#2725,0.15999999999693);
#2217=VERTEX_POINT('',#2726);
#2218=CIRCLE('',#2727,0.157198868114);
#2219=B_SPLINE_CURVE_WITH_KNOTS('',3,(#2728,#2729,#2730,#2731),.UNSPECIFIED.,.F.,.F.,(4,4),(0.0,1.0),.UNSPECIFIED.);
#2220=VERTEX_POINT('',#2732);
#2221=VERTEX_POINT('',#2733);
#2222=CIRCLE('',#2734,0.12);
#2223=VERTEX_POINT('',#2735);
#2224=CIRCLE('',#2736,0.100000000000775);
#2225=VERTEX_POINT('',#2737);
#2226=CIRCLE('',#2738,0.1057492925713);
#2227=B_SPLINE_CURVE_WITH_KNOTS('',3,(#2739,#2740,#2741,#2742),.UNSPECIFIED.,.F.,.F.,(4,4),(0.0,1.0),.UNSPECIFIED.);
#2228=VERTEX_POINT('',#2743);
#2229=VERTEX_POINT('',#2744);
#2230=CIRCLE('',#2745,0.1057492925713);
#2231=VERTEX_POINT('',#2746);
#2232=CIRCLE('',#2747,0.100000000000786);
#2233=VERTEX_POINT('',#2748);
#2234=CIRCLE('',#2749,0.12);
#2235=B_SPLINE_CURVE_WITH_KNOTS('',3,(#2750,#2751,#2752,#2753),.UNSPECIFIED.,.F.,.F.,(4,4),(0.0,1.0),.UNSPECIFIED.);
#2236=VERTEX_POINT('',#2754);
#2237=VERTEX_POINT('',#2755);
#2238=LINE('',#2756,#2757);
#2239=VERTEX_POINT('',#2758);
#2240=LINE('',#2759,#2760);
#2241=LINE('',#2761,#2762);
#2242=VERTEX_POINT('',#2763);
#2243=CIRCLE('',#2764,0.1057492925713);
#2244=VERTEX_POINT('',#2765);
#2245=B_SPLINE_CURVE_WITH_KNOTS('',3,(#2766,#2767,#2768,#2769),.UNSPECIFIED.,.F.,.F.,(4,4),(0.0,1.0),.UNSPECIFIED.);
#2246=CIRCLE('',#2770,0.12);
#2247=VERTEX_POINT('',#2771);
#2248=B_SPLINE_CURVE_WITH_KNOTS('',3,(#2772,#2773,#2774,#2775),.UNSPECIFIED.,.F.,.F.,(4,4),(4.76461174179954E-11,1.0),.UNSPECIFIED.);
#2249=VERTEX_POINT('',#2776);
#2250=LINE('',#2777,#2778);
#2251=VERTEX_POINT('',#2779);
#2252=B_SPLINE_CURVE_WITH_KNOTS('',3,(#2780,#2781,#2782,#2783),.UNSPECIFIED.,.F.,.F.,(4,4),(0.0,0.999999999960778),.UNSPECIFIED.);
#2253=CIRCLE('',#2784,0.12);
#2254=VERTEX_POINT('',#2785);
#2255=B_SPLINE_CURVE_WITH_KNOTS('',3,(#2786,#2787,#2788,#2789),.UNSPECIFIED.,.F.,.F.,(4,4),(2.21950781765066E-10,1.0),.UNSPECIFIED.);
#2256=VERTEX_POINT('',#2790);
#2257=LINE('',#2791,#2792);
#2258=B_SPLINE_CURVE_WITH_KNOTS('',3,(#2793,#2794,#2795,#2796),.UNSPECIFIED.,.F.,.F.,(4,4),(0.0,0.999999999818164),.UNSPECIFIED.);
#2259=VERTEX_POINT('',#2797);
#2260=B_SPLINE_CURVE_WITH_KNOTS('',3,(#2798,#2799,#2800,#2801),.UNSPECIFIED.,.F.,.F.,(4,4),(0.0,1.0),.UNSPECIFIED.);
#2261=CIRCLE('',#2802,0.1057492925713);
#2262=VERTEX_POINT('',#2803);
#2263=B_SPLINE_CURVE_WITH_KNOTS('',3,(#2804,#2805,#2806,#2807,#2808),.UNSPECIFIED.,.F.,.F.,(4,1,4),(0.0,0.409901414280051,1.0),.UNSPECIFIED.);
#2264=VERTEX_POINT('',#2809);
#2265=B_SPLINE_CURVE_WITH_KNOTS('',3,(#2810,#2811,#2812,#2813),.UNSPECIFIED.,.F.,.F.,(4,4),(0.0,1.0),.UNSPECIFIED.);
#2266=B_SPLINE_CURVE_WITH_KNOTS('',3,(#2814,#2815,#2816,#2817),.UNSPECIFIED.,.F.,.F.,(4,4),(0.0,1.0),.UNSPECIFIED.);
#2267=VERTEX_POINT('',#2818);
#2268=LINE('',#2819,#2820);
#2269=VERTEX_POINT('',#2821);
#2270=(B_SPLINE_CURVE(3,(#2823,#2824,#2825,#2826),.UNSPECIFIED.,.F.,.F.)B_SPLINE_CURVE_WITH_KNOTS((4,4),(3.10560704294504,3.66419197590477),.UNSPECIFIED.)RATIONAL_B_SPLINE_CURVE((1.0,0.974167152416907,0.974167152416907,1.0))BOUNDED_CURVE()REPRESENTATION_ITEM('')GEOMETRIC_REPRESENTATION_ITEM()CURVE());
#2271=LINE('',#2833,#2834);
#2272=VERTEX_POINT('',#2835);
#2273=LINE('',#2836,#2837);
#2274=VERTEX_POINT('',#2838);
#2275=LINE('',#2839,#2840);
#2276=LINE('',#2841,#2842);
#2277=B_SPLINE_CURVE_WITH_KNOTS('',3,(#2843,#2844,#2845,#2846),.UNSPECIFIED.,.F.,.F.,(4,4),(0.0,1.0),.UNSPECIFIED.);
#2278=VERTEX_POINT('',#2847);
#2279=B_SPLINE_CURVE_WITH_KNOTS('',3,(#2848,#2849,#2850,#2851,#2852),.UNSPECIFIED.,.F.,.F.,(4,1,4),(0.0,0.541278655395365,1.0),.UNSPECIFIED.);
#2280=B_SPLINE_CURVE_WITH_KNOTS('',3,(#2853,#2854,#2855,#2856),.UNSPECIFIED.,.F.,.F.,(4,4),(0.0,1.0),.UNSPECIFIED.);
#2281=VERTEX_POINT('',#2857);
#2282=(B_SPLINE_CURVE(3,(#2859,#2860,#2861,#2862),.UNSPECIFIED.,.F.,.F.)B_SPLINE_CURVE_WITH_KNOTS((4,4),(2.61899333127476,3.17757826423551),.UNSPECIFIED.)RATIONAL_B_SPLINE_CURVE((1.0,0.974167152416812,0.974167152416812,1.0))BOUNDED_CURVE()REPRESENTATION_ITEM('')GEOMETRIC_REPRESENTATION_ITEM()CURVE());
#2283=LINE('',#2869,#2870);
#2284=LINE('',#2871,#2872);
#2285=LINE('',#2873,#2874);
#2286=CIRCLE('',#2875,0.0899999999999998);
#2287=B_SPLINE_CURVE_WITH_KNOTS('',3,(#2876,#2877,#2878,#2879),.UNSPECIFIED.,.F.,.F.,(4,4),(0.0,1.0),.UNSPECIFIED.);
#2288=VERTEX_POINT('',#2880);
#2289=B_SPLINE_CURVE_WITH_KNOTS('',3,(#2881,#2882,#2883,#2884),.UNSPECIFIED.,.F.,.F.,(4,4),(0.0,1.0),.UNSPECIFIED.);
#2290=B_SPLINE_CURVE_WITH_KNOTS('',3,(#2885,#2886,#2887,#2888),.UNSPECIFIED.,.F.,.F.,(4,4),(0.0,1.0),.UNSPECIFIED.);
#2291=VERTEX_POINT('',#2889);
#2292=(B_SPLINE_CURVE(3,(#2891,#2892,#2893,#2894),.UNSPECIFIED.,.F.,.F.)B_SPLINE_CURVE_WITH_KNOTS((4,4),(3.10560704294462,3.66419197590517),.UNSPECIFIED.)RATIONAL_B_SPLINE_CURVE((1.0,0.974167152416831,0.974167152416831,1.0))BOUNDED_CURVE()REPRESENTATION_ITEM('')GEOMETRIC_REPRESENTATION_ITEM()CURVE());
#2293=LINE('',#2901,#2902);
#2294=VERTEX_POINT('',#2903);
#2295=LINE('',#2904,#2905);
#2296=VERTEX_POINT('',#2906);
#2297=LINE('',#2907,#2908);
#2298=LINE('',#2909,#2910);
#2299=B_SPLINE_CURVE_WITH_KNOTS('',3,(#2911,#2912,#2913,#2914),.UNSPECIFIED.,.F.,.F.,(4,4),(0.0,1.0),.UNSPECIFIED.);
#2300=VERTEX_POINT('',#2915);
#2301=B_SPLINE_CURVE_WITH_KNOTS('',3,(#2916,#2917,#2918,#2919),.UNSPECIFIED.,.F.,.F.,(4,4),(0.0,1.0),.UNSPECIFIED.);
#2302=B_SPLINE_CURVE_WITH_KNOTS('',3,(#2920,#2921,#2922,#2923),.UNSPECIFIED.,.F.,.F.,(4,4),(0.0,1.0),.UNSPECIFIED.);
#2303=VERTEX_POINT('',#2924);
#2304=(B_SPLINE_CURVE(3,(#2926,#2927,#2928,#2929),.UNSPECIFIED.,.F.,.F.)B_SPLINE_CURVE_WITH_KNOTS((4,4),(2.61899333127443,3.17757826423448),.UNSPECIFIED.)RATIONAL_B_SPLINE_CURVE((1.0,0.974167152416876,0.974167152416876,1.0))BOUNDED_CURVE()REPRESENTATION_ITEM('')GEOMETRIC_REPRESENTATION_ITEM()CURVE());
#2305=LINE('',#2936,#2937);
#2306=VERTEX_POINT('',#2938);
#2307=LINE('',#2939,#2940);
#2308=LINE('',#2941,#2942);
#2309=CIRCLE('',#2943,0.0899999999999998);
#2310=LINE('',#2944,#2945);
#2311=LINE('',#2946,#2947);
#2312=VERTEX_POINT('',#2948);
#2313=VERTEX_POINT('',#2949);
#2314=LINE('',#2950,#2951);
#2315=VERTEX_POINT('',#2952);
#2316=LINE('',#2953,#2954);
#2317=VERTEX_POINT('',#2955);
#2318=LINE('',#2956,#2957);
#2319=LINE('',#2958,#2959);
#2320=VERTEX_POINT('',#2960);
#2321=LINE('',#2961,#2962);
#2322=VERTEX_POINT('',#2963);
#2323=LINE('',#2964,#2965);
#2324=LINE('',#2966,#2967);
#2325=VERTEX_POINT('',#2968);
#2326=CIRCLE('',#2969,0.0600000000000002);
#2327=VERTEX_POINT('',#2970);
#2328=LINE('',#2971,#2972);
#2329=VERTEX_POINT('',#2973);
#2330=CIRCLE('',#2974,0.0600000000000002);
#2331=LINE('',#2975,#2976);
#2332=VERTEX_POINT('',#2977);
#2333=LINE('',#2978,#2979);
#2334=VERTEX_POINT('',#2980);
#2335=LINE('',#2981,#2982);
#2336=VERTEX_POINT('',#2983);
#2337=LINE('',#2984,#2985);
#2338=LINE('',#2986,#2987);
#2339=VERTEX_POINT('',#2988);
#2340=LINE('',#2989,#2990);
#2341=VERTEX_POINT('',#2991);
#2342=LINE('',#2992,#2993);
#2343=LINE('',#2994,#2995);
#2344=VERTEX_POINT('',#2996);
#2345=CIRCLE('',#2997,0.1);
#2346=VERTEX_POINT('',#2998);
#2347=LINE('',#2999,#3000);
#2348=CIRCLE('',#3001,0.1);
#2349=VERTEX_POINT('',#3002);
#2350=LINE('',#3003,#3004);
#2351=VERTEX_POINT('',#3005);
#2352=LINE('',#3006,#3007);
#2353=LINE('',#3008,#3009);
#2354=CIRCLE('',#3010,0.1);
#2355=CIRCLE('',#3011,0.1);
#2356=LINE('',#3012,#3013);
#2357=VERTEX_POINT('',#3014);
#2358=CIRCLE('',#3015,0.12);
#2359=VERTEX_POINT('',#3016);
#2360=LINE('',#3017,#3018);
#2361=CIRCLE('',#3019,0.12);
#2362=VERTEX_POINT('',#3020);
#2363=VERTEX_POINT('',#3021);
#2364=LINE('',#3022,#3023);
#2365=VERTEX_POINT('',#3024);
#2366=LINE('',#3025,#3026);
#2367=VERTEX_POINT('',#3027);
#2368=LINE('',#3028,#3029);
#2369=LINE('',#3030,#3031);
#2370=VERTEX_POINT('',#3032);
#2371=CIRCLE('',#3033,0.0700000000000001);
#2372=VERTEX_POINT('',#3034);
#2373=LINE('',#3035,#3036);
#2374=VERTEX_POINT('',#3037);
#2375=CIRCLE('',#3038,0.0700000000000001);
#2376=LINE('',#3039,#3040);
#2377=VERTEX_POINT('',#3041);
#2378=VERTEX_POINT('',#3042);
#2379=LINE('',#3043,#3044);
#2380=VERTEX_POINT('',#3045);
#2381=LINE('',#3046,#3047);
#2382=VERTEX_POINT('',#3048);
#2383=LINE('',#3049,#3050);
#2384=LINE('',#3051,#3052);
#2385=VERTEX_POINT('',#3053);
#2386=CIRCLE('',#3054,0.13);
#2387=VERTEX_POINT('',#3055);
#2388=CIRCLE('',#3056,0.13);
#2389=LINE('',#3057,#3058);
#2390=VERTEX_POINT('',#3059);
#2391=B_SPLINE_CURVE_WITH_KNOTS('',3,(#3060,#3061,#3062,#3063,#3064),.UNSPECIFIED.,.F.,.F.,(4,1,4),(0.0,0.5,1.0),.UNSPECIFIED.);
#2392=VERTEX_POINT('',#3065);
#2393=LINE('',#3066,#3067);
#2394=VERTEX_POINT('',#3068);
#2395=B_SPLINE_CURVE_WITH_KNOTS('',3,(#3069,#3070,#3071,#3072,#3073),.UNSPECIFIED.,.F.,.F.,(4,1,4),(0.0,0.5,1.0),.UNSPECIFIED.);
#2396=CIRCLE('',#3074,0.13);
#2397=VERTEX_POINT('',#3075);
#2398=CIRCLE('',#3076,0.13);
#2399=LINE('',#3077,#3078);
#2400=VERTEX_POINT('',#3079);
#2401=VERTEX_POINT('',#3080);
#2402=LINE('',#3081,#3082);
#2403=B_SPLINE_CURVE_WITH_KNOTS('',3,(#3083,#3084,#3085,#3086,#3087),.UNSPECIFIED.,.F.,.F.,(4,1,4),(0.0,0.5,1.0),.UNSPECIFIED.);
#2404=B_SPLINE_CURVE_WITH_KNOTS('',3,(#3088,#3089,#3090,#3091,#3092),.UNSPECIFIED.,.F.,.F.,(4,1,4),(0.0,0.5,1.0),.UNSPECIFIED.);
#2405=VERTEX_POINT('',#3093);
#2406=CIRCLE('',#3094,0.12);
#2407=VERTEX_POINT('',#3095);
#2408=LINE('',#3096,#3097);
#2409=CIRCLE('',#3098,0.13);
#2410=VERTEX_POINT('',#3099);
#2411=LINE('',#3100,#3101);
#2412=CIRCLE('',#3102,0.0599999999999999);
#2413=VERTEX_POINT('',#3103);
#2414=LINE('',#3104,#3105);
#2415=CIRCLE('',#3106,0.0599999999999999);
#2416=LINE('',#3107,#3108);
#2417=VERTEX_POINT('',#3109);
#2418=LINE('',#3110,#3111);
#2419=CIRCLE('',#3112,0.12);
#2420=VERTEX_POINT('',#3113);
#2421=LINE('',#3114,#3115);
#2422=LINE('',#3116,#3117);
#2423=VERTEX_POINT('',#3118);
#2424=CIRCLE('',#3119,0.13);
#2425=LINE('',#3120,#3121);
#2426=VERTEX_POINT('',#3122);
#2427=VERTEX_POINT('',#3123);
#2428=LINE('',#3124,#3125);
#2429=VERTEX_POINT('',#3126);
#2430=LINE('',#3127,#3128);
#2431=VERTEX_POINT('',#3129);
#2432=LINE('',#3130,#3131);
#2433=LINE('',#3132,#3133);
#2434=VERTEX_POINT('',#3134);
#2435=CIRCLE('',#3135,0.13);
#2436=VERTEX_POINT('',#3136);
#2437=CIRCLE('',#3137,0.13);
#2438=LINE('',#3138,#3139);
#2439=VERTEX_POINT('',#3140);
#2440=VERTEX_POINT('',#3141);
#2441=LINE('',#3142,#3143);
#2442=VERTEX_POINT('',#3144);
#2443=CIRCLE('',#3145,0.06);
#2444=B_SPLINE_CURVE_WITH_KNOTS('',3,(#3146,#3147,#3148,#3149,#3150),.UNSPECIFIED.,.F.,.F.,(4,1,4),(0.0,0.5,1.0),.UNSPECIFIED.);
#2445=VERTEX_POINT('',#3151);
#2446=B_SPLINE_CURVE_WITH_KNOTS('',3,(#3152,#3153,#3154,#3155,#3156),.UNSPECIFIED.,.F.,.F.,(4,1,4),(0.0,0.5,1.0),.UNSPECIFIED.);
#2447=CIRCLE('',#3157,0.06);
#2448=VERTEX_POINT('',#3158);
#2449=LINE('',#3159,#3160);
#2450=VERTEX_POINT('',#3161);
#2451=LINE('',#3162,#3163);
#2452=LINE('',#3164,#3165);
#2453=VERTEX_POINT('',#3166);
#2454=CIRCLE('',#3167,0.07);
#2455=VERTEX_POINT('',#3168);
#2456=LINE('',#3169,#3170);
#2457=CIRCLE('',#3171,0.07);
#2458=VERTEX_POINT('',#3172);
#2459=LINE('',#3173,#3174);
#2460=VERTEX_POINT('',#3175);
#2461=LINE('',#3176,#3177);
#2462=VERTEX_POINT('',#3178);
#2463=CIRCLE('',#3179,0.13);
#2464=VERTEX_POINT('',#3180);
#2465=LINE('',#3181,#3182);
#2466=CIRCLE('',#3183,0.12);
#2467=VERTEX_POINT('',#3184);
#2468=B_SPLINE_CURVE_WITH_KNOTS('',3,(#3185,#3186,#3187,#3188,#3189),.UNSPECIFIED.,.F.,.F.,(4,1,4),(0.0,0.5,1.0),.UNSPECIFIED.);
#2469=CIRCLE('',#3190,0.13);
#2470=VERTEX_POINT('',#3191);
#2471=CIRCLE('',#3192,0.13);
#2472=LINE('',#3193,#3194);
#2473=VERTEX_POINT('',#3195);
#2474=LINE('',#3196,#3197);
#2475=B_SPLINE_CURVE_WITH_KNOTS('',3,(#3198,#3199,#3200,#3201,#3202),.UNSPECIFIED.,.F.,.F.,(4,1,4),(0.0,0.5,1.0),.UNSPECIFIED.);
#2476=VERTEX_POINT('',#3203);
#2477=CIRCLE('',#3204,0.12);
#2478=VERTEX_POINT('',#3205);
#2479=LINE('',#3206,#3207);
#2480=VERTEX_POINT('',#3208);
#2481=CIRCLE('',#3209,0.13);
#2482=LINE('',#3210,#3211);
#2483=LINE('',#3212,#3213);
#2484=LINE('',#3214,#3215);
#2485=LINE('',#3216,#3217);
#2486=LINE('',#3218,#3219);
#2487=LINE('',#3220,#3221);
#2488=VERTEX_POINT('',#3222);
#2489=LINE('',#3223,#3224);
#2490=LINE('',#3225,#3226);
#2491=VERTEX_POINT('',#3227);
#2492=LINE('',#3228,#3229);
#2493=LINE('',#3230,#3231);
#2494=LINE('',#3232,#3233);
#2495=LINE('',#3234,#3235);
#2496=VERTEX_POINT('',#3236);
#2497=VERTEX_POINT('',#3237);
#2498=B_SPLINE_CURVE_WITH_KNOTS('',3,(#3238,#3239,#3240,#3241,#3242),.UNSPECIFIED.,.F.,.F.,(4,1,4),(0.0,0.5,1.0),.UNSPECIFIED.);
#2499=VERTEX_POINT('',#3243);
#2500=LINE('',#3244,#3245);
#2501=VERTEX_POINT('',#3246);
#2502=B_SPLINE_CURVE_WITH_KNOTS('',3,(#3247,#3248,#3249,#3250,#3251),.UNSPECIFIED.,.F.,.F.,(4,1,4),(0.0,0.5,1.0),.UNSPECIFIED.);
#2503=LINE('',#3252,#3253);
#2504=VERTEX_POINT('',#3254);
#2505=VERTEX_POINT('',#3255);
#2506=LINE('',#3256,#3257);
#2507=VERTEX_POINT('',#3258);
#2508=LINE('',#3259,#3260);
#2509=LINE('',#3261,#3262);
#2510=VERTEX_POINT('',#3263);
#2511=LINE('',#3264,#3265);
#2512=LINE('',#3266,#3267);
#2513=CIRCLE('',#3268,0.14);
#2514=CIRCLE('',#3269,0.14);
#2515=VERTEX_POINT('',#3270);
#2516=CIRCLE('',#3271,0.2);
#2517=VERTEX_POINT('',#3272);
#2518=LINE('',#3273,#3274);
#2519=CIRCLE('',#3275,0.2);
#2520=VERTEX_POINT('',#3276);
#2521=LINE('',#3277,#3278);
#2522=LINE('',#3279,#3280);
#2523=VERTEX_POINT('',#3281);
#2524=LINE('',#3282,#3283);
#2525=LINE('',#3284,#3285);
#2526=VERTEX_POINT('',#3286);
#2527=LINE('',#3287,#3288);
#2528=B_SPLINE_CURVE_WITH_KNOTS('',3,(#3289,#3290,#3291,#3292,#3293,#3294),.UNSPECIFIED.,.F.,.F.,(4,1,1,4),(0.0,0.3333333333333,0.6666666666667,1.0),.UNSPECIFIED.);
#2529=VERTEX_POINT('',#3295);
#2530=LINE('',#3296,#3297);
#2531=VERTEX_POINT('',#3298);
#2532=LINE('',#3299,#3300);
#2533=LINE('',#3301,#3302);
#2534=VERTEX_POINT('',#3303);
#2535=CIRCLE('',#3304,0.2);
#2536=VERTEX_POINT('',#3305);
#2537=CIRCLE('',#3306,0.2);
#2538=LINE('',#3307,#3308);
#2539=VERTEX_POINT('',#3309);
#2540=LINE('',#3310,#3311);
#2541=LINE('',#3312,#3313);
#2542=VERTEX_POINT('',#3314);
#2543=CIRCLE('',#3315,0.0900000000000001);
#2544=LINE('',#3316,#3317);
#2545=LINE('',#3318,#3319);
#2546=CIRCLE('',#3320,0.15);
#2547=VERTEX_POINT('',#3321);
#2548=CIRCLE('',#3322,0.18);
#2549=VERTEX_POINT('',#3323);
#2550=B_SPLINE_CURVE_WITH_KNOTS('',3,(#3324,#3325,#3326,#3327),.UNSPECIFIED.,.F.,.F.,(4,4),(0.0,1.0),.UNSPECIFIED.);
#2551=CIRCLE('',#3328,0.157198868114);
#2552=VERTEX_POINT('',#3329);
#2553=CIRCLE('',#3330,0.157198868114);
#2554=VERTEX_POINT('',#3331);
#2555=B_SPLINE_CURVE_WITH_KNOTS('',3,(#3332,#3333,#3334,#3335),.UNSPECIFIED.,.F.,.F.,(4,4),(0.0,1.0),.UNSPECIFIED.);
#2556=CIRCLE('',#3336,0.18);
#2557=VERTEX_POINT('',#3337);
#2558=VERTEX_POINT('',#3338);
#2559=LINE('',#3339,#3340);
#2560=B_SPLINE_CURVE_WITH_KNOTS('',3,(#3341,#3342,#3343,#3344),.UNSPECIFIED.,.F.,.F.,(4,4),(5.02118514042877E-11,0.999999999867647),.UNSPECIFIED.);
#2561=VERTEX_POINT('',#3345);
#2562=B_SPLINE_CURVE_WITH_KNOTS('',3,(#3346,#3347,#3348,#3349),.UNSPECIFIED.,.F.,.F.,(4,4),(3.66673134362217E-11,1.0),.UNSPECIFIED.);
#2563=VERTEX_POINT('',#3350);
#2564=LINE('',#3351,#3352);
#2565=B_SPLINE_CURVE_WITH_KNOTS('',3,(#3353,#3354,#3355,#3356),.UNSPECIFIED.,.F.,.F.,(4,4),(2.50291332237323E-11,0.999999999912929),.UNSPECIFIED.);
#2566=B_SPLINE_CURVE_WITH_KNOTS('',3,(#3357,#3358,#3359,#3360),.UNSPECIFIED.,.F.,.F.,(4,4),(6.74492670925142E-11,0.999999999978345),.UNSPECIFIED.);
#2567=VERTEX_POINT('',#3361);
#2568=B_SPLINE_CURVE_WITH_KNOTS('',3,(#3362,#3363,#3364,#3365),.UNSPECIFIED.,.F.,.F.,(4,4),(0.0,1.0),.UNSPECIFIED.);
#2569=VERTEX_POINT('',#3366);
#2570=B_SPLINE_CURVE_WITH_KNOTS('',3,(#3367,#3368,#3369,#3370,#3371),.UNSPECIFIED.,.F.,.F.,(4,1,4),(0.0,0.369656985583519,1.0),.UNSPECIFIED.);
#2571=LINE('',#3372,#3373);
#2572=VERTEX_POINT('',#3374);
#2573=LINE('',#3375,#3376);
#2574=VERTEX_POINT('',#3377);
#2575=LINE('',#3378,#3379);
#2576=LINE('',#3380,#3381);
#2577=VERTEX_POINT('',#3382);
#2578=(B_SPLINE_CURVE(3,(#3384,#3385,#3386,#3387),.UNSPECIFIED.,.F.,.F.)B_SPLINE_CURVE_WITH_KNOTS((4,4),(3.10560704294418,3.5865372912428),.UNSPECIFIED.)RATIONAL_B_SPLINE_CURVE((1.0,0.980818205702836,0.980818205702836,1.0))BOUNDED_CURVE()REPRESENTATION_ITEM('')GEOMETRIC_REPRESENTATION_ITEM()CURVE());
#2579=B_SPLINE_CURVE_WITH_KNOTS('',3,(#3394,#3395,#3396,#3397),.UNSPECIFIED.,.F.,.F.,(4,4),(0.0,1.0),.UNSPECIFIED.);
#2580=VERTEX_POINT('',#3398);
#2581=B_SPLINE_CURVE_WITH_KNOTS('',3,(#3399,#3400,#3401,#3402),.UNSPECIFIED.,.F.,.F.,(4,4),(4.77364255964987E-17,5.68413688756602E-05),.UNSPECIFIED.);
#2582=B_SPLINE_CURVE_WITH_KNOTS('',3,(#3403,#3404,#3405,#3406),.UNSPECIFIED.,.F.,.F.,(4,4),(0.0,1.0),.UNSPECIFIED.);
#2583=VERTEX_POINT('',#3407);
#2584=LINE('',#3408,#3409);
#2585=VERTEX_POINT('',#3410);
#2586=LINE('',#3411,#3412);
#2587=LINE('',#3413,#3414);
#2588=B_SPLINE_CURVE_WITH_KNOTS('',3,(#3415,#3416,#3417,#3418),.UNSPECIFIED.,.F.,.F.,(4,4),(0.0,1.0),.UNSPECIFIED.);
#2589=CIRCLE('',#3419,0.15);
#2590=VERTEX_POINT('',#3420);
#2591=B_SPLINE_CURVE_WITH_KNOTS('',3,(#3421,#3422,#3423,#3424),.UNSPECIFIED.,.F.,.F.,(4,4),(0.0,1.0),.UNSPECIFIED.);
#2592=B_SPLINE_CURVE_WITH_KNOTS('',3,(#3425,#3426,#3427,#3428),.UNSPECIFIED.,.F.,.F.,(4,4),(0.0,1.0),.UNSPECIFIED.);
#2593=VERTEX_POINT('',#3429);
#2594=(B_SPLINE_CURVE(3,(#3431,#3432,#3433,#3434),.UNSPECIFIED.,.F.,.F.)B_SPLINE_CURVE_WITH_KNOTS((4,4),(2.61899333127451,3.17757826423479),.UNSPECIFIED.)RATIONAL_B_SPLINE_CURVE((1.0,0.974167152416855,0.974167152416855,1.0))BOUNDED_CURVE()REPRESENTATION_ITEM('')GEOMETRIC_REPRESENTATION_ITEM()CURVE());
#2595=LINE('',#3441,#3442);
#2596=VERTEX_POINT('',#3443);
#2597=LINE('',#3444,#3445);
#2598=VERTEX_POINT('',#3446);
#2599=LINE('',#3447,#3448);
#2600=LINE('',#3449,#3450);
#2601=B_SPLINE_CURVE_WITH_KNOTS('',3,(#3451,#3452,#3453,#3454),.UNSPECIFIED.,.F.,.F.,(4,4),(0.0,1.0),.UNSPECIFIED.);
#2602=VERTEX_POINT('',#3455);
#2603=B_SPLINE_CURVE_WITH_KNOTS('',3,(#3456,#3457,#3458,#3459),.UNSPECIFIED.,.F.,.F.,(4,4),(0.0,1.0),.UNSPECIFIED.);
#2604=B_SPLINE_CURVE_WITH_KNOTS('',3,(#3460,#3461,#3462,#3463),.UNSPECIFIED.,.F.,.F.,(4,4),(0.0,1.0),.UNSPECIFIED.);
#2605=VERTEX_POINT('',#3464);
#2606=(B_SPLINE_CURVE(3,(#3466,#3467,#3468,#3469),.UNSPECIFIED.,.F.,.F.)B_SPLINE_CURVE_WITH_KNOTS((4,4),(3.10560704294479,3.66419197590507),.UNSPECIFIED.)RATIONAL_B_SPLINE_CURVE((1.0,0.974167152416855,0.974167152416855,1.0))BOUNDED_CURVE()REPRESENTATION_ITEM('')GEOMETRIC_REPRESENTATION_ITEM()CURVE());
#2607=LINE('',#3476,#3477);
#2608=LINE('',#3478,#3479);
#2609=LINE('',#3480,#3481);
#2610=VERTEX_POINT('',#3482);
#2611=CIRCLE('',#3483,0.15);
#2612=B_SPLINE_CURVE_WITH_KNOTS('',3,(#3484,#3485,#3486,#3487),.UNSPECIFIED.,.F.,.F.,(4,4),(0.0,1.0),.UNSPECIFIED.);
#2613=VERTEX_POINT('',#3488);
#2614=B_SPLINE_CURVE_WITH_KNOTS('',3,(#3489,#3490,#3491,#3492),.UNSPECIFIED.,.F.,.F.,(4,4),(0.0,5.68413986492086E-05),.UNSPECIFIED.);
#2615=B_SPLINE_CURVE_WITH_KNOTS('',3,(#3493,#3494,#3495,#3496),.UNSPECIFIED.,.F.,.F.,(4,4),(0.0,1.0),.UNSPECIFIED.);
#2616=(B_SPLINE_CURVE(3,(#3498,#3499,#3500,#3501),.UNSPECIFIED.,.F.,.F.)B_SPLINE_CURVE_WITH_KNOTS((4,4),(2.69664807359711,3.17757826423541),.UNSPECIFIED.)RATIONAL_B_SPLINE_CURVE((1.0,0.980818210280188,0.980818210280188,1.0))BOUNDED_CURVE()REPRESENTATION_ITEM('')GEOMETRIC_REPRESENTATION_ITEM()CURVE());
#2617=VERTEX_POINT('',#3508);
#2618=LINE('',#3509,#3510);
#2619=LINE('',#3511,#3512);
#2620=LINE('',#3513,#3514);
#2621=CIRCLE('',#3515,0.15);
#2622=LINE('',#3516,#3517);
#2623=LINE('',#3518,#3519);
#2624=VERTEX_POINT('',#3520);
#2625=CIRCLE('',#3521,0.0900000000000001);
#2626=LINE('',#3522,#3523);
#2627=VERTEX_POINT('',#3524);
#2628=LINE('',#3525,#3526);
#2629=VERTEX_POINT('',#3527);
#2630=CIRCLE('',#3528,0.2);
#2631=LINE('',#3529,#3530);
#2632=VERTEX_POINT('',#3531);
#2633=VERTEX_POINT('',#3532);
#2634=LINE('',#3533,#3534);
#2635=LINE('',#3535,#3536);
#2636=LINE('',#3537,#3538);
#2637=VERTEX_POINT('',#3539);
#2638=LINE('',#3540,#3541);
#2639=CIRCLE('',#3542,0.2);
#2640=LINE('',#3543,#3544);
#2641=LINE('',#3545,#3546);
#2642=VERTEX_POINT('',#3547);
#2643=LINE('',#3548,#3549);
#2644=B_SPLINE_CURVE_WITH_KNOTS('',3,(#3550,#3551,#3552,#3553,#3554,#3555),.UNSPECIFIED.,.F.,.F.,(4,1,1,4),(0.0,0.3333333333333,0.6666666666667,1.0),.UNSPECIFIED.);
#2645=LINE('',#3556,#3557);
#2646=VERTEX_POINT('',#3558);
#2647=LINE('',#3559,#3560);
#2648=LINE('',#3561,#3562);
#2649=LINE('',#3563,#3564);
#2650=CARTESIAN_POINT('',(2.75,3.45,1.1));
#2651=CARTESIAN_POINT('',(2.75,3.45,0.0));
#2652=CARTESIAN_POINT('',(2.75,3.45,0.0));
#2653=VECTOR('',#3565,1.0);
#2654=CARTESIAN_POINT('',(2.55,3.25,1.1));
#2655=AXIS2_PLACEMENT_3D('',#3566,#3567,#3568);
#2656=CARTESIAN_POINT('',(2.55,3.25,0.0));
#2657=CARTESIAN_POINT('',(2.55,3.25,0.0));
#2658=VECTOR('',#3569,1000.0);
#2659=AXIS2_PLACEMENT_3D('',#3570,#3571,#3572);
#2660=CARTESIAN_POINT('',(2.69,3.45,0.0));
#2661=CARTESIAN_POINT('',(2.69,3.45,1.1));
#2662=CARTESIAN_POINT('',(2.69,3.45,0.0));
#2663=VECTOR('',#3573,1.0);
#2664=CARTESIAN_POINT('',(2.55,3.31,0.0));
#2665=AXIS2_PLACEMENT_3D('',#3574,#3575,#3576);
#2666=CARTESIAN_POINT('',(2.55,3.31,1.1));
#2667=CARTESIAN_POINT('',(2.55,3.31,0.0));
#2668=VECTOR('',#3577,1000.0);
#2669=AXIS2_PLACEMENT_3D('',#3578,#3579,#3580);
#2670=CARTESIAN_POINT('',(0.872057713659,4.225,0.3));
#2671=CARTESIAN_POINT('',(0.86,4.27,0.3));
#2672=AXIS2_PLACEMENT_3D('',#3581,#3582,#3583);
#2673=CARTESIAN_POINT('',(0.86,4.27,0.425));
#2674=CARTESIAN_POINT('',(0.86,4.27,0.0));
#2675=VECTOR('',#3584,1000.0);
#2676=CARTESIAN_POINT('',(0.872057713659,4.225,0.425));
#2677=AXIS2_PLACEMENT_3D('',#3585,#3586,#3587);
#2678=CARTESIAN_POINT('',(0.872057713659,4.225,0.3));
#2679=VECTOR('',#3588,1000.0);
#2680=CARTESIAN_POINT('',(0.86,4.27,0.675));
#2681=CARTESIAN_POINT('',(0.872057713659,4.225,0.675));
#2682=AXIS2_PLACEMENT_3D('',#3589,#3590,#3591);
#2683=CARTESIAN_POINT('',(0.86,4.27,0.8));
#2684=CARTESIAN_POINT('',(0.86,4.27,0.0));
#2685=VECTOR('',#3592,1000.0);
#2686=CARTESIAN_POINT('',(0.872057713659,4.225,0.8));
#2687=AXIS2_PLACEMENT_3D('',#3593,#3594,#3595);
#2688=CARTESIAN_POINT('',(0.872057713659,4.225,0.675));
#2689=VECTOR('',#3596,1000.0);
#2690=CARTESIAN_POINT('',(0.8,4.27,0.3));
#2691=CARTESIAN_POINT('',(1.04274140474,4.38789415527,0.3));
#2692=AXIS2_PLACEMENT_3D('',#3597,#3598,#3599);
#2693=CARTESIAN_POINT('',(0.8,4.27,0.4083809621031));
#2694=CARTESIAN_POINT('',(0.8,4.27,0.0));
#2695=VECTOR('',#3600,1000.0);
#2696=CARTESIAN_POINT('',(1.04274140474,4.38789415527,0.4083809621031));
#2697=AXIS2_PLACEMENT_3D('',#3601,#3602,#3603);
#2698=CARTESIAN_POINT('',(1.04274140474,4.38789415527,0.3));
#2699=VECTOR('',#3604,1000.0);
#2700=CARTESIAN_POINT('',(1.04274140474,4.38789415527,0.6916190378969));
#2701=CARTESIAN_POINT('',(0.8,4.27,0.6916190378969));
#2702=AXIS2_PLACEMENT_3D('',#3605,#3606,#3607);
#2703=CARTESIAN_POINT('',(0.8,4.27,0.8));
#2704=CARTESIAN_POINT('',(0.8,4.27,0.0));
#2705=VECTOR('',#3608,1000.0);
#2706=CARTESIAN_POINT('',(1.04274140474,4.38789415527,0.8));
#2707=AXIS2_PLACEMENT_3D('',#3609,#3610,#3611);
#2708=CARTESIAN_POINT('',(1.04274140474,4.38789415527,0.6916190378969));
#2709=VECTOR('',#3612,1000.0);
#2710=CARTESIAN_POINT('',(1.014558177472,4.413330826614,0.4203790756265));
#2711=CARTESIAN_POINT('',(0.949999999999764,4.42719886811394,0.4203790756265));
#2712=AXIS2_PLACEMENT_3D('',#3613,#3614,#3615);
#2713=CARTESIAN_POINT('',(0.949999999999764,4.45000000000013,0.5026983964949));
#2714=AXIS2_PLACEMENT_3D('',#3616,#3617,#3618);
#2715=CARTESIAN_POINT('',(1.041142938573,4.425218846465,0.5026984429997));
#2716=AXIS2_PLACEMENT_3D('',#3619,#3620,#3621);
#2717=CARTESIAN_POINT('',(1.014558177472,4.413330826614,0.4203790756265));
#2718=CARTESIAN_POINT('',(1.0213197877313,4.4214549528781,0.437483166916048));
#2719=CARTESIAN_POINT('',(1.03378873972576,4.42944166999771,0.464870349382301));
#2720=CARTESIAN_POINT('',(1.041142938573,4.425218846465,0.5026984429997));
#2721=CARTESIAN_POINT('',(0.949999999999073,4.45000000000035,0.5973016035052));
#2722=CARTESIAN_POINT('',(1.041142938573,4.425218846465,0.5973015570004));
#2723=AXIS2_PLACEMENT_3D('',#3622,#3623,#3624);
#2724=CARTESIAN_POINT('',(0.949999999999073,4.42719886811411,0.6796209243736));
#2725=AXIS2_PLACEMENT_3D('',#3625,#3626,#3627);
#2726=CARTESIAN_POINT('',(1.014558177472,4.413330826614,0.6796209243736));
#2727=AXIS2_PLACEMENT_3D('',#3628,#3629,#3630);
#2728=CARTESIAN_POINT('',(1.041142938573,4.425218846465,0.5973015570004));
#2729=CARTESIAN_POINT('',(1.03325985547397,4.4296690766115,0.641001495324592));
#2730=CARTESIAN_POINT('',(1.01932980471842,4.41906061354997,0.667537448659659));
#2731=CARTESIAN_POINT('',(1.014558177472,4.413330826614,0.6796209243736));
#2732=CARTESIAN_POINT('',(0.83316487685,4.297377417294,0.5973015744397));
#2733=CARTESIAN_POINT('',(0.950000000000088,4.39000000000003,0.5973016035052));
#2734=AXIS2_PLACEMENT_3D('',#3631,#3632,#3633);
#2735=CARTESIAN_POINT('',(0.950000000000088,4.37574929257131,0.6487511790479));
#2736=AXIS2_PLACEMENT_3D('',#3634,#3635,#3636);
#2737=CARTESIAN_POINT('',(0.848896513653,4.300999966579,0.6487511790479));
#2738=AXIS2_PLACEMENT_3D('',#3637,#3638,#3639);
#2739=CARTESIAN_POINT('',(0.848896513653,4.300999966579,0.6487511790479));
#2740=CARTESIAN_POINT('',(0.8393403280756,4.30145028243744,0.633303931404282));
#2741=CARTESIAN_POINT('',(0.83378078126599,4.30000663888076,0.615314587735717));
#2742=CARTESIAN_POINT('',(0.83316487685,4.297377417294,0.5973015744397));
#2743=CARTESIAN_POINT('',(0.950000000001122,4.37574929257094,0.4512488209521));
#2744=CARTESIAN_POINT('',(0.848896513653,4.300999966579,0.4512488209521));
#2745=AXIS2_PLACEMENT_3D('',#3640,#3641,#3642);
#2746=CARTESIAN_POINT('',(0.950000000001122,4.38999999999965,0.5026983964949));
#2747=AXIS2_PLACEMENT_3D('',#3643,#3644,#3645);
#2748=CARTESIAN_POINT('',(0.83316487685,4.297377417294,0.5026984255604));
#2749=AXIS2_PLACEMENT_3D('',#3646,#3647,#3648);
#2750=CARTESIAN_POINT('',(0.83316487685,4.297377417294,0.5026984255604));
#2751=CARTESIAN_POINT('',(0.833780754586399,4.30000651835793,0.484685391617304));
#2752=CARTESIAN_POINT('',(0.839340317034017,4.30145022864265,0.466696060299635));
#2753=CARTESIAN_POINT('',(0.848896513653,4.300999966579,0.4512488209521));
#2754=CARTESIAN_POINT('',(1.005644842844,4.340736493162,0.425));
#2755=CARTESIAN_POINT('',(1.06730050531943,4.2922350832747,0.425000000000555));
#2756=CARTESIAN_POINT('',(1.005644842844,4.340736493162,0.425));
#2757=VECTOR('',#3649,1000.0);
#2758=CARTESIAN_POINT('',(1.012920054327,4.349984842534,0.4446115518838));
#2759=CARTESIAN_POINT('',(1.067300505321,4.292235083273,0.425));
#2760=VECTOR('',#3650,1000.0);
#2761=CARTESIAN_POINT('',(1.012920054327,4.349984842534,0.4446115518838));
#2762=VECTOR('',#3651,1000.0);
#2763=CARTESIAN_POINT('',(0.993428948817,4.366420118668,0.4512488209521));
#2764=AXIS2_PLACEMENT_3D('',#3652,#3653,#3654);
#2765=CARTESIAN_POINT('',(1.006532333838,4.375849252288,0.5026984255604));
#2766=CARTESIAN_POINT('',(0.993428948817,4.366420118668,0.4512488209521));
#2767=CARTESIAN_POINT('',(0.999397630716183,4.37389680685994,0.466695973776888));
#2768=CARTESIAN_POINT('',(1.00415196292618,4.37712076201557,0.484685160553603));
#2769=CARTESIAN_POINT('',(1.006532333838,4.375849252288,0.5026984255604));
#2770=AXIS2_PLACEMENT_3D('',#3655,#3656,#3657);
#2771=CARTESIAN_POINT('',(1.006640286436,4.375791672416,0.5045423376835));
#2772=CARTESIAN_POINT('',(1.006640286436,4.375791672416,0.5045423376835));
#2773=CARTESIAN_POINT('',(1.00647208042535,4.37588155752997,0.503938273966566));
#2774=CARTESIAN_POINT('',(1.00642802300171,4.37590508301187,0.50333052235175));
#2775=CARTESIAN_POINT('',(1.006532333838,4.375849252288,0.5026984255604));
#2776=CARTESIAN_POINT('',(1.006640286436,4.375791672416,0.5954576623166));
#2777=CARTESIAN_POINT('',(1.006640286436,4.375791672416,0.5954576623166));
#2778=VECTOR('',#3658,1000.0);
#2779=CARTESIAN_POINT('',(1.006532333838,4.375849252288,0.5973015744397));
#2780=CARTESIAN_POINT('',(1.006532333838,4.375849252288,0.5973015744397));
#2781=CARTESIAN_POINT('',(1.00643236229823,4.37590277068888,0.596670085109492));
#2782=CARTESIAN_POINT('',(1.00647621657281,4.37587935138239,0.596062093854514));
#2783=CARTESIAN_POINT('',(1.006640286436,4.375791672416,0.5954576623166));
#2784=AXIS2_PLACEMENT_3D('',#3659,#3660,#3661);
#2785=CARTESIAN_POINT('',(0.833136898444,4.29725831056,0.5954576623166));
#2786=CARTESIAN_POINT('',(0.833136898444,4.29725831056,0.5954576623166));
#2787=CARTESIAN_POINT('',(0.833196076577661,4.29751079044273,0.596057089508473));
#2788=CARTESIAN_POINT('',(0.83320766426015,4.29756009288516,0.596661687946924));
#2789=CARTESIAN_POINT('',(0.83316487685,4.297377417294,0.5973015744397));
#2790=CARTESIAN_POINT('',(0.833136898444,4.29725831056,0.5045423376835));
#2791=CARTESIAN_POINT('',(0.833136898444,4.29725831056,0.5045423376835));
#2792=VECTOR('',#3662,1000.0);
#2793=CARTESIAN_POINT('',(0.83316487685,4.297377417294,0.5026984255604));
#2794=CARTESIAN_POINT('',(0.833206512025718,4.29755520896431,0.503337660478613));
#2795=CARTESIAN_POINT('',(0.833194978319628,4.29750612699516,0.503942500059079));
#2796=CARTESIAN_POINT('',(0.833136898444,4.29725831056,0.5045423376835));
#2797=CARTESIAN_POINT('',(0.993428948817,4.366420118668,0.6487511790479));
#2798=CARTESIAN_POINT('',(1.006532333838,4.375849252288,0.5973015744397));
#2799=CARTESIAN_POINT('',(1.00415206825682,4.37712070426668,0.615314859034247));
#2800=CARTESIAN_POINT('',(0.999397677110258,4.37389678051585,0.633304034221578));
#2801=CARTESIAN_POINT('',(0.993428948817,4.366420118668,0.6487511790479));
#2802=AXIS2_PLACEMENT_3D('',#3663,#3664,#3665);
#2803=CARTESIAN_POINT('',(0.856745190528,4.216159310648,0.615988697811));
#2804=CARTESIAN_POINT('',(0.856745190528,4.216159310648,0.615988697811));
#2805=CARTESIAN_POINT('',(0.849780298652561,4.22493966683952,0.613182838186354));
#2806=CARTESIAN_POINT('',(0.83565282430559,4.24940772284452,0.606337779040564));
#2807=CARTESIAN_POINT('',(0.831530651169835,4.2794067156329,0.59949271989479));
#2808=CARTESIAN_POINT('',(0.833136898444,4.29725831056,0.5954576623166));
#2809=CARTESIAN_POINT('',(0.870055524246,4.223844035403,0.671146784677));
#2810=CARTESIAN_POINT('',(0.870055524246,4.223844035403,0.671146784677));
#2811=CARTESIAN_POINT('',(0.853543383179059,4.24348566082146,0.663681582680368));
#2812=CARTESIAN_POINT('',(0.844694017709243,4.27201442231721,0.656216380801153));
#2813=CARTESIAN_POINT('',(0.848896513653,4.300999966579,0.6487511790479));
#2814=CARTESIAN_POINT('',(0.856745190528,4.216159310648,0.615988697811));
#2815=CARTESIAN_POINT('',(0.857076079485806,4.2157437843939,0.635300136515156));
#2816=CARTESIAN_POINT('',(0.861581970787936,4.21864373445015,0.654582679624574));
#2817=CARTESIAN_POINT('',(0.870055524246,4.223844035403,0.671146784677));
#2818=CARTESIAN_POINT('',(0.879764144304493,4.211652070577,0.67499999999964));
#2819=CARTESIAN_POINT('',(0.879764144305,4.211652070576,0.675));
#2820=VECTOR('',#3666,1000.0);
#2821=CARTESIAN_POINT('',(0.93099564266925,4.1229165124622,0.645457662315905));
#2823=CARTESIAN_POINT('',(0.93099564266925,4.1229165124622,0.645457662315905));
#2824=CARTESIAN_POINT('',(0.930995642668724,4.12291651246228,0.664891420716843));
#2825=CARTESIAN_POINT('',(0.913465626306236,4.15327939145962,0.674999999999161));
#2826=CARTESIAN_POINT('',(0.879764144304493,4.211652070577,0.67499999999964));
#2833=CARTESIAN_POINT('',(0.930995642671,4.12291651246,0.6454576623166));
#2834=VECTOR('',#3667,1000.0);
#2835=CARTESIAN_POINT('',(0.93099564266925,4.1229165124622,0.454542337684195));
#2836=CARTESIAN_POINT('',(0.930995642671,4.12291651246,0.4545423376835));
#2837=VECTOR('',#3668,1000.0);
#2838=CARTESIAN_POINT('',(0.856745190528,4.216159310648,0.484011302189));
#2839=CARTESIAN_POINT('',(0.930995642671,4.12291651246,0.4545423376835));
#2840=VECTOR('',#3669,1000.0);
#2841=CARTESIAN_POINT('',(0.856745190528,4.216159310648,0.484011302189));
#2842=VECTOR('',#3670,1000.0);
#2843=CARTESIAN_POINT('',(0.856745190528,4.216159310648,0.484011302189));
#2844=CARTESIAN_POINT('',(0.839679555617395,4.23750544318001,0.490854980687166));
#2845=CARTESIAN_POINT('',(0.830296186840313,4.2670026122614,0.497698659185332));
#2846=CARTESIAN_POINT('',(0.833136898444,4.29725831056,0.5045423376835));
#2847=CARTESIAN_POINT('',(0.870055524246,4.223844035403,0.428853215323));
#2848=CARTESIAN_POINT('',(0.870055524246,4.223844035403,0.428853215323));
#2849=CARTESIAN_POINT('',(0.861142444536293,4.23451137090642,0.432904621175249));
#2850=CARTESIAN_POINT('',(0.848498396834299,4.25871186515063,0.44036994051261));
#2851=CARTESIAN_POINT('',(0.847023145903594,4.28769759513491,0.447835259849981));
#2852=CARTESIAN_POINT('',(0.848896513653,4.300999966579,0.4512488209521));
#2853=CARTESIAN_POINT('',(0.870055524246,4.223844035403,0.428853215323));
#2854=CARTESIAN_POINT('',(0.861581970787934,4.21864373445015,0.445417320375426));
#2855=CARTESIAN_POINT('',(0.857076079485804,4.2157437843939,0.464699863484844));
#2856=CARTESIAN_POINT('',(0.856745190528,4.216159310648,0.484011302189));
#2857=CARTESIAN_POINT('',(0.879764144304484,4.21165207057702,0.42500000000036));
#2859=CARTESIAN_POINT('',(0.879764144304484,4.21165207057702,0.42500000000036));
#2860=CARTESIAN_POINT('',(0.913465626306292,4.15327939145952,0.425000000000836));
#2861=CARTESIAN_POINT('',(0.930995642668785,4.12291651246217,0.43510857928319));
#2862=CARTESIAN_POINT('',(0.93099564266925,4.1229165124622,0.454542337684195));
#2869=CARTESIAN_POINT('',(0.879764144305,4.211652070576,0.425));
#2870=VECTOR('',#3671,1000.0);
#2871=CARTESIAN_POINT('',(0.872057713659,4.225,0.425));
#2872=VECTOR('',#3672,1000.0);
#2873=CARTESIAN_POINT('',(0.870055524246,4.223844035403,0.428853215323));
#2874=VECTOR('',#3673,1000.0);
#2875=AXIS2_PLACEMENT_3D('',#3674,#3675,#3676);
#2876=CARTESIAN_POINT('',(1.012920054327,4.349984842534,0.4446115518838));
#2877=CARTESIAN_POINT('',(1.00725269949897,4.35613202164772,0.446823975030714));
#2878=CARTESIAN_POINT('',(1.00070505119789,4.36168696952944,0.449036398054266));
#2879=CARTESIAN_POINT('',(0.993428948817,4.366420118668,0.4512488209521));
#2880=CARTESIAN_POINT('',(1.022422616578,4.36206463098,0.4997696387499));
#2881=CARTESIAN_POINT('',(1.022422616578,4.36206463098,0.4997696387499));
#2882=CARTESIAN_POINT('',(1.01761199059536,4.36701103294175,0.501360761882166));
#2883=CARTESIAN_POINT('',(1.01233619931849,4.37162119177719,0.502951834304236));
#2884=CARTESIAN_POINT('',(1.006640286436,4.375791672416,0.5045423376835));
#2885=CARTESIAN_POINT('',(1.022422616578,4.36206463098,0.4997696387499));
#2886=CARTESIAN_POINT('',(1.02278676538395,4.36167792021313,0.480458200045725));
#2887=CARTESIAN_POINT('',(1.01927447479258,4.35763112128592,0.461175656936287));
#2888=CARTESIAN_POINT('',(1.012920054327,4.349984842534,0.4446115518838));
#2889=CARTESIAN_POINT('',(1.14783242829303,4.2288846682708,0.45454233768391));
#2891=CARTESIAN_POINT('',(1.14783242829303,4.2288846682708,0.45454233768391));
#2892=CARTESIAN_POINT('',(1.14783242829196,4.22888466827167,0.435108579283198));
#2893=CARTESIAN_POINT('',(1.1202766086795,4.25056144617258,0.425000000000865));
#2894=CARTESIAN_POINT('',(1.06730050531943,4.2922350832747,0.425000000000555));
#2901=CARTESIAN_POINT('',(1.147832428294,4.22888466827,0.4545423376835));
#2902=VECTOR('',#3677,1000.0);
#2903=CARTESIAN_POINT('',(1.14783242829303,4.2288846682708,0.64545766231614));
#2904=CARTESIAN_POINT('',(1.147832428294,4.22888466827,0.6454576623166));
#2905=VECTOR('',#3678,1000.0);
#2906=CARTESIAN_POINT('',(1.022422616578,4.36206463098,0.6002303612502));
#2907=CARTESIAN_POINT('',(1.147832428294,4.22888466827,0.6454576623166));
#2908=VECTOR('',#3679,1000.0);
#2909=CARTESIAN_POINT('',(1.022422616578,4.36206463098,0.6002303612502));
#2910=VECTOR('',#3680,1000.0);
#2911=CARTESIAN_POINT('',(1.022422616578,4.36206463098,0.6002303612502));
#2912=CARTESIAN_POINT('',(1.01764275898103,4.36703919205675,0.598639461605667));
#2913=CARTESIAN_POINT('',(1.01236045097762,4.37164638836357,0.597048561961133));
#2914=CARTESIAN_POINT('',(1.006640286436,4.375791672416,0.5954576623166));
#2915=CARTESIAN_POINT('',(1.012920054327,4.349984842534,0.6553884481162));
#2916=CARTESIAN_POINT('',(1.012920054327,4.349984842534,0.6553884481162));
#2917=CARTESIAN_POINT('',(1.00723477917813,4.35611377131955,0.653169239983098));
#2918=CARTESIAN_POINT('',(1.00068156564225,4.3616617573248,0.650957519250744));
#2919=CARTESIAN_POINT('',(0.993428948817,4.366420118668,0.6487511790479));
#2920=CARTESIAN_POINT('',(1.012920054327,4.349984842534,0.6553884481162));
#2921=CARTESIAN_POINT('',(1.01927447479257,4.3576311212859,0.638824343063741));
#2922=CARTESIAN_POINT('',(1.02278676538393,4.36167792021311,0.619541799954341));
#2923=CARTESIAN_POINT('',(1.022422616578,4.36206463098,0.6002303612502));
#2924=CARTESIAN_POINT('',(1.06730050531943,4.2922350832747,0.674999999999444));
#2926=CARTESIAN_POINT('',(1.06730050531943,4.2922350832747,0.674999999999444));
#2927=CARTESIAN_POINT('',(1.12027660867945,4.25056144617261,0.674999999999135));
#2928=CARTESIAN_POINT('',(1.14783242829192,4.22888466827171,0.664891420716819));
#2929=CARTESIAN_POINT('',(1.14783242829303,4.2288846682708,0.64545766231614));
#2936=CARTESIAN_POINT('',(1.067300505321,4.292235083273,0.675));
#2937=VECTOR('',#3681,1000.0);
#2938=CARTESIAN_POINT('',(1.005644842844,4.340736493162,0.675));
#2939=CARTESIAN_POINT('',(1.005644842844,4.340736493162,0.675));
#2940=VECTOR('',#3682,1000.0);
#2941=CARTESIAN_POINT('',(1.012920054327,4.349984842534,0.6553884481162));
#2942=VECTOR('',#3683,1000.0);
#2943=AXIS2_PLACEMENT_3D('',#3684,#3685,#3686);
#2944=CARTESIAN_POINT('',(0.870055524246,4.223844035403,0.671146784677));
#2945=VECTOR('',#3687,1000.0);
#2946=CARTESIAN_POINT('',(0.872057713659,4.225,0.675));
#2947=VECTOR('',#3688,1000.0);
#2948=CARTESIAN_POINT('',(1.300626701072,3.50411809549,0.1));
#2949=CARTESIAN_POINT('',(1.252046067743,3.517135236958,0.1));
#2950=CARTESIAN_POINT('',(1.300626701072,3.50411809549,0.1));
#2951=VECTOR('',#3689,1000.0);
#2952=CARTESIAN_POINT('',(1.267575210449,3.575090786536,0.1));
#2953=CARTESIAN_POINT('',(1.267575210449,3.575090786536,0.1));
#2954=VECTOR('',#3690,1000.0);
#2955=CARTESIAN_POINT('',(1.316155843778,3.562073645067,0.1));
#2956=CARTESIAN_POINT('',(1.316155843778,3.562073645067,0.1));
#2957=VECTOR('',#3691,1000.0);
#2958=CARTESIAN_POINT('',(1.300626701072,3.50411809549,0.1));
#2959=VECTOR('',#3692,1000.0);
#2960=CARTESIAN_POINT('',(1.252046067743,3.517135236958,0.3));
#2961=CARTESIAN_POINT('',(1.252046067743,3.517135236958,0.1));
#2962=VECTOR('',#3693,1000.0);
#2963=CARTESIAN_POINT('',(1.267575210449,3.575090786536,0.3));
#2964=CARTESIAN_POINT('',(1.267575210449,3.575090786536,0.3));
#2965=VECTOR('',#3694,1000.0);
#2966=CARTESIAN_POINT('',(1.267575210449,3.575090786536,0.1));
#2967=VECTOR('',#3695,1000.0);
#2968=CARTESIAN_POINT('',(1.231142828928,3.603046336113,0.3));
#2969=AXIS2_PLACEMENT_3D('',#3696,#3697,#3698);
#2970=CARTESIAN_POINT('',(1.231142828928,3.603046336113,0.8));
#2971=CARTESIAN_POINT('',(1.231142828928,3.603046336113,0.8));
#2972=VECTOR('',#3699,1000.0);
#2973=CARTESIAN_POINT('',(1.267575210449,3.575090786536,0.8));
#2974=AXIS2_PLACEMENT_3D('',#3700,#3701,#3702);
#2975=CARTESIAN_POINT('',(1.267575210449,3.575090786536,0.8));
#2976=VECTOR('',#3703,1000.0);
#2977=CARTESIAN_POINT('',(1.252046067743,3.517135236958,0.8));
#2978=CARTESIAN_POINT('',(1.267575210449,3.575090786536,0.8));
#2979=VECTOR('',#3704,1000.0);
#2980=CARTESIAN_POINT('',(1.252046067743,3.517135236958,1.0));
#2981=CARTESIAN_POINT('',(1.252046067743,3.517135236958,0.8));
#2982=VECTOR('',#3705,1000.0);
#2983=CARTESIAN_POINT('',(1.267575210449,3.575090786536,1.0));
#2984=CARTESIAN_POINT('',(1.267575210449,3.575090786536,1.0));
#2985=VECTOR('',#3706,1000.0);
#2986=CARTESIAN_POINT('',(1.267575210449,3.575090786536,0.8));
#2987=VECTOR('',#3707,1000.0);
#2988=CARTESIAN_POINT('',(1.316155843778,3.562073645067,1.0));
#2989=CARTESIAN_POINT('',(1.267575210449,3.575090786536,1.0));
#2990=VECTOR('',#3708,1000.0);
#2991=CARTESIAN_POINT('',(1.300626701072,3.50411809549,1.0));
#2992=CARTESIAN_POINT('',(1.252046067743,3.517135236958,1.0));
#2993=VECTOR('',#3709,1000.0);
#2994=CARTESIAN_POINT('',(1.300626701072,3.50411809549,1.0));
#2995=VECTOR('',#3710,1000.0);
#2996=CARTESIAN_POINT('',(1.397219283701,3.478236190979,0.9));
#2997=AXIS2_PLACEMENT_3D('',#3711,#3712,#3713);
#2998=CARTESIAN_POINT('',(1.412748426407,3.536191740557,0.9));
#2999=CARTESIAN_POINT('',(1.397219283701,3.478236190979,0.9));
#3000=VECTOR('',#3714,1000.0);
#3001=AXIS2_PLACEMENT_3D('',#3715,#3716,#3717);
#3002=CARTESIAN_POINT('',(1.412748426407,3.536191740557,0.2));
#3003=CARTESIAN_POINT('',(1.412748426407,3.536191740557,0.9));
#3004=VECTOR('',#3718,1000.0);
#3005=CARTESIAN_POINT('',(1.397219283701,3.478236190979,0.2));
#3006=CARTESIAN_POINT('',(1.397219283701,3.478236190979,0.2));
#3007=VECTOR('',#3719,1000.0);
#3008=CARTESIAN_POINT('',(1.397219283701,3.478236190979,0.2));
#3009=VECTOR('',#3720,1000.0);
#3010=AXIS2_PLACEMENT_3D('',#3721,#3722,#3723);
#3011=AXIS2_PLACEMENT_3D('',#3724,#3725,#3726);
#3012=CARTESIAN_POINT('',(1.252046067743,3.517135236958,0.8));
#3013=VECTOR('',#3727,1000.0);
#3014=CARTESIAN_POINT('',(1.179181304701,3.573046336113,0.8));
#3015=AXIS2_PLACEMENT_3D('',#3728,#3729,#3730);
#3016=CARTESIAN_POINT('',(1.179181304701,3.573046336113,0.3));
#3017=CARTESIAN_POINT('',(1.179181304701,3.573046336113,0.8));
#3018=VECTOR('',#3731,1000.0);
#3019=AXIS2_PLACEMENT_3D('',#3732,#3733,#3734);
#3020=CARTESIAN_POINT('',(1.75,3.25,1.1));
#3021=CARTESIAN_POINT('',(1.75,3.31,1.1));
#3022=CARTESIAN_POINT('',(1.75,3.25,1.1));
#3023=VECTOR('',#3735,1000.0);
#3024=CARTESIAN_POINT('',(1.75,3.31,0.97));
#3025=CARTESIAN_POINT('',(1.75,3.31,0.97));
#3026=VECTOR('',#3736,1000.0);
#3027=CARTESIAN_POINT('',(1.75,3.25,0.97));
#3028=CARTESIAN_POINT('',(1.75,3.25,0.97));
#3029=VECTOR('',#3737,1000.0);
#3030=CARTESIAN_POINT('',(1.75,3.25,0.97));
#3031=VECTOR('',#3738,1000.0);
#3032=CARTESIAN_POINT('',(1.75,3.38,1.04));
#3033=AXIS2_PLACEMENT_3D('',#3739,#3740,#3741);
#3034=CARTESIAN_POINT('',(0.55,3.31,0.97));
#3035=CARTESIAN_POINT('',(0.55,3.31,0.97));
#3036=VECTOR('',#3742,1000.0);
#3037=CARTESIAN_POINT('',(0.55,3.38,1.04));
#3038=AXIS2_PLACEMENT_3D('',#3743,#3744,#3745);
#3039=CARTESIAN_POINT('',(0.55,3.38,1.04));
#3040=VECTOR('',#3746,1000.0);
#3041=CARTESIAN_POINT('',(1.62,3.59,0.875));
#3042=CARTESIAN_POINT('',(1.62,3.65,0.875));
#3043=CARTESIAN_POINT('',(1.62,3.59,0.875));
#3044=VECTOR('',#3747,1000.0);
#3045=CARTESIAN_POINT('',(0.68,3.59,0.875));
#3046=CARTESIAN_POINT('',(0.68,3.59,0.875));
#3047=VECTOR('',#3748,1000.0);
#3048=CARTESIAN_POINT('',(0.68,3.65,0.875));
#3049=CARTESIAN_POINT('',(0.68,3.59,0.875));
#3050=VECTOR('',#3749,1000.0);
#3051=CARTESIAN_POINT('',(0.68,3.65,0.875));
#3052=VECTOR('',#3750,1000.0);
#3053=CARTESIAN_POINT('',(0.552426491778,3.59,0.98));
#3054=AXIS2_PLACEMENT_3D('',#3751,#3752,#3753);
#3055=CARTESIAN_POINT('',(1.747573508222,3.59,0.98));
#3056=AXIS2_PLACEMENT_3D('',#3754,#3755,#3756);
#3057=CARTESIAN_POINT('',(0.552426491778,3.59,0.98));
#3058=VECTOR('',#3757,1000.0);
#3059=CARTESIAN_POINT('',(0.55,3.584543560573,1.005));
#3060=CARTESIAN_POINT('',(0.55,3.584543560573,1.005));
#3061=CARTESIAN_POINT('',(0.55,3.586271463144,1.001230161659));
#3062=CARTESIAN_POINT('',(0.550329359935,3.589006917682,0.9931938843887));
#3063=CARTESIAN_POINT('',(0.551555707322,3.59,0.9844435611197));
#3064=CARTESIAN_POINT('',(0.552426491778,3.59,0.98));
#3065=CARTESIAN_POINT('',(0.55,3.647366945943,1.005));
#3066=CARTESIAN_POINT('',(0.55,3.584543560573,1.005));
#3067=VECTOR('',#3758,1000.0);
#3068=CARTESIAN_POINT('',(0.552426491778,3.65,0.98));
#3069=CARTESIAN_POINT('',(0.552426491778,3.65,0.98));
#3070=CARTESIAN_POINT('',(0.551604005821,3.65,0.9841970967635));
#3071=CARTESIAN_POINT('',(0.550389129488,3.649558946565,0.9925946614769));
#3072=CARTESIAN_POINT('',(0.55,3.648241218193,1.000895573446));
#3073=CARTESIAN_POINT('',(0.55,3.647366945943,1.005));
#3074=AXIS2_PLACEMENT_3D('',#3759,#3760,#3761);
#3075=CARTESIAN_POINT('',(1.747573508222,3.65,0.98));
#3076=AXIS2_PLACEMENT_3D('',#3762,#3763,#3764);
#3077=CARTESIAN_POINT('',(0.552426491778,3.65,0.98));
#3078=VECTOR('',#3765,1000.0);
#3079=CARTESIAN_POINT('',(1.75,3.584543560573,1.005));
#3080=CARTESIAN_POINT('',(1.75,3.647366945943,1.005));
#3081=CARTESIAN_POINT('',(1.75,3.584543560573,1.005));
#3082=VECTOR('',#3766,1000.0);
#3083=CARTESIAN_POINT('',(1.747573508222,3.59,0.98));
#3084=CARTESIAN_POINT('',(1.748445054672,3.59,0.9844474495278));
#3085=CARTESIAN_POINT('',(1.749671333874,3.589005162148,0.9932017512553));
#3086=CARTESIAN_POINT('',(1.75,3.58626981237,1.001233763223));
#3087=CARTESIAN_POINT('',(1.75,3.584543560573,1.005));
#3088=CARTESIAN_POINT('',(1.75,3.647366945943,1.005));
#3089=CARTESIAN_POINT('',(1.75,3.648240394771,1.000899439144));
#3090=CARTESIAN_POINT('',(1.749611623028,3.649558115671,0.9926025833058));
#3091=CARTESIAN_POINT('',(1.74839675428,3.65,0.984200975509));
#3092=CARTESIAN_POINT('',(1.747573508222,3.65,0.98));
#3093=CARTESIAN_POINT('',(1.75,3.53,1.1));
#3094=AXIS2_PLACEMENT_3D('',#3767,#3768,#3769);
#3095=CARTESIAN_POINT('',(1.75,3.38,1.1));
#3096=CARTESIAN_POINT('',(1.75,3.38,1.1));
#3097=VECTOR('',#3770,1000.0);
#3098=AXIS2_PLACEMENT_3D('',#3771,#3772,#3773);
#3099=CARTESIAN_POINT('',(1.75,3.53,1.04));
#3100=CARTESIAN_POINT('',(1.75,3.38,1.04));
#3101=VECTOR('',#3774,1000.0);
#3102=AXIS2_PLACEMENT_3D('',#3775,#3776,#3777);
#3103=CARTESIAN_POINT('',(0.55,3.53,1.04));
#3104=CARTESIAN_POINT('',(0.55,3.53,1.04));
#3105=VECTOR('',#3778,1000.0);
#3106=AXIS2_PLACEMENT_3D('',#3779,#3780,#3781);
#3107=CARTESIAN_POINT('',(0.55,3.53,1.04));
#3108=VECTOR('',#3782,1000.0);
#3109=CARTESIAN_POINT('',(0.55,3.53,1.1));
#3110=CARTESIAN_POINT('',(0.55,3.53,1.1));
#3111=VECTOR('',#3783,1000.0);
#3112=AXIS2_PLACEMENT_3D('',#3784,#3785,#3786);
#3113=CARTESIAN_POINT('',(0.55,3.38,1.1));
#3114=CARTESIAN_POINT('',(0.55,3.53,1.1));
#3115=VECTOR('',#3787,1000.0);
#3116=CARTESIAN_POINT('',(0.55,3.38,1.1));
#3117=VECTOR('',#3788,1000.0);
#3118=CARTESIAN_POINT('',(0.55,3.25,0.97));
#3119=AXIS2_PLACEMENT_3D('',#3789,#3790,#3791);
#3120=CARTESIAN_POINT('',(0.55,3.25,0.97));
#3121=VECTOR('',#3792,1000.0);
#3122=CARTESIAN_POINT('',(0.68,3.59,0.225));
#3123=CARTESIAN_POINT('',(0.68,3.65,0.225));
#3124=CARTESIAN_POINT('',(0.68,3.59,0.225));
#3125=VECTOR('',#3793,1000.0);
#3126=CARTESIAN_POINT('',(1.62,3.59,0.225));
#3127=CARTESIAN_POINT('',(0.68,3.59,0.225));
#3128=VECTOR('',#3794,1000.0);
#3129=CARTESIAN_POINT('',(1.62,3.65,0.225));
#3130=CARTESIAN_POINT('',(1.62,3.59,0.225));
#3131=VECTOR('',#3795,1000.0);
#3132=CARTESIAN_POINT('',(0.68,3.65,0.225));
#3133=VECTOR('',#3796,1000.0);
#3134=CARTESIAN_POINT('',(1.747573508222,3.59,0.12));
#3135=AXIS2_PLACEMENT_3D('',#3797,#3798,#3799);
#3136=CARTESIAN_POINT('',(0.552426491778,3.59,0.12));
#3137=AXIS2_PLACEMENT_3D('',#3800,#3801,#3802);
#3138=CARTESIAN_POINT('',(0.552426491778,3.59,0.12));
#3139=VECTOR('',#3803,1000.0);
#3140=CARTESIAN_POINT('',(0.55,3.53,0.06));
#3141=CARTESIAN_POINT('',(1.75,3.53,0.06));
#3142=CARTESIAN_POINT('',(0.55,3.53,0.06));
#3143=VECTOR('',#3804,1000.0);
#3144=CARTESIAN_POINT('',(1.75,3.584543560573,0.095));
#3145=AXIS2_PLACEMENT_3D('',#3805,#3806,#3807);
#3146=CARTESIAN_POINT('',(1.75,3.584543560573,0.095));
#3147=CARTESIAN_POINT('',(1.75,3.586271542191,0.09877001080265));
#3148=CARTESIAN_POINT('',(1.749670606828,3.589007001717,0.1068064923223));
#3149=CARTESIAN_POINT('',(1.74844425619,3.59,0.1155566250768));
#3150=CARTESIAN_POINT('',(1.747573508222,3.59,0.12));
#3151=CARTESIAN_POINT('',(0.55,3.584543560573,0.095));
#3152=CARTESIAN_POINT('',(0.552426491778,3.59,0.12));
#3153=CARTESIAN_POINT('',(0.551554918686,3.59,0.1155524145193));
#3154=CARTESIAN_POINT('',(0.550328641878,3.589005100747,0.1067979736946));
#3155=CARTESIAN_POINT('',(0.55,3.586269754653,0.09876611085417));
#3156=CARTESIAN_POINT('',(0.55,3.584543560573,0.095));
#3157=AXIS2_PLACEMENT_3D('',#3808,#3809,#3810);
#3158=CARTESIAN_POINT('',(0.55,3.38,0.06));
#3159=CARTESIAN_POINT('',(0.55,3.38,0.06));
#3160=VECTOR('',#3811,1000.0);
#3161=CARTESIAN_POINT('',(1.75,3.38,0.06));
#3162=CARTESIAN_POINT('',(1.75,3.38,0.06));
#3163=VECTOR('',#3812,1000.0);
#3164=CARTESIAN_POINT('',(1.75,3.53,0.06));
#3165=VECTOR('',#3813,1000.0);
#3166=CARTESIAN_POINT('',(0.55,3.31,0.13));
#3167=AXIS2_PLACEMENT_3D('',#3814,#3815,#3816);
#3168=CARTESIAN_POINT('',(1.75,3.31,0.13));
#3169=CARTESIAN_POINT('',(1.75,3.31,0.13));
#3170=VECTOR('',#3817,1000.0);
#3171=AXIS2_PLACEMENT_3D('',#3818,#3819,#3820);
#3172=CARTESIAN_POINT('',(1.75,3.647366945943,0.095));
#3173=CARTESIAN_POINT('',(1.75,3.584543560573,0.095));
#3174=VECTOR('',#3821,1000.0);
#3175=CARTESIAN_POINT('',(1.75,3.25,0.13));
#3176=CARTESIAN_POINT('',(1.75,3.25,0.13));
#3177=VECTOR('',#3822,1000.0);
#3178=CARTESIAN_POINT('',(1.75,3.38,0.0));
#3179=AXIS2_PLACEMENT_3D('',#3823,#3824,#3825);
#3180=CARTESIAN_POINT('',(1.75,3.53,0.0));
#3181=CARTESIAN_POINT('',(1.75,3.53,0.0));
#3182=VECTOR('',#3826,1000.0);
#3183=AXIS2_PLACEMENT_3D('',#3827,#3828,#3829);
#3184=CARTESIAN_POINT('',(1.747573508222,3.65,0.12));
#3185=CARTESIAN_POINT('',(1.747573508222,3.65,0.12));
#3186=CARTESIAN_POINT('',(1.748396025379,3.65,0.1158027440284));
#3187=CARTESIAN_POINT('',(1.74961090141,3.649558912472,0.1074050133607));
#3188=CARTESIAN_POINT('',(1.75,3.648241184394,0.09910426788117));
#3189=CARTESIAN_POINT('',(1.75,3.647366945943,0.095));
#3190=AXIS2_PLACEMENT_3D('',#3830,#3831,#3832);
#3191=CARTESIAN_POINT('',(0.552426491778,3.65,0.12));
#3192=AXIS2_PLACEMENT_3D('',#3833,#3834,#3835);
#3193=CARTESIAN_POINT('',(0.552426491778,3.65,0.12));
#3194=VECTOR('',#3836,1000.0);
#3195=CARTESIAN_POINT('',(0.55,3.647366945943,0.095));
#3196=CARTESIAN_POINT('',(0.55,3.584543560573,0.095));
#3197=VECTOR('',#3837,1000.0);
#3198=CARTESIAN_POINT('',(0.55,3.647366945943,0.095));
#3199=CARTESIAN_POINT('',(0.55,3.648240384948,0.09910051474043));
#3200=CARTESIAN_POINT('',(0.550388367999,3.649558105755,0.1073973221916));
#3201=CARTESIAN_POINT('',(0.551603236653,3.65,0.1157989782198));
#3202=CARTESIAN_POINT('',(0.552426491778,3.65,0.12));
#3203=CARTESIAN_POINT('',(0.55,3.53,0.0));
#3204=AXIS2_PLACEMENT_3D('',#3838,#3839,#3840);
#3205=CARTESIAN_POINT('',(0.55,3.38,0.0));
#3206=CARTESIAN_POINT('',(0.55,3.38,0.0));
#3207=VECTOR('',#3841,1000.0);
#3208=CARTESIAN_POINT('',(0.55,3.25,0.13));
#3209=AXIS2_PLACEMENT_3D('',#3842,#3843,#3844);
#3210=CARTESIAN_POINT('',(0.55,3.25,0.13));
#3211=VECTOR('',#3845,1000.0);
#3212=CARTESIAN_POINT('',(0.55,3.31,0.13));
#3213=VECTOR('',#3846,1000.0);
#3214=CARTESIAN_POINT('',(0.55,3.53,0.0));
#3215=VECTOR('',#3847,1000.0);
#3216=CARTESIAN_POINT('',(1.75,3.38,0.0));
#3217=VECTOR('',#3848,1000.0);
#3218=CARTESIAN_POINT('',(1.75,3.25,0.13));
#3219=VECTOR('',#3849,1000.0);
#3220=CARTESIAN_POINT('',(1.75,3.25,1.1));
#3221=VECTOR('',#3850,1000.0);
#3222=CARTESIAN_POINT('',(1.75,3.25,0.0));
#3223=CARTESIAN_POINT('',(1.75,3.25,0.13));
#3224=VECTOR('',#3851,1000.0);
#3225=CARTESIAN_POINT('',(1.75,3.25,0.0));
#3226=VECTOR('',#3852,1000.0);
#3227=CARTESIAN_POINT('',(1.75,3.31,0.0));
#3228=CARTESIAN_POINT('',(1.75,3.31,0.13));
#3229=VECTOR('',#3853,1000.0);
#3230=CARTESIAN_POINT('',(1.75,3.25,0.0));
#3231=VECTOR('',#3854,1000.0);
#3232=CARTESIAN_POINT('',(1.75,3.31,1.1));
#3233=VECTOR('',#3855,1000.0);
#3234=CARTESIAN_POINT('',(1.75,3.31,0.0));
#3235=VECTOR('',#3856,1000.0);
#3236=CARTESIAN_POINT('',(2.05,3.59,0.1535455150051));
#3237=CARTESIAN_POINT('',(1.889248231785,3.645650130865,0.2022253774483));
#3238=CARTESIAN_POINT('',(2.05,3.59,0.1535455150051));
#3239=CARTESIAN_POINT('',(2.0211162813689,3.59,0.1616588254123));
#3240=CARTESIAN_POINT('',(1.963355076721,3.599716228739,0.1778854462267));
#3241=CARTESIAN_POINT('',(1.911949709179,3.627792019932,0.1941120670411));
#3242=CARTESIAN_POINT('',(1.889248231785,3.645650130865,0.2022253774483));
#3243=CARTESIAN_POINT('',(2.05,3.59,0.9464544849949));
#3244=CARTESIAN_POINT('',(2.05,3.59,0.1535455150051));
#3245=VECTOR('',#3857,1000.0);
#3246=CARTESIAN_POINT('',(1.889248231785,3.645650130865,0.8977746225517));
#3247=CARTESIAN_POINT('',(2.05,3.59,0.9464544849949));
#3248=CARTESIAN_POINT('',(2.0211162813689,3.59,0.9383411745877));
#3249=CARTESIAN_POINT('',(1.963355076721,3.599716228739,0.9221145537733));
#3250=CARTESIAN_POINT('',(1.911949709179,3.627792019932,0.9058879329589));
#3251=CARTESIAN_POINT('',(1.889248231785,3.645650130865,0.8977746225517));
#3252=CARTESIAN_POINT('',(1.889248231785,3.645650130865,0.2022253774483));
#3253=VECTOR('',#3858,1000.0);
#3254=CARTESIAN_POINT('',(2.55,3.59,0.0));
#3255=CARTESIAN_POINT('',(2.55,3.59,1.1));
#3256=CARTESIAN_POINT('',(2.55,3.59,0.0));
#3257=VECTOR('',#3859,1000.0);
#3258=CARTESIAN_POINT('',(2.5106365450153,3.59,1.1));
#3259=CARTESIAN_POINT('',(2.55,3.59,1.1));
#3260=VECTOR('',#3860,1000.0);
#3261=CARTESIAN_POINT('',(2.05,3.59,0.9464544849949));
#3262=VECTOR('',#3861,1000.0);
#3263=CARTESIAN_POINT('',(2.5106365450153,3.59,0.0));
#3264=CARTESIAN_POINT('',(2.05,3.59,0.1535455150051));
#3265=VECTOR('',#3862,1000.0);
#3266=CARTESIAN_POINT('',(2.55,3.59,0.0));
#3267=VECTOR('',#3863,1000.0);
#3268=AXIS2_PLACEMENT_3D('',#3864,#3865,#3866);
#3269=AXIS2_PLACEMENT_3D('',#3867,#3868,#3869);
#3270=CARTESIAN_POINT('',(2.55,3.65,0.0));
#3271=AXIS2_PLACEMENT_3D('',#3870,#3871,#3872);
#3272=CARTESIAN_POINT('',(2.55,3.65,1.1));
#3273=CARTESIAN_POINT('',(2.55,3.65,0.0));
#3274=VECTOR('',#3873,1000.0);
#3275=AXIS2_PLACEMENT_3D('',#3874,#3875,#3876);
#3276=CARTESIAN_POINT('',(2.5106365450153,3.65,1.1));
#3277=CARTESIAN_POINT('',(2.55,3.65,1.1));
#3278=VECTOR('',#3877,1000.0);
#3279=CARTESIAN_POINT('',(2.5106365450153,3.65,1.1));
#3280=VECTOR('',#3878,1000.0);
#3281=CARTESIAN_POINT('',(2.05,3.65,0.9464544849949));
#3282=CARTESIAN_POINT('',(2.05,3.65,0.9464544849949));
#3283=VECTOR('',#3879,1000.0);
#3284=CARTESIAN_POINT('',(2.05,3.65,0.9464544849949));
#3285=VECTOR('',#3880,1000.0);
#3286=CARTESIAN_POINT('',(1.926344793681,3.692807792973,0.8977746225517));
#3287=CARTESIAN_POINT('',(1.926344793681,3.692807792973,0.8977746225517));
#3288=VECTOR('',#3881,1000.0);
#3289=CARTESIAN_POINT('',(2.05,3.65,0.9464544849949));
#3290=CARTESIAN_POINT('',(2.0351907493183,3.65,0.9410466750111));
#3291=CARTESIAN_POINT('',(2.0055725472127,3.653302009558,0.9302247685857));
#3292=CARTESIAN_POINT('',(1.963304593828,3.66793461462,0.9140043389609));
#3293=CARTESIAN_POINT('',(1.937984287676,3.68365158823,0.9031824325355));
#3294=CARTESIAN_POINT('',(1.926344793681,3.692807792973,0.8977746225517));
#3295=CARTESIAN_POINT('',(1.682906858043,3.80796851563,0.8102633403899));
#3296=CARTESIAN_POINT('',(1.889248231785,3.645650130865,0.8977746225517));
#3297=VECTOR('',#3882,1000.0);
#3298=CARTESIAN_POINT('',(1.720003419939,3.855126177738,0.8102633403899));
#3299=CARTESIAN_POINT('',(1.926344793681,3.692807792973,0.8977746225517));
#3300=VECTOR('',#3883,1000.0);
#3301=CARTESIAN_POINT('',(1.720003419939,3.855126177738,0.8102633403899));
#3302=VECTOR('',#3884,1000.0);
#3303=CARTESIAN_POINT('',(1.633198317579,3.84707172528,0.8));
#3304=AXIS2_PLACEMENT_3D('',#3885,#3886,#3887);
#3305=CARTESIAN_POINT('',(1.670294879475,3.894229387389,0.8));
#3306=AXIS2_PLACEMENT_3D('',#3888,#3889,#3890);
#3307=CARTESIAN_POINT('',(1.670294879475,3.894229387389,0.8));
#3308=VECTOR('',#3891,1000.0);
#3309=CARTESIAN_POINT('',(0.820096189432,4.195,0.8));
#3310=CARTESIAN_POINT('',(0.820096189432,4.195,0.8));
#3311=VECTOR('',#3892,1000.0);
#3312=CARTESIAN_POINT('',(0.872057713659,4.225,0.8));
#3313=VECTOR('',#3893,1000.0);
#3314=CARTESIAN_POINT('',(1.005644842844,4.340736493162,0.8));
#3315=AXIS2_PLACEMENT_3D('',#3894,#3895,#3896);
#3316=CARTESIAN_POINT('',(1.005644842844,4.340736493162,0.8));
#3317=VECTOR('',#3897,1000.0);
#3318=CARTESIAN_POINT('',(1.04274140474,4.38789415527,0.8));
#3319=VECTOR('',#3898,1000.0);
#3320=AXIS2_PLACEMENT_3D('',#3899,#3900,#3901);
#3321=CARTESIAN_POINT('',(0.773231507839,4.303953287455,0.5973015570004));
#3322=AXIS2_PLACEMENT_3D('',#3902,#3903,#3904);
#3323=CARTESIAN_POINT('',(0.799707234634,4.31608219629,0.6796209243736));
#3324=CARTESIAN_POINT('',(0.799707234634,4.31608219629,0.6796209243736));
#3325=CARTESIAN_POINT('',(0.789136058830351,4.3163620174418,0.662497516906489));
#3326=CARTESIAN_POINT('',(0.77491761884847,4.31226277188195,0.635108457816711));
#3327=CARTESIAN_POINT('',(0.773231507839,4.303953287455,0.5973015570004));
#3328=AXIS2_PLACEMENT_3D('',#3905,#3906,#3907);
#3329=CARTESIAN_POINT('',(0.799707234634,4.31608219629,0.4203790756265));
#3330=AXIS2_PLACEMENT_3D('',#3908,#3909,#3910);
#3331=CARTESIAN_POINT('',(0.773231507839,4.303953287455,0.5026984429997));
#3332=CARTESIAN_POINT('',(0.773231507839,4.303953287455,0.5026984429997));
#3333=CARTESIAN_POINT('',(0.77509691511609,4.3128121840388,0.458999056096217));
#3334=CARTESIAN_POINT('',(0.792259160729275,4.31627679669158,0.432464175000532));
#3335=CARTESIAN_POINT('',(0.799707234634,4.31608219629,0.4203790756265));
#3336=AXIS2_PLACEMENT_3D('',#3911,#3912,#3913);
#3337=CARTESIAN_POINT('',(0.77317615137,4.3036649158,0.5056487023966));
#3338=CARTESIAN_POINT('',(0.77317615137,4.3036649158,0.5943512976034));
#3339=CARTESIAN_POINT('',(0.77317615137,4.3036649158,0.5056487023966));
#3340=VECTOR('',#3914,1000.0);
#3341=CARTESIAN_POINT('',(0.77317615137,4.3036649158,0.5943512976034));
#3342=CARTESIAN_POINT('',(0.773235720852223,4.30397632313426,0.595306941457821));
#3343=CARTESIAN_POINT('',(0.773259942240691,4.30410281236418,0.596273356095988));
#3344=CARTESIAN_POINT('',(0.773231507839,4.303953287455,0.5973015570004));
#3345=CARTESIAN_POINT('',(1.041396133194,4.42507013522,0.5943512976034));
#3346=CARTESIAN_POINT('',(1.041142938573,4.425218846465,0.5973015570004));
#3347=CARTESIAN_POINT('',(1.04105217851546,4.42527250424035,0.596281651742976));
#3348=CARTESIAN_POINT('',(1.04116231205381,4.42520771137004,0.595311898284883));
#3349=CARTESIAN_POINT('',(1.041396133194,4.42507013522,0.5943512976034));
#3350=CARTESIAN_POINT('',(1.041396133194,4.42507013522,0.5056487023966));
#3351=CARTESIAN_POINT('',(1.041396133194,4.42507013522,0.5943512976034));
#3352=VECTOR('',#3915,1000.0);
#3353=CARTESIAN_POINT('',(1.041396133194,4.42507013522,0.5056487023966));
#3354=CARTESIAN_POINT('',(1.04115738309971,4.42521060641807,0.504688810930852));
#3355=CARTESIAN_POINT('',(1.04104687481071,4.42527561465144,0.503719538295879));
#3356=CARTESIAN_POINT('',(1.041142938573,4.425218846465,0.5026984429997));
#3357=CARTESIAN_POINT('',(0.773231507839,4.303953287455,0.5026984429997));
#3358=CARTESIAN_POINT('',(0.773258746807033,4.30409661442514,0.503725401248702));
#3359=CARTESIAN_POINT('',(0.773234611333821,4.30397054980352,0.504692305131297));
#3360=CARTESIAN_POINT('',(0.77317615137,4.3036649158,0.5056487023966));
#3361=CARTESIAN_POINT('',(0.804202350864,4.185823688024,0.613763591017));
#3362=CARTESIAN_POINT('',(0.804202350864,4.185823688024,0.613763591017));
#3363=CARTESIAN_POINT('',(0.780869663086107,4.21847217136778,0.6072928265458));
#3364=CARTESIAN_POINT('',(0.769003281692807,4.26098827737766,0.6008220620746));
#3365=CARTESIAN_POINT('',(0.77317615137,4.3036649158,0.5943512976034));
#3366=CARTESIAN_POINT('',(0.804202350864,4.185823688024,0.486236408983));
#3367=CARTESIAN_POINT('',(0.804202350864,4.185823688024,0.486236408983));
#3368=CARTESIAN_POINT('',(0.795612316808423,4.19792068971389,0.488628817611283));
#3369=CARTESIAN_POINT('',(0.776268379271027,4.23401922542753,0.495100508384716));
#3370=CARTESIAN_POINT('',(0.770610888744406,4.27676575835253,0.50157219915819));
#3371=CARTESIAN_POINT('',(0.77317615137,4.3036649158,0.5056487023966));
#3372=CARTESIAN_POINT('',(0.804202350864,4.185823688024,0.486236408983));
#3373=VECTOR('',#3916,1000.0);
#3374=CARTESIAN_POINT('',(0.881271602604278,4.08904107621193,0.455648702396977));
#3375=CARTESIAN_POINT('',(0.881271602605,4.089041076211,0.4556487023966));
#3376=VECTOR('',#3917,1000.0);
#3377=CARTESIAN_POINT('',(0.881271602604278,4.08904107621193,0.644351297603023));
#3378=CARTESIAN_POINT('',(0.881271602605,4.089041076211,0.4556487023966));
#3379=VECTOR('',#3918,1000.0);
#3380=CARTESIAN_POINT('',(0.881271602605,4.089041076211,0.6443512976034));
#3381=VECTOR('',#3919,1000.0);
#3382=CARTESIAN_POINT('',(0.820098031133,4.195001306849,0.6906813726937));
#3384=CARTESIAN_POINT('',(0.881271602604278,4.08904107621193,0.644351297603023));
#3385=CARTESIAN_POINT('',(0.881271602603508,4.08904107621293,0.671031063441826));
#3386=CARTESIAN_POINT('',(0.860480965201594,4.12505151651479,0.686776609753916));
#3387=CARTESIAN_POINT('',(0.820098031133,4.195001306849,0.6906813726937));
#3394=CARTESIAN_POINT('',(0.804202350864,4.185823688024,0.613763591017));
#3395=CARTESIAN_POINT('',(0.804307271979118,4.18584336528556,0.635795021006787));
#3396=CARTESIAN_POINT('',(0.808123835906233,4.18817271274741,0.662807758813618));
#3397=CARTESIAN_POINT('',(0.820098031133,4.195001306849,0.6906813726937));
#3398=CARTESIAN_POINT('',(0.801517928552,4.248714454238,0.6916190378969));
#3399=CARTESIAN_POINT('',(0.820098031133,4.195001306849,0.6906813726937));
#3400=CARTESIAN_POINT('',(0.810450748582146,4.21170767344279,0.691228871015718));
#3401=CARTESIAN_POINT('',(0.804256491730225,4.22961093553082,0.69154355289649));
#3402=CARTESIAN_POINT('',(0.801517928552,4.248714454238,0.6916190378969));
#3403=CARTESIAN_POINT('',(0.801517928552,4.248714454238,0.6916190378969));
#3404=CARTESIAN_POINT('',(0.796008269193015,4.27012173468155,0.687608534793533));
#3405=CARTESIAN_POINT('',(0.795301039559336,4.29332674588734,0.683604898533221));
#3406=CARTESIAN_POINT('',(0.799707234634,4.31608219629,0.6796209243736));
#3407=CARTESIAN_POINT('',(1.05959506416737,4.37463622872848,0.691619037896534));
#3408=CARTESIAN_POINT('',(1.04274140474,4.38789415527,0.6916190378969));
#3409=VECTOR('',#3920,1000.0);
#3410=CARTESIAN_POINT('',(1.044730093721,4.390422204185,0.6862581934418));
#3411=CARTESIAN_POINT('',(1.059595064168,4.374636228728,0.6916190378969));
#3412=VECTOR('',#3921,1000.0);
#3413=CARTESIAN_POINT('',(1.044730093721,4.390422204185,0.6862581934418));
#3414=VECTOR('',#3922,1000.0);
#3415=CARTESIAN_POINT('',(1.044730093721,4.390422204185,0.6862581934418));
#3416=CARTESIAN_POINT('',(1.0357826030466,4.39914970111775,0.684045770228793));
#3417=CARTESIAN_POINT('',(1.02563951054578,4.40688374906572,0.681833347205253));
#3418=CARTESIAN_POINT('',(1.014558177472,4.413330826614,0.6796209243736));
#3419=AXIS2_PLACEMENT_3D('',#3923,#3924,#3925);
#3420=CARTESIAN_POINT('',(1.059934193322,4.409749865698,0.5980052544562));
#3421=CARTESIAN_POINT('',(1.059934193322,4.409749865698,0.5980052544562));
#3422=CARTESIAN_POINT('',(1.05411547548003,4.41520202932454,0.596786853396662));
#3423=CARTESIAN_POINT('',(1.04792915697391,4.4203345203934,0.595568558754151));
#3424=CARTESIAN_POINT('',(1.041396133194,4.42507013522,0.5943512976034));
#3425=CARTESIAN_POINT('',(1.044730093721,4.390422204185,0.6862581934418));
#3426=CARTESIAN_POINT('',(1.05669241208843,4.40581683190033,0.653573166298728));
#3427=CARTESIAN_POINT('',(1.05991238738227,4.40963191621403,0.621725588924047));
#3428=CARTESIAN_POINT('',(1.059934193322,4.409749865698,0.5980052544562));
#3429=CARTESIAN_POINT('',(1.18844614092305,4.27327556472307,0.644351297602697));
#3431=CARTESIAN_POINT('',(1.05959506416737,4.37463622872848,0.691619037896534));
#3432=CARTESIAN_POINT('',(1.14435682954339,4.30795840936483,0.691619037896087));
#3433=CARTESIAN_POINT('',(1.18844614092332,4.27327556472339,0.675445311044363));
#3434=CARTESIAN_POINT('',(1.18844614092305,4.27327556472307,0.644351297602697));
#3441=CARTESIAN_POINT('',(1.188446140925,4.273275564721,0.6443512976034));
#3442=VECTOR('',#3926,1000.0);
#3443=CARTESIAN_POINT('',(1.18844614092305,4.27327556472307,0.455648702397303));
#3444=CARTESIAN_POINT('',(1.188446140925,4.273275564721,0.6443512976034));
#3445=VECTOR('',#3927,1000.0);
#3446=CARTESIAN_POINT('',(1.059934193322,4.409749865698,0.5019947455438));
#3447=CARTESIAN_POINT('',(1.188446140925,4.273275564721,0.4556487023966));
#3448=VECTOR('',#3928,1000.0);
#3449=CARTESIAN_POINT('',(1.059934193322,4.409749865698,0.5980052544562));
#3450=VECTOR('',#3929,1000.0);
#3451=CARTESIAN_POINT('',(1.059934193322,4.409749865698,0.5019947455438));
#3452=CARTESIAN_POINT('',(1.05414530838613,4.41523349654411,0.5032127311614));
#3453=CARTESIAN_POINT('',(1.04794993196732,4.42035914227929,0.504430716779));
#3454=CARTESIAN_POINT('',(1.041396133194,4.42507013522,0.5056487023966));
#3455=CARTESIAN_POINT('',(1.044730093721,4.390422204185,0.4137418065582));
#3456=CARTESIAN_POINT('',(1.044730093721,4.390422204185,0.4137418065582));
#3457=CARTESIAN_POINT('',(1.03576420343729,4.39912675680061,0.415965593007107));
#3458=CARTESIAN_POINT('',(1.02561509103004,4.40685102048807,0.418180652529355));
#3459=CARTESIAN_POINT('',(1.014558177472,4.413330826614,0.4203790756265));
#3460=CARTESIAN_POINT('',(1.059934193322,4.409749865698,0.5019947455438));
#3461=CARTESIAN_POINT('',(1.05991128158755,4.40963075324419,0.478275631495685));
#3462=CARTESIAN_POINT('',(1.05669258822342,4.40581705880492,0.446427884597585));
#3463=CARTESIAN_POINT('',(1.044730093721,4.390422204185,0.4137418065582));
#3464=CARTESIAN_POINT('',(1.05959506416737,4.37463622872848,0.408380962103466));
#3466=CARTESIAN_POINT('',(1.18844614092305,4.27327556472307,0.455648702397303));
#3467=CARTESIAN_POINT('',(1.18844614092332,4.27327556472339,0.424554688955638));
#3468=CARTESIAN_POINT('',(1.14435682954339,4.30795840936483,0.408380962103914));
#3469=CARTESIAN_POINT('',(1.05959506416737,4.37463622872848,0.408380962103466));
#3476=CARTESIAN_POINT('',(1.059595064168,4.374636228728,0.4083809621031));
#3477=VECTOR('',#3930,1000.0);
#3478=CARTESIAN_POINT('',(1.04274140474,4.38789415527,0.4083809621031));
#3479=VECTOR('',#3931,1000.0);
#3480=CARTESIAN_POINT('',(1.044730093721,4.390422204185,0.4137418065582));
#3481=VECTOR('',#3932,1000.0);
#3482=CARTESIAN_POINT('',(0.801517928552,4.248714454238,0.4083809621031));
#3483=AXIS2_PLACEMENT_3D('',#3933,#3934,#3935);
#3484=CARTESIAN_POINT('',(0.801517928552,4.248714454238,0.4083809621031));
#3485=CARTESIAN_POINT('',(0.796021419785513,4.27014635238975,0.412380333466395));
#3486=CARTESIAN_POINT('',(0.795244253139101,4.29334083546149,0.416379704642374));
#3487=CARTESIAN_POINT('',(0.799707234634,4.31608219629,0.4203790756265));
#3488=CARTESIAN_POINT('',(0.82009791986,4.195001241541,0.4093192046714));
#3489=CARTESIAN_POINT('',(0.801517928552,4.248714454238,0.4083809621031));
#3490=CARTESIAN_POINT('',(0.804256493174548,4.22961092565473,0.408456333142906));
#3491=CARTESIAN_POINT('',(0.810450754916001,4.21170765289226,0.408770907725283));
#3492=CARTESIAN_POINT('',(0.82009791986,4.195001241541,0.4093192046714));
#3493=CARTESIAN_POINT('',(0.82009791986,4.195001241541,0.4093192046714));
#3494=CARTESIAN_POINT('',(0.808124192709017,4.18817290580284,0.437190119482294));
#3495=CARTESIAN_POINT('',(0.804306039971388,4.18584247958551,0.464202397966695));
#3496=CARTESIAN_POINT('',(0.804202350864,4.185823688024,0.486236408983));
#3498=CARTESIAN_POINT('',(0.82009791986,4.195001241541,0.4093192046714));
#3499=CARTESIAN_POINT('',(0.860480970187476,4.12505150787899,0.413223394053666));
#3500=CARTESIAN_POINT('',(0.881271602603508,4.08904107621293,0.428968939819517));
#3501=CARTESIAN_POINT('',(0.881271602604278,4.08904107621193,0.455648702396977));
#3508=CARTESIAN_POINT('',(0.820096189432,4.195,0.3));
#3509=CARTESIAN_POINT('',(0.820096189432,4.195,0.3));
#3510=VECTOR('',#3936,1000.0);
#3511=CARTESIAN_POINT('',(0.820098031133,4.195001306849,0.6906813726937));
#3512=VECTOR('',#3937,1000.0);
#3513=CARTESIAN_POINT('',(0.820096189432,4.195,0.3));
#3514=VECTOR('',#3938,1000.0);
#3515=AXIS2_PLACEMENT_3D('',#3939,#3940,#3941);
#3516=CARTESIAN_POINT('',(0.872057713659,4.225,0.3));
#3517=VECTOR('',#3942,1000.0);
#3518=CARTESIAN_POINT('',(1.005644842844,4.340736493162,0.675));
#3519=VECTOR('',#3943,1000.0);
#3520=CARTESIAN_POINT('',(1.005644842844,4.340736493162,0.3));
#3521=AXIS2_PLACEMENT_3D('',#3944,#3945,#3946);
#3522=CARTESIAN_POINT('',(1.005644842844,4.340736493162,0.3));
#3523=VECTOR('',#3947,1000.0);
#3524=CARTESIAN_POINT('',(1.633198317579,3.84707172528,0.3));
#3525=CARTESIAN_POINT('',(1.005644842844,4.340736493162,0.3));
#3526=VECTOR('',#3948,1000.0);
#3527=CARTESIAN_POINT('',(1.682906858043,3.80796851563,0.2897366596101));
#3528=AXIS2_PLACEMENT_3D('',#3949,#3950,#3951);
#3529=CARTESIAN_POINT('',(1.889248231785,3.645650130865,0.2022253774483));
#3530=VECTOR('',#3952,1000.0);
#3531=CARTESIAN_POINT('',(1.926344793681,3.692807792973,0.2022253774483));
#3532=CARTESIAN_POINT('',(1.720003419939,3.855126177738,0.2897366596101));
#3533=CARTESIAN_POINT('',(1.926344793681,3.692807792973,0.2022253774483));
#3534=VECTOR('',#3953,1000.0);
#3535=CARTESIAN_POINT('',(1.926344793681,3.692807792973,0.2022253774483));
#3536=VECTOR('',#3954,1000.0);
#3537=CARTESIAN_POINT('',(1.720003419939,3.855126177738,0.2897366596101));
#3538=VECTOR('',#3955,1000.0);
#3539=CARTESIAN_POINT('',(1.670294879475,3.894229387389,0.3));
#3540=CARTESIAN_POINT('',(1.670294879475,3.894229387389,0.3));
#3541=VECTOR('',#3956,1000.0);
#3542=AXIS2_PLACEMENT_3D('',#3957,#3958,#3959);
#3543=CARTESIAN_POINT('',(1.04274140474,4.38789415527,0.3));
#3544=VECTOR('',#3960,1000.0);
#3545=CARTESIAN_POINT('',(1.926344793681,3.692807792973,0.2022253774483));
#3546=VECTOR('',#3961,1000.0);
#3547=CARTESIAN_POINT('',(2.05,3.65,0.1535455150051));
#3548=CARTESIAN_POINT('',(2.05,3.65,0.1535455150051));
#3549=VECTOR('',#3962,1000.0);
#3550=CARTESIAN_POINT('',(2.05,3.65,0.1535455150051));
#3551=CARTESIAN_POINT('',(2.0351907493183,3.65,0.1589533249889));
#3552=CARTESIAN_POINT('',(2.0055725472127,3.653302009558,0.1697752314143));
#3553=CARTESIAN_POINT('',(1.963304593828,3.66793461462,0.1859956610391));
#3554=CARTESIAN_POINT('',(1.937984287676,3.68365158823,0.1968175674645));
#3555=CARTESIAN_POINT('',(1.926344793681,3.692807792973,0.2022253774483));
#3556=CARTESIAN_POINT('',(2.05,3.65,0.1535455150051));
#3557=VECTOR('',#3963,1000.0);
#3558=CARTESIAN_POINT('',(2.5106365450153,3.65,0.0));
#3559=CARTESIAN_POINT('',(2.5106365450153,3.65,0.0));
#3560=VECTOR('',#3964,1000.0);
#3561=CARTESIAN_POINT('',(2.05,3.65,0.1535455150051));
#3562=VECTOR('',#3965,1000.0);
#3563=CARTESIAN_POINT('',(2.55,3.65,0.0));
#3564=VECTOR('',#3966,1000.0);
#3565=DIRECTION('',(-0.0,-0.0,-1.0));
#3566=CARTESIAN_POINT('',(2.55,3.45,1.1));
#3567=DIRECTION('',(0.0,0.0,1.0));
#3568=DIRECTION('',(0.0,-1.0,0.0));
#3569=DIRECTION('',(0.0,0.0,1.0));
#3570=CARTESIAN_POINT('',(2.55,3.45,0.0));
#3571=DIRECTION('',(0.0,0.0,1.0));
#3572=DIRECTION('',(0.0,-1.0,0.0));
#3573=DIRECTION('',(0.0,0.0,1.0));
#3574=CARTESIAN_POINT('',(2.55,3.45,0.0));
#3575=DIRECTION('',(0.0,0.0,1.0));
#3576=DIRECTION('',(0.0,-1.0,0.0));
#3577=DIRECTION('',(0.0,0.0,1.0));
#3578=CARTESIAN_POINT('',(2.55,3.45,1.1));
#3579=DIRECTION('',(0.0,0.0,1.0));
#3580=DIRECTION('',(0.0,-1.0,0.0));
#3581=CARTESIAN_POINT('',(0.95,4.27,0.3));
#3582=DIRECTION('',(-0.0,0.0,-1.0));
#3583=DIRECTION('',(-0.866025403784428,-0.500000000000018,0.0));
#3584=DIRECTION('',(0.0,0.0,1.0));
#3585=CARTESIAN_POINT('',(0.95,4.27,0.425));
#3586=DIRECTION('',(0.0,-0.0,1.0));
#3587=DIRECTION('',(0.618276031597391,0.785961035136082,0.0));
#3588=DIRECTION('',(0.0,0.0,1.0));
#3589=CARTESIAN_POINT('',(0.95,4.27,0.675));
#3590=DIRECTION('',(0.0,-0.0,1.0));
#3591=DIRECTION('',(0.618276031597391,0.785961035136082,0.0));
#3592=DIRECTION('',(0.0,0.0,1.0));
#3593=CARTESIAN_POINT('',(0.95,4.27,0.8));
#3594=DIRECTION('',(-0.0,0.0,-1.0));
#3595=DIRECTION('',(-0.866025403784428,-0.500000000000018,0.0));
#3596=DIRECTION('',(0.0,0.0,1.0));
#3597=CARTESIAN_POINT('',(0.95,4.27,0.3));
#3598=DIRECTION('',(-0.0,0.0,-1.0));
#3599=DIRECTION('',(-0.86602540378443,-0.500000000000014,0.0));
#3600=DIRECTION('',(0.0,0.0,1.0));
#3601=CARTESIAN_POINT('',(0.95,4.27,0.4083809621031));
#3602=DIRECTION('',(0.0,-0.0,1.0));
#3603=DIRECTION('',(0.61827603159739,0.785961035136083,0.0));
#3604=DIRECTION('',(0.0,0.0,1.0));
#3605=CARTESIAN_POINT('',(0.95,4.27,0.6916190378969));
#3606=DIRECTION('',(0.0,-0.0,1.0));
#3607=DIRECTION('',(0.61827603159739,0.785961035136083,0.0));
#3608=DIRECTION('',(0.0,0.0,1.0));
#3609=CARTESIAN_POINT('',(0.95,4.27,0.8));
#3610=DIRECTION('',(-0.0,0.0,-1.0));
#3611=DIRECTION('',(-0.86602540378443,-0.500000000000014,0.0));
#3612=DIRECTION('',(0.0,0.0,1.0));
#3613=CARTESIAN_POINT('',(0.95,4.27,0.4203790756265));
#3614=DIRECTION('',(0.0,-0.0,1.0));
#3615=DIRECTION('',(0.410678386214686,0.911780271280368,0.0));
#3616=CARTESIAN_POINT('',(0.949999999999764,4.29000000000337,0.502698396494706));
#3617=DIRECTION('',(1.0,-1.22464679914735E-16,-6.77626357816578E-16));
#3618=DIRECTION('',(-6.77626357816578E-16,0.0,-1.0));
#3619=CARTESIAN_POINT('',(0.95,4.27,0.5026983964949));
#3620=DIRECTION('',(0.0,-0.0,1.0));
#3621=DIRECTION('',(0.506350393795815,0.862327825541321,0.0));
#3622=CARTESIAN_POINT('',(0.95,4.27,0.5973016035052));
#3623=DIRECTION('',(0.0,0.0,-1.0));
#3624=DIRECTION('',(-0.982048340501994,0.1886294168927,0.0));
#3625=CARTESIAN_POINT('',(0.949999999999073,4.29000000000376,0.597301603505241));
#3626=DIRECTION('',(1.0,-1.22464679914734E-16,6.77626357816442E-16));
#3627=DIRECTION('',(6.77626357816442E-16,-9.43433576728436E-48,-1.0));
#3628=CARTESIAN_POINT('',(0.95,4.27,0.6796209243736));
#3629=DIRECTION('',(0.0,0.0,-1.0));
#3630=DIRECTION('',(-0.956067732353193,0.293145853037398,0.0));
#3631=CARTESIAN_POINT('',(0.95,4.27,0.5973016035052));
#3632=DIRECTION('',(0.0,0.0,-1.0));
#3633=DIRECTION('',(-0.973627100305385,0.228145281675793,0.0));
#3634=CARTESIAN_POINT('',(0.950000000000088,4.28999999999928,0.597301603504955));
#3635=DIRECTION('',(1.0,-1.22464679914727E-16,2.16840434495421E-15));
#3636=DIRECTION('',(2.16840434495421E-15,0.0,-1.0));
#3637=CARTESIAN_POINT('',(0.95,4.27,0.6487511790479));
#3638=DIRECTION('',(0.0,0.0,-1.0));
#3639=DIRECTION('',(-0.956067732353192,0.2931458530374,0.0));
#3640=CARTESIAN_POINT('',(0.95,4.27,0.4512488209521));
#3641=DIRECTION('',(0.0,-0.0,1.0));
#3642=DIRECTION('',(0.410678386214687,0.911780271280367,0.0));
#3643=CARTESIAN_POINT('',(0.950000000001122,4.28999999999852,0.502698396495035));
#3644=DIRECTION('',(1.0,-1.22464679914735E-16,0.0));
#3645=DIRECTION('',(0.0,0.0,-1.0));
#3646=CARTESIAN_POINT('',(0.95,4.27,0.5026983964949));
#3647=DIRECTION('',(0.0,-0.0,1.0));
#3648=DIRECTION('',(0.471103387417884,0.882078000158373,0.0));
#3649=DIRECTION('',(0.785961035136085,-0.618276031597388,0.0));
#3650=DIRECTION('',(-0.665512141909905,0.706745995626806,0.240007680368702));
#3651=DIRECTION('',(-0.318100393939393,-0.404373616508891,-0.857492925712582));
#3652=CARTESIAN_POINT('',(0.95,4.27,0.4512488209521));
#3653=DIRECTION('',(0.0,-0.0,1.0));
#3654=DIRECTION('',(0.410678386214687,0.911780271280367,0.0));
#3655=CARTESIAN_POINT('',(0.95,4.27,0.5026983964949));
#3656=DIRECTION('',(0.0,-0.0,1.0));
#3657=DIRECTION('',(0.471103387417884,0.882078000158373,0.0));
#3658=DIRECTION('',(0.0,0.0,-1.0));
#3659=CARTESIAN_POINT('',(0.95,4.27,0.5973016035052));
#3660=DIRECTION('',(0.0,0.0,-1.0));
#3661=DIRECTION('',(-0.973627100305385,0.228145281675793,0.0));
#3662=DIRECTION('',(0.0,0.0,1.0));
#3663=CARTESIAN_POINT('',(0.95,4.27,0.6487511790479));
#3664=DIRECTION('',(0.0,0.0,-1.0));
#3665=DIRECTION('',(-0.956067732353192,0.2931458530374,0.0));
#3666=DIRECTION('',(-0.604727009718868,0.759408689099959,-0.240007680368687));
#3667=DIRECTION('',(-0.604727009718914,0.759408689099917,-0.240007680368705));
#3668=DIRECTION('',(0.0,0.0,1.0));
#3669=DIRECTION('',(-0.604727009718914,0.759408689099917,0.240007680368705));
#3670=DIRECTION('',(0.0,0.0,1.0));
#3671=DIRECTION('',(-0.604727009718914,0.759408689099917,0.240007680368705));
#3672=DIRECTION('',(0.500000000000092,-0.866025403784386,-5.40241849124091E-14));
#3673=DIRECTION('',(0.44556639433941,0.257247877714006,-0.85749292571252));
#3674=CARTESIAN_POINT('',(0.95,4.27,0.425));
#3675=DIRECTION('',(0.0,-0.0,1.0));
#3676=DIRECTION('',(0.618276031597391,0.785961035136082,0.0));
#3677=DIRECTION('',(-0.665512141909905,0.706745995626806,0.240007680368702));
#3678=DIRECTION('',(0.0,0.0,-1.0));
#3679=DIRECTION('',(-0.665512141909905,0.706745995626806,-0.240007680368702));
#3680=DIRECTION('',(0.0,0.0,-1.0));
#3681=DIRECTION('',(-0.665512141909905,0.706745995626806,-0.240007680368702));
#3682=DIRECTION('',(0.785961035136085,-0.618276031597388,0.0));
#3683=DIRECTION('',(-0.318100393939483,-0.404373616508878,0.857492925712554));
#3684=CARTESIAN_POINT('',(0.95,4.27,0.675));
#3685=DIRECTION('',(0.0,-0.0,1.0));
#3686=DIRECTION('',(0.618276031597391,0.785961035136082,0.0));
#3687=DIRECTION('',(0.445566394339315,0.257247877713809,0.857492925712628));
#3688=DIRECTION('',(0.500000000000017,-0.866025403784429,0.0));
#3689=DIRECTION('',(-0.965925826289076,0.258819045102493,0.0));
#3690=DIRECTION('',(-0.258819045102493,-0.965925826289076,0.0));
#3691=DIRECTION('',(-0.965925826289076,0.258819045102493,0.0));
#3692=DIRECTION('',(0.258819045102493,0.965925826289076,0.0));
#3693=DIRECTION('',(0.0,0.0,1.0));
#3694=DIRECTION('',(-0.258819045102493,-0.965925826289076,0.0));
#3695=DIRECTION('',(0.0,0.0,1.0));
#3696=CARTESIAN_POINT('',(1.283104353155,3.633046336113,0.3));
#3697=DIRECTION('',(-0.0,0.0,-1.0));
#3698=DIRECTION('',(-0.258819045102493,-0.965925826289076,0.0));
#3699=DIRECTION('',(0.0,0.0,-1.0));
#3700=CARTESIAN_POINT('',(1.283104353155,3.633046336113,0.8));
#3701=DIRECTION('',(-0.0,0.0,-1.0));
#3702=DIRECTION('',(-0.258819045102493,-0.965925826289076,0.0));
#3703=DIRECTION('',(0.0,0.0,-1.0));
#3704=DIRECTION('',(-0.258819045102493,-0.965925826289076,0.0));
#3705=DIRECTION('',(0.0,0.0,1.0));
#3706=DIRECTION('',(-0.258819045102493,-0.965925826289076,0.0));
#3707=DIRECTION('',(0.0,0.0,1.0));
#3708=DIRECTION('',(0.965925826289076,-0.258819045102493,0.0));
#3709=DIRECTION('',(0.965925826289076,-0.258819045102493,0.0));
#3710=DIRECTION('',(0.258819045102493,0.965925826289076,0.0));
#3711=CARTESIAN_POINT('',(1.300626701072,3.50411809549,0.9));
#3712=DIRECTION('',(-0.258819045102494,-0.965925826289075,0.0));
#3713=DIRECTION('',(0.965925826289075,-0.258819045102494,0.0));
#3714=DIRECTION('',(0.258819045102493,0.965925826289076,0.0));
#3715=CARTESIAN_POINT('',(1.316155843778,3.562073645067,0.9));
#3716=DIRECTION('',(0.258819045102493,0.965925826289076,-0.0));
#3717=DIRECTION('',(0.0,0.0,1.0));
#3718=DIRECTION('',(0.0,0.0,-1.0));
#3719=DIRECTION('',(0.0,0.0,1.0));
#3720=DIRECTION('',(0.258819045102493,0.965925826289076,0.0));
#3721=CARTESIAN_POINT('',(1.316155843778,3.562073645067,0.2));
#3722=DIRECTION('',(0.258819045102494,0.965925826289075,0.0));
#3723=DIRECTION('',(0.965925826289075,-0.258819045102494,0.0));
#3724=CARTESIAN_POINT('',(1.300626701072,3.50411809549,0.2));
#3725=DIRECTION('',(-0.258819045102493,-0.965925826289076,-0.0));
#3726=DIRECTION('',(0.0,0.0,-1.0));
#3727=DIRECTION('',(0.0,0.0,-1.0));
#3728=CARTESIAN_POINT('',(1.283104353155,3.633046336113,0.8));
#3729=DIRECTION('',(-0.0,0.0,-1.0));
#3730=DIRECTION('',(-0.258819045102494,-0.965925826289075,0.0));
#3731=DIRECTION('',(0.0,0.0,-1.0));
#3732=CARTESIAN_POINT('',(1.283104353155,3.633046336113,0.3));
#3733=DIRECTION('',(-0.0,0.0,-1.0));
#3734=DIRECTION('',(-0.258819045102494,-0.965925826289075,0.0));
#3735=DIRECTION('',(0.0,1.0,0.0));
#3736=DIRECTION('',(0.0,0.0,1.0));
#3737=DIRECTION('',(0.0,1.0,0.0));
#3738=DIRECTION('',(0.0,0.0,1.0));
#3739=CARTESIAN_POINT('',(1.75,3.38,0.97));
#3740=DIRECTION('',(1.0,0.0,-0.0));
#3741=DIRECTION('',(0.0,0.0,1.0));
#3742=DIRECTION('',(1.0,0.0,0.0));
#3743=CARTESIAN_POINT('',(0.55,3.38,0.97));
#3744=DIRECTION('',(1.0,0.0,-0.0));
#3745=DIRECTION('',(0.0,0.0,1.0));
#3746=DIRECTION('',(1.0,0.0,0.0));
#3747=DIRECTION('',(0.0,1.0,0.0));
#3748=DIRECTION('',(1.0,0.0,0.0));
#3749=DIRECTION('',(0.0,1.0,0.0));
#3750=DIRECTION('',(1.0,0.0,0.0));
#3751=CARTESIAN_POINT('',(0.68,3.59,1.005));
#3752=DIRECTION('',(0.0,-1.0,-0.0));
#3753=DIRECTION('',(-0.981334678628696,0.0,-0.192307692307699));
#3754=CARTESIAN_POINT('',(1.62,3.59,1.005));
#3755=DIRECTION('',(0.0,-1.0,0.0));
#3756=DIRECTION('',(0.0,0.0,-1.0));
#3757=DIRECTION('',(1.0,0.0,0.0));
#3758=DIRECTION('',(0.0,1.0,-1.060327791718E-14));
#3759=CARTESIAN_POINT('',(0.68,3.65,1.005));
#3760=DIRECTION('',(0.0,1.0,0.0));
#3761=DIRECTION('',(0.0,0.0,-1.0));
#3762=CARTESIAN_POINT('',(1.62,3.65,1.005));
#3763=DIRECTION('',(0.0,1.0,0.0));
#3764=DIRECTION('',(0.981334678628696,0.0,-0.1923076923077));
#3765=DIRECTION('',(1.0,0.0,0.0));
#3766=DIRECTION('',(0.0,1.0,0.0));
#3767=CARTESIAN_POINT('',(1.75,3.53,0.98));
#3768=DIRECTION('',(-1.0,0.0,0.0));
#3769=DIRECTION('',(0.0,0.0,1.0));
#3770=DIRECTION('',(0.0,1.0,0.0));
#3771=CARTESIAN_POINT('',(1.75,3.38,0.97));
#3772=DIRECTION('',(1.0,0.0,0.0));
#3773=DIRECTION('',(0.0,-0.1115057565801,0.993763787954411));
#3774=DIRECTION('',(0.0,1.0,0.0));
#3775=CARTESIAN_POINT('',(1.75,3.53,0.98));
#3776=DIRECTION('',(-1.0,0.0,0.0));
#3777=DIRECTION('',(0.0,0.0,1.0));
#3778=DIRECTION('',(1.0,0.0,0.0));
#3779=CARTESIAN_POINT('',(0.55,3.53,0.98));
#3780=DIRECTION('',(-1.0,0.0,0.0));
#3781=DIRECTION('',(0.0,0.0,1.0));
#3782=DIRECTION('',(0.0,-1.0,0.0));
#3783=DIRECTION('',(1.0,0.0,0.0));
#3784=CARTESIAN_POINT('',(0.55,3.53,0.98));
#3785=DIRECTION('',(-1.0,0.0,0.0));
#3786=DIRECTION('',(0.0,0.0,1.0));
#3787=DIRECTION('',(0.0,-1.0,0.0));
#3788=DIRECTION('',(1.0,0.0,0.0));
#3789=CARTESIAN_POINT('',(0.55,3.38,0.97));
#3790=DIRECTION('',(1.0,0.0,-0.0));
#3791=DIRECTION('',(0.0,0.0,1.0));
#3792=DIRECTION('',(1.0,0.0,0.0));
#3793=DIRECTION('',(0.0,1.0,0.0));
#3794=DIRECTION('',(1.0,0.0,0.0));
#3795=DIRECTION('',(0.0,1.0,0.0));
#3796=DIRECTION('',(1.0,0.0,0.0));
#3797=CARTESIAN_POINT('',(1.62,3.59,0.095));
#3798=DIRECTION('',(0.0,-1.0,0.0));
#3799=DIRECTION('',(0.981334678628697,0.0,0.192307692307699));
#3800=CARTESIAN_POINT('',(0.68,3.59,0.095));
#3801=DIRECTION('',(0.0,-1.0,0.0));
#3802=DIRECTION('',(0.0,0.0,1.0));
#3803=DIRECTION('',(1.0,0.0,0.0));
#3804=DIRECTION('',(1.0,0.0,0.0));
#3805=CARTESIAN_POINT('',(1.75,3.53,0.12));
#3806=DIRECTION('',(1.0,0.0,0.0));
#3807=DIRECTION('',(0.0,0.0,-1.0));
#3808=CARTESIAN_POINT('',(0.55,3.53,0.12));
#3809=DIRECTION('',(1.0,0.0,0.0));
#3810=DIRECTION('',(0.0,0.0,-1.0));
#3811=DIRECTION('',(0.0,1.0,0.0));
#3812=DIRECTION('',(-1.0,0.0,0.0));
#3813=DIRECTION('',(0.0,-1.0,0.0));
#3814=CARTESIAN_POINT('',(0.55,3.38,0.13));
#3815=DIRECTION('',(-1.0,0.0,0.0));
#3816=DIRECTION('',(0.0,0.0,-1.0));
#3817=DIRECTION('',(-1.0,0.0,0.0));
#3818=CARTESIAN_POINT('',(1.75,3.38,0.13));
#3819=DIRECTION('',(-1.0,0.0,0.0));
#3820=DIRECTION('',(0.0,0.0,-1.0));
#3821=DIRECTION('',(0.0,1.0,0.0));
#3822=DIRECTION('',(0.0,1.0,0.0));
#3823=CARTESIAN_POINT('',(1.75,3.38,0.13));
#3824=DIRECTION('',(-1.0,0.0,0.0));
#3825=DIRECTION('',(0.0,0.0,-1.0));
#3826=DIRECTION('',(0.0,-1.0,0.0));
#3827=CARTESIAN_POINT('',(1.75,3.53,0.12));
#3828=DIRECTION('',(1.0,0.0,0.0));
#3829=DIRECTION('',(0.0,0.0,-1.0));
#3830=CARTESIAN_POINT('',(1.62,3.65,0.095));
#3831=DIRECTION('',(0.0,1.0,0.0));
#3832=DIRECTION('',(0.0,0.0,1.0));
#3833=CARTESIAN_POINT('',(0.68,3.65,0.095));
#3834=DIRECTION('',(0.0,1.0,0.0));
#3835=DIRECTION('',(-0.981334678628697,0.0,0.192307692307699));
#3836=DIRECTION('',(1.0,0.0,0.0));
#3837=DIRECTION('',(0.0,1.0,0.0));
#3838=CARTESIAN_POINT('',(0.55,3.53,0.12));
#3839=DIRECTION('',(1.0,0.0,0.0));
#3840=DIRECTION('',(0.0,0.0,-1.0));
#3841=DIRECTION('',(0.0,1.0,0.0));
#3842=CARTESIAN_POINT('',(0.55,3.38,0.13));
#3843=DIRECTION('',(-1.0,0.0,0.0));
#3844=DIRECTION('',(0.0,0.0,-1.0));
#3845=DIRECTION('',(0.0,0.0,1.0));
#3846=DIRECTION('',(0.0,0.0,1.0));
#3847=DIRECTION('',(1.0,0.0,0.0));
#3848=DIRECTION('',(-1.0,0.0,0.0));
#3849=DIRECTION('',(-1.0,0.0,0.0));
#3850=DIRECTION('',(1.0,0.0,0.0));
#3851=DIRECTION('',(0.0,0.0,-1.0));
#3852=DIRECTION('',(1.0,0.0,0.0));
#3853=DIRECTION('',(0.0,0.0,-1.0));
#3854=DIRECTION('',(0.0,1.0,0.0));
#3855=DIRECTION('',(1.0,0.0,0.0));
#3856=DIRECTION('',(1.0,0.0,0.0));
#3857=DIRECTION('',(0.0,0.0,1.0));
#3858=DIRECTION('',(0.0,0.0,1.0));
#3859=DIRECTION('',(0.0,0.0,1.0));
#3860=DIRECTION('',(-1.0,-3.384529203719E-14,0.0));
#3861=DIRECTION('',(0.948683298050524,0.0,0.316227766016808));
#3862=DIRECTION('',(0.948683298050524,0.0,-0.316227766016808));
#3863=DIRECTION('',(-1.0,-2.256352802479E-14,0.0));
#3864=CARTESIAN_POINT('',(2.55,3.45,1.1));
#3865=DIRECTION('',(0.0,0.0,1.0));
#3866=DIRECTION('',(0.0,-1.0,0.0));
#3867=CARTESIAN_POINT('',(2.55,3.45,0.0));
#3868=DIRECTION('',(0.0,0.0,1.0));
#3869=DIRECTION('',(0.0,-1.0,0.0));
#3870=CARTESIAN_POINT('',(2.55,3.45,0.0));
#3871=DIRECTION('',(0.0,0.0,1.0));
#3872=DIRECTION('',(0.0,-1.0,0.0));
#3873=DIRECTION('',(0.0,0.0,1.0));
#3874=CARTESIAN_POINT('',(2.55,3.45,1.1));
#3875=DIRECTION('',(0.0,0.0,1.0));
#3876=DIRECTION('',(0.0,-1.0,0.0));
#3877=DIRECTION('',(-1.0,-4.512705604959E-14,0.0));
#3878=DIRECTION('',(0.0,-1.0,0.0));
#3879=DIRECTION('',(0.0,-1.0,0.0));
#3880=DIRECTION('',(0.948683298050524,0.0,0.316227766016808));
#3881=DIRECTION('',(-0.618276031597388,-0.785961035136085,0.0));
#3882=DIRECTION('',(-0.745628106952104,0.586548144761403,-0.316227766016802));
#3883=DIRECTION('',(-0.745628106952104,0.586548144761403,-0.316227766016802));
#3884=DIRECTION('',(-0.618276031597388,-0.785961035136085,0.0));
#3885=CARTESIAN_POINT('',(1.633198317579,3.84707172528,1.0));
#3886=DIRECTION('',(0.618276031597388,0.785961035136085,6.50521303491302E-17));
#3887=DIRECTION('',(0.248542702317389,-0.195516048253816,-0.948683298050504));
#3888=CARTESIAN_POINT('',(1.670294879475,3.894229387389,1.0));
#3889=DIRECTION('',(-0.618276031597388,-0.785961035136085,8.63300415315469E-16));
#3890=DIRECTION('',(-1.51788304147971E-14,1.0842021724855E-14,-1.0));
#3891=DIRECTION('',(-0.618276031597388,-0.785961035136085,0.0));
#3892=DIRECTION('',(0.500000000000017,-0.866025403784429,0.0));
#3893=DIRECTION('',(0.500000000000017,-0.866025403784429,0.0));
#3894=CARTESIAN_POINT('',(0.95,4.27,0.8));
#3895=DIRECTION('',(-0.0,0.0,-1.0));
#3896=DIRECTION('',(-0.866025403784428,-0.500000000000018,0.0));
#3897=DIRECTION('',(0.785961035136085,-0.618276031597388,0.0));
#3898=DIRECTION('',(0.785961035136085,-0.618276031597388,0.0));
#3899=CARTESIAN_POINT('',(0.95,4.27,0.8));
#3900=DIRECTION('',(-0.0,0.0,-1.0));
#3901=DIRECTION('',(-0.86602540378443,-0.500000000000014,0.0));
#3902=CARTESIAN_POINT('',(0.95,4.27,0.5973016035052));
#3903=DIRECTION('',(0.0,0.0,-1.0));
#3904=DIRECTION('',(-0.982048340501994,0.1886294168927,0.0));
#3905=CARTESIAN_POINT('',(0.95,4.27,0.6796209243736));
#3906=DIRECTION('',(0.0,0.0,-1.0));
#3907=DIRECTION('',(-0.956067732353193,0.293145853037398,0.0));
#3908=CARTESIAN_POINT('',(0.95,4.27,0.4203790756265));
#3909=DIRECTION('',(0.0,-0.0,1.0));
#3910=DIRECTION('',(0.410678386214686,0.911780271280368,0.0));
#3911=CARTESIAN_POINT('',(0.95,4.27,0.5026983964949));
#3912=DIRECTION('',(0.0,-0.0,1.0));
#3913=DIRECTION('',(0.506350393795815,0.862327825541321,0.0));
#3914=DIRECTION('',(0.0,0.0,1.0));
#3915=DIRECTION('',(0.0,-1.001299249058E-14,-1.0));
#3916=DIRECTION('',(0.0,0.0,1.0));
#3917=DIRECTION('',(-0.604727009718914,0.759408689099917,0.240007680368705));
#3918=DIRECTION('',(0.0,0.0,1.0));
#3919=DIRECTION('',(-0.604727009718914,0.759408689099917,-0.240007680368705));
#3920=DIRECTION('',(0.785961035136085,-0.618276031597388,0.0));
#3921=DIRECTION('',(-0.665512141909905,0.706745995626806,-0.240007680368702));
#3922=DIRECTION('',(-0.31810039393951,-0.404373616508913,0.857492925712528));
#3923=CARTESIAN_POINT('',(0.95,4.27,0.6916190378969));
#3924=DIRECTION('',(0.0,-0.0,1.0));
#3925=DIRECTION('',(0.61827603159739,0.785961035136083,0.0));
#3926=DIRECTION('',(-0.665512141909905,0.706745995626806,-0.240007680368702));
#3927=DIRECTION('',(0.0,0.0,-1.0));
#3928=DIRECTION('',(-0.665512141909905,0.706745995626806,0.240007680368702));
#3929=DIRECTION('',(0.0,0.0,-1.0));
#3930=DIRECTION('',(-0.665512141909858,0.706745995626856,0.240007680368685));
#3931=DIRECTION('',(0.785961035136046,-0.618276031597436,0.0));
#3932=DIRECTION('',(-0.31810039393942,-0.404373616508926,-0.857492925712555));
#3933=CARTESIAN_POINT('',(0.95,4.27,0.4083809621031));
#3934=DIRECTION('',(0.0,-0.0,1.0));
#3935=DIRECTION('',(0.61827603159739,0.785961035136083,0.0));
#3936=DIRECTION('',(0.500000000000017,-0.866025403784429,0.0));
#3937=DIRECTION('',(-1.68470922905806E-05,-1.19544982812304E-05,0.999999999786633));
#3938=DIRECTION('',(1.58291287544905E-05,1.13570228921403E-05,0.999999999810228));
#3939=CARTESIAN_POINT('',(0.95,4.27,0.3));
#3940=DIRECTION('',(-0.0,0.0,-1.0));
#3941=DIRECTION('',(-0.86602540378443,-0.500000000000014,0.0));
#3942=DIRECTION('',(0.500000000000017,-0.866025403784429,0.0));
#3943=DIRECTION('',(0.0,0.0,1.0));
#3944=CARTESIAN_POINT('',(0.95,4.27,0.3));
#3945=DIRECTION('',(-0.0,0.0,-1.0));
#3946=DIRECTION('',(-0.866025403784428,-0.500000000000018,0.0));
#3947=DIRECTION('',(0.0,0.0,1.0));
#3948=DIRECTION('',(0.785961035136085,-0.618276031597388,0.0));
#3949=CARTESIAN_POINT('',(1.633198317579,3.84707172528,0.1));
#3950=DIRECTION('',(0.618276031597388,0.785961035136085,-0.0));
#3951=DIRECTION('',(0.0,0.0,1.0));
#3952=DIRECTION('',(-0.745628106952104,0.586548144761403,0.316227766016802));
#3953=DIRECTION('',(-0.745628106952104,0.586548144761403,0.316227766016802));
#3954=DIRECTION('',(-0.618276031597388,-0.785961035136085,0.0));
#3955=DIRECTION('',(-0.618276031597388,-0.785961035136085,0.0));
#3956=DIRECTION('',(-0.618276031597388,-0.785961035136085,0.0));
#3957=CARTESIAN_POINT('',(1.670294879475,3.894229387389,0.1));
#3958=DIRECTION('',(-0.618276031597388,-0.785961035136085,6.50521303491302E-17));
#3959=DIRECTION('',(0.248542702317389,-0.195516048253816,0.948683298050504));
#3960=DIRECTION('',(0.785961035136085,-0.618276031597388,0.0));
#3961=DIRECTION('',(0.0,0.0,1.0));
#3962=DIRECTION('',(0.0,0.0,1.0));
#3963=DIRECTION('',(0.0,-1.0,0.0));
#3964=DIRECTION('',(0.0,-1.0,0.0));
#3965=DIRECTION('',(0.948683298050524,0.0,-0.316227766016808));
#3966=DIRECTION('',(-1.0,-4.512705604959E-14,0.0));
ENDSEC;
END-ISO-10303-21;
